###############################################################
#  Generated by:      Cadence Innovus 21.15-s110_1
#  OS:                Linux x86_64(Host ID vlsiece24.iitr.ac.in)
#  Generated on:      Thu Sep 24 16:39:20 2026
#  Design:            coprocessor
#  Command:           verify_drc -report ./runD/drc_fill.rpt
###############################################################

SHORT: ( Metal Short ) Regular Wire of Net n_4987 & Blockage of Cell FILL_incr_T_3_1613  ( li1 )
Bounds : ( 227.385, 211.055 ) ( 227.555, 211.225 )


SHORT: ( Metal Short ) Regular Wire of Net n_4932 & Blockage of Cell FILL_incr_T_3_1612  ( li1 )
Bounds : ( 224.625, 208.335 ) ( 224.795, 208.505 )


SHORT: ( Metal Short ) Regular Wire of Net FE_OFN19736_n_16042 & Blockage of Cell FILL_incr_T_3_1456  ( li1 )
Bounds : ( 226.465, 205.615 ) ( 226.635, 205.785 )


SHORT: ( Metal Short ) Regular Wire of Net n_2583 & Blockage of Cell FILL_incr_T_3_1822  ( li1 )
Bounds : ( 166.665, 216.495 ) ( 166.835, 216.665 )


SHORT: ( Metal Short ) Regular Wire of Net n_3633 & Blockage of Cell FILL_incr_T_3_1891  ( li1 )
Bounds : ( 166.665, 219.215 ) ( 166.835, 219.385 )


SHORT: ( Metal Short ) Regular Wire of Net n_2583 & Blockage of Cell FILL_incr_T_3_1823  ( li1 )
Bounds : ( 167.585, 219.215 ) ( 167.755, 219.385 )


SHORT: ( Metal Short ) Regular Wire of Net FE_COEN1865_FE_OFN13707_n_21356 & Blockage of Cell FILL_incr_T_3_1824  ( li1 )
Bounds : ( 173.105, 219.215 ) ( 173.275, 219.385 )


SHORT: ( Metal Short ) Regular Wire of Net n_21409 & Blockage of Cell FILL_incr_T_3_1755  ( li1 )
Bounds : ( 174.255, 216.495 ) ( 174.425, 216.665 )


SHORT: ( Metal Short ) Regular Wire of Net n_21409 & Blockage of Cell FILL_incr_T_3_1894  ( li1 )
Bounds : ( 174.255, 219.215 ) ( 174.425, 219.385 )


SHORT: ( Metal Short ) Regular Wire of Net n_21409 & Blockage of Cell FILL_incr_T_3_1894  ( li1 )
Bounds : ( 174.255, 219.385 ) ( 174.655, 219.385 )


SHORT: ( Metal Short ) Regular Wire of Net FE_DBTN66_n_2575 & Blockage of Cell FILL_incr_T_3_1825  ( li1 )
Bounds : ( 175.405, 219.215 ) ( 175.575, 219.385 )


SHORT: ( Metal Short ) Regular Wire of Net n_14709 & Blockage of Cell FILL_incr_T_3_1753  ( li1 )
Bounds : ( 167.125, 213.775 ) ( 167.295, 213.945 )


SHORT: ( Metal Short ) Regular Wire of Net n_4818 & Blockage of Cell FILL_incr_T_3_1442  ( li1 )
Bounds : ( 170.345, 205.615 ) ( 170.515, 205.785 )


SHORT: ( Metal Short ) Regular Wire of Net FE_OFN148_n_16762 & Blockage of Cell FILL_incr_T_3_1686  ( li1 )
Bounds : ( 171.265, 213.775 ) ( 171.435, 213.945 )


SHORT: ( Metal Short ) Regular Wire of Net n_3811 & Blockage of Cell FILL_incr_T_3_1083  ( li1 )
Bounds : ( 227.845, 192.015 ) ( 228.015, 192.185 )


SHORT: ( Metal Short ) Regular Wire of Net FE_OFN13711_n_2729 & Blockage of Cell FILL_incr_T_3_1318  ( li1 )
Bounds : ( 225.085, 197.455 ) ( 225.255, 197.625 )


SHORT: ( Metal Short ) Regular Wire of Net FE_OFN13711_n_2729 & Blockage of Cell FILL_incr_T_3_1388  ( li1 )
Bounds : ( 225.545, 200.175 ) ( 225.715, 200.345 )


SHORT: ( Metal Short ) Regular Wire of Net n_21746 & Blockage of Cell FILL_incr_T_3_679  ( li1 )
Bounds : ( 228.305, 175.695 ) ( 228.475, 175.865 )


SHORT: ( Metal Short ) Regular Wire of Net n_21746 & Blockage of Cell FILL_incr_T_3_619  ( li1 )
Bounds : ( 228.305, 172.975 ) ( 228.475, 173.145 )


SHORT: ( Metal Short ) Regular Wire of Net n_21746 & Blockage of Cell FILL_incr_T_3_732  ( li1 )
Bounds : ( 228.305, 178.415 ) ( 228.475, 178.585 )


SHORT: ( Metal Short ) Regular Wire of Net n_21746 & Blockage of Cell FILL_incr_T_3_868  ( li1 )
Bounds : ( 228.305, 181.135 ) ( 228.475, 181.305 )


SHORT: ( Metal Short ) Regular Wire of Net n_2756 & Blockage of Cell FILL_incr_T_3_731  ( li1 )
Bounds : ( 224.165, 178.415 ) ( 224.335, 178.585 )


SHORT: ( Metal Short ) Regular Wire of Net FE_OFN40_n_7078 & Blockage of Cell FILL_incr_T_3_617  ( li1 )
Bounds : ( 225.545, 172.975 ) ( 225.715, 173.145 )


SHORT: ( Metal Short ) Regular Wire of Net FE_OFN19736_n_16042 & Blockage of Cell FILL_incr_T_3_1307  ( li1 )
Bounds : ( 168.505, 200.175 ) ( 169.135, 200.175 )


SHORT: ( Metal Short ) Regular Wire of Net n_3735 & Blockage of Cell FILL_incr_T_3_1376  ( li1 )
Bounds : ( 168.045, 202.895 ) ( 168.215, 203.065 )


SHORT: ( Metal Short ) Regular Wire of Net FE_OFN19736_n_16042 & Blockage of Cell FILL_incr_T_3_1307  ( li1 )
Bounds : ( 168.505, 200.175 ) ( 168.675, 200.345 )


SHORT: ( Metal Short ) Regular Wire of Net FE_OFN19736_n_16042 & Blockage of Cell FILL_T_3_2672  ( li1 )
Bounds : ( 168.505, 202.895 ) ( 168.675, 202.895 )


SHORT: ( Metal Short ) Regular Wire of Net FE_OFN19736_n_16042 & Blockage of Cell FILL_incr_T_3_1307  ( li1 )
Bounds : ( 168.965, 197.455 ) ( 169.135, 197.625 )


SHORT: ( Metal Short ) Regular Wire of Net FE_DBTN66_n_2575 & Blockage of Cell FILL_incr_T_3_1442  ( li1 )
Bounds : ( 168.965, 202.895 ) ( 169.135, 203.065 )


SHORT: ( Metal Short ) Regular Wire of Net n_4334 & Blockage of Cell FILL_incr_T_3_1377  ( li1 )
Bounds : ( 169.885, 202.895 ) ( 170.055, 203.065 )


SHORT: ( Metal Short ) Regular Wire of Net n_4334 & Blockage of Cell FILL_incr_T_3_1377  ( li1 )
Bounds : ( 170.345, 200.175 ) ( 170.515, 200.345 )


SHORT: ( Metal Short ) Regular Wire of Net n_4818 & Blockage of Cell FILL_incr_T_3_1377  ( li1 )
Bounds : ( 170.345, 202.895 ) ( 170.515, 203.065 )


SHORT: ( Metal Short ) Regular Wire of Net FE_OFN13710_n_11684 & Blockage of Cell FILL_incr_T_3_1228  ( li1 )
Bounds : ( 176.325, 194.735 ) ( 176.495, 194.905 )


SHORT: ( Metal Short ) Regular Wire of Net n_7346 & Blockage of Cell FILL_incr_T_3_1062  ( li1 )
Bounds : ( 165.745, 192.015 ) ( 165.915, 192.185 )


SHORT: ( Metal Short ) Regular Wire of Net n_7346 & Blockage of Cell FILL_incr_T_3_987  ( li1 )
Bounds : ( 165.745, 189.295 ) ( 165.915, 189.465 )


SHORT: ( Metal Short ) Regular Wire of Net n_4157 & Blockage of Cell FILL_incr_T_3_988  ( li1 )
Bounds : ( 168.965, 189.295 ) ( 169.135, 189.465 )


SHORT: ( Metal Short ) Regular Wire of Net FE_OFN47_n_2559 & Blockage of Cell FILL_incr_T_3_915  ( li1 )
Bounds : ( 169.425, 183.855 ) ( 169.595, 184.025 )


SHORT: ( Metal Short ) Regular Wire of Net FE_OFN148_n_16762 & Blockage of Cell FILL_incr_T_3_916  ( li1 )
Bounds : ( 176.785, 186.575 ) ( 176.955, 186.745 )


SHORT: ( Metal Short ) Regular Wire of Net FE_OFN47_n_2559 & Blockage of Cell FILL_incr_T_3_853  ( li1 )
Bounds : ( 169.425, 181.135 ) ( 169.595, 181.305 )


SHORT: ( Metal Short ) Regular Wire of Net n_17698 & Blockage of Cell FILL_incr_T_3_721  ( li1 )
Bounds : ( 172.185, 175.695 ) ( 172.355, 175.865 )


SHORT: ( Metal Short ) Regular Wire of Net n_17698 & Blockage of Cell FILL_incr_T_3_787  ( li1 )
Bounds : ( 172.185, 178.415 ) ( 172.355, 178.585 )


SHORT: ( Metal Short ) Regular Wire of Net n_17698 & Blockage of Cell FILL_incr_T_3_854  ( li1 )
Bounds : ( 172.185, 181.135 ) ( 172.355, 181.305 )


SHORT: ( Metal Short ) Regular Wire of Net n_4068 & Blockage of Cell FILL_incr_T_3_406  ( li1 )
Bounds : ( 176.785, 164.815 ) ( 176.955, 164.985 )


SHORT: ( Metal Short ) Regular Wire of Net n_16487 & Blockage of Cell FILL_incr_T_3_2511  ( li1 )
Bounds : ( 30.505, 246.415 ) ( 30.675, 246.585 )


SHORT: ( Metal Short ) Regular Wire of Net n_16487 & Blockage of Cell FILL_incr_T_3_2649  ( li1 )
Bounds : ( 30.505, 249.135 ) ( 30.675, 249.305 )


SHORT: ( Metal Short ) Regular Wire of Net n_4239 & Blockage of Cell FILL_incr_T_3_1819  ( li1 )
Bounds : ( 144.585, 216.495 ) ( 144.755, 216.665 )


SHORT: ( Metal Short ) Regular Wire of Net FE_COEN1877_n_21859 & Blockage of Cell FILL_incr_T_3_1752  ( li1 )
Bounds : ( 152.865, 216.495 ) ( 153.035, 216.665 )


SHORT: ( Metal Short ) Regular Wire of Net FE_COEN1877_n_21859 & Blockage of Cell FILL_incr_T_3_1820  ( li1 )
Bounds : ( 152.865, 219.215 ) ( 153.035, 219.385 )


SHORT: ( Metal Short ) Regular Wire of Net FE_COEN1877_n_21859 & Blockage of Cell FILL_incr_T_3_1886  ( li1 )
Bounds : ( 152.865, 219.385 ) ( 153.495, 219.385 )


SHORT: ( Metal Short ) Regular Wire of Net FE_COEN1883_n_3595 & Blockage of Cell FILL_incr_T_3_1888  ( li1 )
Bounds : ( 161.145, 219.215 ) ( 161.315, 219.385 )


SHORT: ( Metal Short ) Regular Wire of Net n_2711 & Blockage of Cell FILL_incr_T_3_1438  ( li1 )
Bounds : ( 156.085, 205.615 ) ( 156.255, 205.785 )


SHORT: ( Metal Short ) Regular Wire of Net FE_OFN49_n_16042 & Blockage of Cell FILL_incr_T_3_1591  ( li1 )
Bounds : ( 154.705, 208.335 ) ( 154.875, 208.505 )


SHORT: ( Metal Short ) Regular Wire of Net FE_OFN49_n_16042 & Blockage of Cell FILL_incr_T_3_1510  ( li1 )
Bounds : ( 154.705, 205.615 ) ( 154.875, 205.785 )


SHORT: ( Metal Short ) Regular Wire of Net n_2711 & Blockage of Cell FILL_incr_T_3_1511  ( li1 )
Bounds : ( 156.085, 208.335 ) ( 156.255, 208.505 )


SHORT: ( Metal Short ) Regular Wire of Net FE_OFN13710_n_11684 & Blockage of Cell FILL_incr_T_3_1682  ( li1 )
Bounds : ( 157.465, 211.055 ) ( 157.635, 211.225 )


SHORT: ( Metal Short ) Regular Wire of Net n_3615 & Blockage of Cell FILL_incr_T_3_1683  ( li1 )
Bounds : ( 160.685, 211.055 ) ( 160.855, 211.225 )


SHORT: ( Metal Short ) Regular Wire of Net n_5053 & Blockage of Cell FILL_incr_T_3_1439  ( li1 )
Bounds : ( 161.145, 205.615 ) ( 161.315, 205.785 )


SHORT: ( Metal Short ) Regular Wire of Net n_5053 & Blockage of Cell FILL_incr_T_3_1512  ( li1 )
Bounds : ( 161.145, 208.335 ) ( 161.315, 208.505 )


SHORT: ( Metal Short ) Regular Wire of Net n_14606 & Blockage of Cell FILL_incr_T_3_1514  ( li1 )
Bounds : ( 163.905, 205.615 ) ( 164.075, 205.785 )


SHORT: ( Metal Short ) Regular Wire of Net n_21401 & Blockage of Cell FILL_incr_T_3_1509  ( li1 )
Bounds : ( 150.565, 208.335 ) ( 150.735, 208.505 )


SHORT: ( Metal Short ) Regular Wire of Net n_21401 & Blockage of Cell FILL_incr_T_3_1509  ( li1 )
Bounds : ( 150.565, 205.615 ) ( 150.735, 205.785 )


SHORT: ( Metal Short ) Regular Wire of Net FE_OCPN19817_n_19678 & Blockage of Cell FILL_incr_T_3_1509  ( li1 )
Bounds : ( 150.105, 208.335 ) ( 150.275, 208.505 )


SHORT: ( Metal Short ) Regular Wire of Net FE_OFN13668_n_6893 & Blockage of Cell FILL_incr_T_3_1680  ( li1 )
Bounds : ( 149.645, 211.055 ) ( 149.815, 211.225 )


SHORT: ( Metal Short ) Regular Wire of Net FE_COEN1915_FE_OFN218_n_12191 & Blockage of Cell FILL_incr_T_3_1679  ( li1 )
Bounds : ( 148.725, 213.775 ) ( 148.895, 213.945 )


SHORT: ( Metal Short ) Regular Wire of Net FE_OCPN19817_n_19678 & Blockage of Cell FILL_incr_T_3_1751  ( li1 )
Bounds : ( 148.265, 213.775 ) ( 148.435, 213.945 )


SHORT: ( Metal Short ) Regular Wire of Net FE_OCPN19817_n_19678 & Blockage of Cell FILL_incr_T_3_1679  ( li1 )
Bounds : ( 148.265, 211.055 ) ( 148.435, 211.225 )


SHORT: ( Metal Short ) Regular Wire of Net n_4936 & Blockage of Cell FILL_incr_T_3_1812  ( li1 )
Bounds : ( 124.345, 219.215 ) ( 124.515, 219.385 )


SHORT: ( Metal Short ) Regular Wire of Net n_4256 & Blockage of Cell FILL_incr_T_3_1813  ( li1 )
Bounds : ( 125.265, 219.215 ) ( 125.435, 219.385 )


SHORT: ( Metal Short ) Regular Wire of Net n_20018 & Blockage of Cell FILL_incr_T_3_1814  ( li1 )
Bounds : ( 132.165, 216.495 ) ( 132.335, 216.665 )


SHORT: ( Metal Short ) Regular Wire of Net n_20018 & Blockage of Cell FILL_incr_T_3_1814  ( li1 )
Bounds : ( 132.165, 219.215 ) ( 132.335, 219.385 )


SHORT: ( Metal Short ) Regular Wire of Net FE_OFN30_n_8473 & Blockage of Cell FILL_incr_T_3_1816  ( li1 )
Bounds : ( 138.145, 219.215 ) ( 138.315, 219.385 )


SHORT: ( Metal Short ) Regular Wire of Net FE_COEN1914_n_5635 & Blockage of Cell FILL_incr_T_3_1884  ( li1 )
Bounds : ( 139.065, 219.215 ) ( 139.235, 219.385 )


SHORT: ( Metal Short ) Regular Wire of Net n_4239 & Blockage of Cell FILL_incr_T_3_1818  ( li1 )
Bounds : ( 143.665, 219.215 ) ( 143.835, 219.385 )


SHORT: ( Metal Short ) Regular Wire of Net n_4489 & Blockage of Cell FILL_incr_T_3_1503  ( li1 )
Bounds : ( 124.805, 205.615 ) ( 124.975, 205.785 )


SHORT: ( Metal Short ) Regular Wire of Net n_4489 & Blockage of Cell FILL_incr_T_3_1584  ( li1 )
Bounds : ( 124.805, 208.335 ) ( 124.975, 208.505 )


SHORT: ( Metal Short ) Regular Wire of Net n_4489 & Blockage of Cell FILL_incr_T_3_1584  ( li1 )
Bounds : ( 124.805, 211.055 ) ( 124.975, 211.225 )


SHORT: ( Metal Short ) Regular Wire of Net n_4263 & Blockage of Cell FILL_incr_T_3_1674  ( li1 )
Bounds : ( 125.725, 213.775 ) ( 125.895, 213.945 )


SHORT: ( Metal Short ) Regular Wire of Net n_3339 & Blockage of Cell FILL_incr_T_3_1585  ( li1 )
Bounds : ( 128.025, 208.335 ) ( 128.195, 208.505 )


SHORT: ( Metal Short ) Regular Wire of Net FE_OFN154_n_18291 & Blockage of Cell FILL_incr_T_3_1586  ( li1 )
Bounds : ( 131.245, 208.335 ) ( 131.415, 208.505 )


SHORT: ( Metal Short ) Regular Wire of Net FE_OFN154_n_18291 & Blockage of Cell FILL_incr_T_3_1676  ( li1 )
Bounds : ( 131.245, 211.055 ) ( 131.415, 211.225 )


SHORT: ( Metal Short ) Regular Wire of Net FE_OFN154_n_18291 & Blockage of Cell FILL_incr_T_3_1432  ( li1 )
Bounds : ( 132.165, 205.615 ) ( 132.335, 205.785 )


SHORT: ( Metal Short ) Regular Wire of Net n_21401 & Blockage of Cell FILL_incr_T_3_1587  ( li1 )
Bounds : ( 134.925, 211.055 ) ( 135.095, 211.225 )


SHORT: ( Metal Short ) Regular Wire of Net FE_OFN13660_n_22118 & Blockage of Cell FILL_incr_T_3_1877  ( li1 )
Bounds : ( 116.065, 219.215 ) ( 116.235, 219.385 )


SHORT: ( Metal Short ) Regular Wire of Net FE_OFN13660_n_22118 & Blockage of Cell FILL_incr_T_3_1743  ( li1 )
Bounds : ( 116.065, 216.495 ) ( 116.235, 216.665 )


SHORT: ( Metal Short ) Regular Wire of Net n_4858 & Blockage of Cell FILL_incr_T_3_1877  ( li1 )
Bounds : ( 114.225, 219.215 ) ( 114.395, 219.385 )


SHORT: ( Metal Short ) Regular Wire of Net n_4858 & Blockage of Cell FILL_incr_T_3_1742  ( li1 )
Bounds : ( 114.225, 216.495 ) ( 114.395, 216.665 )


SHORT: ( Metal Short ) Regular Wire of Net n_3547 & Blockage of Cell FILL_incr_T_3_1744  ( li1 )
Bounds : ( 117.445, 216.495 ) ( 117.615, 216.665 )


SHORT: ( Metal Short ) Regular Wire of Net n_3547 & Blockage of Cell FILL_incr_T_3_1877  ( li1 )
Bounds : ( 117.445, 219.215 ) ( 117.615, 219.385 )


SHORT: ( Metal Short ) Regular Wire of Net FE_OFN0_FE_DBTN95_opcode_r_0 & Blockage of Cell FILL_incr_T_3_1876  ( li1 )
Bounds : ( 111.925, 219.215 ) ( 112.095, 219.385 )


SHORT: ( Metal Short ) Regular Wire of Net FE_OFN0_FE_DBTN95_opcode_r_0 & Blockage of Cell FILL_incr_T_3_1741  ( li1 )
Bounds : ( 111.925, 216.495 ) ( 112.095, 216.665 )


SHORT: ( Metal Short ) Regular Wire of Net n_4882 & Blockage of Cell FILL_incr_T_3_1807  ( li1 )
Bounds : ( 110.545, 219.215 ) ( 110.715, 219.385 )


SHORT: ( Metal Short ) Regular Wire of Net n_4882 & Blockage of Cell FILL_incr_T_3_1740  ( li1 )
Bounds : ( 110.545, 216.495 ) ( 110.715, 216.665 )


SHORT: ( Metal Short ) Regular Wire of Net n_16525 & Blockage of Cell FILL_incr_T_3_1875  ( li1 )
Bounds : ( 109.625, 219.215 ) ( 109.795, 219.385 )


SHORT: ( Metal Short ) Regular Wire of Net n_16525 & Blockage of Cell FILL_incr_T_3_1806  ( li1 )
Bounds : ( 109.625, 216.495 ) ( 109.795, 216.665 )


SHORT: ( Metal Short ) Regular Wire of Net FE_OFN62_n_15911 & Blockage of Cell FILL_incr_T_3_1805  ( li1 )
Bounds : ( 108.705, 219.215 ) ( 108.875, 219.385 )


SHORT: ( Metal Short ) Regular Wire of Net FE_OFN62_n_15911 & Blockage of Cell FILL_incr_T_3_1738  ( li1 )
Bounds : ( 108.245, 216.495 ) ( 108.415, 216.665 )


SHORT: ( Metal Short ) Regular Wire of Net opcode_r[0] & Blockage of Cell FILL_incr_T_3_1804  ( li1 )
Bounds : ( 106.865, 219.215 ) ( 107.035, 219.385 )


SHORT: ( Metal Short ) Regular Wire of Net opcode_r[0] & Blockage of Cell FILL_incr_T_3_1737  ( li1 )
Bounds : ( 106.865, 216.495 ) ( 107.035, 216.665 )


SHORT: ( Metal Short ) Regular Wire of Net FE_OFN62_n_15911 & Pin of Cell FILL_T_3_3377  ( met1 )
Bounds : ( 110.560, 219.400 ) ( 117.760, 219.540 )


SHORT: ( Metal Short ) Regular Wire of Net n_4858 & Blockage of Cell FILL_incr_T_3_1579  ( li1 )
Bounds : ( 114.225, 208.335 ) ( 114.395, 208.505 )


SHORT: ( Metal Short ) Regular Wire of Net n_4858 & Blockage of Cell FILL_incr_T_3_1579  ( li1 )
Bounds : ( 114.225, 211.055 ) ( 114.395, 211.225 )


SHORT: ( Metal Short ) Regular Wire of Net n_4858 & Blockage of Cell FILL_incr_T_3_1669  ( li1 )
Bounds : ( 114.225, 213.775 ) ( 114.395, 213.945 )


SHORT: ( Metal Short ) Regular Wire of Net FE_OFN13660_n_22118 & Blockage of Cell FILL_incr_T_3_1670  ( li1 )
Bounds : ( 115.605, 211.055 ) ( 115.775, 211.225 )


SHORT: ( Metal Short ) Regular Wire of Net FE_OFN13660_n_22118 & Blockage of Cell FILL_incr_T_3_1743  ( li1 )
Bounds : ( 115.605, 213.775 ) ( 115.775, 213.945 )


SHORT: ( Metal Short ) Regular Wire of Net FE_OFN13660_n_22118 & Blockage of Cell FILL_incr_T_3_1580  ( li1 )
Bounds : ( 116.065, 208.335 ) ( 116.235, 208.505 )


SHORT: ( Metal Short ) Regular Wire of Net n_3547 & Blockage of Cell FILL_incr_T_3_1671  ( li1 )
Bounds : ( 116.985, 211.055 ) ( 117.155, 211.225 )


SHORT: ( Metal Short ) Regular Wire of Net n_3547 & Blockage of Cell FILL_incr_T_3_1744  ( li1 )
Bounds : ( 116.985, 213.775 ) ( 117.155, 213.945 )


SHORT: ( Metal Short ) Regular Wire of Net n_3547 & Blockage of Cell FILL_incr_T_3_1501  ( li1 )
Bounds : ( 119.285, 208.335 ) ( 119.455, 208.505 )


SHORT: ( Metal Short ) Regular Wire of Net n_4885 & Blockage of Cell FILL_incr_T_3_1672  ( li1 )
Bounds : ( 122.045, 213.775 ) ( 122.215, 213.945 )


SHORT: ( Metal Short ) Regular Wire of Net n_4882 & Blockage of Cell FILL_incr_T_3_1667  ( li1 )
Bounds : ( 110.545, 213.775 ) ( 110.715, 213.945 )


SHORT: ( Metal Short ) Regular Wire of Net n_4882 & Blockage of Cell FILL_incr_T_3_1577  ( li1 )
Bounds : ( 110.545, 211.055 ) ( 110.715, 211.225 )


SHORT: ( Metal Short ) Regular Wire of Net n_16525 & Blockage of Cell FILL_incr_T_3_1666  ( li1 )
Bounds : ( 109.625, 213.775 ) ( 109.795, 213.945 )


SHORT: ( Metal Short ) Regular Wire of Net n_16525 & Blockage of Cell FILL_incr_T_3_1576  ( li1 )
Bounds : ( 109.625, 211.055 ) ( 109.795, 211.225 )


SHORT: ( Metal Short ) Regular Wire of Net opcode_r[0] & Blockage of Cell FILL_incr_T_3_1664  ( li1 )
Bounds : ( 106.865, 213.775 ) ( 107.035, 213.945 )


SHORT: ( Metal Short ) Regular Wire of Net FE_OFN62_n_15911 & Blockage of Cell FILL_incr_T_3_1575  ( li1 )
Bounds : ( 108.245, 211.055 ) ( 108.415, 211.225 )


SHORT: ( Metal Short ) Regular Wire of Net FE_OFN62_n_15911 & Blockage of Cell FILL_incr_T_3_1665  ( li1 )
Bounds : ( 108.245, 213.775 ) ( 108.415, 213.945 )


SHORT: ( Metal Short ) Regular Wire of Net FE_OFN0_FE_DBTN95_opcode_r_0 & Blockage of Cell FILL_incr_T_3_1578  ( li1 )
Bounds : ( 111.925, 211.055 ) ( 112.095, 211.225 )


SHORT: ( Metal Short ) Regular Wire of Net FE_OFN0_FE_DBTN95_opcode_r_0 & Blockage of Cell FILL_incr_T_3_1668  ( li1 )
Bounds : ( 111.925, 213.775 ) ( 112.095, 213.945 )


SHORT: ( Metal Short ) Regular Wire of Net FE_OFN0_FE_DBTN95_opcode_r_0 & Blockage of Cell FILL_incr_T_3_1498  ( li1 )
Bounds : ( 111.235, 205.785 ) ( 111.635, 205.785 )


SHORT: ( Metal Short ) Regular Wire of Net FE_OFN0_FE_DBTN95_opcode_r_0 & Blockage of Cell FILL_incr_T_3_1498  ( li1 )
Bounds : ( 111.235, 205.615 ) ( 111.405, 205.785 )


SHORT: ( Metal Short ) Regular Wire of Net n_4882 & Blockage of Cell FILL_incr_T_3_1498  ( li1 )
Bounds : ( 110.545, 208.335 ) ( 110.715, 208.505 )


SHORT: ( Metal Short ) Regular Wire of Net n_4882 & Blockage of Cell FILL_incr_T_3_1498  ( li1 )
Bounds : ( 110.545, 205.615 ) ( 110.715, 205.785 )


SHORT: ( Metal Short ) Regular Wire of Net n_16525 & Blockage of Cell FILL_incr_T_3_1576  ( li1 )
Bounds : ( 109.625, 208.335 ) ( 109.795, 208.505 )


SHORT: ( Metal Short ) Regular Wire of Net n_16525 & Blockage of Cell FILL_incr_T_3_1426  ( li1 )
Bounds : ( 109.625, 205.615 ) ( 109.795, 205.785 )


SHORT: ( Metal Short ) Regular Wire of Net FE_OFN62_n_15911 & Blockage of Cell FILL_incr_T_3_1496  ( li1 )
Bounds : ( 108.245, 205.615 ) ( 108.415, 205.785 )


SHORT: ( Metal Short ) Regular Wire of Net FE_OFN62_n_15911 & Blockage of Cell FILL_incr_T_3_1496  ( li1 )
Bounds : ( 108.245, 208.335 ) ( 108.415, 208.505 )


SHORT: ( Metal Short ) Regular Wire of Net FE_OFN0_FE_DBTN95_opcode_r_0 & Blockage of Cell FILL_incr_T_3_1498  ( li1 )
Bounds : ( 111.925, 208.335 ) ( 112.095, 208.505 )


SPACING: ( ParallelRunLength Spacing ) Regular Wire of Net FE_OFN0_FE_DBTN95_opcode_r_0  ( li1 )
Bounds : ( 111.320, 205.785 ) ( 111.465, 205.785 )


SPACING: ( ParallelRunLength Spacing ) Regular Wire of Net FE_OFN0_FE_DBTN95_opcode_r_0 & Blockage of Cell FILL_T_3_2647  ( li1 )
Bounds : ( 111.635, 205.785 ) ( 111.780, 205.785 )


SHORT: ( Metal Short ) Regular Wire of Net n_18793 & Pin of Cell FILL_T_3_3138  ( met1 )
Bounds : ( 103.200, 213.620 ) ( 103.340, 214.100 )


SHORT: ( Metal Short ) Regular Wire of Net n_18792 & Pin of Cell FILL_T_3_3138  ( met1 )
Bounds : ( 106.420, 213.620 ) ( 106.560, 214.100 )


SHORT: ( Metal Short ) Regular Wire of Net FE_DBTN84_alu_inst_n_28861 & Blockage of Cell FILL_incr_T_3_1802  ( li1 )
Bounds : ( 96.745, 219.215 ) ( 96.915, 219.385 )


SHORT: ( Metal Short ) Regular Wire of Net FE_DBTN84_alu_inst_n_28861 & Blockage of Cell FILL_incr_T_3_1802  ( li1 )
Bounds : ( 96.745, 219.215 ) ( 97.375, 219.215 )


SHORT: ( Metal Short ) Regular Wire of Net alu_inst_muldiv_inst_mul_349_24_n_436 & Blockage of Cell FILL_incr_T_3_1870  ( li1 )
Bounds : ( 96.285, 219.215 ) ( 96.455, 219.385 )


SHORT: ( Metal Short ) Regular Wire of Net n_7036 & Blockage of Cell FILL_incr_T_3_1802  ( li1 )
Bounds : ( 95.825, 216.495 ) ( 95.995, 216.665 )


SHORT: ( Metal Short ) Regular Wire of Net FE_DBTN84_alu_inst_n_28861 & Blockage of Cell FILL_incr_T_3_1734  ( li1 )
Bounds : ( 97.205, 216.495 ) ( 97.375, 216.665 )


SHORT: ( Metal Short ) Regular Wire of Net n_18795 & Blockage of Cell FILL_incr_T_3_1803  ( li1 )
Bounds : ( 100.425, 216.495 ) ( 100.595, 216.665 )


SHORT: ( Metal Short ) Regular Wire of Net n_18795 & Blockage of Cell FILL_incr_T_3_1803  ( li1 )
Bounds : ( 100.425, 219.215 ) ( 100.595, 219.385 )


SPACING: ( ParallelRunLength Spacing ) Regular Wire of Net FE_DBTN84_alu_inst_n_28861  ( li1 )
Bounds : ( 97.060, 219.215 ) ( 97.205, 219.215 )


SPACING: ( ParallelRunLength Spacing ) Regular Wire of Net FE_DBTN84_alu_inst_n_28861 & Blockage of Cell FILL_T_3_3279  ( li1 )
Bounds : ( 97.375, 219.215 ) ( 97.520, 219.215 )


SHORT: ( Metal Short ) Regular Wire of Net FE_DBTN84_alu_inst_n_28861 & Blockage of Cell FILL_incr_T_3_1734  ( li1 )
Bounds : ( 97.205, 213.775 ) ( 97.375, 213.945 )


SHORT: ( Metal Short ) Regular Wire of Net FE_DBTN84_alu_inst_n_28861 & Blockage of Cell FILL_incr_T_3_1662  ( li1 )
Bounds : ( 97.205, 211.055 ) ( 97.375, 211.225 )


SHORT: ( Metal Short ) Regular Wire of Net FE_DBTN84_alu_inst_n_28861 & Blockage of Cell FILL_incr_T_3_1494  ( li1 )
Bounds : ( 97.205, 208.335 ) ( 97.375, 208.505 )


SHORT: ( Metal Short ) Regular Wire of Net FE_DBTN84_alu_inst_n_28861 & Blockage of Cell FILL_incr_T_3_1493  ( li1 )
Bounds : ( 96.285, 205.615 ) ( 96.455, 205.785 )


SHORT: ( Metal Short ) Regular Wire of Net n_21995 & Blockage of Cell FILL_incr_T_3_1661  ( li1 )
Bounds : ( 95.825, 213.775 ) ( 95.995, 213.945 )


SHORT: ( Metal Short ) Regular Wire of Net FE_OFN30_n_8473 & Blockage of Cell FILL_incr_T_3_1572  ( li1 )
Bounds : ( 95.825, 211.055 ) ( 95.995, 211.225 )


SHORT: ( Metal Short ) Regular Wire of Net FE_OFN19731_n_20622 & Blockage of Cell FILL_incr_T_3_1424  ( li1 )
Bounds : ( 102.725, 205.615 ) ( 102.895, 205.785 )


SHORT: ( Metal Short ) Regular Wire of Net FE_OFN19731_n_20622 & Blockage of Cell FILL_incr_T_3_1574  ( li1 )
Bounds : ( 102.725, 208.335 ) ( 102.895, 208.505 )


SHORT: ( Metal Short ) Regular Wire of Net n_12254 & Pin of Cell FILL_T_3_3014  ( met1 )
Bounds : ( 84.340, 210.900 ) ( 84.480, 211.380 )


SHORT: ( Metal Short ) Regular Wire of Net n_21412 & Blockage of Cell FILL_incr_T_3_1373  ( li1 )
Bounds : ( 150.565, 202.895 ) ( 150.735, 203.065 )


SHORT: ( Metal Short ) Regular Wire of Net n_21417 & Blockage of Cell FILL_incr_T_3_1146  ( li1 )
Bounds : ( 149.645, 194.735 ) ( 149.815, 194.905 )


SHORT: ( Metal Short ) Regular Wire of Net n_7892 & Blockage of Cell FILL_incr_T_3_1436  ( li1 )
Bounds : ( 145.045, 202.895 ) ( 145.215, 203.065 )


SHORT: ( Metal Short ) Regular Wire of Net n_4330 & Blockage of Cell FILL_incr_T_3_1372  ( li1 )
Bounds : ( 144.585, 200.175 ) ( 144.755, 200.345 )


SHORT: ( Metal Short ) Regular Wire of Net n_2711 & Blockage of Cell FILL_incr_T_3_1374  ( li1 )
Bounds : ( 156.085, 202.895 ) ( 156.255, 203.065 )


SHORT: ( Metal Short ) Regular Wire of Net n_3692 & Blockage of Cell FILL_incr_T_3_1223  ( li1 )
Bounds : ( 156.545, 194.735 ) ( 156.715, 194.905 )


SHORT: ( Metal Short ) Regular Wire of Net n_7346 & Blockage of Cell FILL_incr_T_3_1225  ( li1 )
Bounds : ( 160.225, 194.735 ) ( 160.395, 194.905 )


SHORT: ( Metal Short ) Regular Wire of Net n_14606 & Blockage of Cell FILL_incr_T_3_1375  ( li1 )
Bounds : ( 164.365, 202.895 ) ( 164.535, 203.065 )


SHORT: ( Metal Short ) Regular Wire of Net n_3692 & Blockage of Cell FILL_incr_T_3_1060  ( li1 )
Bounds : ( 156.085, 192.015 ) ( 156.255, 192.185 )


SHORT: ( Metal Short ) Regular Wire of Net FE_RN_8_0 & Blockage of Cell FILL_incr_T_3_985  ( li1 )
Bounds : ( 152.405, 189.295 ) ( 152.575, 189.465 )


SHORT: ( Metal Short ) Regular Wire of Net FE_RN_8_0 & Blockage of Cell FILL_incr_T_3_914  ( li1 )
Bounds : ( 150.565, 186.575 ) ( 150.735, 186.745 )


SHORT: ( Metal Short ) Regular Wire of Net n_6935 & Blockage of Cell FILL_incr_T_3_1301  ( li1 )
Bounds : ( 124.345, 200.175 ) ( 124.515, 200.345 )


SHORT: ( Metal Short ) Regular Wire of Net n_6935 & Blockage of Cell FILL_incr_T_3_1218  ( li1 )
Bounds : ( 124.805, 194.735 ) ( 124.975, 194.905 )


SHORT: ( Metal Short ) Regular Wire of Net n_6935 & Blockage of Cell FILL_incr_T_3_1218  ( li1 )
Bounds : ( 124.805, 197.455 ) ( 124.975, 197.625 )


SHORT: ( Metal Short ) Regular Wire of Net n_6935 & Blockage of Cell FILL_incr_T_3_1365  ( li1 )
Bounds : ( 124.805, 202.895 ) ( 124.975, 203.065 )


SHORT: ( Metal Short ) Regular Wire of Net n_4312 & Blockage of Cell FILL_incr_T_3_1302  ( li1 )
Bounds : ( 125.725, 200.175 ) ( 125.895, 200.345 )


SHORT: ( Metal Short ) Regular Wire of Net n_4312 & Blockage of Cell FILL_incr_T_3_1431  ( li1 )
Bounds : ( 125.725, 202.895 ) ( 125.895, 203.065 )


SHORT: ( Metal Short ) Regular Wire of Net n_7025 & Blockage of Cell FILL_incr_T_3_1303  ( li1 )
Bounds : ( 126.645, 200.175 ) ( 126.815, 200.345 )


SHORT: ( Metal Short ) Regular Wire of Net FE_OFN154_n_18291 & Blockage of Cell FILL_incr_T_3_1304  ( li1 )
Bounds : ( 129.865, 200.175 ) ( 130.035, 200.345 )


SHORT: ( Metal Short ) Regular Wire of Net FE_OFN154_n_18291 & Blockage of Cell FILL_incr_T_3_1369  ( li1 )
Bounds : ( 132.165, 202.895 ) ( 132.335, 203.065 )


SHORT: ( Metal Short ) Regular Wire of Net FE_OFN147_n_3306 & Blockage of Cell FILL_incr_T_3_1371  ( li1 )
Bounds : ( 138.145, 200.175 ) ( 138.315, 200.345 )


SHORT: ( Metal Short ) Regular Wire of Net n_21761 & Blockage of Cell FILL_incr_T_3_982  ( li1 )
Bounds : ( 127.105, 186.575 ) ( 127.275, 186.745 )


SHORT: ( Metal Short ) Regular Wire of Net n_21761 & Blockage of Cell FILL_incr_T_3_1140  ( li1 )
Bounds : ( 129.405, 192.015 ) ( 129.575, 192.185 )


SHORT: ( Metal Short ) Regular Wire of Net FE_DBTN52_n_20848 & Blockage of Cell FILL_incr_T_3_1057  ( li1 )
Bounds : ( 132.625, 192.015 ) ( 132.795, 192.185 )


SHORT: ( Metal Short ) Regular Wire of Net n_3838 & Blockage of Cell FILL_incr_T_3_848  ( li1 )
Bounds : ( 139.525, 183.855 ) ( 139.695, 184.025 )


SHORT: ( Metal Short ) Regular Wire of Net n_3838 & Blockage of Cell FILL_incr_T_3_983  ( li1 )
Bounds : ( 139.525, 186.575 ) ( 139.695, 186.745 )


SHORT: ( Metal Short ) Regular Wire of Net n_3764 & Blockage of Cell FILL_incr_T_3_1058  ( li1 )
Bounds : ( 139.525, 189.295 ) ( 139.695, 189.465 )


SHORT: ( Metal Short ) Regular Wire of Net n_16864 & Blockage of Cell FILL_incr_T_3_848  ( li1 )
Bounds : ( 139.985, 183.855 ) ( 140.155, 184.025 )


SHORT: ( Metal Short ) Regular Wire of Net FE_OFN236_n_15120 & Blockage of Cell FILL_incr_T_3_849  ( li1 )
Bounds : ( 147.805, 181.135 ) ( 147.975, 181.305 )


SHORT: ( Metal Short ) Regular Wire of Net FE_OFN236_n_15120 & Blockage of Cell FILL_incr_T_3_783  ( li1 )
Bounds : ( 147.805, 178.415 ) ( 147.975, 178.585 )


SHORT: ( Metal Short ) Regular Wire of Net n_16722 & Blockage of Cell FILL_incr_T_3_536  ( li1 )
Bounds : ( 158.845, 170.255 ) ( 159.015, 170.425 )


SHORT: ( Metal Short ) Regular Wire of Net n_16722 & Blockage of Cell FILL_incr_T_3_471  ( li1 )
Bounds : ( 158.845, 167.535 ) ( 159.015, 167.705 )


SHORT: ( Metal Short ) Regular Wire of Net FE_OFN13692_n_16762 & Blockage of Cell FILL_incr_T_3_535  ( li1 )
Bounds : ( 157.925, 170.255 ) ( 158.095, 170.425 )


SHORT: ( Metal Short ) Regular Wire of Net FE_OFN13692_n_16762 & Blockage of Cell FILL_incr_T_3_535  ( li1 )
Bounds : ( 157.925, 167.535 ) ( 158.095, 167.705 )


SHORT: ( Metal Short ) Regular Wire of Net FE_OCPN19801_n_21386 & Blockage of Cell FILL_incr_T_3_402  ( li1 )
Bounds : ( 152.865, 164.815 ) ( 153.035, 164.985 )


SHORT: ( Metal Short ) Regular Wire of Net n_15917 & Blockage of Cell FILL_incr_T_3_468  ( li1 )
Bounds : ( 145.965, 167.535 ) ( 146.135, 167.705 )


SHORT: ( Metal Short ) Regular Wire of Net FE_COEN1915_FE_OFN218_n_12191 & Blockage of Cell FILL_incr_T_3_472  ( li1 )
Bounds : ( 163.445, 164.815 ) ( 163.615, 164.985 )


SHORT: ( Metal Short ) Regular Wire of Net FE_COEN1915_FE_OFN218_n_12191 & Blockage of Cell FILL_incr_T_3_472  ( li1 )
Bounds : ( 163.905, 167.535 ) ( 164.075, 167.705 )


SHORT: ( Metal Short ) Regular Wire of Net n_3811 & Blockage of Cell FILL_incr_T_3_662  ( li1 )
Bounds : ( 133.085, 175.695 ) ( 133.255, 175.865 )


SHORT: ( Metal Short ) Regular Wire of Net n_3587 & Blockage of Cell FILL_incr_T_3_599  ( li1 )
Bounds : ( 133.085, 172.975 ) ( 133.255, 173.145 )


SHORT: ( Metal Short ) Regular Wire of Net n_6618 & Blockage of Cell FILL_incr_T_3_782  ( li1 )
Bounds : ( 142.285, 178.415 ) ( 142.455, 178.585 )


SHORT: ( Metal Short ) Regular Wire of Net FE_OFN13768_n_13946 & Blockage of Cell FILL_incr_T_3_600  ( li1 )
Bounds : ( 135.385, 170.255 ) ( 135.555, 170.425 )


SHORT: ( Metal Short ) Regular Wire of Net FE_OFN13768_n_13946 & Blockage of Cell FILL_incr_T_3_531  ( li1 )
Bounds : ( 135.385, 167.535 ) ( 135.555, 167.705 )


SHORT: ( Metal Short ) Regular Wire of Net n_3476 & Blockage of Cell FILL_incr_T_3_466  ( li1 )
Bounds : ( 135.385, 164.815 ) ( 135.555, 164.985 )


SHORT: ( Metal Short ) Regular Wire of Net n_3587 & Blockage of Cell FILL_incr_T_3_530  ( li1 )
Bounds : ( 133.085, 170.255 ) ( 133.255, 170.425 )


SHORT: ( Metal Short ) Regular Wire of Net n_4186 & Blockage of Cell FILL_incr_T_3_465  ( li1 )
Bounds : ( 131.705, 167.535 ) ( 131.875, 167.705 )


SHORT: ( Metal Short ) Regular Wire of Net n_4659 & Blockage of Cell FILL_incr_T_3_527  ( li1 )
Bounds : ( 127.105, 170.255 ) ( 127.275, 170.425 )


SHORT: ( Metal Short ) Regular Wire of Net n_4659 & Blockage of Cell FILL_incr_T_3_463  ( li1 )
Bounds : ( 127.105, 167.535 ) ( 127.275, 167.705 )


SHORT: ( Metal Short ) Regular Wire of Net n_4659 & Blockage of Cell FILL_incr_T_3_399  ( li1 )
Bounds : ( 127.105, 164.815 ) ( 127.275, 164.985 )


SHORT: ( Metal Short ) Regular Wire of Net n_3624 & Blockage of Cell FILL_incr_T_3_401  ( li1 )
Bounds : ( 143.665, 164.815 ) ( 143.835, 164.985 )


SHORT: ( Metal Short ) Regular Wire of Net n_3624 & Blockage of Cell FILL_incr_T_3_532  ( li1 )
Bounds : ( 143.665, 167.535 ) ( 143.835, 167.705 )


SHORT: ( Metal Short ) Regular Wire of Net FE_OFN19746_n_8473 & Blockage of Cell FILL_incr_T_3_401  ( li1 )
Bounds : ( 144.125, 164.815 ) ( 144.295, 164.985 )


SHORT: ( Metal Short ) Regular Wire of Net n_20821 & Blockage of Cell FILL_incr_T_3_1136  ( li1 )
Bounds : ( 116.065, 194.735 ) ( 116.235, 194.905 )


SHORT: ( Metal Short ) Regular Wire of Net n_4218 & Blockage of Cell FILL_incr_T_3_1429  ( li1 )
Bounds : ( 118.365, 202.895 ) ( 118.535, 203.065 )


SHORT: ( Metal Short ) Regular Wire of Net n_21952 & Blockage of Cell FILL_incr_T_3_1215  ( li1 )
Bounds : ( 119.285, 194.735 ) ( 119.455, 194.905 )


SHORT: ( Metal Short ) Regular Wire of Net FE_PSN1728_FE_OFN173_n_15120 & Blockage of Cell FILL_incr_T_3_1216  ( li1 )
Bounds : ( 122.045, 194.735 ) ( 122.215, 194.905 )


SHORT: ( Metal Short ) Regular Wire of Net n_21745 & Blockage of Cell FILL_incr_T_3_1217  ( li1 )
Bounds : ( 122.965, 197.455 ) ( 123.135, 197.625 )


SHORT: ( Metal Short ) Regular Wire of Net FE_OFN0_FE_DBTN95_opcode_r_0 & Blockage of Cell FILL_incr_T_3_1428  ( li1 )
Bounds : ( 111.320, 202.895 ) ( 111.635, 202.895 )


SHORT: ( Metal Short ) Regular Wire of Net FE_OFN0_FE_DBTN95_opcode_r_0 & Blockage of Cell FILL_incr_T_3_1360  ( li1 )
Bounds : ( 111.235, 202.895 ) ( 111.320, 203.065 )


SHORT: ( Metal Short ) Regular Wire of Net n_4882 & Blockage of Cell FILL_incr_T_3_1427  ( li1 )
Bounds : ( 110.545, 202.895 ) ( 110.715, 203.065 )


SHORT: ( Metal Short ) Regular Wire of Net n_4882 & Blockage of Cell FILL_incr_T_3_1360  ( li1 )
Bounds : ( 110.545, 200.175 ) ( 110.715, 200.345 )


SHORT: ( Metal Short ) Regular Wire of Net n_16525 & Blockage of Cell FILL_incr_T_3_1359  ( li1 )
Bounds : ( 109.625, 202.895 ) ( 109.795, 203.065 )


SHORT: ( Metal Short ) Regular Wire of Net n_16525 & Blockage of Cell FILL_incr_T_3_1296  ( li1 )
Bounds : ( 109.625, 200.175 ) ( 109.795, 200.345 )


SHORT: ( Metal Short ) Regular Wire of Net FE_OFN0_FE_DBTN95_opcode_r_0 & Blockage of Cell FILL_incr_T_3_1428  ( li1 )
Bounds : ( 111.320, 202.895 ) ( 111.405, 203.065 )


SHORT: ( Metal Short ) Regular Wire of Net FE_OFN0_FE_DBTN95_opcode_r_0 & Blockage of Cell FILL_incr_T_3_1361  ( li1 )
Bounds : ( 111.465, 200.175 ) ( 111.635, 200.345 )


SHORT: ( Metal Short ) Regular Wire of Net FE_OFN62_n_15911 & Pin of Cell FILL_T_3_2613  ( met1 )
Bounds : ( 109.180, 202.740 ) ( 109.320, 203.220 )


SPACING: ( ParallelRunLength Spacing ) Regular Wire of Net FE_OFN0_FE_DBTN95_opcode_r_0  ( li1 )
Bounds : ( 111.320, 202.895 ) ( 111.465, 202.895 )


SPACING: ( ParallelRunLength Spacing ) Regular Wire of Net FE_OFN0_FE_DBTN95_opcode_r_0 & Blockage of Cell FILL_T_3_2647  ( li1 )
Bounds : ( 111.635, 202.895 ) ( 111.780, 202.895 )


SHORT: ( Metal Short ) Regular Wire of Net n_4882 & Blockage of Cell FILL_incr_T_3_1211  ( li1 )
Bounds : ( 110.545, 197.455 ) ( 110.715, 197.625 )


SHORT: ( Metal Short ) Regular Wire of Net n_4882 & Blockage of Cell FILL_incr_T_3_1211  ( li1 )
Bounds : ( 110.545, 194.735 ) ( 110.715, 194.905 )


SHORT: ( Metal Short ) Regular Wire of Net FE_OFN19731_n_20622 & Blockage of Cell FILL_incr_T_3_1208  ( li1 )
Bounds : ( 103.645, 194.735 ) ( 103.815, 194.905 )


SHORT: ( Metal Short ) Regular Wire of Net FE_OFN19731_n_20622 & Blockage of Cell FILL_incr_T_3_1294  ( li1 )
Bounds : ( 103.645, 197.455 ) ( 103.815, 197.625 )


SHORT: ( Metal Short ) Regular Wire of Net FE_OFN62_n_15911 & Blockage of Cell FILL_incr_T_3_1131  ( li1 )
Bounds : ( 108.245, 194.735 ) ( 108.415, 194.905 )


SHORT: ( Metal Short ) Regular Wire of Net FE_OFN62_n_15911 & Blockage of Cell FILL_incr_T_3_1295  ( li1 )
Bounds : ( 108.245, 197.455 ) ( 108.415, 197.625 )


SHORT: ( Metal Short ) Regular Wire of Net n_16525 & Blockage of Cell FILL_incr_T_3_1132  ( li1 )
Bounds : ( 109.625, 194.735 ) ( 109.795, 194.905 )


SHORT: ( Metal Short ) Regular Wire of Net n_16525 & Blockage of Cell FILL_incr_T_3_1296  ( li1 )
Bounds : ( 109.625, 197.455 ) ( 109.795, 197.625 )


SHORT: ( Metal Short ) Regular Wire of Net FE_OFN0_FE_DBTN95_opcode_r_0 & Blockage of Cell FILL_incr_T_3_1134  ( li1 )
Bounds : ( 111.465, 194.735 ) ( 111.635, 194.905 )


SHORT: ( Metal Short ) Regular Wire of Net FE_OFN0_FE_DBTN95_opcode_r_0 & Blockage of Cell FILL_incr_T_3_1298  ( li1 )
Bounds : ( 111.465, 197.455 ) ( 111.635, 197.625 )


SHORT: ( Metal Short ) Regular Wire of Net FE_DBTN79_n_20622 & Pin of Cell FILL_T_3_2078  ( met1 )
Bounds : ( 103.660, 194.580 ) ( 106.100, 194.720 )


SHORT: ( Metal Short ) Regular Wire of Net FE_DBTN79_n_20622 & Pin of Cell FILL_T_3_2078  ( met1 )
Bounds : ( 103.660, 194.580 ) ( 103.800, 195.060 )


SHORT: ( Metal Short ) Regular Wire of Net FE_DBTN79_n_20622 & Pin of Cell FILL_T_3_2078  ( met1 )
Bounds : ( 111.020, 194.580 ) ( 111.160, 195.060 )


SHORT: ( Metal Short ) Regular Wire of Net opcode_r[0] & Blockage of Cell FILL_incr_T_3_1135  ( li1 )
Bounds : ( 112.385, 194.735 ) ( 112.555, 194.905 )


SHORT: ( Metal Short ) Regular Wire of Net FE_PSN1728_FE_OFN173_n_15120 & Blockage of Cell FILL_incr_T_3_1053  ( li1 )
Bounds : ( 122.045, 192.015 ) ( 122.215, 192.185 )


SHORT: ( Metal Short ) Regular Wire of Net n_20823 & Blockage of Cell FILL_incr_T_3_1137  ( li1 )
Bounds : ( 119.285, 192.015 ) ( 119.455, 192.185 )


SHORT: ( Metal Short ) Regular Wire of Net n_20823 & Blockage of Cell FILL_incr_T_3_1052  ( li1 )
Bounds : ( 119.285, 189.295 ) ( 119.455, 189.465 )


SHORT: ( Metal Short ) Regular Wire of Net n_5195 & Blockage of Cell FILL_incr_T_3_1136  ( li1 )
Bounds : ( 116.065, 192.015 ) ( 116.235, 192.185 )


SHORT: ( Metal Short ) Regular Wire of Net n_5195 & Blockage of Cell FILL_incr_T_3_1051  ( li1 )
Bounds : ( 116.065, 189.295 ) ( 116.235, 189.465 )


SHORT: ( Metal Short ) Regular Wire of Net FE_OFN23_n_22077 & Blockage of Cell FILL_incr_T_3_976  ( li1 )
Bounds : ( 114.685, 189.295 ) ( 114.855, 189.465 )


SHORT: ( Metal Short ) Regular Wire of Net FE_PSN1728_FE_OFN173_n_15120 & Blockage of Cell FILL_incr_T_3_980  ( li1 )
Bounds : ( 122.505, 189.295 ) ( 122.675, 189.465 )


SHORT: ( Metal Short ) Regular Wire of Net FE_PSN1728_FE_OFN173_n_15120 & Blockage of Cell FILL_incr_T_3_980  ( li1 )
Bounds : ( 122.505, 186.575 ) ( 122.675, 186.745 )


SHORT: ( Metal Short ) Regular Wire of Net FE_PSN1728_FE_OFN173_n_15120 & Blockage of Cell FILL_incr_T_3_846  ( li1 )
Bounds : ( 122.505, 183.855 ) ( 122.675, 184.025 )


SHORT: ( Metal Short ) Regular Wire of Net n_5195 & Blockage of Cell FILL_incr_T_3_908  ( li1 )
Bounds : ( 116.985, 186.575 ) ( 117.155, 186.745 )


SHORT: ( Metal Short ) Regular Wire of Net n_5195 & Blockage of Cell FILL_incr_T_3_844  ( li1 )
Bounds : ( 116.985, 183.855 ) ( 117.155, 184.025 )


SHORT: ( Metal Short ) Regular Wire of Net n_5195 & Blockage of Cell FILL_incr_T_3_978  ( li1 )
Bounds : ( 116.840, 186.745 ) ( 117.155, 186.745 )


SHORT: ( Metal Short ) Regular Wire of Net n_5195 & Blockage of Cell FILL_T_3_1725  ( li1 )
Bounds : ( 116.065, 186.745 ) ( 116.840, 186.745 )


SHORT: ( Metal Short ) Regular Wire of Net FE_OFN23_n_22077 & Blockage of Cell FILL_incr_T_3_907  ( li1 )
Bounds : ( 114.685, 186.575 ) ( 114.855, 186.745 )


SHORT: ( Metal Short ) Regular Wire of Net FE_OFN23_n_22077 & Blockage of Cell FILL_incr_T_3_843  ( li1 )
Bounds : ( 114.685, 183.855 ) ( 114.855, 184.025 )


SHORT: ( Metal Short ) Regular Wire of Net n_4638 & Blockage of Cell FILL_incr_T_3_909  ( li1 )
Bounds : ( 122.965, 186.575 ) ( 123.135, 186.745 )


SHORT: ( Metal Short ) Regular Wire of Net n_4882 & Blockage of Cell FILL_incr_T_3_842  ( li1 )
Bounds : ( 110.545, 183.855 ) ( 110.715, 184.025 )


SHORT: ( Metal Short ) Regular Wire of Net n_16525 & Blockage of Cell FILL_incr_T_3_1048  ( li1 )
Bounds : ( 109.625, 192.015 ) ( 109.795, 192.185 )


SHORT: ( Metal Short ) Regular Wire of Net n_16525 & Blockage of Cell FILL_incr_T_3_1048  ( li1 )
Bounds : ( 109.625, 189.295 ) ( 109.795, 189.465 )


SHORT: ( Metal Short ) Regular Wire of Net n_16525 & Blockage of Cell FILL_incr_T_3_974  ( li1 )
Bounds : ( 109.625, 186.575 ) ( 109.795, 186.745 )


SHORT: ( Metal Short ) Regular Wire of Net n_16525 & Blockage of Cell FILL_incr_T_3_905  ( li1 )
Bounds : ( 109.625, 183.855 ) ( 109.795, 184.025 )


SHORT: ( Metal Short ) Regular Wire of Net FE_OFN62_n_15911 & Blockage of Cell FILL_incr_T_3_1047  ( li1 )
Bounds : ( 108.245, 192.015 ) ( 108.415, 192.185 )


SHORT: ( Metal Short ) Regular Wire of Net FE_OFN62_n_15911 & Blockage of Cell FILL_incr_T_3_1047  ( li1 )
Bounds : ( 108.245, 189.295 ) ( 108.415, 189.465 )


SHORT: ( Metal Short ) Regular Wire of Net FE_OFN62_n_15911 & Blockage of Cell FILL_incr_T_3_973  ( li1 )
Bounds : ( 108.245, 186.575 ) ( 108.415, 186.745 )


SHORT: ( Metal Short ) Regular Wire of Net FE_OFN62_n_15911 & Blockage of Cell FILL_incr_T_3_904  ( li1 )
Bounds : ( 108.245, 183.855 ) ( 108.415, 184.025 )


SHORT: ( Metal Short ) Regular Wire of Net n_4882 & Blockage of Cell FILL_incr_T_3_1133  ( li1 )
Bounds : ( 110.545, 192.015 ) ( 111.175, 192.015 )


SHORT: ( Metal Short ) Regular Wire of Net n_4882 & Blockage of Cell FILL_incr_T_3_1133  ( li1 )
Bounds : ( 110.545, 192.015 ) ( 110.715, 192.185 )


SHORT: ( Metal Short ) Regular Wire of Net n_4882 & Blockage of Cell FILL_incr_T_3_906  ( li1 )
Bounds : ( 111.005, 186.575 ) ( 111.175, 186.745 )


SHORT: ( Metal Short ) Regular Wire of Net n_4882 & Blockage of Cell FILL_incr_T_3_975  ( li1 )
Bounds : ( 111.005, 189.295 ) ( 111.175, 189.465 )


SPACING: ( ParallelRunLength Spacing ) Regular Wire of Net n_4882 & Blockage of Cell FILL_T_3_1968  ( li1 )
Bounds : ( 110.400, 192.015 ) ( 110.545, 192.015 )


SPACING: ( ParallelRunLength Spacing ) Regular Wire of Net n_4882 & Blockage of Cell FILL_T_3_1969  ( li1 )
Bounds : ( 111.175, 192.015 ) ( 111.320, 192.015 )


SHORT: ( Metal Short ) Regular Wire of Net n_4882 & Pin of Cell FILL_T_3_1579  ( met1 )
Bounds : ( 111.940, 183.700 ) ( 115.460, 183.840 )


SHORT: ( Metal Short ) Regular Wire of Net FE_OFN19731_n_20622 & Blockage of Cell FILL_incr_T_3_1424  ( li1 )
Bounds : ( 102.725, 202.895 ) ( 102.895, 203.065 )


SHORT: ( Metal Short ) Regular Wire of Net FE_OFN19731_n_20622 & Blockage of Cell FILL_incr_T_3_1358  ( li1 )
Bounds : ( 102.725, 200.175 ) ( 102.895, 200.345 )


SHORT: ( Metal Short ) Regular Wire of Net FE_OFN23_n_22077 & Blockage of Cell FILL_incr_T_3_1358  ( li1 )
Bounds : ( 102.265, 202.895 ) ( 102.435, 203.065 )


SHORT: ( Metal Short ) Regular Wire of Net FE_COEN1866_FE_OFN199_n_19679 & Blockage of Cell FILL_incr_T_3_1423  ( li1 )
Bounds : ( 99.505, 202.895 ) ( 99.675, 203.065 )


SHORT: ( Metal Short ) Regular Wire of Net FE_COEN1866_FE_OFN199_n_19679 & Blockage of Cell FILL_incr_T_3_1292  ( li1 )
Bounds : ( 99.505, 200.175 ) ( 99.675, 200.345 )


SHORT: ( Metal Short ) Regular Wire of Net n_13645 & Blockage of Cell FILL_incr_T_3_1291  ( li1 )
Bounds : ( 94.445, 197.455 ) ( 94.615, 197.625 )


SHORT: ( Metal Short ) Regular Wire of Net n_535 & Pin of Cell FILL_T_3_2078  ( met1 )
Bounds : ( 92.160, 194.580 ) ( 92.300, 195.060 )


SHORT: ( Metal Short ) Regular Wire of Net n_8476 & Pin of Cell FILL_T_3_2201  ( met1 )
Bounds : ( 94.920, 197.300 ) ( 95.060, 197.780 )


SHORT: ( Metal Short ) Regular Wire of Net FE_DBTN79_n_20622 & Pin of Cell FILL_T_3_2078  ( met1 )
Bounds : ( 98.140, 194.580 ) ( 98.280, 195.060 )


SHORT: ( Metal Short ) Regular Wire of Net n_1089 & Pin of Cell FILL_T_3_2078  ( met1 )
Bounds : ( 83.420, 191.860 ) ( 83.560, 192.340 )


SHORT: ( Metal Short ) Regular Wire of Net n_15625 & Blockage of Cell FILL_incr_T_3_972  ( li1 )
Bounds : ( 98.585, 186.575 ) ( 98.755, 186.745 )


SHORT: ( Metal Short ) Regular Wire of Net n_985 & Pin of Cell FILL_T_3_1688  ( met1 )
Bounds : ( 91.240, 186.420 ) ( 91.380, 186.900 )


SHORT: ( Metal Short ) Regular Wire of Net n_1020 & Pin of Cell FILL_T_3_2078  ( met1 )
Bounds : ( 92.620, 191.860 ) ( 92.760, 192.340 )


SHORT: ( Metal Short ) Regular Wire of Net FE_OFN39317_n_19679 & Pin of Cell FILL_T_3_1819  ( met1 )
Bounds : ( 95.840, 189.140 ) ( 95.980, 189.620 )


SHORT: ( Metal Short ) Regular Wire of Net n_15619 & Pin of Cell FILL_T_3_1688  ( met1 )
Bounds : ( 98.140, 186.420 ) ( 98.280, 186.900 )


SHORT: ( Metal Short ) Regular Wire of Net n_15621 & Pin of Cell FILL_T_3_2078  ( met1 )
Bounds : ( 99.060, 191.860 ) ( 99.200, 192.340 )


SHORT: ( Metal Short ) Regular Wire of Net n_15623 & Pin of Cell FILL_T_3_1579  ( met1 )
Bounds : ( 102.280, 183.700 ) ( 102.420, 184.180 )


SHORT: ( Metal Short ) Regular Wire of Net FE_OFN23_n_22077 & Blockage of Cell FILL_incr_T_3_595  ( li1 )
Bounds : ( 114.225, 172.975 ) ( 114.395, 173.145 )


SHORT: ( Metal Short ) Regular Wire of Net FE_OFN0_FE_DBTN95_opcode_r_0 & Blockage of Cell FILL_incr_T_3_596  ( li1 )
Bounds : ( 115.145, 172.975 ) ( 115.315, 173.145 )


SHORT: ( Metal Short ) Regular Wire of Net n_5195 & Blockage of Cell FILL_incr_T_3_780  ( li1 )
Bounds : ( 116.985, 181.135 ) ( 117.155, 181.305 )


SHORT: ( Metal Short ) Regular Wire of Net n_16525 & Blockage of Cell FILL_incr_T_3_776  ( li1 )
Bounds : ( 109.625, 181.135 ) ( 109.795, 181.305 )


SHORT: ( Metal Short ) Regular Wire of Net n_16525 & Blockage of Cell FILL_incr_T_3_776  ( li1 )
Bounds : ( 109.625, 178.415 ) ( 109.795, 178.585 )


SHORT: ( Metal Short ) Regular Wire of Net FE_OCPN19812_n & Blockage of Cell FILL_incr_T_3_773  ( li1 )
Bounds : ( 105.025, 181.135 ) ( 105.195, 181.305 )


SHORT: ( Metal Short ) Regular Wire of Net FE_PSN1745_FE_DBTN40_n_22077 & Blockage of Cell FILL_incr_T_3_774  ( li1 )
Bounds : ( 106.405, 178.415 ) ( 106.575, 178.585 )


SHORT: ( Metal Short ) Regular Wire of Net FE_PSN1745_FE_DBTN40_n_22077 & Blockage of Cell FILL_incr_T_3_839  ( li1 )
Bounds : ( 106.405, 181.135 ) ( 106.575, 181.305 )


SHORT: ( Metal Short ) Regular Wire of Net FE_OFN62_n_15911 & Blockage of Cell FILL_incr_T_3_714  ( li1 )
Bounds : ( 108.245, 178.415 ) ( 108.415, 178.585 )


SHORT: ( Metal Short ) Regular Wire of Net FE_OFN62_n_15911 & Blockage of Cell FILL_incr_T_3_775  ( li1 )
Bounds : ( 108.245, 181.135 ) ( 108.415, 181.305 )


SHORT: ( Metal Short ) Regular Wire of Net FE_OFN23_n_22077 & Blockage of Cell FILL_incr_T_3_714  ( li1 )
Bounds : ( 111.005, 178.415 ) ( 111.175, 178.585 )


SHORT: ( Metal Short ) Regular Wire of Net FE_OFN23_n_22077 & Blockage of Cell FILL_incr_T_3_842  ( li1 )
Bounds : ( 111.005, 181.135 ) ( 111.175, 181.305 )


SHORT: ( Metal Short ) Regular Wire of Net FE_OCPN19812_n & Blockage of Cell FILL_incr_T_3_715  ( li1 )
Bounds : ( 111.925, 178.415 ) ( 112.095, 178.585 )


SHORT: ( Metal Short ) Regular Wire of Net n_13510 & Pin of Cell FILL_T_3_1579  ( met1 )
Bounds : ( 104.580, 180.980 ) ( 104.720, 181.460 )


SHORT: ( Metal Short ) Regular Wire of Net FE_OFN0_FE_DBTN95_opcode_r_0 & Blockage of Cell FILL_incr_T_3_778  ( li1 )
Bounds : ( 112.385, 178.415 ) ( 112.555, 178.585 )


SHORT: ( Metal Short ) Regular Wire of Net FE_OFN0_FE_DBTN95_opcode_r_0 & Blockage of Cell FILL_incr_T_3_843  ( li1 )
Bounds : ( 112.845, 181.135 ) ( 113.015, 181.305 )


SHORT: ( Metal Short ) Regular Wire of Net n_16525 & Blockage of Cell FILL_incr_T_3_656  ( li1 )
Bounds : ( 109.625, 175.695 ) ( 109.795, 175.865 )


SHORT: ( Metal Short ) Regular Wire of Net n_16525 & Blockage of Cell FILL_incr_T_3_656  ( li1 )
Bounds : ( 109.625, 172.975 ) ( 109.795, 173.145 )


SHORT: ( Metal Short ) Regular Wire of Net FE_PSN1745_FE_DBTN40_n_22077 & Blockage of Cell FILL_incr_T_3_654  ( li1 )
Bounds : ( 106.405, 172.975 ) ( 106.575, 173.145 )


SHORT: ( Metal Short ) Regular Wire of Net FE_PSN1745_FE_DBTN40_n_22077 & Blockage of Cell FILL_incr_T_3_654  ( li1 )
Bounds : ( 106.405, 175.695 ) ( 106.575, 175.865 )


SHORT: ( Metal Short ) Regular Wire of Net FE_OFN62_n_15911 & Blockage of Cell FILL_incr_T_3_714  ( li1 )
Bounds : ( 108.245, 175.695 ) ( 108.415, 175.865 )


SHORT: ( Metal Short ) Regular Wire of Net FE_OFN62_n_15911 & Blockage of Cell FILL_incr_T_3_655  ( li1 )
Bounds : ( 108.705, 172.975 ) ( 108.875, 173.145 )


SHORT: ( Metal Short ) Regular Wire of Net FE_OFN23_n_22077 & Blockage of Cell FILL_incr_T_3_714  ( li1 )
Bounds : ( 111.005, 175.695 ) ( 111.175, 175.865 )


SHORT: ( Metal Short ) Regular Wire of Net FE_OCPN19812_n & Blockage of Cell FILL_incr_T_3_593  ( li1 )
Bounds : ( 111.925, 172.975 ) ( 112.095, 173.145 )


SHORT: ( Metal Short ) Regular Wire of Net FE_OCPN19812_n & Blockage of Cell FILL_incr_T_3_658  ( li1 )
Bounds : ( 111.925, 175.695 ) ( 112.095, 175.865 )


SHORT: ( Metal Short ) Regular Wire of Net FE_PSN1824_FE_OFN13652_n_11689 & Pin of Cell FILL_T_3_1196  ( met1 )
Bounds : ( 104.580, 175.880 ) ( 111.620, 176.020 )


SHORT: ( Metal Short ) Regular Wire of Net FE_OFN0_FE_DBTN95_opcode_r_0 & Blockage of Cell FILL_incr_T_3_715  ( li1 )
Bounds : ( 112.385, 175.695 ) ( 112.555, 175.865 )


SHORT: ( Metal Short ) Regular Wire of Net FE_PSN1824_FE_OFN13652_n_11689 & Blockage of Cell FILL_incr_T_3_594  ( li1 )
Bounds : ( 112.845, 172.975 ) ( 113.015, 173.145 )


SHORT: ( Metal Short ) Regular Wire of Net FE_OFN23_n_22077 & Blockage of Cell FILL_incr_T_3_525  ( li1 )
Bounds : ( 114.225, 170.255 ) ( 114.395, 170.425 )


SHORT: ( Metal Short ) Regular Wire of Net FE_OFN23_n_22077 & Blockage of Cell FILL_incr_T_3_395  ( li1 )
Bounds : ( 113.765, 164.815 ) ( 113.935, 164.985 )


SHORT: ( Metal Short ) Regular Wire of Net FE_OFN23_n_22077 & Blockage of Cell FILL_incr_T_3_458  ( li1 )
Bounds : ( 114.685, 167.535 ) ( 114.855, 167.705 )


SHORT: ( Metal Short ) Regular Wire of Net FE_OFN0_FE_DBTN95_opcode_r_0 & Blockage of Cell FILL_incr_T_3_396  ( li1 )
Bounds : ( 115.145, 164.815 ) ( 115.775, 164.815 )


SHORT: ( Metal Short ) Regular Wire of Net FE_OFN0_FE_DBTN95_opcode_r_0 & Blockage of Cell FILL_incr_T_3_525  ( li1 )
Bounds : ( 115.145, 170.255 ) ( 115.315, 170.425 )


SHORT: ( Metal Short ) Regular Wire of Net FE_OFN0_FE_DBTN95_opcode_r_0 & Blockage of Cell FILL_incr_T_3_396  ( li1 )
Bounds : ( 115.605, 164.815 ) ( 115.775, 164.985 )


SHORT: ( Metal Short ) Regular Wire of Net FE_OFN0_FE_DBTN95_opcode_r_0 & Blockage of Cell FILL_incr_T_3_459  ( li1 )
Bounds : ( 115.605, 167.535 ) ( 115.775, 167.705 )


SHORT: ( Metal Short ) Regular Wire of Net FE_OCPN19812_n & Blockage of Cell FILL_incr_T_3_597  ( li1 )
Bounds : ( 116.525, 170.255 ) ( 116.695, 170.425 )


SHORT: ( Metal Short ) Regular Wire of Net FE_OCPN19812_n & Blockage of Cell FILL_incr_T_3_397  ( li1 )
Bounds : ( 116.985, 164.815 ) ( 117.155, 164.985 )


SHORT: ( Metal Short ) Regular Wire of Net FE_OCPN19812_n & Blockage of Cell FILL_incr_T_3_526  ( li1 )
Bounds : ( 116.985, 167.535 ) ( 117.155, 167.705 )


SHORT: ( Metal Short ) Regular Wire of Net n_16525 & Blockage of Cell FILL_incr_T_3_461  ( li1 )
Bounds : ( 121.585, 164.815 ) ( 121.755, 164.985 )


SHORT: ( Metal Short ) Regular Wire of Net FE_PSN1824_FE_OFN13652_n_11689 & Blockage of Cell FILL_incr_T_3_594  ( li1 )
Bounds : ( 112.845, 170.255 ) ( 113.015, 170.425 )


SHORT: ( Metal Short ) Regular Wire of Net FE_PSN1824_FE_OFN13652_n_11689 & Blockage of Cell FILL_incr_T_3_457  ( li1 )
Bounds : ( 112.845, 167.535 ) ( 113.015, 167.705 )


SHORT: ( Metal Short ) Regular Wire of Net n_16525 & Blockage of Cell FILL_incr_T_3_592  ( li1 )
Bounds : ( 109.625, 170.255 ) ( 109.795, 170.425 )


SHORT: ( Metal Short ) Regular Wire of Net n_16525 & Blockage of Cell FILL_incr_T_3_456  ( li1 )
Bounds : ( 109.625, 167.535 ) ( 109.795, 167.705 )


SHORT: ( Metal Short ) Regular Wire of Net FE_PSN1745_FE_DBTN40_n_22077 & Blockage of Cell FILL_incr_T_3_522  ( li1 )
Bounds : ( 106.405, 170.255 ) ( 106.575, 170.425 )


SHORT: ( Metal Short ) Regular Wire of Net FE_PSN1745_FE_DBTN40_n_22077 & Blockage of Cell FILL_incr_T_3_522  ( li1 )
Bounds : ( 106.405, 167.535 ) ( 106.575, 167.705 )


SHORT: ( Metal Short ) Regular Wire of Net FE_PSN1745_FE_DBTN40_n_22077 & Blockage of Cell FILL_incr_T_3_455  ( li1 )
Bounds : ( 106.405, 164.815 ) ( 106.575, 164.985 )


SHORT: ( Metal Short ) Regular Wire of Net FE_DBTN45_n_12191 & Blockage of Cell FILL_incr_T_3_521  ( li1 )
Bounds : ( 105.025, 170.255 ) ( 105.195, 170.425 )


SHORT: ( Metal Short ) Regular Wire of Net FE_PSN1824_FE_OFN13652_n_11689 & Blockage of Cell FILL_incr_T_3_457  ( li1 )
Bounds : ( 112.845, 167.535 ) ( 114.395, 167.535 )


SHORT: ( Metal Short ) Regular Wire of Net n_517 & Pin of Cell FILL_T_3_1196  ( met1 )
Bounds : ( 104.580, 172.820 ) ( 104.720, 173.300 )


SHORT: ( Metal Short ) Regular Wire of Net n_1013 & Blockage of Cell FILL_incr_T_3_584  ( li1 )
Bounds : ( 91.225, 170.255 ) ( 91.395, 170.425 )


SHORT: ( Metal Short ) Regular Wire of Net n_13585 & Blockage of Cell FILL_incr_T_3_836  ( li1 )
Bounds : ( 96.745, 181.135 ) ( 96.915, 181.305 )


SHORT: ( Metal Short ) Regular Wire of Net FE_OFN37_n_14738 & Blockage of Cell FILL_incr_T_3_772  ( li1 )
Bounds : ( 98.585, 178.415 ) ( 98.755, 178.585 )


SHORT: ( Metal Short ) Regular Wire of Net n_11365 & Pin of Cell FILL_T_3_1077  ( met1 )
Bounds : ( 87.560, 170.100 ) ( 87.700, 170.580 )


SHORT: ( Metal Short ) Regular Wire of Net alu_inst_muldiv_inst_mul_349_24_n_197 & Pin of Cell FILL_T_3_1196  ( met1 )
Bounds : ( 94.000, 172.820 ) ( 94.140, 173.300 )


SHORT: ( Metal Short ) Regular Wire of Net n_1016 & Pin of Cell FILL_T_3_1196  ( met1 )
Bounds : ( 96.300, 172.820 ) ( 96.440, 173.300 )


SHORT: ( Metal Short ) Regular Wire of Net FE_OFN231_alu_inst_n_39299 & Pin of Cell FILL_T_3_1077  ( met1 )
Bounds : ( 99.520, 170.100 ) ( 99.660, 170.580 )


SHORT: ( Metal Short ) Regular Wire of Net n_446 & Pin of Cell FILL_T_3_1077  ( met1 )
Bounds : ( 102.280, 170.100 ) ( 102.420, 170.580 )


SHORT: ( Metal Short ) Regular Wire of Net n_16344 & Pin of Cell FILL_T_3_2613  ( met1 )
Bounds : ( 45.700, 205.460 ) ( 45.840, 205.940 )


SHORT: ( Metal Short ) Regular Wire of Net alu_inst_muldiv_inst_mul_349_24_n_1188 & Pin of Cell FILL_T_3_3138  ( met1 )
Bounds : ( 45.700, 213.620 ) ( 45.840, 214.100 )


SHORT: ( Metal Short ) Regular Wire of Net n_6878 & Pin of Cell FILL_T_3_3014  ( met1 )
Bounds : ( 50.760, 210.900 ) ( 50.900, 211.380 )


SHORT: ( Metal Short ) Regular Wire of Net n_19141 & Pin of Cell FILL_T_3_3014  ( met1 )
Bounds : ( 57.660, 210.900 ) ( 57.800, 211.380 )


SHORT: ( Metal Short ) Regular Wire of Net n_22131 & Pin of Cell FILL_T_3_3014  ( met1 )
Bounds : ( 59.960, 210.900 ) ( 60.100, 211.380 )


SHORT: ( Metal Short ) Regular Wire of Net alu_inst_muldiv_inst_mul_349_24_n_946 & Pin of Cell FILL_T_3_3014  ( met1 )
Bounds : ( 69.620, 210.900 ) ( 69.760, 211.380 )


SHORT: ( Metal Short ) Regular Wire of Net n_20963 & Blockage of Cell FILL_incr_T_3_1490  ( li1 )
Bounds : ( 24.065, 205.615 ) ( 24.235, 205.785 )


SHORT: ( Metal Short ) Regular Wire of Net n_20978 & Pin of Cell FILL_T_3_2876  ( met1 )
Bounds : ( 36.040, 208.180 ) ( 36.180, 208.660 )


SHORT: ( Metal Short ) Regular Wire of Net n_21654 & Pin of Cell FILL_T_3_1579  ( met1 )
Bounds : ( 49.380, 183.700 ) ( 49.520, 184.180 )


SHORT: ( Metal Short ) Regular Wire of Net n_19849 & Pin of Cell FILL_T_3_2613  ( met1 )
Bounds : ( 47.540, 202.740 ) ( 47.680, 203.220 )


SHORT: ( Metal Short ) Regular Wire of Net n_13367 & Pin of Cell FILL_T_3_2078  ( met1 )
Bounds : ( 42.020, 194.580 ) ( 42.160, 195.060 )


SHORT: ( Metal Short ) Regular Wire of Net n_11363 & Pin of Cell FILL_T_3_2201  ( met1 )
Bounds : ( 67.780, 197.300 ) ( 67.920, 197.780 )


SHORT: ( Metal Short ) Regular Wire of Net n_19671 & Pin of Cell FILL_T_3_2201  ( met1 )
Bounds : ( 73.300, 197.300 ) ( 73.440, 197.780 )


SHORT: ( Metal Short ) Regular Wire of Net n_250 & Pin of Cell FILL_T_3_2348  ( met1 )
Bounds : ( 76.980, 200.020 ) ( 77.120, 200.500 )


SHORT: ( Metal Short ) Regular Wire of Net n_16323 & Pin of Cell FILL_T_3_2078  ( met1 )
Bounds : ( 78.360, 191.860 ) ( 78.500, 192.340 )


SHORT: ( Metal Short ) Regular Wire of Net n_15045 & Pin of Cell FILL_T_3_1579  ( met1 )
Bounds : ( 49.380, 180.980 ) ( 49.520, 181.460 )


SHORT: ( Metal Short ) Regular Wire of Net n_1367 & Pin of Cell FILL_T_3_1196  ( met1 )
Bounds : ( 49.380, 172.820 ) ( 49.520, 173.300 )


SHORT: ( Metal Short ) Regular Wire of Net n_10131 & Pin of Cell FILL_T_3_723  ( met1 )
Bounds : ( 43.400, 164.660 ) ( 43.540, 165.140 )


SHORT: ( Metal Short ) Regular Wire of Net n_21266 & Pin of Cell FILL_T_3_1196  ( met1 )
Bounds : ( 70.540, 175.540 ) ( 70.680, 176.020 )


SHORT: ( Metal Short ) Regular Wire of Net n_1115 & Pin of Cell FILL_T_3_1196  ( met1 )
Bounds : ( 72.380, 175.540 ) ( 72.520, 176.020 )


SHORT: ( Metal Short ) Regular Wire of Net n_17240 & Pin of Cell FILL_T_3_723  ( met1 )
Bounds : ( 76.060, 164.660 ) ( 76.200, 165.140 )


SHORT: ( Metal Short ) Regular Wire of Net n_7241 & Pin of Cell FILL_T_3_1314  ( met1 )
Bounds : ( 76.060, 178.260 ) ( 76.200, 178.740 )


SHORT: ( Metal Short ) Regular Wire of Net n_21243 & Pin of Cell FILL_T_3_2201  ( met1 )
Bounds : ( 34.200, 197.300 ) ( 34.340, 197.780 )


SHORT: ( Metal Short ) Regular Wire of Net n_21243 & Pin of Cell FILL_T_3_2078  ( met1 )
Bounds : ( 29.600, 191.860 ) ( 29.740, 192.340 )


SHORT: ( Metal Short ) Regular Wire of Net n_17900 & Pin of Cell FILL_T_3_1688  ( met1 )
Bounds : ( 27.300, 186.420 ) ( 27.440, 186.900 )


SHORT: ( Metal Short ) Regular Wire of Net n_10348 & Pin of Cell FILL_T_3_2078  ( met1 )
Bounds : ( 26.840, 194.580 ) ( 26.980, 195.060 )


SHORT: ( Metal Short ) Regular Wire of Net n_21026 & Pin of Cell FILL_T_3_1579  ( met1 )
Bounds : ( 25.460, 183.700 ) ( 25.600, 184.180 )


SHORT: ( Metal Short ) Regular Wire of Net n_14296 & Pin of Cell FILL_T_3_2078  ( met1 )
Bounds : ( 22.240, 191.860 ) ( 22.380, 192.340 )


SHORT: ( Metal Short ) Regular Wire of Net FE_DBTN4_n_20191 & Pin of Cell FILL_T_3_1688  ( met1 )
Bounds : ( 19.020, 186.420 ) ( 19.160, 186.900 )


SHORT: ( Metal Short ) Regular Wire of Net n_19930 & Blockage of Cell FILL_incr_T_3_1286  ( li1 )
Bounds : ( 19.005, 200.175 ) ( 19.175, 200.345 )


SHORT: ( Metal Short ) Regular Wire of Net n_19932 & Blockage of Cell FILL_incr_T_3_1286  ( li1 )
Bounds : ( 18.545, 197.455 ) ( 18.715, 197.625 )


SHORT: ( Metal Short ) Regular Wire of Net n_19932 & Blockage of Cell FILL_incr_T_3_1199  ( li1 )
Bounds : ( 18.545, 194.735 ) ( 18.715, 194.905 )


SHORT: ( Metal Short ) Regular Wire of Net n_19932 & Blockage of Cell FILL_incr_T_3_1039  ( li1 )
Bounds : ( 18.545, 192.015 ) ( 18.715, 192.185 )


SHORT: ( Metal Short ) Regular Wire of Net n_19932 & Blockage of Cell FILL_incr_T_3_968  ( li1 )
Bounds : ( 18.545, 189.295 ) ( 18.715, 189.465 )


SHORT: ( Metal Short ) Regular Wire of Net n_19358 & Blockage of Cell FILL_incr_T_3_388  ( li1 )
Bounds : ( 11.185, 164.815 ) ( 11.355, 164.985 )


SHORT: ( Metal Short ) Regular Wire of Net n_19358 & Blockage of Cell FILL_incr_T_3_450  ( li1 )
Bounds : ( 11.185, 167.535 ) ( 11.355, 167.705 )


SHORT: ( Metal Short ) Regular Wire of Net n_19358 & Blockage of Cell FILL_incr_T_3_515  ( li1 )
Bounds : ( 11.185, 170.255 ) ( 11.355, 170.425 )


SHORT: ( Metal Short ) Regular Wire of Net n_19358 & Blockage of Cell FILL_incr_T_3_647  ( li1 )
Bounds : ( 11.185, 172.975 ) ( 11.355, 173.145 )


SHORT: ( Metal Short ) Regular Wire of Net n_21867 & Blockage of Cell FILL_incr_T_3_451  ( li1 )
Bounds : ( 12.565, 167.535 ) ( 12.735, 167.705 )


SHORT: ( Metal Short ) Regular Wire of Net n_18817 & Blockage of Cell FILL_incr_T_3_451  ( li1 )
Bounds : ( 13.025, 164.815 ) ( 13.195, 164.985 )


SHORT: ( Metal Short ) Regular Wire of Net n_21867 & Blockage of Cell FILL_incr_T_3_581  ( li1 )
Bounds : ( 13.025, 170.255 ) ( 13.195, 170.425 )


SHORT: ( Metal Short ) Regular Wire of Net n_19972 & Blockage of Cell FILL_incr_T_3_833  ( li1 )
Bounds : ( 15.325, 181.135 ) ( 15.495, 181.305 )


SHORT: ( Metal Short ) Regular Wire of Net n_21915 & Pin of Cell FILL_T_3_1314  ( met1 )
Bounds : ( 29.600, 178.260 ) ( 29.740, 178.740 )


SHORT: ( Metal Short ) Regular Wire of Net n_18016 & Pin of Cell FILL_T_3_1314  ( met1 )
Bounds : ( 38.340, 178.260 ) ( 38.480, 178.740 )


SHORT: ( Metal Short ) Regular Wire of Net n_294 & Pin of Cell FILL_T_3_723  ( met1 )
Bounds : ( 39.720, 164.660 ) ( 39.860, 165.140 )


SHORT: ( Metal Short ) Regular Wire of Net FE_PDN39372_FE_OFN77_n_2336 & Blockage of Cell FILL_incr_T_1_587  ( li1 )
Bounds : ( 310.645, 102.255 ) ( 310.815, 102.425 )


SHORT: ( Metal Short ) Regular Wire of Net n_5130 & Blockage of Cell FILL_incr_T_1_628  ( li1 )
Bounds : ( 312.025, 102.255 ) ( 312.195, 102.425 )


SHORT: ( Metal Short ) Regular Wire of Net n_5130 & Blockage of Cell FILL_incr_T_1_666  ( li1 )
Bounds : ( 312.025, 104.975 ) ( 312.195, 105.145 )


SHORT: ( Metal Short ) Regular Wire of Net n_5130 & Blockage of Cell FILL_incr_T_1_707  ( li1 )
Bounds : ( 312.025, 107.695 ) ( 312.195, 107.865 )


SHORT: ( Metal Short ) Regular Wire of Net FE_OFN13670_n_3929 & Blockage of Cell FILL_incr_T_1_667  ( li1 )
Bounds : ( 313.405, 104.975 ) ( 313.575, 105.145 )


SHORT: ( Metal Short ) Regular Wire of Net FE_OFN13670_n_3929 & Blockage of Cell FILL_incr_T_1_708  ( li1 )
Bounds : ( 313.405, 107.695 ) ( 313.575, 107.865 )


SHORT: ( Metal Short ) Regular Wire of Net FE_OFN13670_n_3929 & Blockage of Cell FILL_incr_T_1_589  ( li1 )
Bounds : ( 313.865, 102.255 ) ( 314.035, 102.425 )


SHORT: ( Metal Short ) Regular Wire of Net FE_PSN1803_FE_OFN219_n_21344 & Blockage of Cell FILL_incr_T_1_630  ( li1 )
Bounds : ( 314.785, 104.975 ) ( 314.955, 105.145 )


SHORT: ( Metal Short ) Regular Wire of Net FE_PSN1803_FE_OFN219_n_21344 & Blockage of Cell FILL_incr_T_1_668  ( li1 )
Bounds : ( 314.785, 107.695 ) ( 314.955, 107.865 )


SHORT: ( Metal Short ) Regular Wire of Net FE_OCPN19816_n_14913 & Blockage of Cell FILL_incr_T_1_631  ( li1 )
Bounds : ( 318.465, 102.255 ) ( 318.635, 102.425 )


SHORT: ( Metal Short ) Regular Wire of Net FE_OCPN19816_n_14913 & Blockage of Cell FILL_incr_T_1_669  ( li1 )
Bounds : ( 318.465, 104.975 ) ( 318.635, 105.145 )


SHORT: ( Metal Short ) Regular Wire of Net FE_OCPN19816_n_14913 & Blockage of Cell FILL_incr_T_1_709  ( li1 )
Bounds : ( 318.465, 107.695 ) ( 318.635, 107.865 )


SHORT: ( Metal Short ) Regular Wire of Net n_3911 & Blockage of Cell FILL_incr_T_1_664  ( li1 )
Bounds : ( 305.585, 107.695 ) ( 305.755, 107.865 )


SHORT: ( Metal Short ) Regular Wire of Net n_3911 & Blockage of Cell FILL_incr_T_1_625  ( li1 )
Bounds : ( 305.585, 104.975 ) ( 305.755, 105.145 )


SHORT: ( Metal Short ) Regular Wire of Net FE_PSN1805_n_3620 & Blockage of Cell FILL_incr_T_1_705  ( li1 )
Bounds : ( 304.205, 107.695 ) ( 304.375, 107.865 )


SHORT: ( Metal Short ) Regular Wire of Net FE_PSN1805_n_3620 & Blockage of Cell FILL_incr_T_1_663  ( li1 )
Bounds : ( 304.205, 104.975 ) ( 304.375, 105.145 )


SHORT: ( Metal Short ) Regular Wire of Net FE_PSN1805_n_3620 & Blockage of Cell FILL_incr_T_1_585  ( li1 )
Bounds : ( 304.205, 102.255 ) ( 304.375, 102.425 )


SHORT: ( Metal Short ) Regular Wire of Net FE_OFN47_n_2559 & Blockage of Cell FILL_incr_T_1_704  ( li1 )
Bounds : ( 301.445, 107.695 ) ( 301.615, 107.865 )


SHORT: ( Metal Short ) Regular Wire of Net FE_OFN47_n_2559 & Blockage of Cell FILL_incr_T_1_662  ( li1 )
Bounds : ( 301.445, 104.975 ) ( 301.615, 105.145 )


SHORT: ( Metal Short ) Regular Wire of Net FE_PSN1748_n_4940 & Blockage of Cell FILL_incr_T_1_703  ( li1 )
Bounds : ( 299.605, 107.695 ) ( 299.775, 107.865 )


SHORT: ( Metal Short ) Regular Wire of Net n_3911 & Blockage of Cell FILL_incr_T_1_625  ( li1 )
Bounds : ( 306.045, 102.255 ) ( 306.215, 102.425 )


SHORT: ( Metal Short ) Regular Wire of Net n_15650 & Blockage of Cell FILL_incr_T_1_586  ( li1 )
Bounds : ( 306.505, 102.255 ) ( 306.675, 102.425 )


SHORT: ( Metal Short ) Regular Wire of Net n_15650 & Blockage of Cell FILL_incr_T_1_626  ( li1 )
Bounds : ( 306.505, 104.975 ) ( 306.675, 105.145 )


SHORT: ( Metal Short ) Regular Wire of Net n_15650 & Blockage of Cell FILL_incr_T_1_665  ( li1 )
Bounds : ( 306.505, 107.695 ) ( 306.675, 107.865 )


SHORT: ( Metal Short ) Regular Wire of Net n_5082 & Blockage of Cell FILL_incr_T_1_660  ( li1 )
Bounds : ( 295.925, 104.975 ) ( 296.095, 105.145 )


SHORT: ( Metal Short ) Regular Wire of Net n_5082 & Blockage of Cell FILL_incr_T_1_622  ( li1 )
Bounds : ( 295.925, 102.255 ) ( 296.095, 102.425 )


SHORT: ( Metal Short ) Regular Wire of Net n_4598 & Blockage of Cell FILL_incr_T_1_659  ( li1 )
Bounds : ( 289.485, 107.695 ) ( 289.655, 107.865 )


SHORT: ( Metal Short ) Regular Wire of Net n_4952 & Blockage of Cell FILL_incr_T_1_621  ( li1 )
Bounds : ( 289.025, 104.975 ) ( 289.195, 105.145 )


SHORT: ( Metal Short ) Regular Wire of Net n_4952 & Blockage of Cell FILL_incr_T_1_621  ( li1 )
Bounds : ( 289.025, 102.255 ) ( 289.195, 102.425 )


SHORT: ( Metal Short ) Regular Wire of Net FE_PDN39372_FE_OFN77_n_2336 & Blockage of Cell FILL_incr_T_1_450  ( li1 )
Bounds : ( 310.645, 91.375 ) ( 310.815, 91.545 )


SHORT: ( Metal Short ) Regular Wire of Net FE_PDN39372_FE_OFN77_n_2336 & Blockage of Cell FILL_incr_T_1_481  ( li1 )
Bounds : ( 310.645, 94.095 ) ( 310.815, 94.265 )


SHORT: ( Metal Short ) Regular Wire of Net FE_PDN39372_FE_OFN77_n_2336 & Blockage of Cell FILL_incr_T_1_551  ( li1 )
Bounds : ( 310.645, 96.815 ) ( 310.815, 96.985 )


SHORT: ( Metal Short ) Regular Wire of Net FE_PDN39372_FE_OFN77_n_2336 & Blockage of Cell FILL_incr_T_1_587  ( li1 )
Bounds : ( 310.645, 99.535 ) ( 310.815, 99.705 )


SHORT: ( Metal Short ) Regular Wire of Net n_5130 & Blockage of Cell FILL_incr_T_1_451  ( li1 )
Bounds : ( 312.025, 91.375 ) ( 312.195, 91.545 )


SHORT: ( Metal Short ) Regular Wire of Net n_5130 & Blockage of Cell FILL_incr_T_1_482  ( li1 )
Bounds : ( 312.025, 94.095 ) ( 312.195, 94.265 )


SHORT: ( Metal Short ) Regular Wire of Net n_5130 & Blockage of Cell FILL_incr_T_1_552  ( li1 )
Bounds : ( 312.025, 96.815 ) ( 312.195, 96.985 )


SHORT: ( Metal Short ) Regular Wire of Net n_5130 & Blockage of Cell FILL_incr_T_1_552  ( li1 )
Bounds : ( 312.025, 99.535 ) ( 312.195, 99.705 )


SHORT: ( Metal Short ) Regular Wire of Net FE_OFN13670_n_3929 & Blockage of Cell FILL_incr_T_1_452  ( li1 )
Bounds : ( 313.865, 91.375 ) ( 314.035, 91.545 )


SHORT: ( Metal Short ) Regular Wire of Net FE_OFN13670_n_3929 & Blockage of Cell FILL_incr_T_1_517  ( li1 )
Bounds : ( 313.865, 94.095 ) ( 314.035, 94.265 )


SHORT: ( Metal Short ) Regular Wire of Net FE_OFN13670_n_3929 & Blockage of Cell FILL_incr_T_1_517  ( li1 )
Bounds : ( 313.865, 96.815 ) ( 314.035, 96.985 )


SHORT: ( Metal Short ) Regular Wire of Net FE_OFN13670_n_3929 & Blockage of Cell FILL_incr_T_1_589  ( li1 )
Bounds : ( 313.865, 99.535 ) ( 314.035, 99.705 )


SHORT: ( Metal Short ) Regular Wire of Net FE_OCPN19816_n_14913 & Blockage of Cell FILL_incr_T_1_453  ( li1 )
Bounds : ( 318.465, 91.375 ) ( 318.635, 91.545 )


SHORT: ( Metal Short ) Regular Wire of Net FE_OCPN19816_n_14913 & Blockage of Cell FILL_incr_T_1_484  ( li1 )
Bounds : ( 318.465, 94.095 ) ( 318.635, 94.265 )


SHORT: ( Metal Short ) Regular Wire of Net FE_OCPN19816_n_14913 & Blockage of Cell FILL_incr_T_1_554  ( li1 )
Bounds : ( 318.465, 96.815 ) ( 318.635, 96.985 )


SHORT: ( Metal Short ) Regular Wire of Net FE_OCPN19816_n_14913 & Blockage of Cell FILL_incr_T_1_554  ( li1 )
Bounds : ( 318.465, 99.535 ) ( 318.635, 99.705 )


SHORT: ( Metal Short ) Regular Wire of Net FE_PDN39372_FE_OFN77_n_2336 & Blockage of Cell FILL_incr_T_1_390  ( li1 )
Bounds : ( 310.645, 85.935 ) ( 310.815, 86.105 )


SHORT: ( Metal Short ) Regular Wire of Net FE_PDN39372_FE_OFN77_n_2336 & Blockage of Cell FILL_incr_T_1_390  ( li1 )
Bounds : ( 310.645, 83.215 ) ( 310.815, 83.385 )


SHORT: ( Metal Short ) Regular Wire of Net FE_PDN39372_FE_OFN77_n_2336 & Blockage of Cell FILL_incr_T_1_450  ( li1 )
Bounds : ( 310.645, 88.655 ) ( 310.815, 88.825 )


SHORT: ( Metal Short ) Regular Wire of Net n_5130 & Blockage of Cell FILL_incr_T_1_361  ( li1 )
Bounds : ( 312.025, 80.495 ) ( 312.195, 80.665 )


SHORT: ( Metal Short ) Regular Wire of Net n_5130 & Blockage of Cell FILL_incr_T_1_361  ( li1 )
Bounds : ( 312.025, 83.215 ) ( 312.195, 83.385 )


SHORT: ( Metal Short ) Regular Wire of Net n_5130 & Blockage of Cell FILL_incr_T_1_391  ( li1 )
Bounds : ( 312.025, 85.935 ) ( 312.195, 86.105 )


SHORT: ( Metal Short ) Regular Wire of Net n_5130 & Blockage of Cell FILL_incr_T_1_451  ( li1 )
Bounds : ( 312.025, 88.655 ) ( 312.195, 88.825 )


SHORT: ( Metal Short ) Regular Wire of Net FE_OFN13670_n_3929 & Blockage of Cell FILL_incr_T_1_362  ( li1 )
Bounds : ( 313.865, 80.495 ) ( 314.035, 80.665 )


SHORT: ( Metal Short ) Regular Wire of Net FE_OFN13670_n_3929 & Blockage of Cell FILL_incr_T_1_362  ( li1 )
Bounds : ( 313.865, 83.215 ) ( 314.035, 83.385 )


SHORT: ( Metal Short ) Regular Wire of Net FE_OFN13670_n_3929 & Blockage of Cell FILL_incr_T_1_392  ( li1 )
Bounds : ( 313.865, 85.935 ) ( 314.035, 86.105 )


SHORT: ( Metal Short ) Regular Wire of Net FE_OFN13670_n_3929 & Blockage of Cell FILL_incr_T_1_452  ( li1 )
Bounds : ( 313.865, 88.655 ) ( 314.035, 88.825 )


SHORT: ( Metal Short ) Regular Wire of Net FE_OCPN19816_n_14913 & Blockage of Cell FILL_incr_T_1_327  ( li1 )
Bounds : ( 318.465, 80.495 ) ( 318.635, 80.665 )


SHORT: ( Metal Short ) Regular Wire of Net FE_OCPN19816_n_14913 & Blockage of Cell FILL_incr_T_1_363  ( li1 )
Bounds : ( 318.465, 83.215 ) ( 318.635, 83.385 )


SHORT: ( Metal Short ) Regular Wire of Net FE_OCPN19816_n_14913 & Blockage of Cell FILL_incr_T_1_420  ( li1 )
Bounds : ( 318.465, 85.935 ) ( 318.635, 86.105 )


SHORT: ( Metal Short ) Regular Wire of Net FE_OCPN19816_n_14913 & Blockage of Cell FILL_incr_T_1_420  ( li1 )
Bounds : ( 318.465, 88.655 ) ( 318.635, 88.825 )


SHORT: ( Metal Short ) Regular Wire of Net n_4952 & Blockage of Cell FILL_incr_T_1_583  ( li1 )
Bounds : ( 289.025, 99.535 ) ( 289.195, 99.705 )


SHORT: ( Metal Short ) Regular Wire of Net n_4952 & Blockage of Cell FILL_incr_T_1_478  ( li1 )
Bounds : ( 289.485, 91.375 ) ( 289.655, 91.545 )


SHORT: ( Metal Short ) Regular Wire of Net n_4952 & Blockage of Cell FILL_incr_T_1_513  ( li1 )
Bounds : ( 290.405, 94.095 ) ( 290.575, 94.265 )


SHORT: ( Metal Short ) Regular Wire of Net n_4952 & Blockage of Cell FILL_incr_T_1_513  ( li1 )
Bounds : ( 290.405, 96.815 ) ( 290.575, 96.985 )


SHORT: ( Metal Short ) Regular Wire of Net FE_PSN1805_n_3620 & Blockage of Cell FILL_incr_T_1_359  ( li1 )
Bounds : ( 304.205, 80.495 ) ( 304.375, 80.665 )


SHORT: ( Metal Short ) Regular Wire of Net FE_PSN1805_n_3620 & Blockage of Cell FILL_incr_T_1_359  ( li1 )
Bounds : ( 304.205, 83.215 ) ( 304.375, 83.385 )


SHORT: ( Metal Short ) Regular Wire of Net FE_PSN1805_n_3620 & Blockage of Cell FILL_incr_T_1_416  ( li1 )
Bounds : ( 304.205, 85.935 ) ( 304.375, 86.105 )


SHORT: ( Metal Short ) Regular Wire of Net FE_PSN1805_n_3620 & Blockage of Cell FILL_incr_T_1_449  ( li1 )
Bounds : ( 304.205, 88.655 ) ( 304.375, 88.825 )


SHORT: ( Metal Short ) Regular Wire of Net FE_PSN1805_n_3620 & Blockage of Cell FILL_incr_T_1_480  ( li1 )
Bounds : ( 304.205, 91.375 ) ( 304.375, 91.545 )


SHORT: ( Metal Short ) Regular Wire of Net FE_PSN1805_n_3620 & Blockage of Cell FILL_incr_T_1_480  ( li1 )
Bounds : ( 304.205, 94.095 ) ( 304.375, 94.265 )


SHORT: ( Metal Short ) Regular Wire of Net FE_PSN1805_n_3620 & Blockage of Cell FILL_incr_T_1_550  ( li1 )
Bounds : ( 304.205, 96.815 ) ( 304.375, 96.985 )


SHORT: ( Metal Short ) Regular Wire of Net FE_PSN1805_n_3620 & Blockage of Cell FILL_incr_T_1_550  ( li1 )
Bounds : ( 304.205, 99.535 ) ( 304.375, 99.705 )


SHORT: ( Metal Short ) Regular Wire of Net n_3309 & Blockage of Cell FILL_incr_T_1_619  ( li1 )
Bounds : ( 277.525, 104.975 ) ( 277.695, 105.145 )


SHORT: ( Metal Short ) Regular Wire of Net n_4463 & Blockage of Cell FILL_incr_T_1_582  ( li1 )
Bounds : ( 288.105, 102.255 ) ( 288.275, 102.425 )


SHORT: ( Metal Short ) Regular Wire of Net FE_COEN1874_FE_OFN13672_n_3423 & Pin of Cell FILL_T_1_2930  ( met1 )
Bounds : ( 269.260, 107.540 ) ( 269.400, 108.020 )


SHORT: ( Metal Short ) Regular Wire of Net n_3911 & Pin of Cell g109865__5107  ( met1 )
Bounds : ( 276.160, 102.100 ) ( 276.300, 102.580 )


SHORT: ( Metal Short ) Regular Wire of Net FE_PSN1803_FE_OFN219_n_21344 & Pin of Cell g109865__5107  ( met1 )
Bounds : ( 278.000, 104.820 ) ( 278.140, 105.300 )


SHORT: ( Metal Short ) Regular Wire of Net FE_OFN233_alu_inst_n_39299 & Blockage of Cell FILL_incr_T_1_616  ( li1 )
Bounds : ( 265.105, 104.975 ) ( 265.275, 105.145 )


SHORT: ( Metal Short ) Regular Wire of Net FE_COEN1890_FE_OFN232_alu_inst_n_39299 & Blockage of Cell FILL_incr_T_1_615  ( li1 )
Bounds : ( 259.125, 102.255 ) ( 259.295, 102.425 )


SHORT: ( Metal Short ) Regular Wire of Net FE_OFN233_alu_inst_n_39299 & Blockage of Cell FILL_incr_T_1_698  ( li1 )
Bounds : ( 265.105, 107.695 ) ( 265.275, 107.865 )


SHORT: ( Metal Short ) Regular Wire of Net n_2710 & Blockage of Cell FILL_incr_T_1_579  ( li1 )
Bounds : ( 266.025, 102.255 ) ( 266.195, 102.425 )


SHORT: ( Metal Short ) Regular Wire of Net n_2710 & Blockage of Cell FILL_incr_T_1_617  ( li1 )
Bounds : ( 266.025, 104.975 ) ( 266.195, 105.145 )


SHORT: ( Metal Short ) Regular Wire of Net n_2710 & Blockage of Cell FILL_incr_T_1_698  ( li1 )
Bounds : ( 266.025, 107.695 ) ( 266.195, 107.865 )


SHORT: ( Metal Short ) Regular Wire of Net n_4075 & Pin of Cell FILL_T_1_2930  ( met1 )
Bounds : ( 262.820, 107.540 ) ( 262.960, 108.020 )


SHORT: ( Metal Short ) Regular Wire of Net n_4329 & Pin of Cell FILL_T_1_2930  ( met1 )
Bounds : ( 266.500, 107.540 ) ( 266.640, 108.020 )


SHORT: ( Metal Short ) Regular Wire of Net n_2808 & Pin of Cell FILL_incr_T_1_468  ( met1 )
Bounds : ( 277.080, 91.220 ) ( 277.220, 91.700 )


SHORT: ( Metal Short ) Regular Wire of Net n_2710 & Pin of Cell g110648__1881  ( met1 )
Bounds : ( 268.340, 99.380 ) ( 268.480, 99.860 )


SHORT: ( Metal Short ) Regular Wire of Net FE_PSN1815_n_2679 & Blockage of Cell FILL_incr_T_1_512  ( li1 )
Bounds : ( 285.345, 96.815 ) ( 285.515, 96.985 )


SHORT: ( Metal Short ) Regular Wire of Net FE_OFN19735_n_16042 & Blockage of Cell FILL_incr_T_1_511  ( li1 )
Bounds : ( 284.425, 96.815 ) ( 284.595, 96.985 )


SHORT: ( Metal Short ) Regular Wire of Net FE_PSN1815_n_2679 & Blockage of Cell FILL_incr_T_1_477  ( li1 )
Bounds : ( 283.505, 94.095 ) ( 283.675, 94.265 )


SHORT: ( Metal Short ) Regular Wire of Net n_15650 & Blockage of Cell FILL_incr_T_1_545  ( li1 )
Bounds : ( 279.825, 96.815 ) ( 279.995, 96.985 )


SHORT: ( Metal Short ) Regular Wire of Net FE_OFN13738_n_17790 & Blockage of Cell FILL_incr_T_1_508  ( li1 )
Bounds : ( 277.065, 96.815 ) ( 277.235, 96.985 )


SHORT: ( Metal Short ) Regular Wire of Net FE_OFN209_n_2678 & Pin of Cell FILL_incr_T_1_502  ( met1 )
Bounds : ( 285.820, 96.660 ) ( 285.960, 97.140 )


SHORT: ( Metal Short ) Regular Wire of Net FE_OFN13706_n_5782 & Pin of Cell FILL_T_1_1940  ( met1 )
Bounds : ( 269.260, 80.340 ) ( 269.400, 80.820 )


SHORT: ( Metal Short ) Regular Wire of Net FE_OFN230_alu_inst_n_39299 & Blockage of Cell FILL_incr_T_1_388  ( li1 )
Bounds : ( 270.625, 83.215 ) ( 270.795, 83.385 )


SHORT: ( Metal Short ) Regular Wire of Net FE_OFN230_alu_inst_n_39299 & Blockage of Cell FILL_incr_T_1_323  ( li1 )
Bounds : ( 270.625, 80.495 ) ( 270.795, 80.665 )


SHORT: ( Metal Short ) Regular Wire of Net n_5783 & Blockage of Cell FILL_incr_T_1_387  ( li1 )
Bounds : ( 269.705, 83.215 ) ( 269.875, 83.385 )


SHORT: ( Metal Short ) Regular Wire of Net n_4839 & Pin of Cell g110492__5477  ( met1 )
Bounds : ( 281.590, 83.060 ) ( 282.280, 83.200 )


SHORT: ( Metal Short ) Regular Wire of Net n_4839 & Pin of Cell g110492__5477  ( met1 )
Bounds : ( 281.590, 83.060 ) ( 281.910, 83.260 )


SHORT: ( Metal Short ) Regular Wire of Net n_3349 & Pin of Cell g110648__1881  ( met1 )
Bounds : ( 256.380, 99.380 ) ( 256.520, 99.860 )


SHORT: ( Metal Short ) Regular Wire of Net n_4839 & Pin of Cell FILL_incr_T_1_468  ( met1 )
Bounds : ( 256.380, 91.220 ) ( 256.520, 91.700 )


SHORT: ( Metal Short ) Regular Wire of Net n_5120 & Pin of Cell FILL_incr_T_1_502  ( met1 )
Bounds : ( 249.480, 93.940 ) ( 249.620, 94.420 )


SHORT: ( Metal Short ) Regular Wire of Net n_7094 & Blockage of Cell FILL_incr_T_1_542  ( li1 )
Bounds : ( 259.125, 99.535 ) ( 259.295, 99.705 )


SHORT: ( Metal Short ) Regular Wire of Net n_4570 & Blockage of Cell FILL_incr_T_1_444  ( li1 )
Bounds : ( 252.225, 91.375 ) ( 252.395, 91.545 )


SHORT: ( Metal Short ) Regular Wire of Net n_4207 & Blockage of Cell FILL_incr_T_1_474  ( li1 )
Bounds : ( 251.765, 91.375 ) ( 251.935, 91.545 )


SHORT: ( Metal Short ) Regular Wire of Net n_4965 & Blockage of Cell FILL_incr_T_1_576  ( li1 )
Bounds : ( 248.085, 99.535 ) ( 248.255, 99.705 )


SHORT: ( Metal Short ) Regular Wire of Net n_4132 & Pin of Cell g110648__1881  ( met1 )
Bounds : ( 259.600, 99.380 ) ( 259.740, 99.860 )


SHORT: ( Metal Short ) Regular Wire of Net FE_OFN13709_n_16042 & Pin of Cell FILL_T_1_2216  ( met1 )
Bounds : ( 255.000, 85.780 ) ( 255.140, 86.260 )


SHORT: ( Metal Short ) Regular Wire of Net n_4492 & Pin of Cell FILL_T_1_1940  ( met1 )
Bounds : ( 252.240, 80.340 ) ( 252.380, 80.820 )


SHORT: ( Metal Short ) Regular Wire of Net n_4492 & Pin of Cell FILL_T_1_1940  ( met1 )
Bounds : ( 250.400, 80.680 ) ( 252.380, 80.820 )


SHORT: ( Metal Short ) Regular Wire of Net FE_OFN39314_alu_inst_n_87 & Blockage of Cell FILL_incr_T_1_354  ( li1 )
Bounds : ( 257.285, 83.215 ) ( 257.455, 83.385 )


SHORT: ( Metal Short ) Regular Wire of Net n_4570 & Blockage of Cell FILL_incr_T_1_415  ( li1 )
Bounds : ( 254.525, 88.655 ) ( 254.695, 88.825 )


SHORT: ( Metal Short ) Regular Wire of Net FE_OFN91_n_16049 & Blockage of Cell FILL_incr_T_1_353  ( li1 )
Bounds : ( 254.525, 83.215 ) ( 254.695, 83.385 )


SHORT: ( Metal Short ) Regular Wire of Net n_3472 & Pin of Cell FILL_T_1_1940  ( met1 )
Bounds : ( 257.300, 80.340 ) ( 257.440, 80.820 )


SHORT: ( Metal Short ) Regular Wire of Net n_4069 & Blockage of Cell FILL_incr_T_3_349  ( li1 )
Bounds : ( 226.925, 159.375 ) ( 227.095, 159.545 )


SHORT: ( Metal Short ) Regular Wire of Net n_14745 & Blockage of Cell FILL_incr_T_3_204  ( li1 )
Bounds : ( 227.845, 153.935 ) ( 228.015, 154.105 )


SHORT: ( Metal Short ) Regular Wire of Net n_14745 & Blockage of Cell FILL_incr_T_3_277  ( li1 )
Bounds : ( 227.845, 156.655 ) ( 228.015, 156.825 )


SHORT: ( Metal Short ) Regular Wire of Net n_14745 & Blockage of Cell FILL_incr_T_3_73  ( li1 )
Bounds : ( 227.845, 148.495 ) ( 228.015, 148.665 )


SHORT: ( Metal Short ) Regular Wire of Net n_14745 & Blockage of Cell FILL_incr_T_3_135  ( li1 )
Bounds : ( 227.845, 151.215 ) ( 228.015, 151.385 )


SHORT: ( Metal Short ) Regular Wire of Net n_2770 & Blockage of Cell FILL_incr_T_3_134  ( li1 )
Bounds : ( 225.085, 153.935 ) ( 225.255, 154.105 )


SHORT: ( Metal Short ) Regular Wire of Net n_22085 & Blockage of Cell FILL_incr_T_3_275  ( li1 )
Bounds : ( 225.545, 156.825 ) ( 225.715, 156.825 )


SHORT: ( Metal Short ) Regular Wire of Net n_2770 & Blockage of Cell FILL_incr_T_3_418  ( li1 )
Bounds : ( 225.545, 162.095 ) ( 225.715, 162.265 )


SHORT: ( Metal Short ) Regular Wire of Net n_2770 & Blockage of Cell FILL_incr_T_3_275  ( li1 )
Bounds : ( 226.005, 156.655 ) ( 226.175, 156.825 )


SHORT: ( Metal Short ) Regular Wire of Net n_2770 & Blockage of Cell FILL_incr_T_3_275  ( li1 )
Bounds : ( 226.005, 159.375 ) ( 226.175, 159.545 )


SHORT: ( Metal Short ) Regular Wire of Net n_2770 & Blockage of Cell FILL_incr_T_1_1303  ( li1 )
Bounds : ( 225.085, 145.775 ) ( 225.255, 145.945 )


SHORT: ( Metal Short ) Regular Wire of Net n_2770 & Blockage of Cell FILL_incr_T_3_73  ( li1 )
Bounds : ( 225.085, 148.495 ) ( 225.255, 148.665 )


SHORT: ( Metal Short ) Regular Wire of Net n_2770 & Blockage of Cell FILL_incr_T_3_134  ( li1 )
Bounds : ( 225.085, 151.215 ) ( 225.255, 151.385 )


SHORT: ( Metal Short ) Regular Wire of Net n_16684 & Blockage of Cell FILL_incr_T_1_1132  ( li1 )
Bounds : ( 227.845, 134.895 ) ( 228.015, 135.065 )


SHORT: ( Metal Short ) Regular Wire of Net n_16684 & Blockage of Cell FILL_incr_T_1_1189  ( li1 )
Bounds : ( 227.845, 137.615 ) ( 228.015, 137.785 )


SHORT: ( Metal Short ) Regular Wire of Net FE_COEN1910_n_2788 & Blockage of Cell FILL_incr_T_1_1189  ( li1 )
Bounds : ( 227.845, 140.505 ) ( 228.015, 140.505 )


SHORT: ( Metal Short ) Regular Wire of Net FE_OFN116_n_2660 & Blockage of Cell FILL_incr_T_3_187  ( li1 )
Bounds : ( 167.585, 153.935 ) ( 167.755, 154.105 )


SHORT: ( Metal Short ) Regular Wire of Net FE_COEN1874_FE_OFN13672_n_3423 & Blockage of Cell FILL_incr_T_3_188  ( li1 )
Bounds : ( 171.725, 153.935 ) ( 171.895, 154.105 )


SHORT: ( Metal Short ) Regular Wire of Net FE_OFN19732_n_7892 & Blockage of Cell FILL_incr_T_3_259  ( li1 )
Bounds : ( 173.105, 159.375 ) ( 173.275, 159.545 )


SHORT: ( Metal Short ) Regular Wire of Net n_3779 & Blockage of Cell FILL_incr_T_3_332  ( li1 )
Bounds : ( 173.105, 162.095 ) ( 173.275, 162.265 )


SHORT: ( Metal Short ) Regular Wire of Net n_4068 & Blockage of Cell FILL_incr_T_3_406  ( li1 )
Bounds : ( 176.785, 162.095 ) ( 176.955, 162.265 )


SHORT: ( Metal Short ) Regular Wire of Net n_22081 & Blockage of Cell FILL_incr_T_1_939  ( li1 )
Bounds : ( 176.785, 126.735 ) ( 176.955, 126.905 )


SHORT: ( Metal Short ) Regular Wire of Net FE_OFN39_n_14738 & Pin of Cell FILL_T_1_2930  ( met1 )
Bounds : ( 243.960, 107.540 ) ( 244.100, 108.020 )


SHORT: ( Metal Short ) Regular Wire of Net n_3975 & Blockage of Cell FILL_incr_T_1_614  ( li1 )
Bounds : ( 245.325, 102.255 ) ( 245.495, 102.425 )


SHORT: ( Metal Short ) Regular Wire of Net n_3975 & Blockage of Cell FILL_incr_T_1_613  ( li1 )
Bounds : ( 244.865, 104.975 ) ( 245.035, 105.145 )


SHORT: ( Metal Short ) Regular Wire of Net n_6935 & Blockage of Cell FILL_incr_T_1_613  ( li1 )
Bounds : ( 244.405, 102.255 ) ( 244.575, 102.425 )


SHORT: ( Metal Short ) Regular Wire of Net FE_OFN13757_n_2729 & Blockage of Cell FILL_incr_T_1_612  ( li1 )
Bounds : ( 243.485, 102.255 ) ( 243.655, 102.425 )


SHORT: ( Metal Short ) Regular Wire of Net FE_OFN13757_n_2729 & Blockage of Cell FILL_incr_T_1_690  ( li1 )
Bounds : ( 241.645, 107.695 ) ( 241.815, 107.865 )


SHORT: ( Metal Short ) Regular Wire of Net FE_OFN13757_n_2729 & Blockage of Cell FILL_incr_T_1_651  ( li1 )
Bounds : ( 241.645, 104.975 ) ( 241.815, 105.145 )


SHORT: ( Metal Short ) Regular Wire of Net FE_OFN147_n_3306 & Blockage of Cell FILL_incr_T_1_689  ( li1 )
Bounds : ( 240.725, 107.695 ) ( 240.895, 107.865 )


SHORT: ( Metal Short ) Regular Wire of Net n_4380 & Pin of Cell g109865__5107  ( met1 )
Bounds : ( 233.840, 102.100 ) ( 233.980, 102.580 )


SHORT: ( Metal Short ) Regular Wire of Net FE_OFN13617_n_16762 & Blockage of Cell FILL_incr_T_1_608  ( li1 )
Bounds : ( 227.385, 104.975 ) ( 227.555, 105.145 )


SHORT: ( Metal Short ) Regular Wire of Net n_3355 & Blockage of Cell FILL_incr_T_1_649  ( li1 )
Bounds : ( 237.045, 104.975 ) ( 237.215, 105.145 )


SHORT: ( Metal Short ) Regular Wire of Net n_3819 & Blockage of Cell FILL_incr_T_1_688  ( li1 )
Bounds : ( 237.045, 107.695 ) ( 237.215, 107.865 )


SHORT: ( Metal Short ) Regular Wire of Net n_4043 & Pin of Cell g114252  ( met1 )
Bounds : ( 209.000, 102.100 ) ( 209.140, 102.580 )


SHORT: ( Metal Short ) Regular Wire of Net n_17387 & Pin of Cell g114224  ( met1 )
Bounds : ( 217.740, 107.540 ) ( 217.880, 108.020 )


SHORT: ( Metal Short ) Regular Wire of Net n_2789 & Blockage of Cell FILL_incr_T_1_607  ( li1 )
Bounds : ( 225.085, 102.255 ) ( 225.255, 102.425 )


SHORT: ( Metal Short ) Regular Wire of Net n_3481 & Blockage of Cell FILL_incr_T_1_865  ( li1 )
Bounds : ( 226.465, 118.575 ) ( 226.635, 118.745 )


SHORT: ( Metal Short ) Regular Wire of Net n_3393 & Blockage of Cell FILL_incr_T_1_471  ( li1 )
Bounds : ( 232.445, 91.375 ) ( 232.615, 91.545 )


SHORT: ( Metal Short ) Regular Wire of Net n_3393 & Blockage of Cell FILL_incr_T_1_470  ( li1 )
Bounds : ( 231.525, 94.095 ) ( 231.695, 94.265 )


SHORT: ( Metal Short ) Regular Wire of Net n_2347 & Blockage of Cell FILL_incr_T_1_571  ( li1 )
Bounds : ( 233.825, 99.535 ) ( 233.995, 99.705 )


SHORT: ( Metal Short ) Regular Wire of Net FE_DBTN52_n_20848 & Blockage of Cell FILL_incr_T_1_572  ( li1 )
Bounds : ( 238.425, 99.535 ) ( 238.595, 99.705 )


SHORT: ( Metal Short ) Regular Wire of Net FE_OFN19749_n_20629 & Blockage of Cell FILL_incr_T_1_472  ( li1 )
Bounds : ( 239.345, 91.375 ) ( 239.515, 91.545 )


SHORT: ( Metal Short ) Regular Wire of Net FE_OFN13757_n_2729 & Blockage of Cell FILL_incr_T_1_538  ( li1 )
Bounds : ( 243.485, 96.815 ) ( 243.655, 96.985 )


SHORT: ( Metal Short ) Regular Wire of Net FE_OFN13757_n_2729 & Blockage of Cell FILL_incr_T_1_538  ( li1 )
Bounds : ( 243.485, 99.535 ) ( 243.655, 99.705 )


SHORT: ( Metal Short ) Regular Wire of Net n_6935 & Blockage of Cell FILL_incr_T_1_539  ( li1 )
Bounds : ( 244.405, 96.815 ) ( 244.575, 96.985 )


SHORT: ( Metal Short ) Regular Wire of Net n_6935 & Blockage of Cell FILL_incr_T_1_574  ( li1 )
Bounds : ( 244.405, 99.535 ) ( 244.575, 99.705 )


SHORT: ( Metal Short ) Regular Wire of Net n_4166 & Blockage of Cell FILL_incr_T_1_539  ( li1 )
Bounds : ( 244.865, 96.815 ) ( 245.035, 96.985 )


SHORT: ( Metal Short ) Regular Wire of Net n_3975 & Blockage of Cell FILL_incr_T_1_574  ( li1 )
Bounds : ( 244.865, 99.535 ) ( 245.035, 99.705 )


SHORT: ( Metal Short ) Regular Wire of Net n_2560 & Pin of Cell FILL_incr_T_1_502  ( met1 )
Bounds : ( 232.000, 96.660 ) ( 232.140, 97.140 )


SHORT: ( Metal Short ) Regular Wire of Net n_4251 & Pin of Cell FILL_incr_T_1_468  ( met1 )
Bounds : ( 232.920, 91.220 ) ( 233.060, 91.700 )


SHORT: ( Metal Short ) Regular Wire of Net n_6297 & Blockage of Cell FILL_incr_T_1_383  ( li1 )
Bounds : ( 229.685, 85.935 ) ( 229.855, 86.105 )


SHORT: ( Metal Short ) Regular Wire of Net n_3780 & Blockage of Cell FILL_incr_T_1_440  ( li1 )
Bounds : ( 229.225, 88.655 ) ( 229.395, 88.825 )


SHORT: ( Metal Short ) Regular Wire of Net FE_OFN13727_n_8473 & Blockage of Cell FILL_incr_T_1_348  ( li1 )
Bounds : ( 226.925, 83.215 ) ( 227.095, 83.385 )


SHORT: ( Metal Short ) Regular Wire of Net n_11728 & Blockage of Cell FILL_incr_T_1_313  ( li1 )
Bounds : ( 226.925, 80.495 ) ( 227.095, 80.665 )


SHORT: ( Metal Short ) Regular Wire of Net n_4492 & Blockage of Cell FILL_incr_T_1_317  ( li1 )
Bounds : ( 245.325, 80.495 ) ( 245.495, 80.665 )


SHORT: ( Metal Short ) Regular Wire of Net n_3383 & Blockage of Cell FILL_incr_T_1_443  ( li1 )
Bounds : ( 246.245, 88.655 ) ( 246.415, 88.825 )


SHORT: ( Metal Short ) Regular Wire of Net n_4284 & Pin of Cell FILL_T_1_2216  ( met1 )
Bounds : ( 229.240, 85.780 ) ( 229.380, 86.260 )


SHORT: ( Metal Short ) Regular Wire of Net n_4785 & Pin of Cell FILL_T_1_2216  ( met1 )
Bounds : ( 240.280, 85.780 ) ( 240.420, 86.260 )


SHORT: ( Metal Short ) Regular Wire of Net n_12834 & Pin of Cell FILL_T_1_1940  ( met1 )
Bounds : ( 243.960, 80.340 ) ( 244.100, 80.820 )


SHORT: ( Metal Short ) Regular Wire of Net n_3761 & Blockage of Cell FILL_incr_T_1_465  ( li1 )
Bounds : ( 208.065, 91.375 ) ( 208.235, 91.545 )


SHORT: ( Metal Short ) Regular Wire of Net FE_OFN107_n_5721 & Blockage of Cell FILL_incr_T_1_436  ( li1 )
Bounds : ( 208.525, 91.375 ) ( 208.695, 91.545 )


SHORT: ( Metal Short ) Regular Wire of Net FE_OFN186_n_13945 & Blockage of Cell FILL_incr_T_1_531  ( li1 )
Bounds : ( 214.045, 96.815 ) ( 214.215, 96.985 )


SHORT: ( Metal Short ) Regular Wire of Net FE_OFN186_n_13945 & Blockage of Cell FILL_incr_T_1_568  ( li1 )
Bounds : ( 214.045, 99.535 ) ( 214.215, 99.705 )


SHORT: ( Metal Short ) Regular Wire of Net FE_OFN39327_n_6618 & Blockage of Cell FILL_incr_T_1_532  ( li1 )
Bounds : ( 215.885, 96.815 ) ( 216.055, 96.985 )


SHORT: ( Metal Short ) Regular Wire of Net n_2580 & Blockage of Cell FILL_incr_T_1_439  ( li1 )
Bounds : ( 218.185, 91.375 ) ( 218.355, 91.545 )


SHORT: ( Metal Short ) Regular Wire of Net n_4403 & Blockage of Cell FILL_incr_T_1_533  ( li1 )
Bounds : ( 219.105, 99.535 ) ( 219.275, 99.705 )


SHORT: ( Metal Short ) Regular Wire of Net n_3453 & Blockage of Cell FILL_incr_T_1_503  ( li1 )
Bounds : ( 222.325, 94.095 ) ( 222.495, 94.265 )


SHORT: ( Metal Short ) Regular Wire of Net n_3453 & Blockage of Cell FILL_incr_T_1_534  ( li1 )
Bounds : ( 222.325, 96.815 ) ( 222.495, 96.985 )


SHORT: ( Metal Short ) Regular Wire of Net n_3651 & Pin of Cell FILL_T_1_2283  ( met1 )
Bounds : ( 216.820, 91.220 ) ( 216.960, 91.700 )


SHORT: ( Metal Short ) Regular Wire of Net n_2580 & Pin of Cell FILL_T_1_2472  ( met1 )
Bounds : ( 219.120, 93.940 ) ( 222.940, 94.080 )


SPACING: ( ParallelRunLength Spacing ) Regular Wire of Net n_2580 & Regular Wire of Net FE_OFN153_n_20622  ( met1 )
Bounds : ( 218.660, 94.420 ) ( 222.480, 94.450 )


SHORT: ( Metal Short ) Regular Wire of Net n_3563 & Pin of Cell g110492__5477  ( met1 )
Bounds : ( 225.560, 83.060 ) ( 225.700, 83.540 )


SHORT: ( Metal Short ) Regular Wire of Net n_3563 & Blockage of Cell FILL_incr_T_1_411  ( li1 )
Bounds : ( 219.565, 85.935 ) ( 219.735, 86.105 )


SHORT: ( Metal Short ) Regular Wire of Net FE_DBTN63_n_7333 & Blockage of Cell FILL_incr_T_1_410  ( li1 )
Bounds : ( 217.725, 88.655 ) ( 217.895, 88.825 )


SHORT: ( Metal Short ) Regular Wire of Net n_4754 & Pin of Cell g108126  ( met1 )
Bounds : ( 211.300, 85.780 ) ( 211.440, 86.260 )


SHORT: ( Metal Short ) Regular Wire of Net n_4754 & Pin of Cell g108126  ( met1 )
Bounds : ( 211.300, 85.780 ) ( 213.280, 85.920 )


SHORT: ( Metal Short ) Regular Wire of Net n_11713 & Pin of Cell g108126  ( met1 )
Bounds : ( 206.700, 85.780 ) ( 206.840, 86.260 )


SHORT: ( Metal Short ) Regular Wire of Net FE_OFN13727_n_8473 & Pin of Cell g108126  ( met1 )
Bounds : ( 206.240, 85.780 ) ( 206.380, 86.260 )


SHORT: ( Metal Short ) Regular Wire of Net n_3763 & Blockage of Cell FILL_incr_T_1_346  ( li1 )
Bounds : ( 215.885, 83.215 ) ( 216.055, 83.385 )


SHORT: ( Metal Short ) Regular Wire of Net n_3399 & Blockage of Cell FILL_incr_T_1_310  ( li1 )
Bounds : ( 213.125, 80.495 ) ( 213.295, 80.665 )


SHORT: ( Metal Short ) Regular Wire of Net n_3746 & Blockage of Cell FILL_incr_T_1_409  ( li1 )
Bounds : ( 212.665, 88.655 ) ( 212.835, 88.825 )


SHORT: ( Metal Short ) Regular Wire of Net n_3746 & Blockage of Cell FILL_incr_T_1_377  ( li1 )
Bounds : ( 212.665, 85.935 ) ( 212.835, 86.105 )


SHORT: ( Metal Short ) Regular Wire of Net FE_OFN13727_n_8473 & Blockage of Cell FILL_incr_T_1_344  ( li1 )
Bounds : ( 212.205, 83.215 ) ( 212.375, 83.385 )


SHORT: ( Metal Short ) Regular Wire of Net FE_OFN4_n_2676 & Blockage of Cell FILL_incr_T_1_408  ( li1 )
Bounds : ( 211.285, 85.935 ) ( 211.455, 86.105 )


SHORT: ( Metal Short ) Regular Wire of Net FE_OFN4_n_2676 & Blockage of Cell FILL_incr_T_1_343  ( li1 )
Bounds : ( 209.445, 83.215 ) ( 209.615, 83.385 )


SHORT: ( Metal Short ) Regular Wire of Net FE_DBTN40_n_22077 & Blockage of Cell FILL_incr_T_1_342  ( li1 )
Bounds : ( 206.225, 83.215 ) ( 206.395, 83.385 )


SHORT: ( Metal Short ) Regular Wire of Net n_2817 & Blockage of Cell FILL_incr_T_1_602  ( li1 )
Bounds : ( 192.885, 104.975 ) ( 193.055, 105.145 )


SHORT: ( Metal Short ) Regular Wire of Net n_4902 & Blockage of Cell FILL_incr_T_1_565  ( li1 )
Bounds : ( 198.865, 102.255 ) ( 199.035, 102.425 )


SHORT: ( Metal Short ) Regular Wire of Net n_3335 & Blockage of Cell FILL_incr_T_1_566  ( li1 )
Bounds : ( 202.085, 102.255 ) ( 202.255, 102.425 )


SHORT: ( Metal Short ) Regular Wire of Net n_3841 & Blockage of Cell FILL_incr_T_1_646  ( li1 )
Bounds : ( 205.305, 104.975 ) ( 205.475, 105.145 )


SHORT: ( Metal Short ) Regular Wire of Net n_4910 & Pin of Cell g114252  ( met1 )
Bounds : ( 189.220, 102.100 ) ( 189.360, 102.580 )


SHORT: ( Metal Short ) Regular Wire of Net FE_OFN108_n_5721 & Blockage of Cell FILL_incr_T_1_682  ( li1 )
Bounds : ( 175.865, 110.415 ) ( 176.035, 110.585 )


SHORT: ( Metal Short ) Regular Wire of Net n_3335 & Blockage of Cell FILL_incr_T_1_566  ( li1 )
Bounds : ( 202.085, 99.535 ) ( 202.255, 99.705 )


SHORT: ( Metal Short ) Regular Wire of Net n_3839 & Blockage of Cell FILL_incr_T_1_463  ( li1 )
Bounds : ( 196.105, 91.375 ) ( 196.275, 91.545 )


SHORT: ( Metal Short ) Regular Wire of Net n_3642 & Blockage of Cell FILL_incr_T_1_463  ( li1 )
Bounds : ( 196.105, 94.095 ) ( 196.275, 94.265 )


SHORT: ( Metal Short ) Regular Wire of Net FE_OFN236_n_15120 & Blockage of Cell FILL_incr_T_1_464  ( li1 )
Bounds : ( 197.485, 94.095 ) ( 197.655, 94.265 )


SHORT: ( Metal Short ) Regular Wire of Net n_2560 & Pin of Cell fopt125710  ( met1 )
Bounds : ( 195.660, 96.660 ) ( 195.800, 97.140 )


SHORT: ( Metal Short ) Regular Wire of Net n_3642 & Pin of Cell FILL_T_1_2283  ( met1 )
Bounds : ( 196.120, 91.220 ) ( 196.260, 91.700 )


SHORT: ( Metal Short ) Regular Wire of Net FE_OFN153_n_20622 & Pin of Cell FILL_T_1_2472  ( met1 )
Bounds : ( 197.960, 93.940 ) ( 198.100, 94.420 )


SHORT: ( Metal Short ) Regular Wire of Net FE_OFN73_n_19678 & Blockage of Cell FILL_incr_T_1_307  ( li1 )
Bounds : ( 204.845, 80.495 ) ( 205.015, 80.665 )


SHORT: ( Metal Short ) Regular Wire of Net n_3642 & Blockage of Cell FILL_incr_T_1_340  ( li1 )
Bounds : ( 203.465, 83.215 ) ( 203.635, 83.385 )


SHORT: ( Metal Short ) Regular Wire of Net n_3642 & Blockage of Cell FILL_incr_T_1_340  ( li1 )
Bounds : ( 203.465, 80.495 ) ( 203.635, 80.665 )


SHORT: ( Metal Short ) Regular Wire of Net n_3642 & Blockage of Cell FILL_incr_T_1_406  ( li1 )
Bounds : ( 202.545, 88.655 ) ( 202.715, 88.825 )


SHORT: ( Metal Short ) Regular Wire of Net n_3642 & Blockage of Cell FILL_incr_T_1_406  ( li1 )
Bounds : ( 202.545, 85.935 ) ( 202.715, 86.105 )


SHORT: ( Metal Short ) Regular Wire of Net FE_OFN41_n_11684 & Blockage of Cell FILL_incr_T_1_404  ( li1 )
Bounds : ( 195.185, 88.655 ) ( 195.355, 88.825 )


SHORT: ( Metal Short ) Regular Wire of Net n_21414 & Blockage of Cell FILL_incr_T_1_305  ( li1 )
Bounds : ( 198.865, 80.495 ) ( 199.035, 80.665 )


SHORT: ( Metal Short ) Regular Wire of Net FE_OFN73_n_19678 & Blockage of Cell FILL_incr_T_1_374  ( li1 )
Bounds : ( 204.845, 83.215 ) ( 205.015, 83.385 )


SHORT: ( Metal Short ) Regular Wire of Net n_4456 & Pin of Cell FILL_T_1_2283  ( met1 )
Bounds : ( 198.880, 88.500 ) ( 199.020, 88.980 )


SHORT: ( Metal Short ) Regular Wire of Net n_16687 & Blockage of Cell FILL_T_1_2404  ( li1 )
Bounds : ( 180.925, 94.265 ) ( 181.095, 94.265 )


SHORT: ( Metal Short ) Regular Wire of Net n_13871 & Pin of Cell g108398  ( met1 )
Bounds : ( 166.220, 80.340 ) ( 166.360, 80.820 )


SHORT: ( Metal Short ) Regular Wire of Net n_15816 & Pin of Cell fopt125710  ( met1 )
Bounds : ( 172.660, 99.380 ) ( 172.800, 99.860 )


SHORT: ( Metal Short ) Regular Wire of Net n_16687 & Pin of Cell FILL_T_1_2472  ( met1 )
Bounds : ( 180.850, 94.220 ) ( 181.170, 94.420 )


SPACING: ( ParallelRunLength Spacing ) Regular Wire of Net n_16687 & Blockage of Cell FILL_incr_T_1_497  ( li1 )
Bounds : ( 181.095, 94.265 ) ( 181.240, 94.265 )


SHORT: ( Metal Short ) Regular Wire of Net n_5130 & Pin of Cell FE_PSC1805_n_3620  ( met1 )
Bounds : ( 311.965, 66.740 ) ( 312.255, 66.925 )


SHORT: ( Metal Short ) Regular Wire of Net n_5130 & Blockage of Cell FILL_incr_T_1_188  ( li1 )
Bounds : ( 312.025, 66.895 ) ( 312.195, 67.065 )


SHORT: ( Metal Short ) Regular Wire of Net n_5130 & Blockage of Cell FILL_incr_T_1_231  ( li1 )
Bounds : ( 312.025, 69.615 ) ( 312.195, 69.785 )


SHORT: ( Metal Short ) Regular Wire of Net n_5130 & Blockage of Cell FILL_incr_T_1_231  ( li1 )
Bounds : ( 312.025, 72.335 ) ( 312.195, 72.505 )


SHORT: ( Metal Short ) Regular Wire of Net n_5130 & Blockage of Cell FILL_incr_T_1_283  ( li1 )
Bounds : ( 312.025, 75.055 ) ( 312.195, 75.225 )


SHORT: ( Metal Short ) Regular Wire of Net n_5130 & Blockage of Cell FILL_incr_T_1_283  ( li1 )
Bounds : ( 312.025, 77.775 ) ( 312.195, 77.945 )


SHORT: ( Metal Short ) Regular Wire of Net FE_OFN13670_n_3929 & Blockage of Cell FILL_incr_T_1_284  ( li1 )
Bounds : ( 313.865, 77.775 ) ( 314.035, 77.945 )


SHORT: ( Metal Short ) Regular Wire of Net FE_OCPN19816_n_14913 & Blockage of Cell FILL_incr_T_1_285  ( li1 )
Bounds : ( 318.465, 75.055 ) ( 318.635, 75.225 )


SHORT: ( Metal Short ) Regular Wire of Net FE_OCPN19816_n_14913 & Blockage of Cell FILL_incr_T_1_327  ( li1 )
Bounds : ( 318.465, 77.775 ) ( 318.635, 77.945 )


SHORT: ( Metal Short ) Regular Wire of Net FE_PSN1805_n_3620 & Blockage of Cell FILL_incr_T_1_230  ( li1 )
Bounds : ( 304.205, 69.615 ) ( 304.375, 69.785 )


SHORT: ( Metal Short ) Regular Wire of Net FE_PSN1805_n_3620 & Blockage of Cell FILL_incr_T_1_252  ( li1 )
Bounds : ( 304.205, 72.335 ) ( 304.375, 72.505 )


SHORT: ( Metal Short ) Regular Wire of Net FE_PSN1805_n_3620 & Blockage of Cell FILL_incr_T_1_252  ( li1 )
Bounds : ( 304.205, 75.055 ) ( 304.375, 75.225 )


SHORT: ( Metal Short ) Regular Wire of Net FE_PSN1805_n_3620 & Blockage of Cell FILL_incr_T_1_282  ( li1 )
Bounds : ( 304.205, 77.775 ) ( 304.375, 77.945 )


SHORT: ( Metal Short ) Regular Wire of Net n_4664 & Blockage of Cell FILL_incr_T_1_251  ( li1 )
Bounds : ( 255.905, 75.055 ) ( 256.075, 75.225 )


SHORT: ( Metal Short ) Regular Wire of Net n_4141 & Blockage of Cell FILL_incr_T_1_281  ( li1 )
Bounds : ( 266.025, 77.775 ) ( 266.195, 77.945 )


SHORT: ( Metal Short ) Regular Wire of Net n_4130 & Pin of Cell FILL_T_1_1736  ( met1 )
Bounds : ( 253.620, 72.180 ) ( 253.760, 72.660 )


SHORT: ( Metal Short ) Regular Wire of Net n_4664 & Pin of Cell FILL_T_1_1836  ( met1 )
Bounds : ( 254.540, 77.620 ) ( 254.680, 78.100 )


SHORT: ( Metal Short ) Regular Wire of Net n_2789 & Pin of Cell FE_COEC1842_n_11798  ( met1 )
Bounds : ( 267.330, 64.300 ) ( 267.650, 64.500 )


SHORT: ( Metal Short ) Regular Wire of Net n_5130 & Pin of Cell FE_PSC1805_n_3620  ( met1 )
Bounds : ( 285.360, 66.740 ) ( 312.255, 66.880 )


SHORT: ( Metal Short ) Regular Wire of Net FE_OFN19748_n_12194 & Blockage of Cell FILL_incr_T_1_227  ( li1 )
Bounds : ( 235.205, 72.335 ) ( 235.375, 72.505 )


SHORT: ( Metal Short ) Regular Wire of Net n_3931 & Blockage of Cell FILL_incr_T_1_249  ( li1 )
Bounds : ( 239.345, 72.335 ) ( 239.515, 72.505 )


SHORT: ( Metal Short ) Regular Wire of Net FE_OFN23_n_22077 & Blockage of Cell FILL_incr_T_1_314  ( li1 )
Bounds : ( 239.805, 77.775 ) ( 239.975, 77.945 )


SHORT: ( Metal Short ) Regular Wire of Net n_3725 & Blockage of Cell FILL_incr_T_1_316  ( li1 )
Bounds : ( 243.485, 77.775 ) ( 243.655, 77.945 )


SHORT: ( Metal Short ) Regular Wire of Net n_4492 & Blockage of Cell FILL_incr_T_1_317  ( li1 )
Bounds : ( 245.325, 77.775 ) ( 245.495, 77.945 )


SHORT: ( Metal Short ) Regular Wire of Net n_2594 & Pin of Cell FILL_T_1_1736  ( met1 )
Bounds : ( 235.220, 72.180 ) ( 235.360, 72.660 )


SHORT: ( Metal Short ) Regular Wire of Net n_2789 & Pin of Cell FE_COEC1842_n_11798  ( met1 )
Bounds : ( 237.980, 64.020 ) ( 238.120, 64.500 )


SHORT: ( Metal Short ) Regular Wire of Net FE_COEN1842_n_11798 & Pin of Cell FE_COEC1842_n_11798  ( met1 )
Bounds : ( 238.810, 64.020 ) ( 239.130, 64.220 )


SHORT: ( Metal Short ) Regular Wire of Net FE_OFN23_n_22077 & Pin of Cell FILL_T_1_1836  ( met1 )
Bounds : ( 239.730, 77.900 ) ( 240.050, 78.100 )


SHORT: ( Metal Short ) Regular Wire of Net FE_OFN13618_n_16762 & Blockage of Cell FILL_incr_T_1_272  ( li1 )
Bounds : ( 208.985, 77.775 ) ( 209.155, 77.945 )


SHORT: ( Metal Short ) Regular Wire of Net n_21589 & Blockage of Cell FILL_incr_T_1_205  ( li1 )
Bounds : ( 212.205, 69.615 ) ( 212.375, 69.785 )


SHORT: ( Metal Short ) Regular Wire of Net n_3619 & Blockage of Cell FILL_incr_T_1_225  ( li1 )
Bounds : ( 218.645, 72.335 ) ( 218.815, 72.505 )


SHORT: ( Metal Short ) Regular Wire of Net FE_OFN19747_n_12194 & Blockage of Cell FILL_incr_T_1_247  ( li1 )
Bounds : ( 221.865, 75.055 ) ( 222.035, 75.225 )


SHORT: ( Metal Short ) Regular Wire of Net FE_OFN19747_n_12194 & Blockage of Cell FILL_incr_T_1_274  ( li1 )
Bounds : ( 221.865, 77.775 ) ( 222.035, 77.945 )


SHORT: ( Metal Short ) Regular Wire of Net n_21589 & Pin of Cell FILL_incr_T_1_217  ( met1 )
Bounds : ( 212.145, 69.755 ) ( 212.435, 69.940 )


SHORT: ( Metal Short ) Regular Wire of Net n_21589 & Pin of Cell FILL_incr_T_1_217  ( met1 )
Bounds : ( 212.145, 69.800 ) ( 217.880, 69.940 )


SHORT: ( Metal Short ) Regular Wire of Net n_3399 & Pin of Cell g108398  ( met1 )
Bounds : ( 212.680, 77.620 ) ( 212.820, 78.100 )


SHORT: ( Metal Short ) Regular Wire of Net FE_DBTN63_n_7333 & Pin of Cell g1131  ( met1 )
Bounds : ( 215.810, 61.300 ) ( 216.130, 61.500 )


SHORT: ( Metal Short ) Regular Wire of Net FE_OFN19747_n_12194 & Pin of Cell FILL_incr_T_1_217  ( met1 )
Bounds : ( 221.880, 72.180 ) ( 222.020, 72.660 )


SHORT: ( Metal Short ) Regular Wire of Net FE_OFN13617_n_16762 & Pin of Cell g108398  ( met1 )
Bounds : ( 222.340, 77.620 ) ( 222.480, 78.100 )


SHORT: ( Metal Short ) Regular Wire of Net FE_RN_11_0 & Pin of Cell FILL_T_1_1836  ( met1 )
Bounds : ( 224.180, 77.620 ) ( 224.320, 78.100 )


SHORT: ( Metal Short ) Regular Wire of Net n_2789 & Pin of Cell FE_COEC1842_n_11798  ( met1 )
Bounds : ( 226.480, 64.020 ) ( 226.620, 64.500 )


SHORT: ( Metal Short ) Regular Wire of Net n_2789 & Pin of Cell FE_COEC1842_n_11798  ( met1 )
Bounds : ( 226.480, 64.020 ) ( 238.120, 64.160 )


SHORT: ( Metal Short ) Regular Wire of Net n_3873 & Pin of Cell g108398  ( met1 )
Bounds : ( 204.770, 77.900 ) ( 205.090, 78.100 )


SHORT: ( Metal Short ) Regular Wire of Net uart_inst_uart_rx_inst_tick_count[0] & Blockage of Cell FILL_incr_T_1_24  ( li1 )
Bounds : ( 178.165, 23.375 ) ( 178.335, 23.545 )


SHORT: ( Metal Short ) Regular Wire of Net uart_inst_uart_rx_inst_tick_count[2] & Blockage of Cell FILL_incr_T_1_43  ( li1 )
Bounds : ( 178.165, 28.815 ) ( 178.335, 28.985 )


SHORT: ( Metal Short ) Regular Wire of Net uart_inst_uart_rx_inst_tick_count[2] & Blockage of Cell FILL_incr_T_1_19  ( li1 )
Bounds : ( 178.625, 20.655 ) ( 178.795, 20.825 )


SHORT: ( Metal Short ) Regular Wire of Net uart_inst_uart_rx_inst_tick_count[2] & Blockage of Cell FILL_incr_T_1_34  ( li1 )
Bounds : ( 179.545, 23.375 ) ( 179.715, 23.545 )


SHORT: ( Metal Short ) Regular Wire of Net uart_inst_uart_rx_inst_tick_count[2] & Blockage of Cell FILL_incr_T_1_44  ( li1 )
Bounds : ( 179.545, 26.095 ) ( 179.715, 26.265 )


SHORT: ( Metal Short ) Regular Wire of Net uart_inst_uart_rx_inst_rx_ff1 & Pin of Cell uart_inst_uart_tx_inst_tick_count_reg[3]  ( met1 )
Bounds : ( 165.300, 12.340 ) ( 165.440, 12.820 )


SHORT: ( Metal Short ) Regular Wire of Net n_815 & Pin of Cell g108411  ( met1 )
Bounds : ( 167.140, 20.500 ) ( 167.280, 20.980 )


SHORT: ( Metal Short ) Regular Wire of Net n_806 & Pin of Cell uart_inst_uart_tx_inst_tick_count_reg[2]  ( met1 )
Bounds : ( 172.200, 17.780 ) ( 172.340, 18.260 )


SHORT: ( Metal Short ) Regular Wire of Net n_637 & Pin of Cell in2_r_reg[8]  ( met1 )
Bounds : ( 177.260, 31.380 ) ( 177.400, 31.860 )


SHORT: ( Metal Short ) Regular Wire of Net n_3934 & Pin of Cell FILL_T_1_1356  ( met1 )
Bounds : ( 220.960, 61.640 ) ( 263.420, 61.780 )


SHORT: ( Metal Short ) Regular Wire of Net n_5130 & Pin of Cell FE_PSC1805_n_3620  ( met1 )
Bounds : ( 228.780, 66.740 ) ( 271.700, 66.880 )


SHORT: ( Metal Short ) Regular Wire of Net n_2789 & Pin of Cell FE_COEC1842_n_11798  ( met1 )
Bounds : ( 237.980, 64.360 ) ( 267.650, 64.500 )


SPACING: ( ParallelRunLength Spacing ) Regular Wire of Net n_5130 & Regular Wire of Net FE_PSN1819_n_3622  ( met1 )
Bounds : ( 243.500, 67.220 ) ( 250.540, 67.250 )


SHORT: ( Metal Short ) Regular Wire of Net FE_COEN1915_FE_OFN218_n_12191 & Blockage of Cell FILL_incr_T_3_331  ( li1 )
Bounds : ( 163.445, 162.095 ) ( 163.615, 162.265 )


SHORT: ( Metal Short ) Regular Wire of Net n_2754 & Blockage of Cell FILL_incr_T_3_330  ( li1 )
Bounds : ( 158.385, 159.375 ) ( 158.555, 159.545 )


SHORT: ( Metal Short ) Regular Wire of Net FE_COEN1855_FE_OFN52_n_17684 & Blockage of Cell FILL_incr_T_3_258  ( li1 )
Bounds : ( 157.925, 159.375 ) ( 158.095, 159.545 )


SHORT: ( Metal Short ) Regular Wire of Net n_2761 & Blockage of Cell FILL_incr_T_3_329  ( li1 )
Bounds : ( 157.005, 162.095 ) ( 157.175, 162.265 )


SHORT: ( Metal Short ) Regular Wire of Net FE_OFN39314_alu_inst_n_87 & Blockage of Cell FILL_incr_T_3_185  ( li1 )
Bounds : ( 156.085, 154.105 ) ( 156.255, 154.105 )


SHORT: ( Metal Short ) Regular Wire of Net n_4739 & Blockage of Cell FILL_incr_T_3_118  ( li1 )
Bounds : ( 155.625, 153.935 ) ( 155.795, 154.105 )


SHORT: ( Metal Short ) Regular Wire of Net FE_OFN49_n_16042 & Blockage of Cell FILL_incr_T_3_184  ( li1 )
Bounds : ( 148.725, 156.655 ) ( 148.895, 156.825 )


SHORT: ( Metal Short ) Regular Wire of Net n_3471 & Blockage of Cell FILL_incr_T_3_183  ( li1 )
Bounds : ( 145.505, 153.935 ) ( 145.675, 154.105 )


SHORT: ( Metal Short ) Regular Wire of Net n_3881 & Blockage of Cell FILL_incr_T_3_12  ( li1 )
Bounds : ( 149.185, 145.775 ) ( 149.355, 145.945 )


SHORT: ( Metal Short ) Regular Wire of Net FE_OCPN20210_n & Blockage of Cell FILL_incr_T_1_1296  ( li1 )
Bounds : ( 148.725, 145.775 ) ( 148.895, 145.945 )


SHORT: ( Metal Short ) Regular Wire of Net opcode_r[0] & Blockage of Cell FILL_incr_T_3_177  ( li1 )
Bounds : ( 124.345, 153.935 ) ( 124.515, 154.105 )


SHORT: ( Metal Short ) Regular Wire of Net n_6935 & Blockage of Cell FILL_incr_T_3_114  ( li1 )
Bounds : ( 136.765, 153.935 ) ( 136.935, 154.105 )


SHORT: ( Metal Short ) Regular Wire of Net n_6935 & Blockage of Cell FILL_incr_T_3_180  ( li1 )
Bounds : ( 137.685, 156.655 ) ( 137.855, 156.825 )


SHORT: ( Metal Short ) Regular Wire of Net opcode_r[0] & Blockage of Cell FILL_incr_T_3_61  ( li1 )
Bounds : ( 123.885, 151.215 ) ( 124.055, 151.385 )


SHORT: ( Metal Short ) Regular Wire of Net opcode_r[0] & Blockage of Cell FILL_incr_T_3_8  ( li1 )
Bounds : ( 123.885, 148.495 ) ( 124.055, 148.665 )


SHORT: ( Metal Short ) Regular Wire of Net opcode_r[0] & Blockage of Cell FILL_incr_T_3_8  ( li1 )
Bounds : ( 123.885, 148.495 ) ( 124.515, 148.495 )


SHORT: ( Metal Short ) Regular Wire of Net opcode_r[0] & Blockage of Cell FILL_incr_T_1_1232  ( li1 )
Bounds : ( 124.345, 143.055 ) ( 124.515, 143.225 )


SHORT: ( Metal Short ) Regular Wire of Net opcode_r[0] & Blockage of Cell FILL_incr_T_3_8  ( li1 )
Bounds : ( 124.345, 145.775 ) ( 124.515, 145.945 )


SHORT: ( Metal Short ) Regular Wire of Net alu_inst_n_85 & Blockage of Cell FILL_incr_T_3_113  ( li1 )
Bounds : ( 124.805, 151.215 ) ( 124.975, 151.385 )


SHORT: ( Metal Short ) Regular Wire of Net FE_OCPN39367_FE_OFN13677_n_19727 & Blockage of Cell FILL_incr_T_1_1294  ( li1 )
Bounds : ( 128.485, 143.055 ) ( 128.655, 143.225 )


SHORT: ( Metal Short ) Regular Wire of Net FE_OCPN39367_FE_OFN13677_n_19727 & Blockage of Cell FILL_incr_T_1_1294  ( li1 )
Bounds : ( 128.485, 145.775 ) ( 128.655, 145.945 )


SHORT: ( Metal Short ) Regular Wire of Net FE_OCPN39367_FE_OFN13677_n_19727 & Blockage of Cell FILL_incr_T_3_63  ( li1 )
Bounds : ( 128.485, 148.495 ) ( 128.655, 148.665 )


SHORT: ( Metal Short ) Regular Wire of Net FE_OCPN39367_FE_OFN13677_n_19727 & Blockage of Cell FILL_incr_T_1_980  ( li1 )
Bounds : ( 128.485, 129.455 ) ( 128.655, 129.625 )


SHORT: ( Metal Short ) Regular Wire of Net FE_OCPN39367_FE_OFN13677_n_19727 & Blockage of Cell FILL_incr_T_1_1070  ( li1 )
Bounds : ( 128.485, 132.175 ) ( 128.655, 132.345 )


SHORT: ( Metal Short ) Regular Wire of Net FE_OCPN39367_FE_OFN13677_n_19727 & Blockage of Cell FILL_incr_T_1_1123  ( li1 )
Bounds : ( 128.485, 134.895 ) ( 128.655, 135.065 )


SHORT: ( Metal Short ) Regular Wire of Net FE_OCPN39367_FE_OFN13677_n_19727 & Blockage of Cell FILL_incr_T_1_1177  ( li1 )
Bounds : ( 128.485, 137.615 ) ( 128.655, 137.785 )


SHORT: ( Metal Short ) Regular Wire of Net FE_OCPN39367_FE_OFN13677_n_19727 & Blockage of Cell FILL_incr_T_1_1233  ( li1 )
Bounds : ( 128.485, 140.335 ) ( 128.655, 140.505 )


SHORT: ( Metal Short ) Regular Wire of Net n_16941 & Blockage of Cell FILL_incr_T_1_896  ( li1 )
Bounds : ( 130.785, 121.295 ) ( 130.955, 121.465 )


SHORT: ( Metal Short ) Regular Wire of Net FE_PSN1709_n_15120 & Blockage of Cell FILL_incr_T_1_857  ( li1 )
Bounds : ( 139.985, 121.295 ) ( 140.155, 121.465 )


SHORT: ( Metal Short ) Regular Wire of Net alu_inst_n_28744_BAR & Blockage of Cell FILL_incr_T_1_898  ( li1 )
Bounds : ( 141.825, 121.295 ) ( 141.995, 121.465 )


SHORT: ( Metal Short ) Regular Wire of Net n_21745 & Blockage of Cell FILL_incr_T_3_176  ( li1 )
Bounds : ( 122.965, 153.935 ) ( 123.135, 154.105 )


SHORT: ( Metal Short ) Regular Wire of Net n_16525 & Blockage of Cell FILL_incr_T_3_325  ( li1 )
Bounds : ( 121.585, 162.095 ) ( 121.755, 162.265 )


SHORT: ( Metal Short ) Regular Wire of Net n_16525 & Blockage of Cell FILL_incr_T_3_251  ( li1 )
Bounds : ( 121.585, 159.375 ) ( 121.755, 159.545 )


SHORT: ( Metal Short ) Regular Wire of Net FE_OCPN19812_n & Blockage of Cell FILL_incr_T_3_397  ( li1 )
Bounds : ( 116.525, 162.095 ) ( 116.695, 162.265 )


SHORT: ( Metal Short ) Regular Wire of Net FE_OCPN19812_n & Blockage of Cell FILL_incr_T_3_324  ( li1 )
Bounds : ( 116.525, 159.375 ) ( 116.695, 159.545 )


SHORT: ( Metal Short ) Regular Wire of Net FE_OCPN19812_n & Blockage of Cell FILL_incr_T_3_175  ( li1 )
Bounds : ( 116.525, 156.655 ) ( 116.695, 156.825 )


SHORT: ( Metal Short ) Regular Wire of Net FE_OCPN19812_n & Blockage of Cell FILL_incr_T_3_175  ( li1 )
Bounds : ( 116.525, 153.935 ) ( 116.695, 154.105 )


SHORT: ( Metal Short ) Regular Wire of Net FE_OFN0_FE_DBTN95_opcode_r_0 & Blockage of Cell FILL_incr_T_3_396  ( li1 )
Bounds : ( 115.145, 162.095 ) ( 115.315, 162.265 )


SHORT: ( Metal Short ) Regular Wire of Net FE_OFN0_FE_DBTN95_opcode_r_0 & Blockage of Cell FILL_incr_T_3_323  ( li1 )
Bounds : ( 115.145, 159.375 ) ( 115.315, 159.545 )


SHORT: ( Metal Short ) Regular Wire of Net FE_OFN23_n_22077 & Blockage of Cell FILL_incr_T_3_248  ( li1 )
Bounds : ( 114.225, 159.375 ) ( 114.395, 159.545 )


SHORT: ( Metal Short ) Regular Wire of Net FE_OFN23_n_22077 & Blockage of Cell FILL_incr_T_3_174  ( li1 )
Bounds : ( 114.225, 156.655 ) ( 114.395, 156.825 )


SHORT: ( Metal Short ) Regular Wire of Net FE_OFN23_n_22077 & Blockage of Cell FILL_incr_T_3_109  ( li1 )
Bounds : ( 114.225, 153.935 ) ( 114.395, 154.105 )


SHORT: ( Metal Short ) Regular Wire of Net FE_OFN23_n_22077 & Blockage of Cell FILL_incr_T_3_395  ( li1 )
Bounds : ( 113.765, 162.095 ) ( 113.935, 162.265 )


SHORT: ( Metal Short ) Regular Wire of Net n_15242 & Pin of Cell FILL_incr_T_3_314  ( met1 )
Bounds : ( 105.885, 162.235 ) ( 106.175, 162.420 )


SHORT: ( Metal Short ) Regular Wire of Net n_15242 & Pin of Cell FILL_incr_T_3_314  ( met1 )
Bounds : ( 105.040, 162.280 ) ( 106.175, 162.420 )


SHORT: ( Metal Short ) Regular Wire of Net n_15242 & Blockage of Cell FILL_incr_T_3_247  ( li1 )
Bounds : ( 105.945, 159.375 ) ( 106.115, 159.545 )


SHORT: ( Metal Short ) Regular Wire of Net n_15242 & Blockage of Cell FILL_incr_T_3_394  ( li1 )
Bounds : ( 105.945, 162.095 ) ( 106.115, 162.265 )


SHORT: ( Metal Short ) Regular Wire of Net n_13732 & Blockage of Cell FILL_incr_T_3_108  ( li1 )
Bounds : ( 108.245, 151.215 ) ( 108.415, 151.385 )


SHORT: ( Metal Short ) Regular Wire of Net n_17084 & Blockage of Cell FILL_incr_T_1_1291  ( li1 )
Bounds : ( 111.925, 145.775 ) ( 112.095, 145.945 )


SHORT: ( Metal Short ) Regular Wire of Net n_9120 & Pin of Cell FILL_T_1_4298  ( met1 )
Bounds : ( 109.640, 142.900 ) ( 109.780, 143.380 )


SHORT: ( Metal Short ) Regular Wire of Net FE_OFN23_n_22077 & Blockage of Cell FILL_incr_T_1_1231  ( li1 )
Bounds : ( 114.225, 143.055 ) ( 114.395, 143.225 )


SHORT: ( Metal Short ) Regular Wire of Net FE_OFN23_n_22077 & Blockage of Cell FILL_incr_T_3_6  ( li1 )
Bounds : ( 114.225, 145.775 ) ( 114.395, 145.945 )


SHORT: ( Metal Short ) Regular Wire of Net FE_OFN23_n_22077 & Blockage of Cell FILL_incr_T_3_6  ( li1 )
Bounds : ( 114.225, 148.495 ) ( 114.395, 148.665 )


SHORT: ( Metal Short ) Regular Wire of Net FE_OFN23_n_22077 & Blockage of Cell FILL_incr_T_3_109  ( li1 )
Bounds : ( 114.225, 151.215 ) ( 114.395, 151.385 )


SHORT: ( Metal Short ) Regular Wire of Net FE_OCPN19812_n & Blockage of Cell FILL_incr_T_3_7  ( li1 )
Bounds : ( 116.525, 148.495 ) ( 116.695, 148.665 )


SHORT: ( Metal Short ) Regular Wire of Net FE_OCPN19812_n & Blockage of Cell FILL_incr_T_3_110  ( li1 )
Bounds : ( 116.525, 151.215 ) ( 116.695, 151.385 )


SHORT: ( Metal Short ) Regular Wire of Net n_506 & Blockage of Cell FILL_incr_T_3_111  ( li1 )
Bounds : ( 122.965, 151.215 ) ( 123.135, 151.385 )


SHORT: ( Metal Short ) Regular Wire of Net n_18023 & Pin of Cell FILL_incr_T_3_314  ( met1 )
Bounds : ( 86.640, 159.220 ) ( 86.780, 159.700 )


SHORT: ( Metal Short ) Regular Wire of Net n_9106 & Pin of Cell FILL_T_1_4298  ( met1 )
Bounds : ( 95.380, 142.900 ) ( 95.520, 143.380 )


SHORT: ( Metal Short ) Regular Wire of Net n_19683 & Pin of Cell FILL_T_3_1  ( met1 )
Bounds : ( 95.380, 145.620 ) ( 95.520, 146.100 )


SHORT: ( Metal Short ) Regular Wire of Net n_21629 & Pin of Cell FILL_T_1_4178  ( met1 )
Bounds : ( 99.980, 137.460 ) ( 100.120, 137.940 )


SHORT: ( Metal Short ) Regular Wire of Net n_2372 & Pin of Cell FILL_T_1_3628  ( met1 )
Bounds : ( 101.820, 126.580 ) ( 101.960, 127.060 )


SHORT: ( Metal Short ) Regular Wire of Net n_3247 & Pin of Cell FILL_T_1_3628  ( met1 )
Bounds : ( 104.580, 126.580 ) ( 104.720, 127.060 )


SHORT: ( Metal Short ) Regular Wire of Net alu_inst_n_28744_BAR & Blockage of Cell FILL_incr_T_1_644  ( li1 )
Bounds : ( 145.045, 104.975 ) ( 145.215, 105.145 )


SHORT: ( Metal Short ) Regular Wire of Net alu_inst_n_28744_BAR & Blockage of Cell FILL_incr_T_1_562  ( li1 )
Bounds : ( 145.045, 102.255 ) ( 145.215, 102.425 )


SHORT: ( Metal Short ) Regular Wire of Net FE_OCPN39367_FE_OFN13677_n_19727 & Blockage of Cell FILL_incr_T_1_773  ( li1 )
Bounds : ( 157.005, 113.135 ) ( 157.175, 113.305 )


SHORT: ( Metal Short ) Regular Wire of Net FE_OCPN39367_FE_OFN13677_n_19727 & Blockage of Cell FILL_incr_T_1_773  ( li1 )
Bounds : ( 157.005, 115.855 ) ( 157.175, 116.025 )


SHORT: ( Metal Short ) Regular Wire of Net FE_PSN1709_n_15120 & Blockage of Cell FILL_incr_T_1_771  ( li1 )
Bounds : ( 139.985, 115.855 ) ( 140.155, 116.025 )


SHORT: ( Metal Short ) Regular Wire of Net alu_inst_n_28744_BAR & Blockage of Cell FILL_incr_T_1_680  ( li1 )
Bounds : ( 141.825, 107.695 ) ( 141.995, 107.865 )


SHORT: ( Metal Short ) Regular Wire of Net n_17363 & Blockage of Cell FILL_incr_T_1_679  ( li1 )
Bounds : ( 140.445, 107.695 ) ( 140.615, 107.865 )


SHORT: ( Metal Short ) Regular Wire of Net FE_PSN1709_n_15120 & Blockage of Cell FILL_incr_T_1_815  ( li1 )
Bounds : ( 139.985, 118.575 ) ( 140.155, 118.745 )


SHORT: ( Metal Short ) Regular Wire of Net n_18485 & Blockage of Cell FILL_incr_T_1_722  ( li1 )
Bounds : ( 140.445, 110.415 ) ( 140.615, 110.585 )


SHORT: ( Metal Short ) Regular Wire of Net n_18485 & Blockage of Cell FILL_incr_T_1_722  ( li1 )
Bounds : ( 140.445, 113.135 ) ( 140.615, 113.305 )


SHORT: ( Metal Short ) Regular Wire of Net alu_inst_n_28744_BAR & Blockage of Cell FILL_incr_T_1_723  ( li1 )
Bounds : ( 141.825, 110.415 ) ( 141.995, 110.585 )


SHORT: ( Metal Short ) Regular Wire of Net alu_inst_n_28744_BAR & Blockage of Cell FILL_incr_T_1_772  ( li1 )
Bounds : ( 141.825, 113.135 ) ( 141.995, 113.305 )


SHORT: ( Metal Short ) Regular Wire of Net alu_inst_n_28744_BAR & Blockage of Cell FILL_incr_T_1_772  ( li1 )
Bounds : ( 141.825, 115.855 ) ( 141.995, 116.025 )


SHORT: ( Metal Short ) Regular Wire of Net alu_inst_n_28744_BAR & Blockage of Cell FILL_incr_T_1_858  ( li1 )
Bounds : ( 141.825, 118.575 ) ( 141.995, 118.745 )


SHORT: ( Metal Short ) Regular Wire of Net alu_inst_n_28744_BAR & Blockage of Cell FILL_incr_T_1_494  ( li1 )
Bounds : ( 144.585, 96.815 ) ( 144.755, 96.985 )


SHORT: ( Metal Short ) Regular Wire of Net alu_inst_n_28744_BAR & Blockage of Cell FILL_incr_T_1_526  ( li1 )
Bounds : ( 145.045, 99.535 ) ( 145.215, 99.705 )


SHORT: ( Metal Short ) Regular Wire of Net n_583 & Blockage of Cell FILL_incr_T_1_336  ( li1 )
Bounds : ( 145.505, 80.495 ) ( 145.675, 80.665 )


SHORT: ( Metal Short ) Regular Wire of Net n_692 & Blockage of Cell FILL_incr_T_1_462  ( li1 )
Bounds : ( 146.425, 91.375 ) ( 146.595, 91.545 )


SHORT: ( Metal Short ) Regular Wire of Net FE_OFN13677_n_19727 & Blockage of Cell FILL_incr_T_1_495  ( li1 )
Bounds : ( 157.005, 96.815 ) ( 157.175, 96.985 )


SHORT: ( Metal Short ) Regular Wire of Net n_21625 & Pin of Cell g108126  ( met1 )
Bounds : ( 145.060, 85.780 ) ( 145.200, 86.260 )


SHORT: ( Metal Short ) Regular Wire of Net n_582 & Pin of Cell g108126  ( met1 )
Bounds : ( 147.820, 85.780 ) ( 147.960, 86.260 )


SHORT: ( Metal Short ) Regular Wire of Net n_450 & Pin of Cell g108398  ( met1 )
Bounds : ( 151.500, 80.340 ) ( 151.640, 80.820 )


SHORT: ( Metal Short ) Regular Wire of Net FE_OCPN19757_FE_DBTN71_n_17344 & Pin of Cell FILL_T_1_2283  ( met1 )
Bounds : ( 154.720, 88.500 ) ( 154.860, 88.980 )


SHORT: ( Metal Short ) Regular Wire of Net n_13623 & Blockage of Cell FILL_incr_T_1_525  ( li1 )
Bounds : ( 143.665, 99.705 ) ( 144.065, 99.705 )


SHORT: ( Metal Short ) Regular Wire of Net n_13623 & Blockage of Cell FILL_incr_T_1_494  ( li1 )
Bounds : ( 143.665, 96.815 ) ( 144.065, 96.815 )


SHORT: ( Metal Short ) Regular Wire of Net n_13623 & Blockage of Cell FILL_incr_T_1_494  ( li1 )
Bounds : ( 143.665, 94.095 ) ( 143.835, 94.265 )


SHORT: ( Metal Short ) Regular Wire of Net n_655 & Blockage of Cell FILL_incr_T_1_400  ( li1 )
Bounds : ( 142.745, 88.655 ) ( 142.915, 88.825 )


SHORT: ( Metal Short ) Regular Wire of Net n_13623 & Blockage of Cell FILL_incr_T_1_525  ( li1 )
Bounds : ( 143.895, 96.815 ) ( 144.065, 96.985 )


SHORT: ( Metal Short ) Regular Wire of Net n_13623 & Blockage of Cell FILL_incr_T_1_525  ( li1 )
Bounds : ( 143.895, 99.535 ) ( 144.065, 99.705 )


SHORT: ( Metal Short ) Regular Wire of Net n_11352 & Pin of Cell g108126  ( met1 )
Bounds : ( 128.960, 85.780 ) ( 129.100, 86.260 )


SHORT: ( Metal Short ) Regular Wire of Net n_21468 & Pin of Cell FILL_T_1_2283  ( met1 )
Bounds : ( 137.700, 91.220 ) ( 137.840, 91.700 )


SHORT: ( Metal Short ) Regular Wire of Net n_21470 & Pin of Cell FILL_T_1_2472  ( met1 )
Bounds : ( 137.700, 93.940 ) ( 137.840, 94.420 )


SHORT: ( Metal Short ) Regular Wire of Net n_21471 & Pin of Cell fopt125710  ( met1 )
Bounds : ( 143.220, 96.660 ) ( 143.360, 97.140 )


SHORT: ( Metal Short ) Regular Wire of Net n_3086 & Pin of Cell fopt125710  ( met1 )
Bounds : ( 143.220, 99.380 ) ( 143.360, 99.860 )


SPACING: ( ParallelRunLength Spacing ) Regular Wire of Net n_13623  ( li1 )
Bounds : ( 143.835, 99.705 ) ( 143.980, 99.705 )


SHORT: ( Metal Short ) Regular Wire of Net n_2457 & Pin of Cell FILL_T_1_2667  ( met1 )
Bounds : ( 110.100, 102.100 ) ( 110.240, 102.580 )


SHORT: ( Metal Short ) Regular Wire of Net FE_OCPN39341_in1_r_0 & Pin of Cell FILL_T_1_2870  ( met1 )
Bounds : ( 100.440, 107.540 ) ( 100.580, 108.020 )


SHORT: ( Metal Short ) Regular Wire of Net n_949 & Pin of Cell FILL_T_1_2870  ( met1 )
Bounds : ( 91.240, 104.820 ) ( 91.380, 105.300 )


SHORT: ( Metal Short ) Regular Wire of Net n_1162 & Pin of Cell FILL_T_1_2870  ( met1 )
Bounds : ( 82.500, 104.820 ) ( 82.640, 105.300 )


SHORT: ( Metal Short ) Regular Wire of Net FE_OCPN39341_in1_r_0 & Blockage of Cell FILL_incr_T_1_596  ( li1 )
Bounds : ( 100.425, 104.975 ) ( 100.595, 105.145 )


SHORT: ( Metal Short ) Regular Wire of Net n_16950 & Pin of Cell g114252  ( met1 )
Bounds : ( 114.700, 104.820 ) ( 114.840, 105.300 )


SHORT: ( Metal Short ) Regular Wire of Net n_2951 & Pin of Cell g114252  ( met1 )
Bounds : ( 121.600, 102.100 ) ( 121.740, 102.580 )


SHORT: ( Metal Short ) Regular Wire of Net n_7443 & Pin of Cell FILL_T_1_3086  ( met1 )
Bounds : ( 84.340, 112.980 ) ( 84.480, 113.460 )


SHORT: ( Metal Short ) Regular Wire of Net n_640 & Pin of Cell FILL_T_1_3430  ( met1 )
Bounds : ( 92.620, 118.420 ) ( 92.760, 118.900 )


SHORT: ( Metal Short ) Regular Wire of Net n_15403 & Pin of Cell FILL_T_1_3086  ( met1 )
Bounds : ( 100.440, 110.260 ) ( 100.580, 110.740 )


SHORT: ( Metal Short ) Regular Wire of Net n_798 & Pin of Cell FILL_T_1_1975  ( met1 )
Bounds : ( 99.520, 83.060 ) ( 99.660, 83.540 )


SHORT: ( Metal Short ) Regular Wire of Net n_786 & Pin of Cell FILL_T_1_1975  ( met1 )
Bounds : ( 97.220, 83.060 ) ( 97.360, 83.540 )


SHORT: ( Metal Short ) Regular Wire of Net n_853 & Pin of Cell FILL_T_1_2667  ( met1 )
Bounds : ( 96.300, 99.380 ) ( 96.440, 99.860 )


SHORT: ( Metal Short ) Regular Wire of Net n_8692 & Pin of Cell FILL_T_1_4178  ( met1 )
Bounds : ( 46.620, 137.460 ) ( 46.760, 137.940 )


SHORT: ( Metal Short ) Regular Wire of Net n_7249 & Pin of Cell FILL_incr_T_3_314  ( met1 )
Bounds : ( 48.000, 161.940 ) ( 48.140, 162.420 )


SHORT: ( Metal Short ) Regular Wire of Net n_7249 & Pin of Cell FILL_incr_T_3_240  ( met1 )
Bounds : ( 55.360, 156.500 ) ( 55.500, 156.980 )


SHORT: ( Metal Short ) Regular Wire of Net n_1138 & Pin of Cell FILL_incr_T_3_314  ( met1 )
Bounds : ( 58.580, 159.220 ) ( 58.720, 159.700 )


SHORT: ( Metal Short ) Regular Wire of Net n_18215 & Pin of Cell FILL_T_3_1  ( met1 )
Bounds : ( 66.860, 148.340 ) ( 67.000, 148.820 )


SHORT: ( Metal Short ) Regular Wire of Net n_19786 & Pin of Cell FILL_T_1_4298  ( met1 )
Bounds : ( 74.680, 140.180 ) ( 74.820, 140.660 )


SHORT: ( Metal Short ) Regular Wire of Net n_19782 & Pin of Cell FILL_T_1_4298  ( met1 )
Bounds : ( 77.900, 140.180 ) ( 78.040, 140.660 )


SHORT: ( Metal Short ) Regular Wire of Net n_17336 & Pin of Cell FILL_incr_T_3_314  ( met1 )
Bounds : ( 77.900, 159.220 ) ( 78.040, 159.700 )


SHORT: ( Metal Short ) Regular Wire of Net n_14791 & Pin of Cell FILL_incr_T_3_314  ( met1 )
Bounds : ( 78.360, 159.220 ) ( 78.500, 159.700 )


SHORT: ( Metal Short ) Regular Wire of Net FE_DBTN14_n_17054 & Pin of Cell FILL_T_1_3529  ( met1 )
Bounds : ( 82.040, 123.860 ) ( 82.180, 124.340 )


SHORT: ( Metal Short ) Regular Wire of Net n_20335 & Pin of Cell FILL_T_3_1  ( met1 )
Bounds : ( 39.260, 145.620 ) ( 39.400, 146.100 )


SHORT: ( Metal Short ) Regular Wire of Net n_20195 & Blockage of Cell FILL_incr_T_3_171  ( li1 )
Bounds : ( 11.645, 153.935 ) ( 11.815, 154.105 )


SHORT: ( Metal Short ) Regular Wire of Net n_19358 & Blockage of Cell FILL_incr_T_3_104  ( li1 )
Bounds : ( 10.265, 153.935 ) ( 10.435, 154.105 )


SHORT: ( Metal Short ) Regular Wire of Net n_19358 & Blockage of Cell FILL_incr_T_3_240  ( li1 )
Bounds : ( 10.265, 156.655 ) ( 10.435, 156.825 )


SHORT: ( Metal Short ) Regular Wire of Net n_19358 & Blockage of Cell FILL_incr_T_3_314  ( li1 )
Bounds : ( 10.265, 159.375 ) ( 10.435, 159.545 )


SHORT: ( Metal Short ) Regular Wire of Net n_19358 & Blockage of Cell FILL_incr_T_3_315  ( li1 )
Bounds : ( 11.185, 162.095 ) ( 11.355, 162.265 )


SHORT: ( Metal Short ) Regular Wire of Net n_20195 & Blockage of Cell FILL_incr_T_3_241  ( li1 )
Bounds : ( 11.645, 156.655 ) ( 11.815, 156.825 )


SHORT: ( Metal Short ) Regular Wire of Net n_20195 & Blockage of Cell FILL_incr_T_3_241  ( li1 )
Bounds : ( 12.105, 159.375 ) ( 12.275, 159.545 )


SHORT: ( Metal Short ) Regular Wire of Net n_11918 & Blockage of Cell FILL_incr_T_3_172  ( li1 )
Bounds : ( 12.565, 153.935 ) ( 12.735, 154.105 )


SHORT: ( Metal Short ) Regular Wire of Net n_1826 & Blockage of Cell FILL_incr_T_3_242  ( li1 )
Bounds : ( 12.565, 156.655 ) ( 12.735, 156.825 )


SHORT: ( Metal Short ) Regular Wire of Net n_1826 & Blockage of Cell FILL_incr_T_3_242  ( li1 )
Bounds : ( 12.565, 159.375 ) ( 12.735, 159.545 )


SHORT: ( Metal Short ) Regular Wire of Net n_7838 & Blockage of Cell FILL_incr_T_3_316  ( li1 )
Bounds : ( 12.565, 162.095 ) ( 12.735, 162.265 )


SHORT: ( Metal Short ) Regular Wire of Net n_15806 & Blockage of Cell FILL_incr_T_1_1224  ( li1 )
Bounds : ( 11.645, 143.055 ) ( 11.815, 143.225 )


SHORT: ( Metal Short ) Regular Wire of Net n_19358 & Blockage of Cell FILL_incr_T_3_54  ( li1 )
Bounds : ( 10.265, 151.215 ) ( 10.895, 151.215 )


SHORT: ( Metal Short ) Regular Wire of Net n_19358 & Blockage of Cell FILL_incr_T_3_104  ( li1 )
Bounds : ( 10.265, 151.215 ) ( 10.435, 151.385 )


SHORT: ( Metal Short ) Regular Wire of Net n_19358 & Blockage of Cell FILL_incr_T_3_54  ( li1 )
Bounds : ( 10.725, 148.495 ) ( 10.895, 148.665 )


SHORT: ( Metal Short ) Regular Wire of Net n_19659 & Pin of Cell FILL_incr_T_3_104  ( met1 )
Bounds : ( 19.020, 151.060 ) ( 19.160, 151.540 )


SPACING: ( ParallelRunLength Spacing ) Regular Wire of Net n_19358  ( li1 )
Bounds : ( 10.580, 151.215 ) ( 10.725, 151.215 )


SPACING: ( ParallelRunLength Spacing ) Regular Wire of Net n_19358 & Blockage of Cell FILL_T_3_116  ( li1 )
Bounds : ( 10.895, 151.215 ) ( 11.040, 151.215 )


SHORT: ( Metal Short ) Regular Wire of Net n_18757 & Pin of Cell FILL_T_1_4066  ( met1 )
Bounds : ( 26.380, 134.740 ) ( 26.520, 135.220 )


SHORT: ( Metal Short ) Regular Wire of Net n_20988 & Pin of Cell FILL_T_1_3628  ( met1 )
Bounds : ( 30.060, 126.580 ) ( 30.200, 127.060 )


SHORT: ( Metal Short ) Regular Wire of Net n_11071 & Pin of Cell FILL_T_1_3628  ( met1 )
Bounds : ( 37.420, 126.580 ) ( 37.560, 127.060 )


SHORT: ( Metal Short ) Regular Wire of Net n_17891 & Pin of Cell FILL_T_1_3529  ( met1 )
Bounds : ( 39.260, 123.860 ) ( 39.400, 124.340 )


SHORT: ( Metal Short ) Regular Wire of Net n_19565 & Pin of Cell FILL_T_1_4178  ( met1 )
Bounds : ( 39.260, 137.460 ) ( 39.400, 137.940 )


SHORT: ( Metal Short ) Regular Wire of Net n_17906 & Pin of Cell FILL_T_1_4178  ( met1 )
Bounds : ( 19.940, 137.460 ) ( 20.080, 137.940 )


SHORT: ( Metal Short ) Regular Wire of Net FE_OFN189_n_20464 & Pin of Cell FILL_T_1_3628  ( met1 )
Bounds : ( 18.560, 126.580 ) ( 18.700, 127.060 )


SHORT: ( Metal Short ) Regular Wire of Net n_20465 & Pin of Cell FILL_T_1_4066  ( met1 )
Bounds : ( 15.340, 134.740 ) ( 15.480, 135.220 )


SHORT: ( Metal Short ) Regular Wire of Net n_20459 & Blockage of Cell FILL_incr_T_1_1170  ( li1 )
Bounds : ( 14.405, 140.335 ) ( 14.575, 140.505 )


SHORT: ( Metal Short ) Regular Wire of Net n_15806 & Blockage of Cell FILL_incr_T_1_1169  ( li1 )
Bounds : ( 11.645, 140.335 ) ( 11.815, 140.505 )


SHORT: ( Metal Short ) Regular Wire of Net n_15806 & Blockage of Cell FILL_incr_T_1_1169  ( li1 )
Bounds : ( 11.645, 137.615 ) ( 11.815, 137.785 )


SHORT: ( Metal Short ) Regular Wire of Net n_15806 & Blockage of Cell FILL_incr_T_1_974  ( li1 )
Bounds : ( 11.645, 129.455 ) ( 11.815, 129.625 )


SHORT: ( Metal Short ) Regular Wire of Net n_13279 & Pin of Cell FILL_T_1_4298  ( met1 )
Bounds : ( 19.940, 140.180 ) ( 20.080, 140.660 )


SPACING: ( ParallelRunLength Spacing ) Regular Wire of Net n_13340 & Blockage of Cell FILL_T_1_3529  ( li1 )
Bounds : ( 9.975, 124.015 ) ( 10.120, 124.185 )


SHORT: ( Metal Short ) Regular Wire of Net n_11768 & Blockage of Cell FILL_incr_T_1_637  ( li1 )
Bounds : ( 44.305, 104.975 ) ( 44.475, 105.145 )


SHORT: ( Metal Short ) Regular Wire of Net n_17623 & Blockage of Cell FILL_incr_T_1_593  ( li1 )
Bounds : ( 44.305, 102.255 ) ( 44.475, 102.425 )


SHORT: ( Metal Short ) Regular Wire of Net n_21805 & Pin of Cell FILL_T_1_2870  ( met1 )
Bounds : ( 82.040, 104.820 ) ( 82.180, 105.300 )


SHORT: ( Metal Short ) Regular Wire of Net n_1455 & Blockage of Cell FILL_incr_T_1_768  ( li1 )
Bounds : ( 47.985, 113.135 ) ( 48.155, 113.305 )


SHORT: ( Metal Short ) Regular Wire of Net n_15444 & Pin of Cell FILL_T_1_3086  ( met1 )
Bounds : ( 79.280, 110.260 ) ( 79.420, 110.740 )


SHORT: ( Metal Short ) Regular Wire of Net n_15927 & Pin of Cell FILL_T_1_2551  ( met1 )
Bounds : ( 41.560, 96.660 ) ( 41.700, 97.140 )


SHORT: ( Metal Short ) Regular Wire of Net FE_OCPN19808_n_1462 & Blockage of Cell FILL_incr_T_1_459  ( li1 )
Bounds : ( 57.185, 94.095 ) ( 57.355, 94.265 )


SHORT: ( Metal Short ) Regular Wire of Net n_1455 & Blockage of Cell FILL_incr_T_1_491  ( li1 )
Bounds : ( 46.605, 96.815 ) ( 46.775, 96.985 )


SHORT: ( Metal Short ) Regular Wire of Net n_21638 & Blockage of Cell FILL_incr_T_1_426  ( li1 )
Bounds : ( 46.605, 88.655 ) ( 46.775, 88.825 )


SHORT: ( Metal Short ) Regular Wire of Net n_21638 & Blockage of Cell FILL_incr_T_1_426  ( li1 )
Bounds : ( 46.145, 91.375 ) ( 46.315, 91.545 )


SHORT: ( Metal Short ) Regular Wire of Net n_15926 & Blockage of Cell FILL_incr_T_1_490  ( li1 )
Bounds : ( 45.225, 96.815 ) ( 45.395, 96.985 )


SHORT: ( Metal Short ) Regular Wire of Net n_18053 & Pin of Cell FILL_T_1_1875  ( met1 )
Bounds : ( 51.680, 80.340 ) ( 51.820, 80.820 )


SHORT: ( Metal Short ) Regular Wire of Net n_1618 & Pin of Cell FILL_T_1_1875  ( met1 )
Bounds : ( 78.820, 80.340 ) ( 78.960, 80.820 )


SHORT: ( Metal Short ) Regular Wire of Net n_1378 & Pin of Cell FILL_T_1_2253  ( met1 )
Bounds : ( 78.820, 88.500 ) ( 78.960, 88.980 )


SHORT: ( Metal Short ) Regular Wire of Net FE_DBTN30_n_21001 & Blockage of Cell FILL_incr_T_1_766  ( li1 )
Bounds : ( 36.945, 113.135 ) ( 37.115, 113.305 )


SHORT: ( Metal Short ) Regular Wire of Net FE_DBTN31_n_17741 & Pin of Cell FILL_T_1_2870  ( met1 )
Bounds : ( 26.380, 107.540 ) ( 26.520, 108.020 )


SHORT: ( Metal Short ) Regular Wire of Net n_16834 & Pin of Cell FILL_T_1_2870  ( met1 )
Bounds : ( 24.540, 104.820 ) ( 24.680, 105.300 )


SHORT: ( Metal Short ) Regular Wire of Net FE_DBTN31_n_17741 & Pin of Cell FILL_T_1_2870  ( met1 )
Bounds : ( 20.860, 104.820 ) ( 21.000, 105.300 )


SHORT: ( Metal Short ) Regular Wire of Net n_14197 & Pin of Cell FILL_T_1_3086  ( met1 )
Bounds : ( 26.380, 110.260 ) ( 26.520, 110.740 )


SHORT: ( Metal Short ) Regular Wire of Net n_19552 & Pin of Cell FILL_T_1_3086  ( met1 )
Bounds : ( 28.220, 110.260 ) ( 28.360, 110.740 )


SHORT: ( Metal Short ) Regular Wire of Net n_17631 & Pin of Cell FILL_T_1_3200  ( met1 )
Bounds : ( 39.260, 115.700 ) ( 39.400, 116.180 )


SHORT: ( Metal Short ) Regular Wire of Net n_10526 & Pin of Cell FILL_T_1_3086  ( met1 )
Bounds : ( 10.740, 112.980 ) ( 10.880, 113.460 )


SHORT: ( Metal Short ) Regular Wire of Net n_17741 & Pin of Cell FILL_T_1_2870  ( met1 )
Bounds : ( 19.020, 107.540 ) ( 19.160, 108.020 )


SHORT: ( Metal Short ) Regular Wire of Net n_19629 & Blockage of Cell FILL_incr_T_1_632  ( li1 )
Bounds : ( 11.185, 107.695 ) ( 11.355, 107.865 )


SHORT: ( Metal Short ) Regular Wire of Net FE_OFN13619_n_20987 & Pin of Cell FILL_T_1_3086  ( met1 )
Bounds : ( 13.960, 112.980 ) ( 14.100, 113.460 )


SHORT: ( Metal Short ) Regular Wire of Net n_10530 & Pin of Cell FILL_T_1_3086  ( met1 )
Bounds : ( 18.100, 110.260 ) ( 18.240, 110.740 )


SPACING: ( ParallelRunLength Spacing ) Regular Wire of Net FE_OFN13619_n_20987 & Blockage of Cell FILL_T_1_3430  ( li1 )
Bounds : ( 9.975, 118.575 ) ( 10.120, 118.745 )


SHORT: ( Metal Short ) Regular Wire of Net n_16029 & Pin of Cell FILL_T_1_1975  ( met1 )
Bounds : ( 22.700, 83.060 ) ( 22.840, 83.540 )


SHORT: ( Metal Short ) Regular Wire of Net n_16546 & Pin of Cell FILL_T_1_2253  ( met1 )
Bounds : ( 22.700, 91.220 ) ( 22.840, 91.700 )


SHORT: ( Metal Short ) Regular Wire of Net n_11948 & Pin of Cell FILL_T_1_1875  ( met1 )
Bounds : ( 26.380, 80.340 ) ( 26.520, 80.820 )


SHORT: ( Metal Short ) Regular Wire of Net n_19569 & Pin of Cell FILL_T_1_2551  ( met1 )
Bounds : ( 33.740, 96.660 ) ( 33.880, 97.140 )


SHORT: ( Metal Short ) Regular Wire of Net n_18061 & Pin of Cell FILL_T_1_2253  ( met1 )
Bounds : ( 35.580, 88.500 ) ( 35.720, 88.980 )


SHORT: ( Metal Short ) Regular Wire of Net n_20346 & Pin of Cell FILL_T_1_2356  ( met1 )
Bounds : ( 36.500, 93.940 ) ( 36.640, 94.420 )


SHORT: ( Metal Short ) Regular Wire of Net n_19594 & Pin of Cell FILL_T_1_1875  ( met1 )
Bounds : ( 37.880, 80.340 ) ( 38.020, 80.820 )


SHORT: ( Metal Short ) Regular Wire of Net n_19494 & Blockage of Cell FILL_incr_T_1_421  ( li1 )
Bounds : ( 10.725, 91.375 ) ( 10.895, 91.545 )


SHORT: ( Metal Short ) Regular Wire of Net n_19494 & Blockage of Cell FILL_incr_T_1_394  ( li1 )
Bounds : ( 10.725, 88.655 ) ( 10.895, 88.825 )


SHORT: ( Metal Short ) Regular Wire of Net n_19494 & Blockage of Cell FILL_incr_T_1_364  ( li1 )
Bounds : ( 10.725, 85.935 ) ( 10.895, 86.105 )


SHORT: ( Metal Short ) Regular Wire of Net n_19494 & Blockage of Cell FILL_incr_T_1_328  ( li1 )
Bounds : ( 10.725, 83.215 ) ( 10.895, 83.385 )


SHORT: ( Metal Short ) Regular Wire of Net n_19494 & Blockage of Cell FILL_incr_T_1_328  ( li1 )
Bounds : ( 10.725, 80.495 ) ( 10.895, 80.665 )


SHORT: ( Metal Short ) Regular Wire of Net n_20954 & Blockage of Cell FILL_incr_T_1_454  ( li1 )
Bounds : ( 11.185, 94.095 ) ( 11.355, 94.265 )


SHORT: ( Metal Short ) Regular Wire of Net n_20954 & Blockage of Cell FILL_incr_T_1_485  ( li1 )
Bounds : ( 11.185, 96.815 ) ( 11.355, 96.985 )


SHORT: ( Metal Short ) Regular Wire of Net n_20954 & Blockage of Cell FILL_incr_T_1_519  ( li1 )
Bounds : ( 11.185, 99.535 ) ( 11.355, 99.705 )


SHORT: ( Metal Short ) Regular Wire of Net n_20954 & Blockage of Cell FILL_incr_T_1_422  ( li1 )
Bounds : ( 11.645, 91.375 ) ( 11.815, 91.545 )


SHORT: ( Metal Short ) Regular Wire of Net n_20311 & Blockage of Cell FILL_incr_T_1_454  ( li1 )
Bounds : ( 11.645, 94.095 ) ( 11.815, 94.265 )


SHORT: ( Metal Short ) Regular Wire of Net n_20310 & Blockage of Cell FILL_incr_T_1_485  ( li1 )
Bounds : ( 11.645, 96.815 ) ( 11.815, 96.985 )


SHORT: ( Metal Short ) Regular Wire of Net n_20309 & Blockage of Cell FILL_incr_T_1_519  ( li1 )
Bounds : ( 11.645, 99.535 ) ( 11.815, 99.705 )


SHORT: ( Metal Short ) Regular Wire of Net n_20956 & Blockage of Cell FILL_incr_T_1_365  ( li1 )
Bounds : ( 13.025, 85.935 ) ( 13.195, 86.105 )


SHORT: ( Metal Short ) Regular Wire of Net n_20310 & Pin of Cell FILL_T_1_2356  ( met1 )
Bounds : ( 12.120, 93.940 ) ( 12.260, 94.420 )


SHORT: ( Metal Short ) Regular Wire of Net n_13329 & Pin of Cell FILL_T_1_2253  ( met1 )
Bounds : ( 14.420, 91.220 ) ( 14.560, 91.700 )


SHORT: ( Metal Short ) Regular Wire of Net n_22021 & Pin of Cell FILL_T_1_3430  ( met1 )
Bounds : ( 21.320, 121.140 ) ( 21.460, 121.620 )


SHORT: ( Metal Short ) Regular Wire of Net n_13271 & Pin of Cell FILL_T_1_3430  ( met1 )
Bounds : ( 23.620, 121.140 ) ( 23.760, 121.620 )


SHORT: ( Metal Short ) Regular Wire of Net n_492 & Pin of Cell g108398  ( met1 )
Bounds : ( 156.100, 77.620 ) ( 156.240, 78.100 )


SHORT: ( Metal Short ) Regular Wire of Net FE_OCPN19797_in2_r_15 & Pin of Cell FILL_incr_T_1_217  ( met1 )
Bounds : ( 144.140, 69.460 ) ( 144.280, 69.940 )


SHORT: ( Metal Short ) Regular Wire of Net n_5316 & Pin of Cell FILL_incr_T_1_217  ( met1 )
Bounds : ( 131.260, 72.180 ) ( 131.400, 72.660 )


SHORT: ( Metal Short ) Regular Wire of Net n_5508 & Pin of Cell g108398  ( met1 )
Bounds : ( 127.580, 77.620 ) ( 127.720, 78.100 )


SHORT: ( Metal Short ) Regular Wire of Net n_2898 & Blockage of Cell FILL_incr_T_1_166  ( li1 )
Bounds : ( 141.825, 66.895 ) ( 141.995, 67.065 )


SHORT: ( Metal Short ) Regular Wire of Net uart_rx_data[5] & Blockage of Cell FILL_incr_T_1_202  ( li1 )
Bounds : ( 128.945, 69.615 ) ( 129.115, 69.785 )


SHORT: ( Metal Short ) Regular Wire of Net n_2896 & Pin of Cell g108344  ( met1 )
Bounds : ( 159.780, 53.140 ) ( 159.920, 53.620 )


SHORT: ( Metal Short ) Regular Wire of Net n_11401 & Pin of Cell in2_r_reg[10]  ( met1 )
Bounds : ( 158.400, 39.540 ) ( 158.540, 40.020 )


SHORT: ( Metal Short ) Regular Wire of Net n_18975 & Pin of Cell in2_r_reg[1]  ( met1 )
Bounds : ( 145.060, 44.980 ) ( 145.200, 45.460 )


SHORT: ( Metal Short ) Regular Wire of Net in2_r[12] & Blockage of Cell FILL_incr_T_1_81  ( li1 )
Bounds : ( 144.125, 47.855 ) ( 144.295, 48.025 )


SHORT: ( Metal Short ) Regular Wire of Net in2_r[3] & Blockage of Cell FILL_incr_T_1_100  ( li1 )
Bounds : ( 141.365, 56.015 ) ( 141.535, 56.185 )


SHORT: ( Metal Short ) Regular Wire of Net in1_r[14] & Pin of Cell FILL_T_1_1679  ( met1 )
Bounds : ( 105.960, 74.900 ) ( 106.100, 75.380 )


SHORT: ( Metal Short ) Regular Wire of Net n_664 & Blockage of Cell FILL_incr_T_1_217  ( li1 )
Bounds : ( 109.625, 72.335 ) ( 109.795, 72.505 )


SHORT: ( Metal Short ) Regular Wire of Net n_5338 & Blockage of Cell FILL_incr_T_1_299  ( li1 )
Bounds : ( 122.045, 77.775 ) ( 122.215, 77.945 )


SHORT: ( Metal Short ) Regular Wire of Net in1_r[5] & Pin of Cell FILL_incr_T_1_217  ( met1 )
Bounds : ( 116.080, 72.180 ) ( 116.220, 72.660 )


SHORT: ( Metal Short ) Regular Wire of Net in1_r[13] & Pin of Cell FE_OFC565_in1_r_5  ( met1 )
Bounds : ( 122.520, 74.900 ) ( 122.660, 75.380 )


SHORT: ( Metal Short ) Regular Wire of Net n_5338 & Blockage of Cell FILL_incr_T_1_135  ( li1 )
Bounds : ( 116.525, 64.175 ) ( 116.695, 64.345 )


SHORT: ( Metal Short ) Regular Wire of Net n_13201 & Blockage of Cell FILL_incr_T_1_134  ( li1 )
Bounds : ( 112.385, 64.175 ) ( 112.555, 64.345 )


SHORT: ( Metal Short ) Regular Wire of Net in2_r[14] & Blockage of Cell FILL_incr_T_1_120  ( li1 )
Bounds : ( 112.385, 61.455 ) ( 112.555, 61.625 )


SHORT: ( Metal Short ) Regular Wire of Net n_701 & Pin of Cell FILL_T_1_1383  ( met1 )
Bounds : ( 104.580, 64.020 ) ( 104.720, 64.500 )


SHORT: ( Metal Short ) Regular Wire of Net n_10711 & Blockage of Cell FILL_incr_T_1_119  ( li1 )
Bounds : ( 108.705, 61.455 ) ( 108.875, 61.625 )


SHORT: ( Metal Short ) Regular Wire of Net FE_OCPN39354_in2_r_7 & Blockage of Cell FILL_incr_T_1_132  ( li1 )
Bounds : ( 104.565, 61.455 ) ( 104.735, 61.625 )


SHORT: ( Metal Short ) Regular Wire of Net n_10698 & Blockage of Cell FILL_incr_T_1_117  ( li1 )
Bounds : ( 103.645, 61.455 ) ( 103.815, 61.625 )


SHORT: ( Metal Short ) Regular Wire of Net FE_PSN1710_in2_r_6 & Pin of Cell FILL_T_1_1482  ( met1 )
Bounds : ( 116.080, 64.020 ) ( 116.220, 64.500 )


SHORT: ( Metal Short ) Regular Wire of Net n_14332 & Pin of Cell FILL_T_1_1596  ( met1 )
Bounds : ( 105.500, 69.460 ) ( 105.640, 69.940 )


SHORT: ( Metal Short ) Regular Wire of Net n_703 & Pin of Cell FILL_T_1_1596  ( met1 )
Bounds : ( 109.180, 69.460 ) ( 109.320, 69.940 )


SHORT: ( Metal Short ) Regular Wire of Net n_561 & Blockage of Cell FILL_incr_T_1_265  ( li1 )
Bounds : ( 93.985, 77.775 ) ( 94.155, 77.945 )


SHORT: ( Metal Short ) Regular Wire of Net in1_r[15] & Blockage of Cell FILL_incr_T_1_298  ( li1 )
Bounds : ( 94.905, 77.775 ) ( 95.075, 77.945 )


SHORT: ( Metal Short ) Regular Wire of Net n_10717 & Pin of Cell FILL_T_1_1515  ( met1 )
Bounds : ( 84.800, 66.740 ) ( 84.940, 67.220 )


SHORT: ( Metal Short ) Regular Wire of Net n_461 & Pin of Cell FILL_T_1_1679  ( met1 )
Bounds : ( 85.260, 74.900 ) ( 85.400, 75.380 )


SHORT: ( Metal Short ) Regular Wire of Net n_635 & Pin of Cell FILL_T_1_1679  ( met1 )
Bounds : ( 85.720, 74.900 ) ( 85.860, 75.380 )


SHORT: ( Metal Short ) Regular Wire of Net in1_r[15] & Pin of Cell FILL_T_1_1679  ( met1 )
Bounds : ( 94.000, 74.900 ) ( 94.140, 75.380 )


SHORT: ( Metal Short ) Regular Wire of Net n_629 & Pin of Cell FILL_T_1_1515  ( met1 )
Bounds : ( 95.380, 66.740 ) ( 95.520, 67.220 )


SHORT: ( Metal Short ) Regular Wire of Net n_629 & Pin of Cell FILL_T_1_1596  ( met1 )
Bounds : ( 96.300, 72.180 ) ( 96.440, 72.660 )


SHORT: ( Metal Short ) Regular Wire of Net n_698 & Pin of Cell FILL_T_1_1383  ( met1 )
Bounds : ( 99.060, 64.020 ) ( 99.200, 64.500 )


SHORT: ( Metal Short ) Regular Wire of Net n_705 & Pin of Cell FILL_T_1_1596  ( met1 )
Bounds : ( 99.980, 72.180 ) ( 100.120, 72.660 )


SHORT: ( Metal Short ) Regular Wire of Net n_502 & Pin of Cell FILL_T_1_1679  ( met1 )
Bounds : ( 102.280, 74.900 ) ( 102.420, 75.380 )


SHORT: ( Metal Short ) Regular Wire of Net result_r[1] & Blockage of Cell FILL_incr_T_1_116  ( li1 )
Bounds : ( 82.945, 58.735 ) ( 83.115, 58.905 )


SHORT: ( Metal Short ) Regular Wire of Net status_r[0] & Blockage of Cell FILL_incr_T_1_106  ( li1 )
Bounds : ( 83.405, 56.015 ) ( 83.575, 56.185 )


SHORT: ( Metal Short ) Regular Wire of Net status_r[0] & Blockage of Cell FILL_incr_T_1_116  ( li1 )
Bounds : ( 83.405, 58.735 ) ( 83.575, 58.905 )


SHORT: ( Metal Short ) Regular Wire of Net n_677 & Blockage of Cell FILL_incr_T_1_92  ( li1 )
Bounds : ( 111.465, 53.295 ) ( 111.635, 53.465 )


SHORT: ( Metal Short ) Regular Wire of Net in2_r[12] & Blockage of Cell FILL_incr_T_1_98  ( li1 )
Bounds : ( 111.925, 56.015 ) ( 112.095, 56.185 )


SHORT: ( Metal Short ) Regular Wire of Net opcode_r[2] & Pin of Cell FILL_T_1_1171  ( met1 )
Bounds : ( 83.880, 55.860 ) ( 84.020, 56.340 )


SHORT: ( Metal Short ) Regular Wire of Net n_518 & Pin of Cell FILL_T_1_873  ( met1 )
Bounds : ( 92.160, 44.980 ) ( 92.300, 45.460 )


SHORT: ( Metal Short ) Regular Wire of Net n_457 & Pin of Cell FILL_T_1_737  ( met1 )
Bounds : ( 97.220, 39.540 ) ( 97.360, 40.020 )


SHORT: ( Metal Short ) Regular Wire of Net in1_r[12] & Blockage of Cell FILL_incr_T_1_109  ( li1 )
Bounds : ( 116.065, 56.015 ) ( 116.235, 56.185 )


SHORT: ( Metal Short ) Regular Wire of Net n_656 & Blockage of Cell FILL_incr_T_1_49  ( li1 )
Bounds : ( 141.365, 28.815 ) ( 141.535, 28.985 )


SHORT: ( Metal Short ) Regular Wire of Net n_656 & Blockage of Cell FILL_incr_T_1_27  ( li1 )
Bounds : ( 141.825, 26.095 ) ( 141.995, 26.265 )


SHORT: ( Metal Short ) Regular Wire of Net n_626 & Blockage of Cell FILL_incr_T_1_27  ( li1 )
Bounds : ( 142.285, 26.095 ) ( 142.455, 26.265 )


SHORT: ( Metal Short ) Regular Wire of Net uart_rx_data[6] & Pin of Cell in2_r_reg[10]  ( met1 )
Bounds : ( 130.340, 36.820 ) ( 130.480, 37.300 )


SHORT: ( Metal Short ) Regular Wire of Net n_652 & Pin of Cell g108411  ( met1 )
Bounds : ( 140.920, 20.500 ) ( 141.060, 20.980 )


SHORT: ( Metal Short ) Regular Wire of Net uart_inst_uart_rx_inst_shift_reg[7] & Pin of Cell uart_inst_uart_tx_inst_tick_count_reg[1]  ( met1 )
Bounds : ( 141.840, 28.660 ) ( 141.980, 29.140 )


SHORT: ( Metal Short ) Regular Wire of Net n_496 & Pin of Cell uart_inst_uart_tx_inst_tick_count_reg[1]  ( met1 )
Bounds : ( 145.520, 25.940 ) ( 145.660, 26.420 )


SHORT: ( Metal Short ) Regular Wire of Net n_621 & Pin of Cell uart_inst_uart_tx_inst_tick_count_reg[1]  ( met1 )
Bounds : ( 148.280, 25.940 ) ( 148.420, 26.420 )


SHORT: ( Metal Short ) Regular Wire of Net n_625 & Pin of Cell uart_inst_uart_tx_inst_tick_count_reg[1]  ( met1 )
Bounds : ( 151.040, 25.940 ) ( 151.180, 26.420 )


SHORT: ( Metal Short ) Regular Wire of Net n_833 & Pin of Cell uart_inst_uart_tx_inst_tick_count_reg[0]  ( met1 )
Bounds : ( 159.320, 23.220 ) ( 159.460, 23.700 )


SHORT: ( Metal Short ) Regular Wire of Net n_816 & Pin of Cell uart_inst_uart_tx_inst_tick_count_reg[0]  ( met1 )
Bounds : ( 163.460, 23.220 ) ( 163.600, 23.700 )


SHORT: ( Metal Short ) Regular Wire of Net n_443 & Blockage of Cell FILL_incr_T_1_12  ( li1 )
Bounds : ( 127.105, 15.215 ) ( 127.275, 15.385 )


SHORT: ( Metal Short ) Regular Wire of Net uart_inst_baud_gen_inst_count[0] & Blockage of Cell FILL_incr_T_1_2  ( li1 )
Bounds : ( 129.865, 12.495 ) ( 130.035, 12.665 )


SHORT: ( Metal Short ) Regular Wire of Net uart_inst_uart_rx_inst_shift_reg[4] & Blockage of Cell FILL_incr_T_1_9  ( li1 )
Bounds : ( 140.445, 12.495 ) ( 140.615, 12.665 )


SHORT: ( Metal Short ) Regular Wire of Net uart_inst_baud_gen_inst_count[1] & Pin of Cell uart_inst_uart_tx_inst_tick_count_reg[3]  ( met1 )
Bounds : ( 126.200, 12.340 ) ( 126.340, 12.820 )


SHORT: ( Metal Short ) Regular Wire of Net uart_inst_uart_rx_inst_rx_sync & Pin of Cell uart_inst_uart_tx_inst_tick_count_reg[3]  ( met1 )
Bounds : ( 153.800, 12.340 ) ( 153.940, 12.820 )


SHORT: ( Metal Short ) Regular Wire of Net n_179 & Pin of Cell uart_inst_uart_tx_inst_tick_count_reg[2]  ( met1 )
Bounds : ( 155.640, 17.780 ) ( 155.780, 18.260 )


SHORT: ( Metal Short ) Regular Wire of Net state[1] & Pin of Cell FILL_T_1_737  ( met1 )
Bounds : ( 85.720, 36.820 ) ( 85.860, 37.300 )


SHORT: ( Metal Short ) Regular Wire of Net uart_rx_valid & Pin of Cell FILL_T_1_593  ( met1 )
Bounds : ( 95.840, 31.380 ) ( 95.980, 31.860 )


SHORT: ( Metal Short ) Regular Wire of Net n_21223 & Blockage of Cell FILL_incr_T_1_195  ( li1 )
Bounds : ( 71.905, 66.895 ) ( 72.075, 67.065 )


SHORT: ( Metal Short ) Regular Wire of Net n_21223 & Blockage of Cell FILL_incr_T_1_212  ( li1 )
Bounds : ( 71.445, 69.615 ) ( 71.615, 69.785 )


SHORT: ( Metal Short ) Regular Wire of Net n_19419 & Pin of Cell FILL_T_1_1303  ( met1 )
Bounds : ( 68.240, 61.300 ) ( 68.380, 61.780 )


SHORT: ( Metal Short ) Regular Wire of Net n_2219 & Pin of Cell FILL_T_1_1303  ( met1 )
Bounds : ( 71.460, 61.300 ) ( 71.600, 61.780 )


SHORT: ( Metal Short ) Regular Wire of Net n_18311 & Pin of Cell FILL_T_1_1875  ( met1 )
Bounds : ( 73.760, 77.620 ) ( 73.900, 78.100 )


SHORT: ( Metal Short ) Regular Wire of Net n_21216 & Pin of Cell FILL_T_1_1596  ( met1 )
Bounds : ( 75.600, 69.460 ) ( 75.740, 69.940 )


SHORT: ( Metal Short ) Regular Wire of Net result_r[8] & Pin of Cell FILL_T_1_1515  ( met1 )
Bounds : ( 82.040, 66.740 ) ( 82.180, 67.220 )


SHORT: ( Metal Short ) Regular Wire of Net n_12355 & Pin of Cell FILL_T_1_1303  ( met1 )
Bounds : ( 49.840, 61.300 ) ( 49.980, 61.780 )


SHORT: ( Metal Short ) Regular Wire of Net n_19952 & Pin of Cell FILL_T_1_1875  ( met1 )
Bounds : ( 48.000, 77.620 ) ( 48.140, 78.100 )


SHORT: ( Metal Short ) Regular Wire of Net n_18064 & Pin of Cell FILL_T_1_1875  ( met1 )
Bounds : ( 43.400, 77.620 ) ( 43.540, 78.100 )


SHORT: ( Metal Short ) Regular Wire of Net n_16176 & Pin of Cell FILL_T_1_1515  ( met1 )
Bounds : ( 43.400, 66.740 ) ( 43.540, 67.220 )


SHORT: ( Metal Short ) Regular Wire of Net n_14269 & Pin of Cell FILL_T_1_1515  ( met1 )
Bounds : ( 41.560, 66.740 ) ( 41.700, 67.220 )


SHORT: ( Metal Short ) Regular Wire of Net n_19643 & Pin of Cell FILL_T_1_1679  ( met1 )
Bounds : ( 49.840, 74.900 ) ( 49.980, 75.380 )


SHORT: ( Metal Short ) Regular Wire of Net n_12354 & Pin of Cell FILL_T_1_1303  ( met1 )
Bounds : ( 50.300, 61.300 ) ( 50.440, 61.780 )


SHORT: ( Metal Short ) Regular Wire of Net n_11736 & Pin of Cell FILL_T_1_1596  ( met1 )
Bounds : ( 50.300, 72.180 ) ( 50.440, 72.660 )


SHORT: ( Metal Short ) Regular Wire of Net n_19430 & Pin of Cell FILL_T_1_1875  ( met1 )
Bounds : ( 51.680, 77.620 ) ( 51.820, 78.100 )


SHORT: ( Metal Short ) Regular Wire of Net n_21646 & Pin of Cell FILL_T_1_1679  ( met1 )
Bounds : ( 53.520, 74.900 ) ( 53.660, 75.380 )


SHORT: ( Metal Short ) Regular Wire of Net n_16964 & Blockage of Cell FILL_incr_T_1_114  ( li1 )
Bounds : ( 68.225, 58.735 ) ( 68.395, 58.905 )


SHORT: ( Metal Short ) Regular Wire of Net n_2145 & Pin of Cell FILL_T_1_1101  ( met1 )
Bounds : ( 53.520, 50.420 ) ( 53.660, 50.900 )


SHORT: ( Metal Short ) Regular Wire of Net n_17905 & Pin of Cell FILL_T_1_1101  ( met1 )
Bounds : ( 56.280, 50.420 ) ( 56.420, 50.900 )


SHORT: ( Metal Short ) Regular Wire of Net n_14224 & Pin of Cell FILL_T_1_1383  ( met1 )
Bounds : ( 25.920, 64.020 ) ( 26.060, 64.500 )


SHORT: ( Metal Short ) Regular Wire of Net n_1962 & Pin of Cell FILL_T_1_1383  ( met1 )
Bounds : ( 32.360, 64.020 ) ( 32.500, 64.500 )


SHORT: ( Metal Short ) Regular Wire of Net n_14180 & Pin of Cell FILL_T_1_1515  ( met1 )
Bounds : ( 37.420, 66.740 ) ( 37.560, 67.220 )


SHORT: ( Metal Short ) Regular Wire of Net n_20124 & Pin of Cell FILL_T_1_1515  ( met1 )
Bounds : ( 39.720, 66.740 ) ( 39.860, 67.220 )


SHORT: ( Metal Short ) Regular Wire of Net n_16246 & Pin of Cell FILL_T_1_1875  ( met1 )
Bounds : ( 17.640, 77.620 ) ( 17.780, 78.100 )


SHORT: ( Metal Short ) Regular Wire of Net n_18277 & Pin of Cell FILL_T_1_1596  ( met1 )
Bounds : ( 17.640, 72.180 ) ( 17.780, 72.660 )


SHORT: ( Metal Short ) Regular Wire of Net n_19518 & Pin of Cell FILL_T_1_1596  ( met1 )
Bounds : ( 17.640, 69.460 ) ( 17.780, 69.940 )


SHORT: ( Metal Short ) Regular Wire of Net n_21728 & Pin of Cell FILL_T_1_1383  ( met1 )
Bounds : ( 16.260, 64.020 ) ( 16.400, 64.500 )


SHORT: ( Metal Short ) Regular Wire of Net n_21726 & Pin of Cell FILL_T_1_1515  ( met1 )
Bounds : ( 14.420, 66.740 ) ( 14.560, 67.220 )


SHORT: ( Metal Short ) Regular Wire of Net n_2061 & Blockage of Cell FILL_incr_T_1_287  ( li1 )
Bounds : ( 14.405, 77.775 ) ( 14.575, 77.945 )


SHORT: ( Metal Short ) Regular Wire of Net n_2061 & Blockage of Cell FILL_incr_T_1_232  ( li1 )
Bounds : ( 14.405, 75.055 ) ( 14.575, 75.225 )


SHORT: ( Metal Short ) Regular Wire of Net n_10485 & Blockage of Cell FILL_incr_T_1_123  ( li1 )
Bounds : ( 13.945, 64.175 ) ( 14.115, 64.345 )


SHORT: ( Metal Short ) Regular Wire of Net n_10485 & Blockage of Cell FILL_incr_T_1_111  ( li1 )
Bounds : ( 13.945, 61.455 ) ( 14.115, 61.625 )


SHORT: ( Metal Short ) Regular Wire of Net n_21731 & Pin of Cell FILL_T_1_1515  ( met1 )
Bounds : ( 18.100, 66.740 ) ( 18.240, 67.220 )


SHORT: ( Metal Short ) Regular Wire of Net n_22146 & Pin of Cell FILL_T_1_1875  ( met1 )
Bounds : ( 20.400, 77.620 ) ( 20.540, 78.100 )


SHORT: ( Metal Short ) Regular Wire of Net n_18137 & Blockage of Cell FILL_incr_T_1_72  ( li1 )
Bounds : ( 24.985, 42.415 ) ( 25.155, 42.585 )


SHORT: ( Metal Short ) Regular Wire of Net n_18137 & Blockage of Cell FILL_incr_T_1_72  ( li1 )
Bounds : ( 24.985, 39.695 ) ( 25.155, 39.865 )


SHORT: ( Metal Short ) Regular Wire of Net n_11863 & Pin of Cell FILL_T_1_737  ( met1 )
Bounds : ( 27.760, 39.540 ) ( 27.900, 40.020 )


SHORT: ( Metal Short ) Regular Wire of Net FE_COEN1864_n_20085 & Pin of Cell FILL_T_1_1101  ( met1 )
Bounds : ( 39.260, 50.420 ) ( 39.400, 50.900 )


SHORT: ( Metal Short ) Regular Wire of Net n_15996 & Pin of Cell FILL_T_1_1101  ( met1 )
Bounds : ( 39.260, 53.140 ) ( 39.400, 53.620 )


SHORT: ( Metal Short ) Regular Wire of Net n_12491 & Blockage of Cell FILL_incr_T_1_83  ( li1 )
Bounds : ( 19.925, 47.855 ) ( 20.095, 48.025 )


SHORT: ( Metal Short ) Regular Wire of Net n_12490 & Blockage of Cell FILL_incr_T_1_79  ( li1 )
Bounds : ( 19.465, 47.855 ) ( 19.635, 48.025 )


SHORT: ( Metal Short ) Regular Wire of Net n_10486 & Blockage of Cell FILL_incr_T_1_111  ( li1 )
Bounds : ( 13.945, 58.735 ) ( 14.115, 58.905 )


SHORT: ( Metal Short ) Regular Wire of Net n_10487 & Blockage of Cell FILL_incr_T_1_102  ( li1 )
Bounds : ( 13.945, 56.015 ) ( 14.115, 56.185 )


SHORT: ( Metal Short ) Regular Wire of Net n_10487 & Blockage of Cell FILL_incr_T_1_94  ( li1 )
Bounds : ( 13.485, 56.015 ) ( 14.115, 56.015 )


SHORT: ( Metal Short ) Regular Wire of Net n_10487 & Blockage of Cell FILL_incr_T_1_94  ( li1 )
Bounds : ( 13.485, 53.295 ) ( 13.655, 53.465 )


SHORT: ( Metal Short ) Regular Wire of Net n_10487 & Blockage of Cell FILL_incr_T_1_88  ( li1 )
Bounds : ( 13.485, 53.295 ) ( 14.115, 53.295 )


SHORT: ( Metal Short ) Regular Wire of Net n_10474 & Pin of Cell FILL_T_1_1303  ( met1 )
Bounds : ( 16.720, 58.580 ) ( 16.860, 59.060 )


SHORT: ( Metal Short ) Regular Wire of Net n_19601 & Pin of Cell FILL_T_1_1171  ( met1 )
Bounds : ( 18.560, 55.860 ) ( 18.700, 56.340 )


SPACING: ( ParallelRunLength Spacing ) Regular Wire of Net n_10487 & Blockage of Cell FILL_T_1_1173  ( li1 )
Bounds : ( 13.340, 53.295 ) ( 13.485, 53.295 )


SPACING: ( ParallelRunLength Spacing ) Regular Wire of Net n_10487 & Blockage of Cell FILL_incr_T_1_94  ( li1 )
Bounds : ( 13.340, 56.015 ) ( 13.485, 56.015 )


SPACING: ( ParallelRunLength Spacing ) Regular Wire of Net n_10487  ( li1 )
Bounds : ( 13.655, 56.015 ) ( 13.800, 56.015 )


SPACING: ( ParallelRunLength Spacing ) Regular Wire of Net n_10487 & Blockage of Cell FILL_T_1_1104  ( li1 )
Bounds : ( 14.115, 53.295 ) ( 14.260, 53.295 )


SPACING: ( ParallelRunLength Spacing ) Regular Wire of Net n_10487 & Blockage of Cell FILL_T_1_1174  ( li1 )
Bounds : ( 14.115, 56.015 ) ( 14.260, 56.015 )


SHORT: ( Metal Short ) Regular Wire of Net n_18138 & Blockage of Cell FILL_incr_T_1_63  ( li1 )
Bounds : ( 24.985, 36.975 ) ( 25.155, 37.145 )


SHORT: ( Metal Short ) Regular Wire of Net n_20096 & Pin of Cell FILL_T_1_662  ( met1 )
Bounds : ( 30.060, 34.100 ) ( 30.200, 34.580 )


SHORT: ( Metal Short ) Regular Wire of Net n_14109 & Pin of Cell FILL_T_1_737  ( met1 )
Bounds : ( 30.060, 36.820 ) ( 30.200, 37.300 )


SHORT: ( Metal Short ) Regular Wire of Net n_20095 & Pin of Cell FILL_T_1_593  ( met1 )
Bounds : ( 31.900, 31.380 ) ( 32.040, 31.860 )


SHORT: ( Metal Short ) Regular Wire of Net FE_DBTN54_n_20095 & Pin of Cell FILL_T_1_516  ( met1 )
Bounds : ( 34.200, 28.660 ) ( 34.340, 29.140 )


SHORT: ( Metal Short ) Regular Wire of Net n_21880 & Pin of Cell FILL_T_1_516  ( met1 )
Bounds : ( 46.160, 28.660 ) ( 46.300, 29.140 )


SHORT: ( Metal Short ) Regular Wire of Net n_16966 & Pin of Cell FILL_T_1_593  ( met1 )
Bounds : ( 46.160, 31.380 ) ( 46.300, 31.860 )


SHORT: ( Metal Short ) Regular Wire of Net n_8425 & Pin of Cell FILL_T_1_737  ( met1 )
Bounds : ( 64.100, 36.820 ) ( 64.240, 37.300 )


SHORT: ( Metal Short ) Regular Wire of Net n_493 & Pin of Cell FILL_T_1_442  ( met1 )
Bounds : ( 70.540, 25.940 ) ( 70.680, 26.420 )


SHORT: ( Metal Short ) Regular Wire of Net n_609 & Pin of Cell FILL_T_1_737  ( met1 )
Bounds : ( 71.460, 36.820 ) ( 71.600, 37.300 )


  Total Violations : 1000 Viols.
