
Cadence Innovus(TM) Implementation System.
Copyright 2021 Cadence Design Systems, Inc. All rights reserved worldwide.

Version:	v21.15-s110_1, built Fri Sep 23 13:08:12 PDT 2022
Options:	-no_gui -files run_flow.tcl -log runD/innovus 
Date:		Thu Sep 24 16:25:35 2026
Host:		vlsiece24.iitr.ac.in (x86_64 w/Linux 4.18.0-553.105.1.el8_10.x86_64) (8cores*16cpus*11th Gen Intel(R) Core(TM) i7-11700 @ 2.50GHz 16384KB)
OS:		Red Hat Enterprise Linux release 8.10 (Ootpa)

License:
		[16:25:35.275889] Configured Lic search path (21.01-s002): 5280@14.139.1.126

		invs	Innovus Implementation System	21.1	checkout succeeded
		8 CPU jobs allowed with the current license(s). Use setMultiCpuUsage to set your required CPU count.
Change the soft stacksize limit to 0.2%RAM (30 mbytes). Set global soft_stack_size_limit to change the value.

**INFO:  MMMC transition support version v31-84 

<CMD> set_global _enable_mmmc_by_default_flow      $CTE::mmmc_default
<CMD> suppressMessage ENCEXT-2799
<CMD> getVersion
[INFO] Loading PVS 22.20 fill procedures
**WARN: Tk package not loaded. The PVS fill DRC monitor is disabled.
Sourcing file "run_flow.tcl" ...
<CMD> set init_verilog ./runD/pt/coprocessor_netlist.v
<CMD> set init_top_cell coprocessor
<CMD> set init_lef_file {../lib/sky130_fd_sc_hd_innovus.tlef ../lib/sky130_fd_sc_hd.lef}
<CMD> set init_mmmc_file ./runD/mmmc.tcl
<CMD> init_design
#% Begin Load MMMC data ... (date=09/24 16:25:47, mem=911.9M)
#% End Load MMMC data ... (date=09/24 16:25:47, total cpu=0:00:00.0, real=0:00:00.0, peak res=913.0M, current mem=913.0M)
RC_TYP

Loading LEF file ../lib/sky130_fd_sc_hd_innovus.tlef ...

Loading LEF file ../lib/sky130_fd_sc_hd.lef ...
WARNING (LEFPARS-2008): NOWIREEXTENSIONATPIN statement is obsolete in version 5.6 or later.
The NOWIREEXTENSIONATPIN statement will be ignored. See file ../lib/sky130_fd_sc_hd.lef at line 2.
**WARN: (IMPLF-108):	There is no overlap layer defined in any LEF file
so you are unable to create rectilinear partition in a hierarchical flow.
Set DBUPerIGU to M1 pitch 460.
**WARN: (IMPLF-201):	Pin 'X' in macro 'sky130_fd_sc_hd__probec_p_8' has no ANTENNADIFFAREA value defined. The library data is incomplete and some process antenna rules will not be checked correctly.
Type 'man IMPLF-201' for more detail.
**WARN: (IMPLF-201):	Pin 'X' in macro 'sky130_fd_sc_hd__probe_p_8' has no ANTENNADIFFAREA value defined. The library data is incomplete and some process antenna rules will not be checked correctly.
Type 'man IMPLF-201' for more detail.
**WARN: (IMPLF-201):	Pin 'LO' in macro 'sky130_fd_sc_hd__macro_sparecell' has no ANTENNADIFFAREA value defined. The library data is incomplete and some process antenna rules will not be checked correctly.
Type 'man IMPLF-201' for more detail.
**WARN: (IMPLF-201):	Pin 'HI' in macro 'sky130_fd_sc_hd__conb_1' has no ANTENNADIFFAREA value defined. The library data is incomplete and some process antenna rules will not be checked correctly.
Type 'man IMPLF-201' for more detail.
**WARN: (IMPLF-201):	Pin 'LO' in macro 'sky130_fd_sc_hd__conb_1' has no ANTENNADIFFAREA value defined. The library data is incomplete and some process antenna rules will not be checked correctly.
Type 'man IMPLF-201' for more detail.

##  Check design process and node:  
##  Both design process and tech node are not set.

Loading view definition file from ./runD/mmmc.tcl
Reading LIB_TYP timing library '/home/harshit/Desktop/rtltogds6/synth/.testing_pluto/PositCoprocessor_UART/gds/lib/sky130_fd_sc_hd__tt_025C_1v80.lib' ...
**WARN: (TECHLIB-302):	No function defined for cell 'sky130_fd_sc_hd__lpflow_decapkapwr_8'. The cell will only be used for analysis. (File /home/harshit/Desktop/rtltogds6/synth/.testing_pluto/PositCoprocessor_UART/gds/lib/sky130_fd_sc_hd__tt_025C_1v80.lib)
**WARN: (TECHLIB-302):	No function defined for cell 'sky130_fd_sc_hd__lpflow_decapkapwr_6'. The cell will only be used for analysis. (File /home/harshit/Desktop/rtltogds6/synth/.testing_pluto/PositCoprocessor_UART/gds/lib/sky130_fd_sc_hd__tt_025C_1v80.lib)
**WARN: (TECHLIB-302):	No function defined for cell 'sky130_fd_sc_hd__lpflow_decapkapwr_4'. The cell will only be used for analysis. (File /home/harshit/Desktop/rtltogds6/synth/.testing_pluto/PositCoprocessor_UART/gds/lib/sky130_fd_sc_hd__tt_025C_1v80.lib)
**WARN: (TECHLIB-302):	No function defined for cell 'sky130_fd_sc_hd__lpflow_decapkapwr_3'. The cell will only be used for analysis. (File /home/harshit/Desktop/rtltogds6/synth/.testing_pluto/PositCoprocessor_UART/gds/lib/sky130_fd_sc_hd__tt_025C_1v80.lib)
**WARN: (TECHLIB-302):	No function defined for cell 'sky130_fd_sc_hd__lpflow_decapkapwr_12'. The cell will only be used for analysis. (File /home/harshit/Desktop/rtltogds6/synth/.testing_pluto/PositCoprocessor_UART/gds/lib/sky130_fd_sc_hd__tt_025C_1v80.lib)
**WARN: (TECHLIB-302):	No function defined for cell 'sky130_fd_sc_hd__lpflow_bleeder_1'. The cell will only be used for analysis. (File /home/harshit/Desktop/rtltogds6/synth/.testing_pluto/PositCoprocessor_UART/gds/lib/sky130_fd_sc_hd__tt_025C_1v80.lib)
**WARN: (TECHLIB-302):	No function defined for cell 'sky130_fd_sc_hd__diode_2'. The cell will only be used for analysis. (File /home/harshit/Desktop/rtltogds6/synth/.testing_pluto/PositCoprocessor_UART/gds/lib/sky130_fd_sc_hd__tt_025C_1v80.lib)
**WARN: (TECHLIB-302):	No function defined for cell 'sky130_fd_sc_hd__decap_8'. The cell will only be used for analysis. (File /home/harshit/Desktop/rtltogds6/synth/.testing_pluto/PositCoprocessor_UART/gds/lib/sky130_fd_sc_hd__tt_025C_1v80.lib)
**WARN: (TECHLIB-302):	No function defined for cell 'sky130_fd_sc_hd__decap_6'. The cell will only be used for analysis. (File /home/harshit/Desktop/rtltogds6/synth/.testing_pluto/PositCoprocessor_UART/gds/lib/sky130_fd_sc_hd__tt_025C_1v80.lib)
**WARN: (TECHLIB-302):	No function defined for cell 'sky130_fd_sc_hd__decap_4'. The cell will only be used for analysis. (File /home/harshit/Desktop/rtltogds6/synth/.testing_pluto/PositCoprocessor_UART/gds/lib/sky130_fd_sc_hd__tt_025C_1v80.lib)
**WARN: (TECHLIB-302):	No function defined for cell 'sky130_fd_sc_hd__decap_3'. The cell will only be used for analysis. (File /home/harshit/Desktop/rtltogds6/synth/.testing_pluto/PositCoprocessor_UART/gds/lib/sky130_fd_sc_hd__tt_025C_1v80.lib)
**WARN: (TECHLIB-302):	No function defined for cell 'sky130_fd_sc_hd__decap_12'. The cell will only be used for analysis. (File /home/harshit/Desktop/rtltogds6/synth/.testing_pluto/PositCoprocessor_UART/gds/lib/sky130_fd_sc_hd__tt_025C_1v80.lib)
Read 428 cells in library 'sky130_fd_sc_hd__tt_025C_1v80' 
*** End library_loading (cpu=0.00min, real=0.00min, mem=33.5M, fe_cpu=0.17min, fe_real=0.20min, fe_mem=992.7M) ***
#% Begin Load netlist data ... (date=09/24 16:25:47, mem=933.5M)
*** Begin netlist parsing (mem=992.7M) ***
Created 428 new cells from 1 timing libraries.
Reading netlist ...
Backslashed names will retain backslash and a trailing blank character.
Reading verilog netlist './runD/pt/coprocessor_netlist.v'

*** Memory Usage v#1 (Current mem = 992.734M, initial mem = 483.887M) ***
*** End netlist parsing (cpu=0:00:00.0, real=0:00:00.0, mem=992.7M) ***
#% End Load netlist data ... (date=09/24 16:25:47, total cpu=0:00:00.0, real=0:00:00.0, peak res=944.3M, current mem=944.3M)
Set top cell to coprocessor.
Hooked 428 DB cells to tlib cells.
Starting recursive module instantiation check.
No recursion found.
Building hierarchical netlist for Cell coprocessor ...
*** Netlist is unique.
** info: there are 438 modules.
** info: there are 7207 stdCell insts.

*** Memory Usage v#1 (Current mem = 1044.148M, initial mem = 483.887M) ***
Adjust met3 preferred direction offset from 0.34 to 0.17.
Adjust met4 preferred direction offset from 0.46 to 0.23.
Adjust met5 preferred direction offset from 1.7 to 0.17.
Start create_tracks
Generated pitch 3.66 in met5 is different from 3.4 defined in technology file in preferred direction.
Generated pitch 0.69 in met4 is different from 0.92 defined in technology file in preferred direction.
Generated pitch 0.61 in met3 is different from 0.68 defined in technology file in preferred direction.
Extraction setup Started 
Initializing multi-corner RC extraction with 1 active RC Corners ...
**WARN: (IMPEXT-2773):	The via resistance between layers POLY and M1 could not be determined from the LEF technology file because the via resistance specification is missing. A default of 4 Ohms will be used as via resistance between these layers.
Type 'man IMPEXT-2773' for more detail.
**WARN: (IMPEXT-2773):	The via resistance between layers M1 and M2 could not be determined from the LEF technology file because the via resistance specification is missing. A default of 4 Ohms will be used as via resistance between these layers.
Type 'man IMPEXT-2773' for more detail.
**WARN: (IMPEXT-2773):	The via resistance between layers M2 and M3 could not be determined from the LEF technology file because the via resistance specification is missing. A default of 4 Ohms will be used as via resistance between these layers.
Type 'man IMPEXT-2773' for more detail.
**WARN: (IMPEXT-2773):	The via resistance between layers M3 and M4 could not be determined from the LEF technology file because the via resistance specification is missing. A default of 4 Ohms will be used as via resistance between these layers.
Type 'man IMPEXT-2773' for more detail.
**WARN: (IMPEXT-2773):	The via resistance between layers M4 and M5 could not be determined from the LEF technology file because the via resistance specification is missing. A default of 4 Ohms will be used as via resistance between these layers.
Type 'man IMPEXT-2773' for more detail.
**WARN: (IMPEXT-2773):	The via resistance between layers M5 and M6 could not be determined from the LEF technology file because the via resistance specification is missing. A default of 4 Ohms will be used as via resistance between these layers.
Type 'man IMPEXT-2773' for more detail.
**WARN: (IMPEXT-2766):	The sheet resistance for layer M1 is not defined in the cap table. Therefore, the LEF value 12.2 will be used instead. To avoid this message, update the relevant cap table to include the sheet resistance for the specified layer and read it back in.
**WARN: (IMPEXT-2766):	The sheet resistance for layer M2 is not defined in the cap table. Therefore, the LEF value 0.125 will be used instead. To avoid this message, update the relevant cap table to include the sheet resistance for the specified layer and read it back in.
**WARN: (IMPEXT-2766):	The sheet resistance for layer M3 is not defined in the cap table. Therefore, the LEF value 0.125 will be used instead. To avoid this message, update the relevant cap table to include the sheet resistance for the specified layer and read it back in.
**WARN: (IMPEXT-2766):	The sheet resistance for layer M4 is not defined in the cap table. Therefore, the LEF value 0.047 will be used instead. To avoid this message, update the relevant cap table to include the sheet resistance for the specified layer and read it back in.
**WARN: (IMPEXT-2766):	The sheet resistance for layer M5 is not defined in the cap table. Therefore, the LEF value 0.047 will be used instead. To avoid this message, update the relevant cap table to include the sheet resistance for the specified layer and read it back in.
**WARN: (IMPEXT-2766):	The sheet resistance for layer M6 is not defined in the cap table. Therefore, the LEF value 0.0285 will be used instead. To avoid this message, update the relevant cap table to include the sheet resistance for the specified layer and read it back in.
Summary of Active RC-Corners : 
 
 Analysis View: VIEW_TYP
    RC-Corner Name        : RC_TYP
    RC-Corner Index       : 0
    RC-Corner Temperature : 25 Celsius
    RC-Corner Cap Table   : ''
    RC-Corner PreRoute Res Factor         : 1
    RC-Corner PreRoute Cap Factor         : 1
    RC-Corner PostRoute Res Factor        : 1 {1 1 1}
    RC-Corner PostRoute Cap Factor        : 1 {1 1 1}
    RC-Corner PostRoute XCap Factor       : 1 {1 1 1}
    RC-Corner PreRoute Clock Res Factor   : 1	[Derived from Cap Table]
    RC-Corner PreRoute Clock Cap Factor   : 1	[Derived from Cap Table]
    RC-Corner PostRoute Clock Cap Factor  : 1 {1 1 1} 	[Derived from postRoute_cap (effortLevel low)]
    RC-Corner PostRoute Clock Res Factor  : 1 {1 1 1} 	[Derived from postRoute_res (effortLevel low)]
    RC-Corner PostRoute Clock coupling capacitance Factor : 1 {1 1 1} 
Updating RC grid for preRoute extraction ...
Initializing multi-corner resistance tables ...
*Info: initialize multi-corner CTS.
Reading timing constraints file './runD/pt/coprocessor.sdc' ...
Current (total cpu=0:00:10.4, real=0:00:12.0, peak res=1221.1M, current mem=1221.1M)
**WARN: (TCLCMD-1461):	Skipped unsupported command: set_units (File ./runD/pt/coprocessor.sdc, Line 9).

**WARN: (TCLCMD-1461):	Skipped unsupported command: set_units (File ./runD/pt/coprocessor.sdc, Line 10).

coprocessor
INFO (CTE): Reading of timing constraints file ./runD/pt/coprocessor.sdc completed, with 2 WARNING
Ending "Constraint file reading stats" (total cpu=0:00:00.0, real=0:00:01.0, peak res=1239.7M, current mem=1239.7M)
Current (total cpu=0:00:10.5, real=0:00:13.0, peak res=1239.7M, current mem=1239.7M)
Total number of combinational cells: 329
Total number of sequential cells: 68
Total number of tristate cells: 13
Total number of level shifter cells: 7
Total number of power gating cells: 0
Total number of isolation cells: 11
Total number of power switch cells: 0
Total number of pulse generator cells: 0
Total number of always on buffers: 0
Total number of retention cells: 0
List of usable buffers: sky130_fd_sc_hd__buf_1 sky130_fd_sc_hd__buf_12 sky130_fd_sc_hd__buf_16 sky130_fd_sc_hd__buf_2 sky130_fd_sc_hd__buf_4 sky130_fd_sc_hd__buf_6 sky130_fd_sc_hd__buf_8 sky130_fd_sc_hd__clkbuf_1 sky130_fd_sc_hd__clkbuf_16 sky130_fd_sc_hd__clkbuf_2 sky130_fd_sc_hd__clkbuf_4 sky130_fd_sc_hd__clkbuf_8 sky130_fd_sc_hd__dlymetal6s2s_1 sky130_fd_sc_hd__probec_p_8 sky130_fd_sc_hd__probe_p_8
Total number of usable buffers: 15
List of unusable buffers:
Total number of unusable buffers: 0
List of usable inverters: sky130_fd_sc_hd__bufinv_16 sky130_fd_sc_hd__clkinv_1 sky130_fd_sc_hd__bufinv_8 sky130_fd_sc_hd__clkinv_16 sky130_fd_sc_hd__clkinv_2 sky130_fd_sc_hd__clkinv_4 sky130_fd_sc_hd__clkinv_8 sky130_fd_sc_hd__inv_1 sky130_fd_sc_hd__clkinvlp_2 sky130_fd_sc_hd__clkinvlp_4 sky130_fd_sc_hd__inv_12 sky130_fd_sc_hd__inv_16 sky130_fd_sc_hd__inv_2 sky130_fd_sc_hd__inv_4 sky130_fd_sc_hd__inv_6 sky130_fd_sc_hd__inv_8
Total number of usable inverters: 16
List of unusable inverters:
Total number of unusable inverters: 0
List of identified usable delay cells: sky130_fd_sc_hd__bufbuf_16 sky130_fd_sc_hd__bufbuf_8 sky130_fd_sc_hd__clkdlybuf4s15_1 sky130_fd_sc_hd__clkdlybuf4s15_2 sky130_fd_sc_hd__clkdlybuf4s18_1 sky130_fd_sc_hd__clkdlybuf4s18_2 sky130_fd_sc_hd__clkdlybuf4s25_1 sky130_fd_sc_hd__clkdlybuf4s50_1 sky130_fd_sc_hd__clkdlybuf4s25_2 sky130_fd_sc_hd__clkdlybuf4s50_2 sky130_fd_sc_hd__dlygate4sd2_1 sky130_fd_sc_hd__dlygate4sd1_1 sky130_fd_sc_hd__dlygate4sd3_1 sky130_fd_sc_hd__dlymetal6s6s_1 sky130_fd_sc_hd__dlymetal6s4s_1
Total number of identified usable delay cells: 15
List of identified unusable delay cells:
Total number of identified unusable delay cells: 0

*** Summary of all messages that are not suppressed in this session:
Severity  ID               Count  Summary                                  
WARNING   IMPLF-201            5  Pin '%s' in macro '%s' has no ANTENNADIF...
WARNING   IMPLF-108            1  There is no overlap layer defined in any...
WARNING   IMPEXT-2766          6  The sheet resistance for layer %s is not...
WARNING   IMPEXT-2773          6  The via resistance between layers %s and...
WARNING   TCLCMD-1461          2  Skipped unsupported command: %s          
WARNING   TECHLIB-302         12  No function defined for cell '%s'. The c...
*** Message Summary: 32 warning(s), 0 error(s)

<CMD> floorPlan -d 330 325 10 10 10 10
**WARN: (IMPFP-4026):	Adjusting core to 'Left' to 10.120000 due to track/row misalignment. To force the value, specify the -noSnapToGrid option or use fpiSetSnapRule command to specify the die/core to different grid.
**WARN: (IMPFP-4026):	Adjusting core to 'Bottom' to 9.860000 due to track/row misalignment. To force the value, specify the -noSnapToGrid option or use fpiSetSnapRule command to specify the die/core to different grid.
**WARN: (IMPFP-4026):	Adjusting core to 'Right' to 10.120000 due to track/row misalignment. To force the value, specify the -noSnapToGrid option or use fpiSetSnapRule command to specify the die/core to different grid.
**WARN: (IMPFP-4026):	Adjusting core to 'Top' to 9.860000 due to track/row misalignment. To force the value, specify the -noSnapToGrid option or use fpiSetSnapRule command to specify the die/core to different grid.
Adjust met3 preferred direction offset from 0.34 to 0.17.
Adjust met4 preferred direction offset from 0.46 to 0.23.
Adjust met5 preferred direction offset from 1.7 to 0.17.
Start create_tracks
Generated pitch 3.66 in met5 is different from 3.4 defined in technology file in preferred direction.
Generated pitch 0.69 in met4 is different from 0.92 defined in technology file in preferred direction.
Generated pitch 0.61 in met3 is different from 0.68 defined in technology file in preferred direction.
**WARN: (IMPFP-325):	Floorplan of the design is resized. All current floorplan objects are automatically derived based on specified new floorplan. This may change blocks, fixed standard cells, existing routes and blockages.
<CMD> place_opt_design
**INFO: User settings:
setDelayCalMode -engine  aae

*** place_opt_design #1 [begin] : totSession cpu/real = 0:00:10.5/0:00:10.6 (1.0), mem = 1337.1M
No user sequential activity specified, applying default sequential activity of "0.2" for Dynamic Power reporting.
'set_default_switching_activity' finished successfully.
*** Starting GigaPlace ***
Estimated cell power/ground rail width = 0.340 um
*** GlobalPlace #1 [begin] (place_opt_design #1) : totSession cpu/real = 0:00:10.5/0:00:10.6 (1.0), mem = 1339.5M
**ERROR: (IMPSP-9099):	Scan chains exist in this design but are not defined for 17.65% flops. Placement and timing QoR can be severely impacted in this case!
It is highly recommend to define scan chains either through input scan def (preferred) or specifyScanChain.
*** Start deleteBufferTree ***
Info: Detect buffers to remove automatically.
Analyzing netlist ...
Updating netlist

*summary: 867 instances (buffers/inverters) removed
*** Finish deleteBufferTree (0:00:00.3) ***
Effort level <high> specified for tdgp_reg2reg_default path_group
Deleted 0 physical inst  (cell - / prefix -).
INFO: #ExclusiveGroups=0
INFO: There are no Exclusive Groups.
Extracting standard cell pins and blockage ...... 
Pin and blockage extraction finished
Extracting macro/IO cell pins and blockage ...... 
Pin and blockage extraction finished
No user-set net weight.
Net fanout histogram:
2		: 3834 (59.3%) nets
3		: 1247 (19.3%) nets
4     -	14	: 1241 (19.2%) nets
15    -	39	: 138 (2.1%) nets
40    -	79	: 6 (0.1%) nets
80    -	159	: 2 (0.0%) nets
160   -	319	: 0 (0.0%) nets
320   -	639	: 0 (0.0%) nets
640   -	1279	: 0 (0.0%) nets
1280  -	2559	: 0 (0.0%) nets
2560  -	5119	: 0 (0.0%) nets
5120+		: 0 (0.0%) nets
Options: timingDriven clkGateAware ignoreScan pinGuide congEffort=auto gpeffort=medium 
Scan chains were not defined.
#std cell=6436 (0 fixed + 6436 movable) #buf cell=0 #inv cell=794 #block=0 (0 floating + 0 preplaced)
#ioInst=0 #net=6468 #term=21908 #term/net=3.39, #fixedIo=0, #floatIo=0, #fixedPin=0, #floatPin=4
stdCell: 6436 single + 0 double + 0 multi
Total standard cell length = 13.1404 (mm), area = 0.0357 (mm^2)
Average module density = 0.379.
Density for the design = 0.379.
       = stdcell_area 28566 sites (35742 um^2) / alloc_area 75376 sites (94310 um^2).
Pin Density = 0.2906.
            = total # of pins 21908 / total area 75376.
=== lastAutoLevel = 8 
Clock gating cells determined by native netlist tracing.
Iteration  1: Total net bbox = 3.327e-10 (1.83e-10 1.50e-10)
              Est.  stn bbox = 3.719e-10 (2.04e-10 1.68e-10)
              cpu = 0:00:00.0 real = 0:00:00.0 mem = 1427.4M
Iteration  2: Total net bbox = 3.327e-10 (1.83e-10 1.50e-10)
              Est.  stn bbox = 3.719e-10 (2.04e-10 1.68e-10)
              cpu = 0:00:00.0 real = 0:00:00.0 mem = 1427.4M
*** Finished SKP initialization (cpu=0:00:00.8, real=0:00:01.0)***
Iteration  3: Total net bbox = 1.020e+03 (5.94e+02 4.26e+02)
              Est.  stn bbox = 1.184e+03 (6.94e+02 4.91e+02)
              cpu = 0:00:00.9 real = 0:00:01.0 mem = 1475.3M
Iteration  4: Total net bbox = 5.366e+04 (2.79e+04 2.58e+04)
              Est.  stn bbox = 6.509e+04 (3.42e+04 3.09e+04)
              cpu = 0:00:00.8 real = 0:00:01.0 mem = 1490.0M
Iteration  5: Total net bbox = 5.366e+04 (2.79e+04 2.58e+04)
              Est.  stn bbox = 6.509e+04 (3.42e+04 3.09e+04)
              cpu = 0:00:00.0 real = 0:00:00.0 mem = 1490.0M
Iteration  6: Total net bbox = 1.055e+05 (5.42e+04 5.14e+04)
              Est.  stn bbox = 1.307e+05 (6.72e+04 6.35e+04)
              cpu = 0:00:00.9 real = 0:00:01.0 mem = 1476.0M
Iteration  7: Total net bbox = 1.189e+05 (5.97e+04 5.92e+04)
              Est.  stn bbox = 1.482e+05 (7.45e+04 7.37e+04)
              cpu = 0:00:01.0 real = 0:00:01.0 mem = 1476.0M
Iteration  8: Total net bbox = 1.189e+05 (5.97e+04 5.92e+04)
              Est.  stn bbox = 1.482e+05 (7.45e+04 7.37e+04)
              cpu = 0:00:00.0 real = 0:00:00.0 mem = 1476.0M
Iteration  9: Total net bbox = 1.652e+05 (7.97e+04 8.55e+04)
              Est.  stn bbox = 2.080e+05 (1.01e+05 1.07e+05)
              cpu = 0:00:01.7 real = 0:00:02.0 mem = 1473.5M
Iteration 10: Total net bbox = 1.652e+05 (7.97e+04 8.55e+04)
              Est.  stn bbox = 2.080e+05 (1.01e+05 1.07e+05)
              cpu = 0:00:00.0 real = 0:00:00.0 mem = 1473.5M
Iteration 11: Total net bbox = 1.715e+05 (7.24e+04 9.92e+04)
              Est.  stn bbox = 2.153e+05 (9.11e+04 1.24e+05)
              cpu = 0:00:03.1 real = 0:00:03.0 mem = 1473.5M
Iteration 12: Total net bbox = 1.715e+05 (7.24e+04 9.92e+04)
              Est.  stn bbox = 2.153e+05 (9.11e+04 1.24e+05)
              cpu = 0:00:00.0 real = 0:00:00.0 mem = 1473.5M
Iteration 13: Total net bbox = 1.715e+05 (7.24e+04 9.92e+04)
              Est.  stn bbox = 2.153e+05 (9.11e+04 1.24e+05)
              cpu = 0:00:00.0 real = 0:00:00.0 mem = 1473.5M
Finished Global Placement (cpu=0:00:08.5, real=0:00:10.0, mem=1473.5M)
Keep Tdgp Graph and DB for later use
Info: 0 clock gating cells identified, 0 (on average) moved 0/5
**WARN: (IMPSP-9025):	No scan chain specified/traced.
Type 'man IMPSP-9025' for more detail.
*** Starting refinePlace (0:00:19.6 mem=1473.5M) ***
Total net bbox length = 1.715e+05 (7.235e+04 9.916e+04) (ext = 5.036e+02)
Move report: Detail placement moves 6436 insts, mean move: 1.43 um, max move: 48.48 um 
	Max move on inst (g114751): (130.81, 15.29) --> (82.34, 15.30)
	Runtime: CPU: 0:00:00.4 REAL: 0:00:01.0 MEM: 1492.2MB
Summary Report:
Instances move: 6436 (out of 6436 movable)
Instances flipped: 0
Mean displacement: 1.43 um
Max displacement: 48.48 um (Instance: g114751) (130.81, 15.29) -> (82.34, 15.3)
	Length: 3 sites, height: 1 rows, site name: unithd, cell type: sky130_fd_sc_hd__inv_1
Total net bbox length = 1.707e+05 (7.094e+04 9.973e+04) (ext = 4.462e+02)
Runtime: CPU: 0:00:00.4 REAL: 0:00:01.0 MEM: 1492.2MB
*** Finished refinePlace (0:00:20.0 mem=1492.2M) ***
*** Finished Initial Placement (cpu=0:00:09.0, real=0:00:11.0, mem=1487.2M) ***
Effort level <high> specified for tdgp_reg2reg_default path_group

*** Start incrementalPlace ***
No Views given, use default active views for adaptive view pruning
SKP will enable view:
  VIEW_TYP
[NR-eGR] Track table information for default rule: 
[NR-eGR] li1 has single uniform track structure
[NR-eGR] met1 has single uniform track structure
[NR-eGR] met2 has single uniform track structure
[NR-eGR] met3 has single uniform track structure
[NR-eGR] met4 has single uniform track structure
[NR-eGR] met5 has single uniform track structure
[NR-eGR] Read 0 PG shapes
[NR-eGR] Read 0 clock shapes
[NR-eGR] Read 0 other shapes
[NR-eGR] #Routing Blockages  : 0
[NR-eGR] #Instance Blockages : 15419
[NR-eGR] #PG Blockages       : 0
[NR-eGR] #Halo Blockages     : 0
[NR-eGR] #Boundary Blockages : 0
[NR-eGR] #Clock Blockages    : 0
[NR-eGR] #Other Blockages    : 0
[NR-eGR] Num Prerouted Nets = 0  Num Prerouted Wires = 0
[NR-eGR] Read 6465 nets ( ignored 0 )
[NR-eGR] There are 1 clock nets ( 0 with NDR ).
[NR-eGR] ============ Routing rule table ============
[NR-eGR] Rule id: 0  Nets: 6465
[NR-eGR] ========================================
[NR-eGR] 
[NR-eGR] Layer group 1: route 6465 net(s) in layer range [2, 6]
[NR-eGR] Early Global Route overflow of layer group 1: 5.17% H + 3.98% V. EstWL: 2.115806e+05um
[NR-eGR] Congestion Analysis By layer: (blocked Gcells are excluded) 
[NR-eGR]                        OverCon           OverCon           OverCon            
[NR-eGR]                         #Gcell            #Gcell            #Gcell     %Gcell
[NR-eGR]        Layer             (1-2)             (3-4)               (5)    OverCon
[NR-eGR] --------------------------------------------------------------------------------
[NR-eGR]     li1 ( 1)         0( 0.00%)         0( 0.00%)         0( 0.00%)   ( 0.00%) 
[NR-eGR]    met1 ( 2)       445( 3.12%)        27( 0.19%)         0( 0.00%)   ( 3.31%) 
[NR-eGR]    met2 ( 3)       503( 3.52%)        40( 0.28%)         3( 0.02%)   ( 3.82%) 
[NR-eGR]    met3 ( 4)       417( 2.92%)        40( 0.28%)         4( 0.03%)   ( 3.23%) 
[NR-eGR]    met4 ( 5)       110( 0.77%)         5( 0.04%)         2( 0.01%)   ( 0.82%) 
[NR-eGR]    met5 ( 6)         0( 0.00%)         0( 0.00%)         0( 0.00%)   ( 0.00%) 
[NR-eGR] --------------------------------------------------------------------------------
[NR-eGR]        Total      1475( 2.18%)       112( 0.17%)         9( 0.01%)   ( 2.36%) 
[NR-eGR] 
[NR-eGR] Overflow after Early Global Route 1.41% H + 1.58% V
Early Global Route congestion estimation runtime: 0.11 seconds, mem = 1492.3M
Local HotSpot Analysis: normalized max congestion hotspot area = 7.00, normalized total congestion hotspot area = 24.00 (area is in unit of 4 std-cell row bins)
Skipped repairing congestion.
[NR-eGR]               Length (um)   Vias 
[NR-eGR] ---------------------------------
[NR-eGR]  li1   (1V)             0  21779 
[NR-eGR]  met1  (2H)         68127  31487 
[NR-eGR]  met2  (3V)         88683   3279 
[NR-eGR]  met3  (4H)         29783   1878 
[NR-eGR]  met4  (5V)         33323     54 
[NR-eGR]  met5  (6H)           104      0 
[NR-eGR] ---------------------------------
[NR-eGR]        Total       220020  58477 
[NR-eGR] --------------------------------------------------------------------------
[NR-eGR] Total half perimeter of net bounding box: 170669um
[NR-eGR] Total length: 220020um, number of vias: 58477
[NR-eGR] --------------------------------------------------------------------------
[NR-eGR] Total eGR-routed clock nets wire length: 617um, number of vias: 351
[NR-eGR] --------------------------------------------------------------------------
Early Global Route wiring runtime: 0.06 seconds, mem = 1492.3M
0 delay mode for cte disabled.

*** Finished incrementalPlace (cpu=0:00:00.2, real=0:00:00.0)***
**ERROR: (IMPSP-9099):	Scan chains exist in this design but are not defined for 17.65% flops. Placement and timing QoR can be severely impacted in this case!
It is highly recommend to define scan chains either through input scan def (preferred) or specifyScanChain.
Tdgp not successfully inited but do clear! skip clearing
**placeDesign ... cpu = 0: 0:10, real = 0: 0:11, mem = 1487.3M **
AAE DB initialization (MEM=1510.16 CPU=0:00:00.0 REAL=0:00:00.0) 
*** GlobalPlace #1 [finish] (place_opt_design #1) : cpu/real = 0:00:10.1/0:00:11.6 (0.9), totSession cpu/real = 0:00:20.6/0:00:22.3 (0.9), mem = 1510.2M
Enable CTE adjustment.
**optDesign ... cpu = 0:00:00, real = 0:00:00, mem = 1419.8M, totSessionCpu=0:00:21 **
**WARN: (IMPOPT-576):	4 nets have unplaced terms. 
GigaOpt running with 1 threads.
*** InitOpt #1 [begin] (place_opt_design #1) : totSession cpu/real = 0:00:20.6/0:00:22.3 (0.9), mem = 1510.2M
**INFO: setDesignMode -flowEffort standard -> setting 'setOptMode -allEndPoints true' for the duration of this command.
Updating RC grid for preRoute extraction ...
Initializing multi-corner resistance tables ...
**WARN: (IMPOPT-665):	clk : Net has unplaced terms or is connected to uplaced instances in design. 
Type 'man IMPOPT-665' for more detail.
**WARN: (IMPOPT-665):	rst : Net has unplaced terms or is connected to uplaced instances in design. 
Type 'man IMPOPT-665' for more detail.
**WARN: (IMPOPT-665):	rx : Net has unplaced terms or is connected to uplaced instances in design. 
Type 'man IMPOPT-665' for more detail.
**WARN: (IMPOPT-665):	tx : Net has unplaced terms or is connected to uplaced instances in design. 
Type 'man IMPOPT-665' for more detail.
AAE DB initialization (MEM=1518.18 CPU=0:00:00.0 REAL=0:00:00.0) 
Setting timing_disable_library_data_to_data_checks to 'true'.
Setting timing_disable_user_data_to_data_checks to 'true'.
**optDesign ... cpu = 0:00:01, real = 0:00:01, mem = 1427.2M, totSessionCpu=0:00:22 **
*** optDesign -preCTS ***
DRC Margin: user margin 0.0; extra margin 0.2
Setup Target Slack: user slack 0; extra slack 0.0
Hold Target Slack: user slack 0
**INFO: The delay profiles based on paritioning incorrect, turning off vt filtering
**WARN: (IMPOPT-3195):	Analysis mode has changed.
Type 'man IMPOPT-3195' for more detail.
[NR-eGR] Started Early Global Route kernel ( Curr Mem: 1518.18 MB )
[NR-eGR] Track table information for default rule: 
[NR-eGR] li1 has single uniform track structure
[NR-eGR] met1 has single uniform track structure
[NR-eGR] met2 has single uniform track structure
[NR-eGR] met3 has single uniform track structure
[NR-eGR] met4 has single uniform track structure
[NR-eGR] met5 has single uniform track structure
[NR-eGR] Read 0 PG shapes
[NR-eGR] Read 0 clock shapes
[NR-eGR] Read 0 other shapes
[NR-eGR] #Routing Blockages  : 0
[NR-eGR] #Instance Blockages : 15419
[NR-eGR] #PG Blockages       : 0
[NR-eGR] #Halo Blockages     : 0
[NR-eGR] #Boundary Blockages : 0
[NR-eGR] #Clock Blockages    : 0
[NR-eGR] #Other Blockages    : 0
[NR-eGR] Num Prerouted Nets = 0  Num Prerouted Wires = 0
[NR-eGR] Read 6465 nets ( ignored 0 )
[NR-eGR] There are 1 clock nets ( 0 with NDR ).
[NR-eGR] ============ Routing rule table ============
[NR-eGR] Rule id: 0  Nets: 6465
[NR-eGR] ========================================
[NR-eGR] 
[NR-eGR] Layer group 1: route 6465 net(s) in layer range [2, 6]
[NR-eGR] Early Global Route overflow of layer group 1: 4.84% H + 4.40% V. EstWL: 2.136125e+05um
[NR-eGR] Congestion Analysis By layer: (blocked Gcells are excluded) 
[NR-eGR]                        OverCon           OverCon           OverCon           OverCon            
[NR-eGR]                         #Gcell            #Gcell            #Gcell            #Gcell     %Gcell
[NR-eGR]        Layer             (1-2)             (3-4)             (5-6)             (7-8)    OverCon
[NR-eGR] -------------------------------------------------------------------------------------------------
[NR-eGR]     li1 ( 1)         0( 0.00%)         0( 0.00%)         0( 0.00%)         0( 0.00%)   ( 0.00%) 
[NR-eGR]    met1 ( 2)       443( 3.10%)        23( 0.16%)         0( 0.00%)         0( 0.00%)   ( 3.26%) 
[NR-eGR]    met2 ( 3)       576( 4.03%)        32( 0.22%)         0( 0.00%)         0( 0.00%)   ( 4.26%) 
[NR-eGR]    met3 ( 4)       435( 3.05%)        37( 0.26%)         4( 0.03%)         1( 0.01%)   ( 3.34%) 
[NR-eGR]    met4 ( 5)        87( 0.61%)         2( 0.01%)         1( 0.01%)         0( 0.00%)   ( 0.63%) 
[NR-eGR]    met5 ( 6)         0( 0.00%)         0( 0.00%)         0( 0.00%)         0( 0.00%)   ( 0.00%) 
[NR-eGR] -------------------------------------------------------------------------------------------------
[NR-eGR]        Total      1541( 2.28%)        94( 0.14%)         5( 0.01%)         1( 0.00%)   ( 2.42%) 
[NR-eGR] 
[NR-eGR] Overflow after Early Global Route 1.33% H + 1.78% V
[NR-eGR]               Length (um)   Vias 
[NR-eGR] ---------------------------------
[NR-eGR]  li1   (1V)             0  21779 
[NR-eGR]  met1  (2H)         68355  31422 
[NR-eGR]  met2  (3V)         89172   3327 
[NR-eGR]  met3  (4H)         29879   1903 
[NR-eGR]  met4  (5V)         34344     43 
[NR-eGR]  met5  (6H)           151      0 
[NR-eGR] ---------------------------------
[NR-eGR]        Total       221901  58474 
[NR-eGR] --------------------------------------------------------------------------
[NR-eGR] Total half perimeter of net bounding box: 170669um
[NR-eGR] Total length: 221901um, number of vias: 58474
[NR-eGR] --------------------------------------------------------------------------
[NR-eGR] Total eGR-routed clock nets wire length: 630um, number of vias: 357
[NR-eGR] --------------------------------------------------------------------------
[NR-eGR] Finished Early Global Route kernel ( CPU: 0.18 sec, Real: 0.18 sec, Curr Mem: 1520.68 MB )
Extraction called for design 'coprocessor' of instances=6436 and nets=6477 using extraction engine 'preRoute' .
**WARN: (IMPEXT-3530):	The process node is not set. Use the command setDesignMode -process <process node> prior to extraction for maximum accuracy and optimal automatic threshold setting.
Type 'man IMPEXT-3530' for more detail.
PreRoute RC Extraction called for design coprocessor.
RC Extraction called in multi-corner(1) mode.
**WARN: (IMPEXT-6197):	The Cap table file is not specified. This will result in lower parasitic accuracy when using preRoute extraction or postRoute extraction with effort level 'low'. It is recommended to generate the Cap table file using the 'generateCapTbl' command and specify it before extraction using 'create_rc_corner/update_rc_corner -cap_table'.
Type 'man IMPEXT-6197' for more detail.
RCMode: PreRoute
      RC Corner Indexes            0   
Capacitance Scaling Factor   : 1.00000 
Resistance Scaling Factor    : 1.00000 
Clock Cap. Scaling Factor    : 1.00000 
Clock Res. Scaling Factor    : 1.00000 
Shrink Factor                : 1.00000
PreRoute extraction is honoring NDR/Shielding/ExtraSpace for clock nets.
Updating RC grid for preRoute extraction ...
Initializing multi-corner resistance tables ...
PreRoute RC Extraction DONE (CPU Time: 0:00:00.0  Real Time: 0:00:00.0  MEM: 1520.684M)
Starting delay calculation for Setup views
AAE_INFO: opIsDesignInPostRouteState() is 0
#################################################################################
# Design Stage: PreRoute
# Design Name: coprocessor
# Design Mode: 90nm
# Analysis Mode: MMMC Non-OCV 
# Parasitics Mode: No SPEF/RCDB 
# Signoff Settings: SI Off 
#################################################################################
Calculate delays in Single mode...
Start delay calculation (fullDC) (1 T). (MEM=1527.46)
siFlow : Timing analysis mode is single, using late cdB files
**WARN: (IMPEXT-2882):	Unable to find the resistance for via 'L1M1_PR' in Cap table or LEF or OA files. The default value of 4.0 ohms is being assigned. To avoid this, check the Cap table and LEF and OA files, provide the resistance and read the files again.
**WARN: (IMPEXT-2882):	Unable to find the resistance for via 'M1M2_PR_M' in Cap table or LEF or OA files. The default value of 4.0 ohms is being assigned. To avoid this, check the Cap table and LEF and OA files, provide the resistance and read the files again.
**WARN: (IMPEXT-2882):	Unable to find the resistance for via 'M2M3_PR_MR' in Cap table or LEF or OA files. The default value of 4.0 ohms is being assigned. To avoid this, check the Cap table and LEF and OA files, provide the resistance and read the files again.
**WARN: (IMPEXT-2882):	Unable to find the resistance for via 'M3M4_PR_MR' in Cap table or LEF or OA files. The default value of 4.0 ohms is being assigned. To avoid this, check the Cap table and LEF and OA files, provide the resistance and read the files again.
**WARN: (IMPEXT-2882):	Unable to find the resistance for via 'M4M5_PR_MR' in Cap table or LEF or OA files. The default value of 4.0 ohms is being assigned. To avoid this, check the Cap table and LEF and OA files, provide the resistance and read the files again.
Total number of fetched objects 6470
End delay calculation. (MEM=1664.6 CPU=0:00:00.5 REAL=0:00:00.0)
End delay calculation (fullDC). (MEM=1664.6 CPU=0:00:00.6 REAL=0:00:01.0)
*** Done Building Timing Graph (cpu=0:00:00.8 real=0:00:01.0 totSessionCpu=0:00:23.5 mem=1656.6M)

------------------------------------------------------------------
             Initial Summary
------------------------------------------------------------------

Setup views included:
 VIEW_TYP 

+--------------------+---------+
|     Setup mode     |   all   |
+--------------------+---------+
|           WNS (ns):| -8.168  |
|           TNS (ns):|-135.152 |
|    Violating Paths:|   18    |
|          All Paths:|   345   |
+--------------------+---------+

+----------------+-------------------------------+------------------+
|                |              Real             |       Total      |
|    DRVs        +------------------+------------+------------------|
|                |  Nr nets(terms)  | Worst Vio  |  Nr nets(terms)  |
+----------------+------------------+------------+------------------+
|   max_cap      |     14 (14)      |   -0.342   |     14 (14)      |
|   max_tran     |     14 (442)     |   -2.728   |     14 (442)     |
|   max_fanout   |      0 (0)       |     0      |      0 (0)       |
|   max_length   |      0 (0)       |     0      |      0 (0)       |
+----------------+------------------+------------+------------------+

Density: 37.898%
------------------------------------------------------------------
**optDesign ... cpu = 0:00:03, real = 0:00:03, mem = 1476.3M, totSessionCpu=0:00:24 **
*** InitOpt #1 [finish] (place_opt_design #1) : cpu/real = 0:00:02.9/0:00:02.9 (1.0), totSession cpu/real = 0:00:23.5/0:00:25.2 (0.9), mem = 1628.9M
** INFO : this run is activating medium effort placeOptDesign flow
*** Starting optimizing excluded clock nets MEM= 1628.9M) ***
*info: No excluded clock nets to be optimized.
*** Finished optimizing excluded clock nets (CPU Time= 0:00:00.0  MEM= 1628.9M) ***
Begin: GigaOpt Route Type Constraints Refinement
*** CongRefineRouteType #1 [begin] (place_opt_design #1) : totSession cpu/real = 0:00:23.6/0:00:25.2 (0.9), mem = 1628.9M
Updated routing constraints on 0 nets.
Bottom Preferred Layer:
    None
Via Pillar Rule:
    None
*** CongRefineRouteType #1 [finish] (place_opt_design #1) : cpu/real = 0:00:00.1/0:00:00.1 (1.0), totSession cpu/real = 0:00:23.6/0:00:25.3 (0.9), mem = 1739.8M
End: GigaOpt Route Type Constraints Refinement
The useful skew maximum allowed delay is: 0.3
*** SimplifyNetlist #1 [begin] (place_opt_design #1) : totSession cpu/real = 0:00:23.7/0:00:25.3 (0.9), mem = 1737.8M
Info: 1 clock net  excluded from IPO operation.

Footprint cell information for calculating maxBufDist
*info: There are 13 candidate Buffer cells
*info: There are 13 candidate Inverter cells


Netlist preparation processing... 
Removed 0 instance
*info: Marking 0 isolation instances dont touch
*info: Marking 0 level shifter instances dont touch
*** SimplifyNetlist #1 [finish] (place_opt_design #1) : cpu/real = 0:00:01.1/0:00:01.1 (1.0), totSession cpu/real = 0:00:24.8/0:00:26.4 (0.9), mem = 1703.0M
Begin: GigaOpt high fanout net optimization
*** DrvOpt #1 [begin] (place_opt_design #1) : totSession cpu/real = 0:00:24.8/0:00:26.4 (0.9), mem = 1703.0M
Info: 1 clock net  excluded from IPO operation.
*** DrvOpt #1 [finish] (place_opt_design #1) : cpu/real = 0:00:00.9/0:00:00.9 (1.0), totSession cpu/real = 0:00:25.7/0:00:27.4 (0.9), mem = 1703.1M
End: GigaOpt high fanout net optimization
Begin: GigaOpt DRV Optimization
*** DrvOpt #2 [begin] (place_opt_design #1) : totSession cpu/real = 0:00:25.7/0:00:27.4 (0.9), mem = 1703.1M
Info: 1 clock net  excluded from IPO operation.
+-------------------------------------------------------------------------------------------------------------------------------------------------------+
|        max-tran       |        max-cap        |  max-fanout |  max-length |       setup       |        |        |        |       |          |         |
+-------------------------------------------------------------------------------------------------------------------------------------------------------+
| nets | terms|  wViol  | nets | terms|  wViol  | nets | terms| nets | terms|   WNS   |   TNS   |  #Buf  |  #Inv  | #Resize|Density|   Real   |   Mem   |
+-------------------------------------------------------------------------------------------------------------------------------------------------------+
|    24|   656|    -3.03|    24|    24|    -0.38|     0|     0|     0|     0|    -8.17|  -135.15|       0|       0|       0| 37.90%|          |         |
|     0|     0|     0.00|     0|     0|     0.00|     0|     0|     0|     0|    -6.68|  -111.37|      13|       0|      13| 37.98%| 0:00:00.0|  1798.9M|
|     0|     0|     0.00|     0|     0|     0.00|     0|     0|     0|     0|    -6.68|  -111.37|       0|       0|       0| 37.98%| 0:00:00.0|  1798.9M|
+-------------------------------------------------------------------------------------------------------------------------------------------------------+
Bottom Preferred Layer:
    None
Via Pillar Rule:
    None

*** Finish DRV Fixing (cpu=0:00:00.6 real=0:00:00.0 mem=1798.9M) ***

*** DrvOpt #2 [finish] (place_opt_design #1) : cpu/real = 0:00:00.8/0:00:00.8 (1.0), totSession cpu/real = 0:00:26.5/0:00:28.2 (0.9), mem = 1718.9M
End: GigaOpt DRV Optimization
**optDesign ... cpu = 0:00:06, real = 0:00:06, mem = 1551.1M, totSessionCpu=0:00:27 **

Active setup views:
 VIEW_TYP
  Dominating endpoints: 0
  Dominating TNS: -0.000

Begin: GigaOpt Global Optimization
*info: use new DP (enabled)
Info: 1 clock net  excluded from IPO operation.
*** GlobalOpt #1 [begin] (place_opt_design #1) : totSession cpu/real = 0:00:26.6/0:00:28.2 (0.9), mem = 1757.0M
*info: 1 clock net excluded
*info: 7 no-driver nets excluded.
** GigaOpt Global Opt WNS Slack -6.678  TNS Slack -111.370 
+--------+--------+---------+------------+--------+----------+---------+--------------------------------------------------+
|  WNS   |  TNS   | Density |    Real    |  Mem   |Worst View|Pathgroup|                    End Point                     |
+--------+--------+---------+------------+--------+----------+---------+--------------------------------------------------+
|  -6.678|-111.370|   37.98%|   0:00:00.0| 1795.2M|  VIEW_TYP|  default| result_r_reg[10]/D                               |
|  -3.605| -58.417|   38.56%|   0:00:03.0| 1822.3M|  VIEW_TYP|  default| result_r_reg[10]/D                               |
|  -3.314| -55.044|   38.80%|   0:00:00.0| 1825.0M|  VIEW_TYP|  default| result_r_reg[10]/D                               |
|  -3.314| -55.044|   38.80%|   0:00:01.0| 1825.0M|  VIEW_TYP|  default| result_r_reg[10]/D                               |
|  -2.690| -42.343|   39.20%|   0:00:02.0| 1825.0M|  VIEW_TYP|  default| result_r_reg[12]/D                               |
|  -2.100| -31.802|   39.36%|   0:00:02.0| 1829.5M|  VIEW_TYP|  default| result_r_reg[10]/D                               |
|  -2.100| -31.656|   39.38%|   0:00:00.0| 1831.3M|  VIEW_TYP|  default| result_r_reg[10]/D                               |
|  -2.100| -31.656|   39.38%|   0:00:01.0| 1831.3M|  VIEW_TYP|  default| result_r_reg[10]/D                               |
|  -2.000| -29.659|   39.52%|   0:00:00.0| 1831.3M|  VIEW_TYP|  default| result_r_reg[10]/D                               |
|  -1.542| -22.367|   39.77%|   0:00:01.0| 1831.3M|  VIEW_TYP|  default| result_r_reg[10]/D                               |
|  -1.542| -22.365|   39.79%|   0:00:00.0| 1833.1M|  VIEW_TYP|  default| result_r_reg[10]/D                               |
|  -1.542| -22.365|   39.79%|   0:00:00.0| 1833.1M|  VIEW_TYP|  default| result_r_reg[10]/D                               |
|  -1.516| -21.749|   39.95%|   0:00:01.0| 1833.1M|  VIEW_TYP|  default| result_r_reg[12]/D                               |
|  -1.306| -18.585|   40.19%|   0:00:01.0| 1852.1M|  VIEW_TYP|  default| result_r_reg[12]/D                               |
|  -1.306| -18.585|   40.23%|   0:00:00.0| 1852.1M|  VIEW_TYP|  default| result_r_reg[12]/D                               |
|  -1.306| -18.585|   40.23%|   0:00:00.0| 1852.1M|  VIEW_TYP|  default| result_r_reg[12]/D                               |
|  -1.130| -15.443|   40.41%|   0:00:01.0| 1852.1M|  VIEW_TYP|  default| result_r_reg[10]/D                               |
|  -0.925| -12.472|   40.55%|   0:00:01.0| 1852.1M|  VIEW_TYP|  default| result_r_reg[10]/D                               |
|  -0.897| -12.054|   40.57%|   0:00:00.0| 1852.1M|  VIEW_TYP|  default| result_r_reg[10]/D                               |
|  -0.897| -12.054|   40.57%|   0:00:00.0| 1852.1M|  VIEW_TYP|  default| result_r_reg[10]/D                               |
|  -0.823| -10.914|   40.81%|   0:00:01.0| 1852.1M|  VIEW_TYP|  default| result_r_reg[10]/D                               |
|  -0.806| -10.948|   40.94%|   0:00:01.0| 1852.1M|  VIEW_TYP|  default| result_r_reg[10]/D                               |
+--------+--------+---------+------------+--------+----------+---------+--------------------------------------------------+

*** Finish pre-CTS Global Setup Fixing (cpu=0:00:15.9 real=0:00:16.0 mem=1852.1M) ***

*** Finish pre-CTS Setup Fixing (cpu=0:00:15.9 real=0:00:16.0 mem=1852.1M) ***
Bottom Preferred Layer:
    None
Via Pillar Rule:
    None
** GigaOpt Global Opt End WNS Slack -0.806  TNS Slack -10.948 
*** GlobalOpt #1 [finish] (place_opt_design #1) : cpu/real = 0:00:16.9/0:00:16.9 (1.0), totSession cpu/real = 0:00:43.4/0:00:45.1 (1.0), mem = 1749.1M
End: GigaOpt Global Optimization
*** Timing NOT met, worst failing slack is -0.806
*** Check timing (0:00:00.0)
Info: 1 clock net  excluded from IPO operation.
Begin: Area Reclaim Optimization
*** AreaOpt #1 [begin] (place_opt_design #1) : totSession cpu/real = 0:00:43.5/0:00:45.2 (1.0), mem = 1806.3M
Reclaim Optimization WNS Slack -0.806  TNS Slack -10.948 Density 40.94
+---------+---------+--------+--------+------------+--------+
| Density | Commits |  WNS   |  TNS   |    Real    |  Mem   |
+---------+---------+--------+--------+------------+--------+
|   40.94%|        -|  -0.806| -10.948|   0:00:00.0| 1808.3M|
|   40.93%|        2|  -0.806| -10.948|   0:00:00.0| 1831.9M|
|   40.93%|        0|  -0.806| -10.948|   0:00:00.0| 1831.9M|
|   40.88%|       10|  -0.806| -10.951|   0:00:01.0| 1831.9M|
|   40.65%|       94|  -0.769| -10.454|   0:00:01.0| 1831.9M|
|   40.65%|        2|  -0.768| -10.480|   0:00:00.0| 1831.9M|
|   40.65%|        1|  -0.768| -10.480|   0:00:00.0| 1831.9M|
|   40.65%|        0|  -0.768| -10.480|   0:00:00.0| 1831.9M|
|   40.65%|        0|  -0.768| -10.480|   0:00:00.0| 1831.9M|
+---------+---------+--------+--------+------------+--------+
Reclaim Optimization End WNS Slack -0.768  TNS Slack -10.480 Density 40.65
Bottom Preferred Layer:
    None
Via Pillar Rule:
    None

Number of times islegalLocAvaiable called = 0 skipped = 0, called in commitmove = 0, skipped in commitmove = 0
End: Core Area Reclaim Optimization (cpu = 0:00:02.8) (real = 0:00:03.0) **
*** AreaOpt #1 [finish] (place_opt_design #1) : cpu/real = 0:00:02.8/0:00:02.9 (1.0), totSession cpu/real = 0:00:46.3/0:00:48.1 (1.0), mem = 1831.9M
Executing incremental physical updates
Executing incremental physical updates
End: Area Reclaim Optimization (cpu=0:00:03, real=0:00:03, mem=1751.82M, totSessionCpu=0:00:46).
*** IncrReplace #1 [begin] (place_opt_design #1) : totSession cpu/real = 0:00:46.4/0:00:48.1 (1.0), mem = 1751.8M

*** Start incrementalPlace ***
No Views given, use default active views for adaptive view pruning
SKP will enable view:
  VIEW_TYP
[NR-eGR] Track table information for default rule: 
[NR-eGR] li1 has single uniform track structure
[NR-eGR] met1 has single uniform track structure
[NR-eGR] met2 has single uniform track structure
[NR-eGR] met3 has single uniform track structure
[NR-eGR] met4 has single uniform track structure
[NR-eGR] met5 has single uniform track structure
[NR-eGR] Read 0 PG shapes
[NR-eGR] Read 0 clock shapes
[NR-eGR] Read 0 other shapes
[NR-eGR] #Routing Blockages  : 0
[NR-eGR] #Instance Blockages : 16159
[NR-eGR] #PG Blockages       : 0
[NR-eGR] #Halo Blockages     : 0
[NR-eGR] #Boundary Blockages : 0
[NR-eGR] #Clock Blockages    : 0
[NR-eGR] #Other Blockages    : 0
[NR-eGR] Num Prerouted Nets = 0  Num Prerouted Wires = 0
[NR-eGR] Read 6835 nets ( ignored 0 )
[NR-eGR] There are 1 clock nets ( 0 with NDR ).
[NR-eGR] ============ Routing rule table ============
[NR-eGR] Rule id: 0  Nets: 6834
[NR-eGR] ========================================
[NR-eGR] 
[NR-eGR] Layer group 1: route 6834 net(s) in layer range [2, 6]
[NR-eGR] Early Global Route overflow of layer group 1: 5.68% H + 4.29% V. EstWL: 2.142245e+05um
[NR-eGR] Congestion Analysis By layer: (blocked Gcells are excluded) 
[NR-eGR]                        OverCon           OverCon           OverCon           OverCon            
[NR-eGR]                         #Gcell            #Gcell            #Gcell            #Gcell     %Gcell
[NR-eGR]        Layer             (1-2)             (3-4)             (5-6)               (7)    OverCon
[NR-eGR] -------------------------------------------------------------------------------------------------
[NR-eGR]     li1 ( 1)         0( 0.00%)         0( 0.00%)         0( 0.00%)         0( 0.00%)   ( 0.00%) 
[NR-eGR]    met1 ( 2)       488( 3.42%)        49( 0.34%)         5( 0.04%)         1( 0.01%)   ( 3.80%) 
[NR-eGR]    met2 ( 3)       488( 3.42%)        42( 0.29%)         0( 0.00%)         0( 0.00%)   ( 3.71%) 
[NR-eGR]    met3 ( 4)       460( 3.22%)        54( 0.38%)         3( 0.02%)         2( 0.01%)   ( 3.63%) 
[NR-eGR]    met4 ( 5)        88( 0.62%)         4( 0.03%)         0( 0.00%)         0( 0.00%)   ( 0.64%) 
[NR-eGR]    met5 ( 6)         0( 0.00%)         0( 0.00%)         0( 0.00%)         0( 0.00%)   ( 0.00%) 
[NR-eGR] -------------------------------------------------------------------------------------------------
[NR-eGR]        Total      1524( 2.25%)       149( 0.22%)         8( 0.01%)         3( 0.00%)   ( 2.49%) 
[NR-eGR] 
[NR-eGR] Overflow after Early Global Route 1.75% H + 1.65% V
Early Global Route congestion estimation runtime: 0.11 seconds, mem = 1753.8M
Local HotSpot Analysis: normalized max congestion hotspot area = 3.00, normalized total congestion hotspot area = 26.00 (area is in unit of 4 std-cell row bins)

=== incrementalPlace Internal Loop 1 ===
*** Finished SKP initialization (cpu=0:00:00.2, real=0:00:01.0)***
Iteration  6: Total net bbox = 1.760e+05 (8.55e+04 9.06e+04)
              Est.  stn bbox = 2.117e+05 (1.03e+05 1.08e+05)
              cpu = 0:00:01.0 real = 0:00:01.0 mem = 1765.2M
Iteration  7: Total net bbox = 1.800e+05 (8.75e+04 9.25e+04)
              Est.  stn bbox = 2.162e+05 (1.05e+05 1.11e+05)
              cpu = 0:00:01.3 real = 0:00:01.0 mem = 1759.8M
Iteration  8: Total net bbox = 1.806e+05 (8.79e+04 9.27e+04)
              Est.  stn bbox = 2.168e+05 (1.06e+05 1.11e+05)
              cpu = 0:00:01.0 real = 0:00:01.0 mem = 1756.8M
Iteration  9: Total net bbox = 1.802e+05 (8.81e+04 9.21e+04)
              Est.  stn bbox = 2.154e+05 (1.06e+05 1.10e+05)
              cpu = 0:00:01.2 real = 0:00:02.0 mem = 1756.8M
Iteration 10: Total net bbox = 1.652e+05 (7.33e+04 9.19e+04)
              Est.  stn bbox = 1.968e+05 (8.75e+04 1.09e+05)
              cpu = 0:00:00.9 real = 0:00:01.0 mem = 1756.8M
Move report: Timing Driven Placement moves 6806 insts, mean move: 27.43 um, max move: 243.78 um 
	Max move on inst (FE_OFC742_n_2552): (121.90, 159.46) --> (226.93, 298.20)

Finished Incremental Placement (cpu=0:00:05.9, real=0:00:07.0, mem=1756.8M)
**WARN: (IMPSP-9025):	No scan chain specified/traced.
Type 'man IMPSP-9025' for more detail.
*** Starting refinePlace (0:00:52.5 mem=1756.8M) ***
Total net bbox length = 1.686e+05 (7.540e+04 9.321e+04) (ext = 4.568e+02)
**WARN: (IMPSP-5140):	Global net connect rules have not been created. Added  insts would have no supply connectivity, and would fail DRC.
Type 'man IMPSP-5140' for more detail.
**WARN: (IMPSP-315):	Found 6806 instances insts with no PG Term connections.
Type 'man IMPSP-315' for more detail.
Move report: Detail placement moves 6804 insts, mean move: 0.51 um, max move: 28.00 um 
	Max move on inst (g114751): (84.12, 12.59) --> (56.12, 12.58)
	Runtime: CPU: 0:00:00.3 REAL: 0:00:00.0 MEM: 1759.6MB
Summary Report:
Instances move: 6804 (out of 6806 movable)
Instances flipped: 2
Mean displacement: 0.51 um
Max displacement: 28.00 um (Instance: g114751) (84.116, 12.586) -> (56.12, 12.58)
	Length: 4 sites, height: 1 rows, site name: unithd, cell type: sky130_fd_sc_hd__clkinv_2
Total net bbox length = 1.656e+05 (7.214e+04 9.347e+04) (ext = 4.203e+02)
Runtime: CPU: 0:00:00.3 REAL: 0:00:00.0 MEM: 1759.6MB
*** Finished refinePlace (0:00:52.8 mem=1759.6M) ***
[NR-eGR] Track table information for default rule: 
[NR-eGR] li1 has single uniform track structure
[NR-eGR] met1 has single uniform track structure
[NR-eGR] met2 has single uniform track structure
[NR-eGR] met3 has single uniform track structure
[NR-eGR] met4 has single uniform track structure
[NR-eGR] met5 has single uniform track structure
[NR-eGR] Read 0 PG shapes
[NR-eGR] Read 0 clock shapes
[NR-eGR] Read 0 other shapes
[NR-eGR] #Routing Blockages  : 0
[NR-eGR] #Instance Blockages : 16159
[NR-eGR] #PG Blockages       : 0
[NR-eGR] #Halo Blockages     : 0
[NR-eGR] #Boundary Blockages : 0
[NR-eGR] #Clock Blockages    : 0
[NR-eGR] #Other Blockages    : 0
[NR-eGR] Num Prerouted Nets = 0  Num Prerouted Wires = 0
[NR-eGR] Read 6835 nets ( ignored 0 )
[NR-eGR] There are 1 clock nets ( 0 with NDR ).
[NR-eGR] ============ Routing rule table ============
[NR-eGR] Rule id: 0  Nets: 6835
[NR-eGR] ========================================
[NR-eGR] 
[NR-eGR] Layer group 1: route 6835 net(s) in layer range [2, 6]
[NR-eGR] Early Global Route overflow of layer group 1: 5.38% H + 4.88% V. EstWL: 1.948309e+05um
[NR-eGR] Congestion Analysis By layer: (blocked Gcells are excluded) 
[NR-eGR]                        OverCon           OverCon           OverCon            
[NR-eGR]                         #Gcell            #Gcell            #Gcell     %Gcell
[NR-eGR]        Layer             (1-2)             (3-4)             (5-6)    OverCon
[NR-eGR] --------------------------------------------------------------------------------
[NR-eGR]     li1 ( 1)         0( 0.00%)         0( 0.00%)         0( 0.00%)   ( 0.00%) 
[NR-eGR]    met1 ( 2)       500( 3.50%)        38( 0.27%)         2( 0.01%)   ( 3.78%) 
[NR-eGR]    met2 ( 3)       645( 4.52%)        46( 0.32%)         0( 0.00%)   ( 4.84%) 
[NR-eGR]    met3 ( 4)       457( 3.20%)        48( 0.34%)         3( 0.02%)   ( 3.56%) 
[NR-eGR]    met4 ( 5)        56( 0.39%)         3( 0.02%)         0( 0.00%)   ( 0.41%) 
[NR-eGR]    met5 ( 6)         1( 0.01%)         0( 0.00%)         0( 0.00%)   ( 0.01%) 
[NR-eGR] --------------------------------------------------------------------------------
[NR-eGR]        Total      1659( 2.45%)       135( 0.20%)         5( 0.01%)   ( 2.66%) 
[NR-eGR] 
[NR-eGR] Overflow after Early Global Route 1.64% H + 1.86% V
Early Global Route congestion estimation runtime: 0.11 seconds, mem = 1753.6M
Local HotSpot Analysis: normalized max congestion hotspot area = 22.00, normalized total congestion hotspot area = 42.00 (area is in unit of 4 std-cell row bins)

=== incrementalPlace Internal Loop 2 ===
Iteration  6: Total net bbox = 1.682e+05 (7.85e+04 8.97e+04)
              Est.  stn bbox = 2.052e+05 (9.60e+04 1.09e+05)
              cpu = 0:00:01.2 real = 0:00:01.0 mem = 1764.9M
Iteration  7: Total net bbox = 1.667e+05 (7.83e+04 8.84e+04)
              Est.  stn bbox = 2.032e+05 (9.56e+04 1.08e+05)
              cpu = 0:00:00.6 real = 0:00:00.0 mem = 1760.9M
Iteration  8: Total net bbox = 1.939e+05 (9.13e+04 1.03e+05)
              Est.  stn bbox = 2.333e+05 (1.10e+05 1.23e+05)
              cpu = 0:00:00.9 real = 0:00:01.0 mem = 1760.9M
Iteration  9: Total net bbox = 1.935e+05 (9.22e+04 1.01e+05)
              Est.  stn bbox = 2.318e+05 (1.11e+05 1.21e+05)
              cpu = 0:00:01.5 real = 0:00:02.0 mem = 1760.9M
Iteration 10: Total net bbox = 1.799e+05 (7.87e+04 1.01e+05)
              Est.  stn bbox = 2.150e+05 (9.42e+04 1.21e+05)
              cpu = 0:00:00.9 real = 0:00:01.0 mem = 1760.9M
Move report: Timing Driven Placement moves 6806 insts, mean move: 14.69 um, max move: 114.47 um 
	Max move on inst (g110773): (241.50, 156.74) --> (293.41, 94.18)

Finished Incremental Placement (cpu=0:00:05.3, real=0:00:06.0, mem=1760.9M)
*** Starting refinePlace (0:00:58.2 mem=1760.9M) ***
Total net bbox length = 1.832e+05 (8.076e+04 1.024e+05) (ext = 4.094e+02)
**WARN: (IMPSP-5140):	Global net connect rules have not been created. Added  insts would have no supply connectivity, and would fail DRC.
Type 'man IMPSP-5140' for more detail.
**WARN: (IMPSP-315):	Found 6806 instances insts with no PG Term connections.
Type 'man IMPSP-315' for more detail.
Move report: Detail placement moves 6806 insts, mean move: 0.49 um, max move: 13.74 um 
	Max move on inst (g110733__8428): (127.50, 211.16) --> (141.22, 211.14)
	Runtime: CPU: 0:00:00.3 REAL: 0:00:00.0 MEM: 1760.9MB
Summary Report:
Instances move: 6806 (out of 6806 movable)
Instances flipped: 0
Mean displacement: 0.49 um
Max displacement: 13.74 um (Instance: g110733__8428) (127.5, 211.158) -> (141.22, 211.14)
	Length: 3 sites, height: 1 rows, site name: unithd, cell type: sky130_fd_sc_hd__nand2_1
Total net bbox length = 1.799e+05 (7.734e+04 1.026e+05) (ext = 4.099e+02)
Runtime: CPU: 0:00:00.3 REAL: 0:00:00.0 MEM: 1760.9MB
*** Finished refinePlace (0:00:58.5 mem=1760.9M) ***
[NR-eGR] Track table information for default rule: 
[NR-eGR] li1 has single uniform track structure
[NR-eGR] met1 has single uniform track structure
[NR-eGR] met2 has single uniform track structure
[NR-eGR] met3 has single uniform track structure
[NR-eGR] met4 has single uniform track structure
[NR-eGR] met5 has single uniform track structure
[NR-eGR] Read 0 PG shapes
[NR-eGR] Read 0 clock shapes
[NR-eGR] Read 0 other shapes
[NR-eGR] #Routing Blockages  : 0
[NR-eGR] #Instance Blockages : 16159
[NR-eGR] #PG Blockages       : 0
[NR-eGR] #Halo Blockages     : 0
[NR-eGR] #Boundary Blockages : 0
[NR-eGR] #Clock Blockages    : 0
[NR-eGR] #Other Blockages    : 0
[NR-eGR] Num Prerouted Nets = 0  Num Prerouted Wires = 0
[NR-eGR] Read 6835 nets ( ignored 0 )
[NR-eGR] There are 1 clock nets ( 0 with NDR ).
[NR-eGR] ============ Routing rule table ============
[NR-eGR] Rule id: 0  Nets: 6835
[NR-eGR] ========================================
[NR-eGR] 
[NR-eGR] Layer group 1: route 6835 net(s) in layer range [2, 6]
[NR-eGR] Early Global Route overflow of layer group 1: 3.21% H + 2.57% V. EstWL: 2.127883e+05um
[NR-eGR] Congestion Analysis By layer: (blocked Gcells are excluded) 
[NR-eGR]                        OverCon           OverCon           OverCon            
[NR-eGR]                         #Gcell            #Gcell            #Gcell     %Gcell
[NR-eGR]        Layer             (1-2)             (3-4)             (5-6)    OverCon
[NR-eGR] --------------------------------------------------------------------------------
[NR-eGR]     li1 ( 1)         0( 0.00%)         0( 0.00%)         0( 0.00%)   ( 0.00%) 
[NR-eGR]    met1 ( 2)       330( 2.31%)        13( 0.09%)         0( 0.00%)   ( 2.40%) 
[NR-eGR]    met2 ( 3)       432( 3.03%)        25( 0.18%)         2( 0.01%)   ( 3.21%) 
[NR-eGR]    met3 ( 4)       401( 2.81%)        29( 0.20%)         2( 0.01%)   ( 3.02%) 
[NR-eGR]    met4 ( 5)        49( 0.34%)         0( 0.00%)         0( 0.00%)   ( 0.34%) 
[NR-eGR]    met5 ( 6)         0( 0.00%)         0( 0.00%)         0( 0.00%)   ( 0.00%) 
[NR-eGR] --------------------------------------------------------------------------------
[NR-eGR]        Total      1212( 1.79%)        67( 0.10%)         4( 0.01%)   ( 1.90%) 
[NR-eGR] 
[NR-eGR] Overflow after Early Global Route 0.90% H + 0.81% V
Early Global Route congestion estimation runtime: 0.11 seconds, mem = 1754.9M
Local HotSpot Analysis: normalized max congestion hotspot area = 2.00, normalized total congestion hotspot area = 7.00 (area is in unit of 4 std-cell row bins)
[NR-eGR]               Length (um)   Vias 
[NR-eGR] ---------------------------------
[NR-eGR]  li1   (1V)             0  22513 
[NR-eGR]  met1  (2H)         69323  32691 
[NR-eGR]  met2  (3V)         90675   3063 
[NR-eGR]  met3  (4H)         30498   1676 
[NR-eGR]  met4  (5V)         30893     20 
[NR-eGR]  met5  (6H)            66      0 
[NR-eGR] ---------------------------------
[NR-eGR]        Total       221454  59963 
[NR-eGR] --------------------------------------------------------------------------
[NR-eGR] Total half perimeter of net bounding box: 179942um
[NR-eGR] Total length: 221454um, number of vias: 59963
[NR-eGR] --------------------------------------------------------------------------
[NR-eGR] Total eGR-routed clock nets wire length: 646um, number of vias: 345
[NR-eGR] --------------------------------------------------------------------------
Early Global Route wiring runtime: 0.07 seconds, mem = 1754.9M
0 delay mode for cte disabled.

*** Finished incrementalPlace (cpu=0:00:12.4, real=0:00:13.0)***
Start to check current routing status for nets...
All nets are already routed correctly.
End to check current routing status for nets (mem=1745.9M)
Extraction called for design 'coprocessor' of instances=6806 and nets=6847 using extraction engine 'preRoute' .
**WARN: (IMPEXT-3530):	The process node is not set. Use the command setDesignMode -process <process node> prior to extraction for maximum accuracy and optimal automatic threshold setting.
Type 'man IMPEXT-3530' for more detail.
PreRoute RC Extraction called for design coprocessor.
RC Extraction called in multi-corner(1) mode.
**WARN: (IMPEXT-6197):	The Cap table file is not specified. This will result in lower parasitic accuracy when using preRoute extraction or postRoute extraction with effort level 'low'. It is recommended to generate the Cap table file using the 'generateCapTbl' command and specify it before extraction using 'create_rc_corner/update_rc_corner -cap_table'.
Type 'man IMPEXT-6197' for more detail.
RCMode: PreRoute
      RC Corner Indexes            0   
Capacitance Scaling Factor   : 1.00000 
Resistance Scaling Factor    : 1.00000 
Clock Cap. Scaling Factor    : 1.00000 
Clock Res. Scaling Factor    : 1.00000 
Shrink Factor                : 1.00000
PreRoute extraction is honoring NDR/Shielding/ExtraSpace for clock nets.
Updating RC grid for preRoute extraction ...
Initializing multi-corner resistance tables ...
PreRoute RC Extraction DONE (CPU Time: 0:00:00.0  Real Time: 0:00:00.0  MEM: 1745.938M)
Compute RC Scale Done ...
**optDesign ... cpu = 0:00:38, real = 0:00:39, mem = 1565.9M, totSessionCpu=0:00:59 **
AAE_INFO: opIsDesignInPostRouteState() is 0
#################################################################################
# Design Stage: PreRoute
# Design Name: coprocessor
# Design Mode: 90nm
# Analysis Mode: MMMC Non-OCV 
# Parasitics Mode: No SPEF/RCDB 
# Signoff Settings: SI Off 
#################################################################################
Calculate delays in Single mode...
Start delay calculation (fullDC) (1 T). (MEM=1740.03)
Total number of fetched objects 6840
End delay calculation. (MEM=1767.98 CPU=0:00:00.5 REAL=0:00:00.0)
End delay calculation (fullDC). (MEM=1767.98 CPU=0:00:00.6 REAL=0:00:01.0)
*** IncrReplace #1 [finish] (place_opt_design #1) : cpu/real = 0:00:13.4/0:00:14.1 (0.9), totSession cpu/real = 0:00:59.7/0:01:02.2 (1.0), mem = 1768.0M
*** Timing NOT met, worst failing slack is -0.976
*** Check timing (0:00:00.0)
Begin: GigaOpt Optimization in WNS mode
Info: 1 clock net  excluded from IPO operation.
*** WnsOpt #1 [begin] (place_opt_design #1) : totSession cpu/real = 0:00:59.8/0:01:02.3 (1.0), mem = 1784.0M
*info: 1 clock net excluded
*info: 7 no-driver nets excluded.
** GigaOpt Optimizer WNS Slack -0.976 TNS Slack -13.447 Density 40.65
OptDebug: Start of Optimizer WNS Pass 0:
+----------+------+-------+
|Path Group|   WNS|    TNS|
+----------+------+-------+
|default   | 6.779|  0.000|
|reg2reg   |-0.976|-13.447|
|HEPG      |-0.976|-13.447|
|All Paths |-0.976|-13.447|
+----------+------+-------+

Active Path Group: reg2reg  
+--------+---------+--------+---------+---------+------------+--------+----------+---------+--------------------------------------------------+
|  WNS   | All WNS |  TNS   | All TNS | Density |    Real    |  Mem   |Worst View|Pathgroup|                    End Point                     |
+--------+---------+--------+---------+---------+------------+--------+----------+---------+--------------------------------------------------+
|  -0.976|   -0.976| -13.447|  -13.447|   40.65%|   0:00:00.0| 1819.1M|  VIEW_TYP|  reg2reg| result_r_reg[14]/D                               |
|  -0.887|   -0.887| -12.119|  -12.119|   40.66%|   0:00:00.0| 1839.6M|  VIEW_TYP|  reg2reg| result_r_reg[14]/D                               |
|  -0.846|   -0.846| -11.504|  -11.504|   40.67%|   0:00:00.0| 1840.6M|  VIEW_TYP|  reg2reg| result_r_reg[10]/D                               |
|  -0.813|   -0.813| -11.027|  -11.027|   40.68%|   0:00:00.0| 1840.6M|  VIEW_TYP|  reg2reg| result_r_reg[10]/D                               |
|  -0.773|   -0.773| -10.405|  -10.405|   40.71%|   0:00:00.0| 1882.3M|  VIEW_TYP|  reg2reg| result_r_reg[14]/D                               |
|  -0.740|   -0.740|  -9.913|   -9.913|   40.74%|   0:00:00.0| 1882.3M|  VIEW_TYP|  reg2reg| result_r_reg[14]/D                               |
|  -0.714|   -0.714|  -9.697|   -9.697|   40.76%|   0:00:00.0| 1890.3M|  VIEW_TYP|  reg2reg| result_r_reg[10]/D                               |
|  -0.671|   -0.671|  -8.965|   -8.965|   40.79%|   0:00:00.0| 1890.3M|  VIEW_TYP|  reg2reg| result_r_reg[10]/D                               |
|  -0.643|   -0.643|  -8.633|   -8.633|   40.82%|   0:00:00.0| 1890.3M|  VIEW_TYP|  reg2reg| result_r_reg[14]/D                               |
|  -0.619|   -0.619|  -8.241|   -8.241|   40.82%|   0:00:00.0| 1890.3M|  VIEW_TYP|  reg2reg| result_r_reg[14]/D                               |
|  -0.587|   -0.587|  -7.986|   -7.986|   40.85%|   0:00:01.0| 1890.3M|  VIEW_TYP|  reg2reg| result_r_reg[10]/D                               |
|  -0.561|   -0.561|  -7.584|   -7.584|   40.88%|   0:00:00.0| 1890.3M|  VIEW_TYP|  reg2reg| result_r_reg[12]/D                               |
|  -0.522|   -0.522|  -6.921|   -6.921|   40.91%|   0:00:00.0| 1890.3M|  VIEW_TYP|  reg2reg| result_r_reg[12]/D                               |
|  -0.470|   -0.470|  -6.301|   -6.301|   40.94%|   0:00:00.0| 1890.3M|  VIEW_TYP|  reg2reg| result_r_reg[10]/D                               |
|  -0.431|   -0.431|  -5.620|   -5.620|   41.01%|   0:00:00.0| 1890.3M|  VIEW_TYP|  reg2reg| result_r_reg[12]/D                               |
|  -0.420|   -0.420|  -5.423|   -5.423|   41.10%|   0:00:00.0| 1890.3M|  VIEW_TYP|  reg2reg| result_r_reg[12]/D                               |
|  -0.402|   -0.402|  -5.059|   -5.059|   41.13%|   0:00:00.0| 1890.3M|  VIEW_TYP|  reg2reg| result_r_reg[12]/D                               |
|  -0.379|   -0.379|  -4.795|   -4.795|   41.14%|   0:00:00.0| 1890.3M|  VIEW_TYP|  reg2reg| result_r_reg[12]/D                               |
|  -0.352|   -0.352|  -4.437|   -4.437|   41.22%|   0:00:01.0| 1890.3M|  VIEW_TYP|  reg2reg| result_r_reg[12]/D                               |
|  -0.314|   -0.314|  -3.932|   -3.932|   41.29%|   0:00:00.0| 1890.3M|  VIEW_TYP|  reg2reg| result_r_reg[12]/D                               |
|  -0.284|   -0.284|  -3.447|   -3.447|   41.34%|   0:00:00.0| 1890.3M|  VIEW_TYP|  reg2reg| result_r_reg[11]/D                               |
|  -0.253|   -0.253|  -2.996|   -2.996|   41.36%|   0:00:00.0| 1890.3M|  VIEW_TYP|  reg2reg| result_r_reg[11]/D                               |
|  -0.197|   -0.197|  -2.267|   -2.267|   41.46%|   0:00:00.0| 1890.3M|  VIEW_TYP|  reg2reg| result_r_reg[14]/D                               |
|  -0.171|   -0.171|  -2.004|   -2.004|   41.51%|   0:00:00.0| 1890.3M|  VIEW_TYP|  reg2reg| result_r_reg[11]/D                               |
|  -0.169|   -0.169|  -1.958|   -1.958|   41.59%|   0:00:00.0| 1890.3M|  VIEW_TYP|  reg2reg| result_r_reg[12]/D                               |
|  -0.149|   -0.149|  -1.710|   -1.710|   41.60%|   0:00:01.0| 1890.3M|  VIEW_TYP|  reg2reg| result_r_reg[12]/D                               |
|  -0.112|   -0.112|  -1.264|   -1.264|   41.71%|   0:00:00.0| 1890.3M|  VIEW_TYP|  reg2reg| result_r_reg[6]/D                                |
|  -0.107|   -0.107|  -1.156|   -1.156|   41.82%|   0:00:00.0| 1890.3M|  VIEW_TYP|  reg2reg| result_r_reg[6]/D                                |
|  -0.107|   -0.107|  -1.040|   -1.040|   41.88%|   0:00:00.0| 1890.3M|  VIEW_TYP|  reg2reg| result_r_reg[6]/D                                |
|  -0.085|   -0.085|  -0.797|   -0.797|   41.90%|   0:00:00.0| 1890.3M|  VIEW_TYP|  reg2reg| result_r_reg[6]/D                                |
|  -0.064|   -0.064|  -0.551|   -0.551|   41.96%|   0:00:00.0| 1890.3M|  VIEW_TYP|  reg2reg| result_r_reg[6]/D                                |
|  -0.062|   -0.062|  -0.474|   -0.474|   42.05%|   0:00:00.0| 1890.3M|  VIEW_TYP|  reg2reg| result_r_reg[6]/D                                |
|  -0.041|   -0.041|  -0.280|   -0.280|   42.07%|   0:00:00.0| 1890.3M|  VIEW_TYP|  reg2reg| result_r_reg[6]/D                                |
|  -0.014|   -0.014|  -0.058|   -0.058|   42.15%|   0:00:01.0| 1890.3M|  VIEW_TYP|  reg2reg| result_r_reg[6]/D                                |
|  -0.004|   -0.004|  -0.008|   -0.008|   42.25%|   0:00:00.0| 1890.3M|  VIEW_TYP|  reg2reg| result_r_reg[13]/D                               |
|   0.020|    0.020|   0.000|    0.000|   42.26%|   0:00:00.0| 1890.3M|  VIEW_TYP|  reg2reg| result_r_reg[13]/D                               |
|   0.030|    0.030|   0.000|    0.000|   42.36%|   0:00:00.0| 1890.3M|  VIEW_TYP|  reg2reg| result_r_reg[12]/D                               |
|   0.049|    0.049|   0.000|    0.000|   42.40%|   0:00:00.0| 1890.3M|  VIEW_TYP|  reg2reg| result_r_reg[12]/D                               |
|   0.049|    0.049|   0.000|    0.000|   42.40%|   0:00:00.0| 1890.3M|  VIEW_TYP|  reg2reg| result_r_reg[12]/D                               |
+--------+---------+--------+---------+---------+------------+--------+----------+---------+--------------------------------------------------+

*** Finish Core Optimize Step (cpu=0:00:04.6 real=0:00:04.0 mem=1890.3M) ***

*** Finished Optimize Step Cumulative (cpu=0:00:04.6 real=0:00:04.0 mem=1890.3M) ***
OptDebug: End of Optimizer WNS Pass 0:
+----------+-----+-----+
|Path Group|  WNS|  TNS|
+----------+-----+-----+
|default   |6.779|0.000|
|reg2reg   |0.049|0.000|
|HEPG      |0.049|0.000|
|All Paths |0.049|0.000|
+----------+-----+-----+

** GigaOpt Optimizer WNS Slack 0.049 TNS Slack 0.000 Density 42.40
Begin: Area Reclaim Optimization
*** AreaOpt #2 [begin] (WnsOpt #1 / place_opt_design #1) : totSession cpu/real = 0:01:05.7/0:01:08.2 (1.0), mem = 1890.3M
Reclaim Optimization WNS Slack 0.000  TNS Slack 0.000 Density 42.40
+---------+---------+--------+--------+------------+--------+
| Density | Commits |  WNS   |  TNS   |    Real    |  Mem   |
+---------+---------+--------+--------+------------+--------+
|   42.40%|        -|   0.000|   0.000|   0:00:00.0| 1890.3M|
|   41.98%|       79|  -0.041|  -0.159|   0:00:01.0| 1890.3M|
|   41.40%|      197|  -0.014|  -0.046|   0:00:02.0| 1890.3M|
|   41.39%|        3|  -0.014|  -0.046|   0:00:00.0| 1890.3M|
|   41.39%|        0|  -0.014|  -0.046|   0:00:00.0| 1890.3M|
+---------+---------+--------+--------+------------+--------+
Reclaim Optimization End WNS Slack -0.014  TNS Slack -0.046 Density 41.39
Bottom Preferred Layer:
    None
Via Pillar Rule:
    None

Number of times islegalLocAvaiable called = 302 skipped = 0, called in commitmove = 200, skipped in commitmove = 0
End: Core Area Reclaim Optimization (cpu = 0:00:02.6) (real = 0:00:03.0) **
*** AreaOpt #2 [finish] (WnsOpt #1 / place_opt_design #1) : cpu/real = 0:00:02.6/0:00:02.6 (1.0), totSession cpu/real = 0:01:08.3/0:01:10.9 (1.0), mem = 1890.3M
End: Area Reclaim Optimization (cpu=0:00:03, real=0:00:03, mem=1852.29M, totSessionCpu=0:01:08).
*** Starting refinePlace (0:01:08 mem=1852.3M) ***
Total net bbox length = 1.830e+05 (7.884e+04 1.042e+05) (ext = 4.099e+02)
**WARN: (IMPSP-5140):	Global net connect rules have not been created. Added  insts would have no supply connectivity, and would fail DRC.
Type 'man IMPSP-5140' for more detail.
**WARN: (IMPSP-315):	Found 6790 instances insts with no PG Term connections.
Type 'man IMPSP-315' for more detail.

Starting Small incrNP...
Skipped incrNP (cpu=0:00:00.0, real=0:00:00.0, mem=1852.3M)
End of Small incrNP (cpu=0:00:00.0, real=0:00:00.0)
Move report: Detail placement moves 394 insts, mean move: 0.81 um, max move: 3.64 um 
	Max move on inst (g55): (68.54, 124.10) --> (69.46, 126.82)
	Runtime: CPU: 0:00:00.1 REAL: 0:00:00.0 MEM: 1852.3MB
Summary Report:
Instances move: 394 (out of 6790 movable)
Instances flipped: 0
Mean displacement: 0.81 um
Max displacement: 3.64 um (Instance: g55) (68.54, 124.1) -> (69.46, 126.82)
	Length: 7 sites, height: 1 rows, site name: unithd, cell type: sky130_fd_sc_hd__o2bb2ai_1
Total net bbox length = 1.832e+05 (7.896e+04 1.042e+05) (ext = 4.099e+02)
Runtime: CPU: 0:00:00.1 REAL: 0:00:00.0 MEM: 1852.3MB
*** Finished refinePlace (0:01:08 mem=1852.3M) ***
*** maximum move = 3.64 um ***
*** Finished re-routing un-routed nets (1852.3M) ***

*** Finish Physical Update (cpu=0:00:00.2 real=0:00:00.0 mem=1852.3M) ***
** GigaOpt Optimizer WNS Slack -0.014 TNS Slack -0.046 Density 41.39
OptDebug: Start of Optimizer WNS Pass 1:
+----------+------+------+
|Path Group|   WNS|   TNS|
+----------+------+------+
|default   | 6.802| 0.000|
|reg2reg   |-0.014|-0.046|
|HEPG      |-0.014|-0.046|
|All Paths |-0.014|-0.046|
+----------+------+------+

Active Path Group: reg2reg  
+--------+---------+--------+---------+---------+------------+--------+----------+---------+--------------------------------------------------+
|  WNS   | All WNS |  TNS   | All TNS | Density |    Real    |  Mem   |Worst View|Pathgroup|                    End Point                     |
+--------+---------+--------+---------+---------+------------+--------+----------+---------+--------------------------------------------------+
|  -0.014|   -0.014|  -0.046|   -0.046|   41.39%|   0:00:00.0| 1852.3M|  VIEW_TYP|  reg2reg| result_r_reg[12]/D                               |
|   0.005|    0.005|   0.000|    0.000|   41.41%|   0:00:00.0| 1853.8M|  VIEW_TYP|  reg2reg| result_r_reg[12]/D                               |
|   0.018|    0.018|   0.000|    0.000|   41.55%|   0:00:01.0| 1872.9M|  VIEW_TYP|  reg2reg| status_r_reg[1]/D                                |
|   0.043|    0.043|   0.000|    0.000|   41.56%|   0:00:00.0| 1872.9M|  VIEW_TYP|  reg2reg| status_r_reg[1]/D                                |
|   0.043|    0.043|   0.000|    0.000|   41.56%|   0:00:00.0| 1872.9M|  VIEW_TYP|  reg2reg| status_r_reg[1]/D                                |
+--------+---------+--------+---------+---------+------------+--------+----------+---------+--------------------------------------------------+

*** Finish Core Optimize Step (cpu=0:00:00.8 real=0:00:01.0 mem=1872.9M) ***

*** Finished Optimize Step Cumulative (cpu=0:00:00.8 real=0:00:01.0 mem=1872.9M) ***
OptDebug: End of Optimizer WNS Pass 1:
+----------+-----+-----+
|Path Group|  WNS|  TNS|
+----------+-----+-----+
|default   |6.802|0.000|
|reg2reg   |0.043|0.000|
|HEPG      |0.043|0.000|
|All Paths |0.043|0.000|
+----------+-----+-----+

** GigaOpt Optimizer WNS Slack 0.043 TNS Slack 0.000 Density 41.56
*** Starting refinePlace (0:01:09 mem=1853.9M) ***
Total net bbox length = 1.836e+05 (7.929e+04 1.043e+05) (ext = 4.099e+02)
**WARN: (IMPSP-5140):	Global net connect rules have not been created. Added  insts would have no supply connectivity, and would fail DRC.
Type 'man IMPSP-5140' for more detail.
**WARN: (IMPSP-315):	Found 6808 instances insts with no PG Term connections.
Type 'man IMPSP-315' for more detail.

Starting Small incrNP...
Skipped incrNP (cpu=0:00:00.0, real=0:00:00.0, mem=1853.9M)
End of Small incrNP (cpu=0:00:00.0, real=0:00:00.0)
Move report: Detail placement moves 134 insts, mean move: 0.77 um, max move: 4.10 um 
	Max move on inst (FE_OCPC1089_11684): (178.02, 145.86) --> (179.40, 143.14)
	Runtime: CPU: 0:00:00.1 REAL: 0:00:00.0 MEM: 1853.9MB
Summary Report:
Instances move: 134 (out of 6808 movable)
Instances flipped: 0
Mean displacement: 0.77 um
Max displacement: 4.10 um (Instance: FE_OCPC1089_11684) (178.02, 145.86) -> (179.4, 143.14)
	Length: 3 sites, height: 1 rows, site name: unithd, cell type: sky130_fd_sc_hd__clkbuf_1
Total net bbox length = 1.837e+05 (7.932e+04 1.044e+05) (ext = 4.099e+02)
Runtime: CPU: 0:00:00.1 REAL: 0:00:00.0 MEM: 1853.9MB
*** Finished refinePlace (0:01:09 mem=1853.9M) ***
*** maximum move = 4.10 um ***
*** Finished re-routing un-routed nets (1853.9M) ***

*** Finish Physical Update (cpu=0:00:00.2 real=0:00:00.0 mem=1853.9M) ***
** GigaOpt Optimizer WNS Slack 0.043 TNS Slack 0.000 Density 41.56
OptDebug: End of Setup Fixing:
+----------+-----+-----+
|Path Group|  WNS|  TNS|
+----------+-----+-----+
|default   |6.802|0.000|
|reg2reg   |0.043|0.000|
|HEPG      |0.043|0.000|
|All Paths |0.043|0.000|
+----------+-----+-----+

Bottom Preferred Layer:
    None
Via Pillar Rule:
    None

*** Finish pre-CTS Setup Fixing (cpu=0:00:08.7 real=0:00:09.0 mem=1853.9M) ***

*** WnsOpt #1 [finish] (place_opt_design #1) : cpu/real = 0:00:09.8/0:00:09.8 (1.0), totSession cpu/real = 0:01:09.6/0:01:12.1 (1.0), mem = 1771.8M
End: GigaOpt Optimization in WNS mode
*** Timing Is met
*** Check timing (0:00:00.0)
Info: 1 clock net  excluded from IPO operation.
Begin: Area Reclaim Optimization
*** AreaOpt #3 [begin] (place_opt_design #1) : totSession cpu/real = 0:01:09.6/0:01:12.2 (1.0), mem = 1829.0M
Reclaim Optimization WNS Slack 0.000  TNS Slack 0.000 Density 41.56
+---------+---------+--------+--------+------------+--------+
| Density | Commits |  WNS   |  TNS   |    Real    |  Mem   |
+---------+---------+--------+--------+------------+--------+
|   41.56%|        -|   0.000|   0.000|   0:00:00.0| 1829.0M|
|   40.89%|      151|  -0.001|  -0.001|   0:00:07.0| 1892.8M|
+---------+---------+--------+--------+------------+--------+
Reclaim Optimization End WNS Slack -0.001  TNS Slack -0.001 Density 40.89
Bottom Preferred Layer:
    None
Via Pillar Rule:
    None

Number of times islegalLocAvaiable called = 0 skipped = 0, called in commitmove = 0, skipped in commitmove = 0
End: Core Area Reclaim Optimization (cpu = 0:00:07.0) (real = 0:00:07.0) **
*** AreaOpt #3 [finish] (place_opt_design #1) : cpu/real = 0:00:07.0/0:00:07.1 (1.0), totSession cpu/real = 0:01:16.7/0:01:19.3 (1.0), mem = 1892.8M
End: Area Reclaim Optimization (cpu=0:00:07, real=0:00:07, mem=1778.71M, totSessionCpu=0:01:17).
Info: 1 clock net  excluded from IPO operation.
Begin: Area Reclaim Optimization
*** AreaOpt #4 [begin] (place_opt_design #1) : totSession cpu/real = 0:01:16.7/0:01:19.3 (1.0), mem = 1835.9M
Reclaim Optimization WNS Slack -0.001  TNS Slack -0.001 Density 40.89
+---------+---------+--------+--------+------------+--------+
| Density | Commits |  WNS   |  TNS   |    Real    |  Mem   |
+---------+---------+--------+--------+------------+--------+
|   40.89%|        -|  -0.001|  -0.001|   0:00:00.0| 1835.9M|
|   40.89%|        0|  -0.001|  -0.001|   0:00:00.0| 1835.9M|
|   40.83%|       11|  -0.001|  -0.001|   0:00:01.0| 1859.5M|
|   40.48%|      111|   0.000|   0.000|   0:00:01.0| 1859.5M|
|   40.46%|        7|   0.000|   0.000|   0:00:00.0| 1859.5M|
|   40.46%|        2|   0.000|   0.000|   0:00:00.0| 1859.5M|
|   40.46%|        0|   0.000|   0.000|   0:00:00.0| 1859.5M|
|   40.46%|        0|   0.000|   0.000|   0:00:00.0| 1859.5M|
+---------+---------+--------+--------+------------+--------+
Reclaim Optimization End WNS Slack 0.000  TNS Slack 0.000 Density 40.46
Bottom Preferred Layer:
    None
Via Pillar Rule:
    None

Number of times islegalLocAvaiable called = 180 skipped = 0, called in commitmove = 120, skipped in commitmove = 0
End: Core Area Reclaim Optimization (cpu = 0:00:01.8) (real = 0:00:02.0) **
*** Starting refinePlace (0:01:19 mem=1859.5M) ***
Total net bbox length = 1.832e+05 (7.909e+04 1.041e+05) (ext = 4.099e+02)
**WARN: (IMPSP-5140):	Global net connect rules have not been created. Added  insts would have no supply connectivity, and would fail DRC.
Type 'man IMPSP-5140' for more detail.
**WARN: (IMPSP-315):	Found 6758 instances insts with no PG Term connections.
Type 'man IMPSP-315' for more detail.
Move report: Detail placement moves 150 insts, mean move: 1.58 um, max move: 8.28 um 
	Max move on inst (g122805): (63.94, 96.90) --> (72.22, 96.90)
	Runtime: CPU: 0:00:00.1 REAL: 0:00:00.0 MEM: 1864.6MB
Summary Report:
Instances move: 150 (out of 6758 movable)
Instances flipped: 0
Mean displacement: 1.58 um
Max displacement: 8.28 um (Instance: g122805) (63.94, 96.9) -> (72.22, 96.9)
	Length: 3 sites, height: 1 rows, site name: unithd, cell type: sky130_fd_sc_hd__nor2_1
Total net bbox length = 1.834e+05 (7.920e+04 1.042e+05) (ext = 4.099e+02)
Runtime: CPU: 0:00:00.1 REAL: 0:00:00.0 MEM: 1864.6MB
*** Finished refinePlace (0:01:19 mem=1864.6M) ***
*** maximum move = 8.28 um ***
*** Finished re-routing un-routed nets (1861.6M) ***

*** Finish Physical Update (cpu=0:00:00.1 real=0:00:00.0 mem=1861.6M) ***
*** AreaOpt #4 [finish] (place_opt_design #1) : cpu/real = 0:00:02.0/0:00:02.0 (1.0), totSession cpu/real = 0:01:18.7/0:01:21.3 (1.0), mem = 1861.6M
End: Area Reclaim Optimization (cpu=0:00:02, real=0:00:02, mem=1780.52M, totSessionCpu=0:01:19).
Begin: GigaOpt postEco DRV Optimization
*** DrvOpt #3 [begin] (place_opt_design #1) : totSession cpu/real = 0:01:18.7/0:01:21.3 (1.0), mem = 1780.5M
Info: 1 clock net  excluded from IPO operation.
+-------------------------------------------------------------------------------------------------------------------------------------------------------+
|        max-tran       |        max-cap        |  max-fanout |  max-length |       setup       |        |        |        |       |          |         |
+-------------------------------------------------------------------------------------------------------------------------------------------------------+
| nets | terms|  wViol  | nets | terms|  wViol  | nets | terms| nets | terms|   WNS   |   TNS   |  #Buf  |  #Inv  | #Resize|Density|   Real   |   Mem   |
+-------------------------------------------------------------------------------------------------------------------------------------------------------+
|     1|    13|    -0.07|     1|     1|    -0.00|     0|     0|     0|     0|     0.00|     0.00|       0|       0|       0| 40.46%|          |         |
|     0|     0|     0.00|     0|     0|     0.00|     0|     0|     0|     0|     0.00|     0.00|       1|       0|       0| 40.46%| 0:00:00.0|  1863.9M|
|     0|     0|     0.00|     0|     0|     0.00|     0|     0|     0|     0|     0.00|     0.00|       0|       0|       0| 40.46%| 0:00:00.0|  1863.9M|
+-------------------------------------------------------------------------------------------------------------------------------------------------------+
Bottom Preferred Layer:
    None
Via Pillar Rule:
    None

*** Finish DRV Fixing (cpu=0:00:00.1 real=0:00:00.0 mem=1863.9M) ***

*** DrvOpt #3 [finish] (place_opt_design #1) : cpu/real = 0:00:00.3/0:00:00.3 (1.0), totSession cpu/real = 0:01:19.0/0:01:21.6 (1.0), mem = 1781.8M
End: GigaOpt postEco DRV Optimization
Running refinePlace -preserveRouting true -hardFence false
*** Starting refinePlace (0:01:19 mem=1781.8M) ***
**WARN: (IMPSP-5140):	Global net connect rules have not been created. Added  insts would have no supply connectivity, and would fail DRC.
Type 'man IMPSP-5140' for more detail.
**WARN: (IMPSP-315):	Found 6759 instances insts with no PG Term connections.
Type 'man IMPSP-315' for more detail.

Starting Small incrNP...
Skipped incrNP (cpu=0:00:00.0, real=0:00:00.0, mem=1781.8M)
End of Small incrNP (cpu=0:00:00.0, real=0:00:00.0)
Move report: Detail placement moves 1 insts, mean move: 6.36 um, max move: 6.36 um 
	Max move on inst (FE_OFC1335_n_23): (82.80, 80.58) --> (81.88, 75.14)
	Runtime: CPU: 0:00:00.1 REAL: 0:00:00.0 MEM: 1784.8MB
Summary Report:
Instances move: 1 (out of 6759 movable)
Instances flipped: 0
Mean displacement: 6.36 um
Max displacement: 6.36 um (Instance: FE_OFC1335_n_23) (82.8, 80.58) -> (81.88, 75.14)
	Length: 3 sites, height: 1 rows, site name: unithd, cell type: sky130_fd_sc_hd__clkbuf_1
Runtime: CPU: 0:00:00.1 REAL: 0:00:00.0 MEM: 1784.8MB
*** Finished refinePlace (0:01:19 mem=1784.8M) ***
Register exp ratio and priority group on 0 nets on 6793 nets : 

Active setup views:
 VIEW_TYP
  Dominating endpoints: 0
  Dominating TNS: -0.000

Extraction called for design 'coprocessor' of instances=6759 and nets=6800 using extraction engine 'preRoute' .
**WARN: (IMPEXT-3530):	The process node is not set. Use the command setDesignMode -process <process node> prior to extraction for maximum accuracy and optimal automatic threshold setting.
Type 'man IMPEXT-3530' for more detail.
PreRoute RC Extraction called for design coprocessor.
RC Extraction called in multi-corner(1) mode.
**WARN: (IMPEXT-6197):	The Cap table file is not specified. This will result in lower parasitic accuracy when using preRoute extraction or postRoute extraction with effort level 'low'. It is recommended to generate the Cap table file using the 'generateCapTbl' command and specify it before extraction using 'create_rc_corner/update_rc_corner -cap_table'.
Type 'man IMPEXT-6197' for more detail.
RCMode: PreRoute
      RC Corner Indexes            0   
Capacitance Scaling Factor   : 1.00000 
Resistance Scaling Factor    : 1.00000 
Clock Cap. Scaling Factor    : 1.00000 
Clock Res. Scaling Factor    : 1.00000 
Shrink Factor                : 1.00000
PreRoute extraction is honoring NDR/Shielding/ExtraSpace for clock nets.
Skipped RC grid update for preRoute extraction.
Initializing multi-corner resistance tables ...
PreRoute RC Extraction DONE (CPU Time: 0:00:00.0  Real Time: 0:00:00.0  MEM: 1810.473M)
Skewing Data Summary (End_of_FINAL)
--------------------------------------------------
 Total skewed count:0
--------------------------------------------------
Starting delay calculation for Setup views
AAE_INFO: opIsDesignInPostRouteState() is 0
#################################################################################
# Design Stage: PreRoute
# Design Name: coprocessor
# Design Mode: 90nm
# Analysis Mode: MMMC Non-OCV 
# Parasitics Mode: No SPEF/RCDB 
# Signoff Settings: SI Off 
#################################################################################
Calculate delays in Single mode...
Start delay calculation (fullDC) (1 T). (MEM=1800.47)
Total number of fetched objects 6793
End delay calculation. (MEM=1785.52 CPU=0:00:00.5 REAL=0:00:01.0)
End delay calculation (fullDC). (MEM=1785.52 CPU=0:00:00.6 REAL=0:00:01.0)
*** Done Building Timing Graph (cpu=0:00:00.8 real=0:00:01.0 totSessionCpu=0:01:20 mem=1785.5M)
[NR-eGR] Track table information for default rule: 
[NR-eGR] li1 has single uniform track structure
[NR-eGR] met1 has single uniform track structure
[NR-eGR] met2 has single uniform track structure
[NR-eGR] met3 has single uniform track structure
[NR-eGR] met4 has single uniform track structure
[NR-eGR] met5 has single uniform track structure
[NR-eGR] Read 0 PG shapes
[NR-eGR] Read 0 clock shapes
[NR-eGR] Read 0 other shapes
[NR-eGR] #Routing Blockages  : 0
[NR-eGR] #Instance Blockages : 16090
[NR-eGR] #PG Blockages       : 0
[NR-eGR] #Halo Blockages     : 0
[NR-eGR] #Boundary Blockages : 0
[NR-eGR] #Clock Blockages    : 0
[NR-eGR] #Other Blockages    : 0
[NR-eGR] Num Prerouted Nets = 0  Num Prerouted Wires = 0
[NR-eGR] Read 6788 nets ( ignored 0 )
[NR-eGR] There are 1 clock nets ( 0 with NDR ).
[NR-eGR] ============ Routing rule table ============
[NR-eGR] Rule id: 0  Nets: 6788
[NR-eGR] ========================================
[NR-eGR] 
[NR-eGR] Layer group 1: route 6788 net(s) in layer range [2, 6]
[NR-eGR] Early Global Route overflow of layer group 1: 3.61% H + 2.90% V. EstWL: 2.155301e+05um
[NR-eGR] Congestion Analysis By layer: (blocked Gcells are excluded) 
[NR-eGR]                        OverCon           OverCon            
[NR-eGR]                         #Gcell            #Gcell     %Gcell
[NR-eGR]        Layer             (1-2)             (3-4)    OverCon
[NR-eGR] ---------------------------------------------------------------
[NR-eGR]     li1 ( 1)         0( 0.00%)         0( 0.00%)   ( 0.00%) 
[NR-eGR]    met1 ( 2)       364( 2.55%)        13( 0.09%)   ( 2.64%) 
[NR-eGR]    met2 ( 3)       443( 3.10%)        27( 0.19%)   ( 3.29%) 
[NR-eGR]    met3 ( 4)       384( 2.69%)        33( 0.23%)   ( 2.92%) 
[NR-eGR]    met4 ( 5)        41( 0.29%)         1( 0.01%)   ( 0.29%) 
[NR-eGR]    met5 ( 6)         0( 0.00%)         0( 0.00%)   ( 0.00%) 
[NR-eGR] ---------------------------------------------------------------
[NR-eGR]        Total      1232( 1.82%)        74( 0.11%)   ( 1.93%) 
[NR-eGR] 
[NR-eGR] Overflow after Early Global Route 0.91% H + 1.01% V
[NR-eGR] Finished Early Global Route kernel ( CPU: 0.11 sec, Real: 0.11 sec, Curr Mem: 1793.52 MB )
[hotspot] +------------+---------------+---------------+
[hotspot] |            |   max hotspot | total hotspot |
[hotspot] +------------+---------------+---------------+
[hotspot] | normalized |          2.00 |          8.00 |
[hotspot] +------------+---------------+---------------+
Local HotSpot Analysis: normalized max congestion hotspot area = 2.00, normalized total congestion hotspot area = 8.00 (area is in unit of 4 std-cell row bins)
[hotspot] top 5 congestion hotspot bounding boxes and scores of normalized hotspot
[hotspot] +-----+-------------------------------------+---------------+
[hotspot] | top |            hotspot bbox             | hotspot score |
[hotspot] +-----+-------------------------------------+---------------+
[hotspot] |  1  |   252.20   219.30   263.08   241.06 |        2.00   |
[hotspot] +-----+-------------------------------------+---------------+
[hotspot] |  2  |   165.16   154.02   176.04   164.90 |        1.00   |
[hotspot] +-----+-------------------------------------+---------------+
[hotspot] |  3  |   273.96   154.02   284.84   164.90 |        1.00   |
[hotspot] +-----+-------------------------------------+---------------+
[hotspot] |  4  |   252.20   175.78   263.08   186.66 |        1.00   |
[hotspot] +-----+-------------------------------------+---------------+
[hotspot] |  5  |   273.96   208.42   284.84   219.30 |        1.00   |
[hotspot] +-----+-------------------------------------+---------------+
[hotspot] Hotspot report including placement blocked areas
[hotspot] +------------+---------------+---------------+
[hotspot] |            |   max hotspot | total hotspot |
[hotspot] +------------+---------------+---------------+
[hotspot] | normalized |          2.00 |          8.00 |
[hotspot] +------------+---------------+---------------+
Local HotSpot Analysis (blockage included): normalized max congestion hotspot area = 2.00, normalized total congestion hotspot area = 8.00 (area is in unit of 4 std-cell row bins)
[hotspot] top 5 congestion hotspot bounding boxes and scores of normalized hotspot
[hotspot] +-----+-------------------------------------+---------------+
[hotspot] | top |            hotspot bbox             | hotspot score |
[hotspot] +-----+-------------------------------------+---------------+
[hotspot] |  1  |   252.20   219.30   263.08   241.06 |        2.00   |
[hotspot] +-----+-------------------------------------+---------------+
[hotspot] |  2  |   165.16   154.02   176.04   164.90 |        1.00   |
[hotspot] +-----+-------------------------------------+---------------+
[hotspot] |  3  |   273.96   154.02   284.84   164.90 |        1.00   |
[hotspot] +-----+-------------------------------------+---------------+
[hotspot] |  4  |   252.20   175.78   263.08   186.66 |        1.00   |
[hotspot] +-----+-------------------------------------+---------------+
[hotspot] |  5  |   273.96   208.42   284.84   219.30 |        1.00   |
[hotspot] +-----+-------------------------------------+---------------+
Reported timing to dir ./timingReports
**optDesign ... cpu = 0:01:00, real = 0:01:01, mem = 1609.5M, totSessionCpu=0:01:20 **

------------------------------------------------------------------
     optDesign Final Summary
------------------------------------------------------------------

Setup views included:
 VIEW_TYP 

+--------------------+---------+---------+---------+
|     Setup mode     |   all   | reg2reg | default |
+--------------------+---------+---------+---------+
|           WNS (ns):|  0.000  |  0.000  |  6.723  |
|           TNS (ns):|  0.000  |  0.000  |  0.000  |
|    Violating Paths:|    0    |    0    |    0    |
|          All Paths:|   345   |   224   |   121   |
+--------------------+---------+---------+---------+

+----------------+-------------------------------+------------------+
|                |              Real             |       Total      |
|    DRVs        +------------------+------------+------------------|
|                |  Nr nets(terms)  | Worst Vio  |  Nr nets(terms)  |
+----------------+------------------+------------+------------------+
|   max_cap      |      0 (0)       |   0.000    |      0 (0)       |
|   max_tran     |      0 (0)       |   0.000    |      0 (0)       |
|   max_fanout   |      0 (0)       |     0      |      0 (0)       |
|   max_length   |      0 (0)       |     0      |      0 (0)       |
+----------------+------------------+------------+------------------+

Density: 40.460%
Routing Overflow: 0.91% H and 1.01% V
------------------------------------------------------------------
**optDesign ... cpu = 0:01:00, real = 0:01:02, mem = 1612.9M, totSessionCpu=0:01:20 **
**WARN: (IMPOPT-3195):	Analysis mode has changed.
Type 'man IMPOPT-3195' for more detail.
*** Finished optDesign ***
Disable CTE adjustment.
**place_opt_design ... cpu = 0:01:10, real = 0:01:13, mem = 1712.9M **
*** Finished GigaPlace ***

*** Summary of all messages that are not suppressed in this session:
Severity  ID               Count  Summary                                  
WARNING   IMPEXT-6197          3  The Cap table file is not specified. Thi...
WARNING   IMPEXT-2882          5  Unable to find the resistance for via '%...
WARNING   IMPEXT-3530          3  The process node is not set. Use the com...
WARNING   IMPSP-5140           6  Global net connect rules have not been c...
WARNING   IMPSP-315            6  Found %d instances insts with no PG Term...
WARNING   IMPSP-9025           2  No scan chain specified/traced.          
ERROR     IMPSP-9099           2  Scan chains exist in this design but are...
WARNING   IMPOPT-576           1  %d nets have unplaced terms.             
WARNING   IMPOPT-3195          2  Analysis mode has changed.               
WARNING   IMPOPT-665           4  %s : Net has unplaced terms or is connec...
*** Message Summary: 32 warning(s), 2 error(s)

*** place_opt_design #1 [finish] : cpu/real = 0:01:10.0/0:01:13.3 (1.0), totSession cpu/real = 0:01:20.5/0:01:23.9 (1.0), mem = 1712.9M
<CMD> saveDesign ./runD/place.enc
#% Begin save design ... (date=09/24 16:27:01, mem=1552.6M)
% Begin Save ccopt configuration ... (date=09/24 16:27:01, mem=1552.6M)
% End Save ccopt configuration ... (date=09/24 16:27:01, total cpu=0:00:00.0, real=0:00:00.0, peak res=1553.4M, current mem=1553.4M)
% Begin Save netlist data ... (date=09/24 16:27:01, mem=1553.4M)
Writing Binary DB to ./runD/place.enc.dat/coprocessor.v.bin in single-threaded mode...
% End Save netlist data ... (date=09/24 16:27:01, total cpu=0:00:00.0, real=0:00:00.0, peak res=1554.6M, current mem=1554.6M)
Saving symbol-table file ...
Saving congestion map file ./runD/place.enc.dat/coprocessor.route.congmap.gz ...
% Begin Save AAE data ... (date=09/24 16:27:01, mem=1554.6M)
Saving AAE Data ...
% End Save AAE data ... (date=09/24 16:27:01, total cpu=0:00:00.0, real=0:00:00.0, peak res=1554.6M, current mem=1554.6M)
Saving preference file ./runD/place.enc.dat/gui.pref.tcl ...
Saving mode setting ...
Saving global file ...
% Begin Save floorplan data ... (date=09/24 16:27:01, mem=1555.9M)
Saving floorplan file ...
% End Save floorplan data ... (date=09/24 16:27:01, total cpu=0:00:00.0, real=0:00:00.0, peak res=1555.9M, current mem=1555.9M)
Saving Drc markers ...
... No Drc file written since there is no markers found.
% Begin Save placement data ... (date=09/24 16:27:01, mem=1555.9M)
** Saving stdCellPlacement_binary (version# 2) ...
Save Adaptive View Pruning View Names to Binary file
% End Save placement data ... (date=09/24 16:27:01, total cpu=0:00:00.0, real=0:00:01.0, peak res=1556.2M, current mem=1556.2M)
% Begin Save routing data ... (date=09/24 16:27:02, mem=1556.2M)
Saving route file ...
*** Completed saveRoute (cpu=0:00:00.0 real=0:00:00.0 mem=1715.5M) ***
% End Save routing data ... (date=09/24 16:27:02, total cpu=0:00:00.0, real=0:00:00.0, peak res=1556.3M, current mem=1556.3M)
Saving property file ./runD/place.enc.dat/coprocessor.prop
*** Completed saveProperty (cpu=0:00:00.0 real=0:00:00.0 mem=1718.5M) ***
Saving rc congestion map ./runD/place.enc.dat/coprocessor.congmap.gz ...
% Begin Save power constraints data ... (date=09/24 16:27:02, mem=1557.6M)
% End Save power constraints data ... (date=09/24 16:27:02, total cpu=0:00:00.0, real=0:00:00.0, peak res=1557.6M, current mem=1557.6M)
RC_TYP
Generated self-contained design place.enc.dat
#% End save design ... (date=09/24 16:27:02, total cpu=0:00:00.3, real=0:00:01.0, peak res=1560.3M, current mem=1560.3M)
*** Message Summary: 0 warning(s), 0 error(s)

<CMD> ccopt_design
#% Begin ccopt_design (date=09/24 16:27:02, mem=1560.3M)
Turning off fast DC mode.
*** ccopt_design #1 [begin] : totSession cpu/real = 0:01:20.8/0:01:25.0 (1.0), mem = 1731.1M
Runtime...
**INFO: User's settings:
setNanoRouteMode -extractThirdPartyCompatible  false
setNanoRouteMode -grouteExpTdStdDelay          42.5
setExtractRCMode -engine                       preRoute
setDelayCalMode -enable_high_fanout            true
setDelayCalMode -engine                        aae
setDelayCalMode -ignoreNetLoad                 false
setDelayCalMode -socv_accuracy_mode            low
setOptMode -activeHoldViews                    { VIEW_TYP }
setOptMode -activeSetupViews                   { VIEW_TYP }
setOptMode -autoSetupViews                     { VIEW_TYP}
setOptMode -autoTDGRSetupViews                 { VIEW_TYP}
setOptMode -drcMargin                          0
setOptMode -fixDrc                             true
setOptMode -optimizeFF                         true
setOptMode -preserveAllSequential              true
setOptMode -setupTargetSlack                   0

(ccopt_design): CTS Engine: auto. Used Spec: CCOPT spec from create_ccopt_clock_tree_spec.
(ccopt_design): create_ccopt_clock_tree_spec
Creating clock tree spec for modes (timing configs): CONSTRAINTS
extract_clock_generator_skew_groups=true: create_ccopt_clock_tree_spec will generate skew groups with a name prefix of "_clock_gen" to balance clock generator connected flops with the clock generator they drive.
Reset timing graph...
Ignoring AAE DB Resetting ...
Reset timing graph done.
Ignoring AAE DB Resetting ...
Analyzing clock structure...
Analyzing clock structure done.
Reset timing graph...
Ignoring AAE DB Resetting ...
Reset timing graph done.
Extracting original clock gating for clk...
  clock_tree clk contains 119 sinks and 0 clock gates.
Extracting original clock gating for clk done.
The skew group clk/CONSTRAINTS was created. It contains 119 sinks and 1 sources.
Checking clock tree convergence...
Checking clock tree convergence done.
Placement constraints of type 'region' or 'fence' will not be downgraded to 'guide' because the property change_fences_to_guides has been set to false.
Set place::cacheFPlanSiteMark to 1
'setDesignMode -flowEffort standard' => 'setOptMode -usefulSkewCCOpt standard' 
Using CCOpt effort standard.
CCOpt::Phase::Initialization...
Check Prerequisites...
Leaving CCOpt scope - CheckPlace...
Begin checking placement ... (start mem=1731.1M, init mem=1731.1M)
*info: Placed = 6759          
*info: Unplaced = 0           
Placement Density:40.46%(38158/94310)
Placement Density (including fixed std cells):40.46%(38158/94310)
Finished checkPlace (total: cpu=0:00:00.0, real=0:00:00.0; vio checks: cpu=0:00:00.0, real=0:00:00.0; mem=1731.1M)
Leaving CCOpt scope - CheckPlace done. (took cpu=0:00:00.0 real=0:00:00.0)
Innovus will update I/O latencies
Found 0 ideal nets, 0 pins with transition annotations, 0 instances with delay annotations, 0 nets with delay annotations, refer to logv for details.

Check Prerequisites done. (took cpu=0:00:00.0 real=0:00:00.0)
CCOpt::Phase::Initialization done. (took cpu=0:00:00.0 real=0:00:00.0)
Executing ccopt post-processing.
Synthesizing clock trees with CCOpt...
*** CTS #1 [begin] (ccopt_design #1) : totSession cpu/real = 0:01:21.0/0:01:25.2 (1.0), mem = 1731.1M
CCOpt::Phase::PreparingToBalance...
Leaving CCOpt scope - Initializing power interface...
Leaving CCOpt scope - Initializing power interface done. (took cpu=0:00:00.0 real=0:00:00.0)
Found 0 advancing pin insertion delay (0.000% of 119 clock tree sinks)
Found 0 delaying pin insertion delay (0.000% of 119 clock tree sinks)
Leaving CCOpt scope - optDesignGlobalRouteStep...
[NR-eGR] Started Early Global Route kernel ( Curr Mem: 1723.15 MB )
[NR-eGR] Track table information for default rule: 
[NR-eGR] li1 has single uniform track structure
[NR-eGR] met1 has single uniform track structure
[NR-eGR] met2 has single uniform track structure
[NR-eGR] met3 has single uniform track structure
[NR-eGR] met4 has single uniform track structure
[NR-eGR] met5 has single uniform track structure
[NR-eGR] Read 0 PG shapes
[NR-eGR] Read 0 clock shapes
[NR-eGR] Read 0 other shapes
[NR-eGR] #Routing Blockages  : 0
[NR-eGR] #Instance Blockages : 16090
[NR-eGR] #PG Blockages       : 0
[NR-eGR] #Halo Blockages     : 0
[NR-eGR] #Boundary Blockages : 0
[NR-eGR] #Clock Blockages    : 0
[NR-eGR] #Other Blockages    : 0
[NR-eGR] Num Prerouted Nets = 0  Num Prerouted Wires = 0
[NR-eGR] Read 6788 nets ( ignored 0 )
[NR-eGR] There are 1 clock nets ( 0 with NDR ).
[NR-eGR] ============ Routing rule table ============
[NR-eGR] Rule id: 0  Nets: 6788
[NR-eGR] ========================================
[NR-eGR] 
[NR-eGR] Layer group 1: route 6788 net(s) in layer range [2, 6]
[NR-eGR] Early Global Route overflow of layer group 1: 3.61% H + 2.90% V. EstWL: 2.155301e+05um
[NR-eGR] Congestion Analysis By layer: (blocked Gcells are excluded) 
[NR-eGR]                        OverCon           OverCon            
[NR-eGR]                         #Gcell            #Gcell     %Gcell
[NR-eGR]        Layer             (1-2)             (3-4)    OverCon
[NR-eGR] ---------------------------------------------------------------
[NR-eGR]     li1 ( 1)         0( 0.00%)         0( 0.00%)   ( 0.00%) 
[NR-eGR]    met1 ( 2)       364( 2.55%)        13( 0.09%)   ( 2.64%) 
[NR-eGR]    met2 ( 3)       443( 3.10%)        27( 0.19%)   ( 3.29%) 
[NR-eGR]    met3 ( 4)       384( 2.69%)        33( 0.23%)   ( 2.92%) 
[NR-eGR]    met4 ( 5)        41( 0.29%)         1( 0.01%)   ( 0.29%) 
[NR-eGR]    met5 ( 6)         0( 0.00%)         0( 0.00%)   ( 0.00%) 
[NR-eGR] ---------------------------------------------------------------
[NR-eGR]        Total      1232( 1.82%)        74( 0.11%)   ( 1.93%) 
[NR-eGR] 
[NR-eGR] Overflow after Early Global Route 0.91% H + 1.01% V
[NR-eGR]               Length (um)   Vias 
[NR-eGR] ---------------------------------
[NR-eGR]  li1   (1V)             0  22404 
[NR-eGR]  met1  (2H)         70079  32756 
[NR-eGR]  met2  (3V)         90301   3169 
[NR-eGR]  met3  (4H)         31194   1667 
[NR-eGR]  met4  (5V)         32671     30 
[NR-eGR]  met5  (6H)            35      0 
[NR-eGR] ---------------------------------
[NR-eGR]        Total       224279  60026 
[NR-eGR] --------------------------------------------------------------------------
[NR-eGR] Total half perimeter of net bounding box: 183431um
[NR-eGR] Total length: 224279um, number of vias: 60026
[NR-eGR] --------------------------------------------------------------------------
[NR-eGR] Total eGR-routed clock nets wire length: 642um, number of vias: 351
[NR-eGR] --------------------------------------------------------------------------
[NR-eGR] Finished Early Global Route kernel ( CPU: 0.18 sec, Real: 0.18 sec, Curr Mem: 1726.31 MB )
Leaving CCOpt scope - optDesignGlobalRouteStep done. (took cpu=0:00:00.2 real=0:00:00.2)
Legalization setup...
Using cell based legalization.
Initializing placement interface...
  Use check_library -place or consult logv if problems occur.
  Leaving CCOpt scope - Initializing placement interface...
  Leaving CCOpt scope - Initializing placement interface done. (took cpu=0:00:00.0 real=0:00:00.0)
Initializing placement interface done.
Leaving CCOpt scope - Cleaning up placement interface...
Leaving CCOpt scope - Cleaning up placement interface done. (took cpu=0:00:00.0 real=0:00:00.0)
Leaving CCOpt scope - Initializing placement interface...
Leaving CCOpt scope - Initializing placement interface done. (took cpu=0:00:00.0 real=0:00:00.0)
Legalization setup done. (took cpu=0:00:00.0 real=0:00:00.0)
Validating CTS configuration...
Checking module port directions...
Checking module port directions done. (took cpu=0:00:00.0 real=0:00:00.0)
Non-default CCOpt properties:
  Public non-default CCOpt properties:
    cts_merge_clock_gates is set for at least one object
    cts_merge_clock_logic is set for at least one object
    route_type is set for at least one object
  No private non-default CCOpt properties
Route type trimming info:
  No route type modifications were made.
**WARN: (IMPCCOPT-1183):	The library has no usable balanced buffers for power domain auto-default, while balancing clock_tree clk. If this is not intended behavior, you can specify a list of lib_cells to use with the buffer_cells property.
Updating RC grid for preRoute extraction ...
Initializing multi-corner resistance tables ...
**ERROR: (IMPCCOPT-1209):	Non-leaf transition time target of 0.133ns is too low on the rising edge. The largest clock gate is unable to drive the largest inverter in power_domain auto-default. To adhere to the given transition time target, you will need to select a stronger clock gate, increase the transition time target to at least 0.133ns or remove these driver cells from the CTS cell lists:  sky130_fd_sc_hd__clkinv_16.
Type 'man IMPCCOPT-1209' for more detail.
Clock tree balancer configuration for clock_tree clk:
Non-default CCOpt properties:
  Public non-default CCOpt properties:
    cts_merge_clock_gates: true (default: false)
    cts_merge_clock_logic: true (default: false)
    route_type (leaf): default_route_type_leaf (default: default)
    route_type (top): default_route_type_nonleaf (default: default)
    route_type (trunk): default_route_type_nonleaf (default: default)
  No private non-default CCOpt properties
For power domain auto-default:
  Buffers:     
  Inverters:   {sky130_fd_sc_hd__clkinv_16 sky130_fd_sc_hd__clkinv_8 sky130_fd_sc_hd__clkinv_4 sky130_fd_sc_hd__clkinv_2}
  Clock gates (with test): sky130_fd_sc_hd__sdlclkp_4 sky130_fd_sc_hd__sdlclkp_2 sky130_fd_sc_hd__sdlclkp_1 
  Clock gates   (no test): sky130_fd_sc_hd__dlclkp_4 sky130_fd_sc_hd__dlclkp_2 sky130_fd_sc_hd__dlclkp_1 
  Unblocked area available for placement of any clock cells in power_domain auto-default: 94310.451um^2
Top Routing info:
  Route-type name: default_route_type_nonleaf; Top/bottom preferred layer name: met3/met2; 
  Unshielded; Mask Constraint: 0; Source: route_type.
Trunk Routing info:
  Route-type name: default_route_type_nonleaf; Top/bottom preferred layer name: met3/met2; 
  Unshielded; Preferred extra space: 1; Mask Constraint: 0; Source: route_type.
Leaf Routing info:
  Route-type name: default_route_type_leaf; Top/bottom preferred layer name: met3/met2; 
  Unshielded; Preferred extra space: 1; Mask Constraint: 0; Source: route_type.
For timing_corner DELAY_TYP:both, late and power domain auto-default:
  Slew time target (leaf):    0.133ns
  Slew time target (trunk):   0.133ns
  Slew time target (top):     0.133ns (Note: no nets are considered top nets in this clock tree)
  Buffer unit delay: 0.148ns
  Buffer max distance: 741.132um
Fastest wire driving cells and distances:
  Inverter  : {lib_cell:sky130_fd_sc_hd__clkinv_16, fastest_considered_half_corner=DELAY_TYP:both.late, optimalDrivingDistance=741.132um, saturatedSlew=0.122ns, speed=4775.335um per ns, cellArea=40.517um^2 per 1000um}
  Clock gate (with test): {lib_cell:sky130_fd_sc_hd__sdlclkp_4, fastest_considered_half_corner=DELAY_TYP:both.late, optimalDrivingDistance=201.042um, saturatedSlew=0.121ns, speed=870.689um per ns, cellArea=112.024um^2 per 1000um}
  Clock gate   (no test): {lib_cell:sky130_fd_sc_hd__dlclkp_4, fastest_considered_half_corner=DELAY_TYP:both.late, optimalDrivingDistance=186.468um, saturatedSlew=0.121ns, speed=794.834um per ns, cellArea=114.070um^2 per 1000um}


Logic Sizing Table:

----------------------------------------------------------
Cell    Instance count    Source    Eligible library cells
----------------------------------------------------------
  (empty table)
----------------------------------------------------------


Clock tree balancer configuration for skew_group clk/CONSTRAINTS:
  Sources:                     pin clk
  Total number of sinks:       119
  Delay constrained sinks:     119
  Constrains:                  default
  Non-leaf sinks:              0
  Ignore pins:                 0
 Timing corner DELAY_TYP:both.late:
  Skew target:                 0.148ns
Primary reporting skew groups are:
skew_group clk/CONSTRAINTS with 119 clock sinks

Clock DAG stats initial state:
  cell counts      : b=0, i=0, icg=0, dcg=0, l=0, total=0
  sink counts      : regular=119, enable_latch=0, load_capacitance=0, antenna=0, node_sink=0, total=119
  misc counts      : r=1, pp=0
  cell areas       : b=0.000um^2, i=0.000um^2, icg=0.000um^2, dcg=0.000um^2, l=0.000um^2, total=0.000um^2
  hp wire lengths  : top=0.000um, trunk=0.000um, leaf=0.000um, total=0.000um
No ideal or dont_touch nets found in the clock tree
No dont_touch hnets found in the clock tree
No dont_touch hpins found in the clock network.
Checking for illegal sizes of clock logic instances...
Checking for illegal sizes of clock logic instances done. (took cpu=0:00:00.0 real=0:00:00.0)
Validating CTS configuration done. (took cpu=0:00:00.3 real=0:00:00.3)
CCOpt configuration status: all checks passed.
Adding exclusion drivers to pins that are effective_sink_type exclude...
    Adding exclusion drivers (these will be instances of the smallest area library cells).
  No exclusion drivers are needed.
Adding exclusion drivers to pins that are effective_sink_type exclude done.
Antenna diode management...
  Found 0 antenna diodes in the clock trees.
  
Antenna diode management done.
Adding driver cells for primary IOs...
  
  ----------------------------------------------------------------------------------------------
  CCOpt reported the following when adding drivers below input ports and above output ports     
  ----------------------------------------------------------------------------------------------
    (empty table)
  ----------------------------------------------------------------------------------------------
  
  
Adding driver cells for primary IOs done.
Adding driver cell for primary IO roots...
Adding driver cell for primary IO roots done.
Maximizing clock DAG abstraction...
  Removing clock DAG drivers
Maximizing clock DAG abstraction done.
CCOpt::Phase::PreparingToBalance done. (took cpu=0:00:00.5 real=0:00:00.5)
Synthesizing clock trees...
  Preparing To Balance...
  Leaving CCOpt scope - Cleaning up placement interface...
  Leaving CCOpt scope - Cleaning up placement interface done. (took cpu=0:00:00.0 real=0:00:00.0)
  Leaving CCOpt scope - Initializing placement interface...
  Leaving CCOpt scope - Initializing placement interface done. (took cpu=0:00:00.0 real=0:00:00.0)
  Merging duplicate siblings in DAG...
    Clock DAG stats before merging:
      cell counts      : b=0, i=0, icg=0, dcg=0, l=0, total=0
      sink counts      : regular=119, enable_latch=0, load_capacitance=0, antenna=0, node_sink=0, total=119
      misc counts      : r=1, pp=0
      cell areas       : b=0.000um^2, i=0.000um^2, icg=0.000um^2, dcg=0.000um^2, l=0.000um^2, total=0.000um^2
      hp wire lengths  : top=0.000um, trunk=0.000um, leaf=0.000um, total=0.000um
    Resynthesising clock tree into netlist...
      Reset timing graph...
Ignoring AAE DB Resetting ...
      Reset timing graph done.
    Resynthesising clock tree into netlist done.
    Merging duplicate clock dag driver clones in DAG...
    Merging duplicate clock dag driver clones in DAG done.
    
    Disconnecting clock tree from netlist...
    Disconnecting clock tree from netlist done.
  Merging duplicate siblings in DAG done.
  Applying movement limits...
  Applying movement limits done.
  Preparing To Balance done. (took cpu=0:00:00.0 real=0:00:00.0)
  CCOpt::Phase::Construction...
  Stage::Clustering...
  Clustering...
    Initialize for clustering...
    Clock DAG stats before clustering:
      cell counts      : b=0, i=0, icg=0, dcg=0, l=0, total=0
      sink counts      : regular=119, enable_latch=0, load_capacitance=0, antenna=0, node_sink=0, total=119
      misc counts      : r=1, pp=0
      cell areas       : b=0.000um^2, i=0.000um^2, icg=0.000um^2, dcg=0.000um^2, l=0.000um^2, total=0.000um^2
      hp wire lengths  : top=0.000um, trunk=0.000um, leaf=0.000um, total=0.000um
    Computing max distances from locked parents...
      Computing distance_from_locked_parent_restrictions for 0 nodes driven by 0 locked parents
    Computing max distances from locked parents done.
    Computing optimal clock node locations...
    : ...20% ...40% ...60% ...80% ...100% 
    Computing optimal clock node locations done. (took cpu=0:00:00.0 real=0:00:00.0)
    Initialize for clustering done. (took cpu=0:00:00.0 real=0:00:00.0)
    Bottom-up phase...
    Clustering bottom-up starting from leaves...
      Clustering clock_tree clk...
          Clock tree timing engine global stage delay update for DELAY_TYP:both.late...
          Clock tree timing engine global stage delay update for DELAY_TYP:both.late done. (took cpu=0:00:00.0 real=0:00:00.0)
      Clustering clock_tree clk done.
    Clustering bottom-up starting from leaves done.
    Rebuilding the clock tree after clustering...
    Rebuilding the clock tree after clustering done.
    Clock DAG stats after bottom-up phase:
      cell counts      : b=0, i=3, icg=0, dcg=0, l=0, total=3
      sink counts      : regular=119, enable_latch=0, load_capacitance=0, antenna=0, node_sink=0, total=119
      misc counts      : r=1, pp=0
      cell areas       : b=0.000um^2, i=90.086um^2, icg=0.000um^2, dcg=0.000um^2, l=0.000um^2, total=90.086um^2
      hp wire lengths  : top=0.000um, trunk=37.560um, leaf=231.540um, total=269.100um
    Clock DAG library cell distribution after bottom-up phase {count}:
       Invs: sky130_fd_sc_hd__clkinv_16: 3 
    Bottom-up phase done. (took cpu=0:00:00.0 real=0:00:00.0)
    Legalizing clock trees...
    Resynthesising clock tree into netlist...
      Reset timing graph...
Ignoring AAE DB Resetting ...
      Reset timing graph done.
    Resynthesising clock tree into netlist done.
    Commiting net attributes....
    Commiting net attributes. done.
    Leaving CCOpt scope - ClockRefiner...
    Performing a single pass refine place with checks partially disabled for clock sinks and datapath.
*** Starting refinePlace (0:01:22 mem=1731.1M) ***
Total net bbox length = 1.836e+05 (7.926e+04 1.043e+05) (ext = 4.604e+02)
Move report: Detail placement moves 20 insts, mean move: 3.07 um, max move: 6.36 um 
	Max move on inst (g114597): (83.26, 20.74) --> (84.18, 26.18)
	Runtime: CPU: 0:00:00.1 REAL: 0:00:00.0 MEM: 1750.2MB
Summary Report:
Instances move: 20 (out of 6762 movable)
Instances flipped: 0
Mean displacement: 3.07 um
Max displacement: 6.36 um (Instance: g114597) (83.26, 20.74) -> (84.18, 26.18)
	Length: 3 sites, height: 1 rows, site name: unithd, cell type: sky130_fd_sc_hd__inv_1
Total net bbox length = 1.836e+05 (7.926e+04 1.044e+05) (ext = 4.604e+02)
Runtime: CPU: 0:00:00.1 REAL: 0:00:00.0 MEM: 1750.2MB
*** Finished refinePlace (0:01:22 mem=1750.2M) ***
    ClockRefiner summary
    All clock instances: Moved 5, flipped 2 and cell swapped 0 (out of a total of 122).
    The largest move was 3.18 um for uart_inst_uart_tx_inst_bit_count_reg[2].
    Leaving CCOpt scope - ClockRefiner done. (took cpu=0:00:00.1 real=0:00:00.1)
    Disconnecting clock tree from netlist...
    Disconnecting clock tree from netlist done.
    Leaving CCOpt scope - Cleaning up placement interface...
    Leaving CCOpt scope - Cleaning up placement interface done. (took cpu=0:00:00.0 real=0:00:00.0)
    Leaving CCOpt scope - Initializing placement interface...
    Leaving CCOpt scope - Initializing placement interface done. (took cpu=0:00:00.0 real=0:00:00.0)
    Clock tree timing engine global stage delay update for DELAY_TYP:both.late...
    Clock tree timing engine global stage delay update for DELAY_TYP:both.late done. (took cpu=0:00:00.0 real=0:00:00.0)
    
    Clock tree legalization - Histogram:
    ====================================
    
    --------------------------------
    Movement (um)    Number of cells
    --------------------------------
      (empty table)
    --------------------------------
    
    
    Clock tree legalization - There are no Movements:
    =================================================
    
    ---------------------------------------------
    Movement (um)    Desired     Achieved    Node
                     location    location    
    ---------------------------------------------
      (empty table)
    ---------------------------------------------
    
    Legalizing clock trees done. (took cpu=0:00:00.1 real=0:00:00.1)
    Clock DAG stats after 'Clustering':
      cell counts      : b=0, i=3, icg=0, dcg=0, l=0, total=3
      sink counts      : regular=119, enable_latch=0, load_capacitance=0, antenna=0, node_sink=0, total=119
      misc counts      : r=1, pp=0
      cell areas       : b=0.000um^2, i=90.086um^2, icg=0.000um^2, dcg=0.000um^2, l=0.000um^2, total=90.086um^2
      cell capacitance : b=0.000pF, i=0.121pF, icg=0.000pF, dcg=0.000pF, l=0.000pF, total=0.121pF
      sink capacitance : total=0.259pF, avg=0.002pF, sd=0.000pF, min=0.002pF, max=0.003pF
      wire capacitance : top=0.000pF, trunk=0.005pF, leaf=0.081pF, total=0.086pF
      wire lengths     : top=0.000um, trunk=38.435um, leaf=631.634um, total=670.069um
      hp wire lengths  : top=0.000um, trunk=37.560um, leaf=231.540um, total=269.100um
    Clock DAG net violations after 'Clustering': none
    Clock DAG primary half-corner transition distribution after 'Clustering':
      Trunk : target=0.133ns count=2 avg=0.035ns sd=0.045ns min=0.003ns max=0.066ns {2 <= 0.080ns, 0 <= 0.106ns, 0 <= 0.120ns, 0 <= 0.126ns, 0 <= 0.133ns}
      Leaf  : target=0.133ns count=2 avg=0.120ns sd=0.005ns min=0.116ns max=0.123ns {0 <= 0.080ns, 0 <= 0.106ns, 1 <= 0.120ns, 1 <= 0.126ns, 0 <= 0.133ns}
    Clock DAG library cell distribution after 'Clustering' {count}:
       Invs: sky130_fd_sc_hd__clkinv_16: 3 
    Primary reporting skew groups after 'Clustering':
      skew_group clk/CONSTRAINTS: insertion delay [min=0.178, max=0.187, avg=0.184, sd=0.003], skew [0.009 vs 0.148], 100% {0.178, 0.187} (wid=0.007 ws=0.004) (gid=0.181 gs=0.006)
    Skew group summary after 'Clustering':
      skew_group clk/CONSTRAINTS: insertion delay [min=0.178, max=0.187, avg=0.184, sd=0.003], skew [0.009 vs 0.148], 100% {0.178, 0.187} (wid=0.007 ws=0.004) (gid=0.181 gs=0.006)
    Legalizer API calls during this step: 24 succeeded with high effort: 24 succeeded with medium effort: 0 succeeded with low effort: 0 succeeded with basic effort: 0 succeeded with basic unbounded effort: 0
  Clustering done. (took cpu=0:00:00.2 real=0:00:00.2)
  Looking for fanout violations...
  Looking for fanout violations done.
  CongRepair After Initial Clustering...
  Reset timing graph...
Ignoring AAE DB Resetting ...
  Reset timing graph done.
  Leaving CCOpt scope - Early Global Route...
  Clock implementation routing...
Net route status summary:
  Clock:         4 (unrouted=4, trialRouted=0, noStatus=0, routed=0, fixed=0, [crossesIlmBoundary=0, tooFewTerms=0, (crossesIlmBoundary AND tooFewTerms=0)])
  Non-clock:  6799 (unrouted=12, trialRouted=6787, noStatus=0, routed=0, fixed=0, [crossesIlmBoundary=0, tooFewTerms=9, (crossesIlmBoundary AND tooFewTerms=0)])
    Routing using eGR only...
      Early Global Route - eGR only step...
(ccopt eGR): There are 4 nets to be routed. 0 nets have skip routing designation.
(ccopt eGR): There are 4 nets for routing of which 3 have one or more fixed wires.
(ccopt eGR): Start to route 4 all nets
[NR-eGR] Track table information for default rule: 
[NR-eGR] li1 has single uniform track structure
[NR-eGR] met1 has single uniform track structure
[NR-eGR] met2 has single uniform track structure
[NR-eGR] met3 has single uniform track structure
[NR-eGR] met4 has single uniform track structure
[NR-eGR] met5 has single uniform track structure
[NR-eGR] Read 0 PG shapes
[NR-eGR] Read 0 clock shapes
[NR-eGR] Read 0 other shapes
[NR-eGR] #Routing Blockages  : 0
[NR-eGR] #Instance Blockages : 21579
[NR-eGR] #PG Blockages       : 0
[NR-eGR] #Halo Blockages     : 0
[NR-eGR] #Boundary Blockages : 0
[NR-eGR] #Clock Blockages    : 0
[NR-eGR] #Other Blockages    : 0
[NR-eGR] Num Prerouted Nets = 0  Num Prerouted Wires = 0
[NR-eGR] Read 6790 nets ( ignored 6787 )
[NR-eGR] Connected 0 must-join pins/ports
[NR-eGR] There are 3 clock nets ( 3 with NDR ).
[NR-eGR] ============ Routing rule table ============
[NR-eGR] Rule id: 0  Nets: 3
[NR-eGR] ========================================
[NR-eGR] 
[NR-eGR] Layer group 1: route 3 net(s) in layer range [3, 4]
[NR-eGR] Early Global Route overflow of layer group 1: 0.00% H + 0.00% V. EstWL: 6.446400e+02um
[NR-eGR] Create a new net group with 1 nets and layer range [3, 6]
[NR-eGR] Layer group 2: route 1 net(s) in layer range [3, 6]
[NR-eGR] Early Global Route overflow of layer group 2: 0.00% H + 0.00% V. EstWL: 9.547200e+02um
[NR-eGR] Create a new net group with 1 nets and layer range [2, 6]
[NR-eGR] Layer group 3: route 1 net(s) in layer range [2, 6]
[NR-eGR] Early Global Route overflow of layer group 3: 0.00% H + 0.00% V. EstWL: 1.585760e+03um
[NR-eGR] Congestion Analysis By layer: (blocked Gcells are excluded) 
[NR-eGR]                        OverCon            
[NR-eGR]                         #Gcell     %Gcell
[NR-eGR]        Layer             (1-0)    OverCon
[NR-eGR] ----------------------------------------------
[NR-eGR]     li1 ( 1)         0( 0.00%)   ( 0.00%) 
[NR-eGR]    met1 ( 2)         0( 0.00%)   ( 0.00%) 
[NR-eGR]    met2 ( 3)         0( 0.00%)   ( 0.00%) 
[NR-eGR]    met3 ( 4)         0( 0.00%)   ( 0.00%) 
[NR-eGR]    met4 ( 5)         0( 0.00%)   ( 0.00%) 
[NR-eGR]    met5 ( 6)         0( 0.00%)   ( 0.00%) 
[NR-eGR] ----------------------------------------------
[NR-eGR]        Total         0( 0.00%)   ( 0.00%) 
[NR-eGR] 
[NR-eGR] Overflow after Early Global Route 0.00% H + 0.00% V
[NR-eGR]               Length (um)   Vias 
[NR-eGR] ---------------------------------
[NR-eGR]  li1   (1V)             0  22407 
[NR-eGR]  met1  (2H)         69968  32697 
[NR-eGR]  met2  (3V)         90340   3184 
[NR-eGR]  met3  (4H)         31298   1669 
[NR-eGR]  met4  (5V)         32677     30 
[NR-eGR]  met5  (6H)            35      0 
[NR-eGR] ---------------------------------
[NR-eGR]        Total       224318  59987 
[NR-eGR] --------------------------------------------------------------------------
[NR-eGR] Total half perimeter of net bounding box: 183630um
[NR-eGR] Total length: 224318um, number of vias: 59987
[NR-eGR] --------------------------------------------------------------------------
[NR-eGR] Total eGR-routed clock nets wire length: 680um, number of vias: 312
[NR-eGR] --------------------------------------------------------------------------
[NR-eGR] Report for selected net(s) only.
[NR-eGR]               Length (um)  Vias 
[NR-eGR] --------------------------------
[NR-eGR]  li1   (1V)             0   122 
[NR-eGR]  met1  (2H)           149   163 
[NR-eGR]  met2  (3V)           415    25 
[NR-eGR]  met3  (4H)           111     2 
[NR-eGR]  met4  (5V)             5     0 
[NR-eGR]  met5  (6H)             0     0 
[NR-eGR] --------------------------------
[NR-eGR]        Total          680   312 
[NR-eGR] --------------------------------------------------------------------------
[NR-eGR] Total half perimeter of net bounding box: 261um
[NR-eGR] Total length: 680um, number of vias: 312
[NR-eGR] --------------------------------------------------------------------------
[NR-eGR] Total routed clock nets wire length: 680um, number of vias: 312
[NR-eGR] --------------------------------------------------------------------------
[NR-eGR] Finished Early Global Route kernel ( CPU: 0.05 sec, Real: 0.05 sec, Curr Mem: 1747.32 MB )
      Early Global Route - eGR only step done. (took cpu=0:00:00.1 real=0:00:00.1)
    Routing using eGR only done.
Net route status summary:
  Clock:         4 (unrouted=1, trialRouted=0, noStatus=0, routed=3, fixed=0, [crossesIlmBoundary=0, tooFewTerms=0, (crossesIlmBoundary AND tooFewTerms=0)])
  Non-clock:  6799 (unrouted=12, trialRouted=6787, noStatus=0, routed=0, fixed=0, [crossesIlmBoundary=0, tooFewTerms=9, (crossesIlmBoundary AND tooFewTerms=0)])

CCOPT: Done with clock implementation routing.

  Clock implementation routing done.
  CCOpt: Starting congestion repair using flow wrapper...
    Congestion Repair...
*** IncrReplace #1 [begin] (CTS #1 / ccopt_design #1) : totSession cpu/real = 0:01:21.8/0:01:25.9 (1.0), mem = 1747.3M
Info: Disable timing driven in postCTS congRepair.

Starting congRepair ...
[NR-eGR] Track table information for default rule: 
[NR-eGR] li1 has single uniform track structure
[NR-eGR] met1 has single uniform track structure
[NR-eGR] met2 has single uniform track structure
[NR-eGR] met3 has single uniform track structure
[NR-eGR] met4 has single uniform track structure
[NR-eGR] met5 has single uniform track structure
[NR-eGR] Read 0 PG shapes
[NR-eGR] Read 0 clock shapes
[NR-eGR] Read 0 other shapes
[NR-eGR] #Routing Blockages  : 0
[NR-eGR] #Instance Blockages : 16111
[NR-eGR] #PG Blockages       : 0
[NR-eGR] #Halo Blockages     : 0
[NR-eGR] #Boundary Blockages : 0
[NR-eGR] #Clock Blockages    : 0
[NR-eGR] #Other Blockages    : 0
[NR-eGR] Num Prerouted Nets = 3  Num Prerouted Wires = 346
[NR-eGR] Read 6790 nets ( ignored 3 )
[NR-eGR] ============ Routing rule table ============
[NR-eGR] Rule id: 1  Nets: 6787
[NR-eGR] ========================================
[NR-eGR] 
[NR-eGR] Layer group 1: route 6787 net(s) in layer range [2, 6]
[NR-eGR] Early Global Route overflow of layer group 1: 3.64% H + 2.97% V. EstWL: 2.147821e+05um
[NR-eGR] Congestion Analysis By layer: (blocked Gcells are excluded) 
[NR-eGR]                        OverCon           OverCon           OverCon            
[NR-eGR]                         #Gcell            #Gcell            #Gcell     %Gcell
[NR-eGR]        Layer             (1-2)             (3-4)               (5)    OverCon
[NR-eGR] --------------------------------------------------------------------------------
[NR-eGR]     li1 ( 1)         0( 0.00%)         0( 0.00%)         0( 0.00%)   ( 0.00%) 
[NR-eGR]    met1 ( 2)       351( 2.46%)         8( 0.06%)         0( 0.00%)   ( 2.51%) 
[NR-eGR]    met2 ( 3)       430( 3.01%)        25( 0.18%)         1( 0.01%)   ( 3.19%) 
[NR-eGR]    met3 ( 4)       401( 2.81%)        23( 0.16%)         1( 0.01%)   ( 2.98%) 
[NR-eGR]    met4 ( 5)        59( 0.41%)         0( 0.00%)         0( 0.00%)   ( 0.41%) 
[NR-eGR]    met5 ( 6)         0( 0.00%)         0( 0.00%)         0( 0.00%)   ( 0.00%) 
[NR-eGR] --------------------------------------------------------------------------------
[NR-eGR]        Total      1241( 1.83%)        56( 0.08%)         2( 0.00%)   ( 1.92%) 
[NR-eGR] 
[NR-eGR] Overflow after Early Global Route 0.88% H + 0.91% V
Early Global Route congestion estimation runtime: 0.12 seconds, mem = 1748.8M
Local HotSpot Analysis: normalized max congestion hotspot area = 2.00, normalized total congestion hotspot area = 7.00 (area is in unit of 4 std-cell row bins)
Skipped repairing congestion.
[NR-eGR]               Length (um)   Vias 
[NR-eGR] ---------------------------------
[NR-eGR]  li1   (1V)             0  22407 
[NR-eGR]  met1  (2H)         70235  32775 
[NR-eGR]  met2  (3V)         90551   3162 
[NR-eGR]  met3  (4H)         30862   1686 
[NR-eGR]  met4  (5V)         32434     39 
[NR-eGR]  met5  (6H)            82      0 
[NR-eGR] ---------------------------------
[NR-eGR]        Total       224163  60069 
[NR-eGR] --------------------------------------------------------------------------
[NR-eGR] Total half perimeter of net bounding box: 183630um
[NR-eGR] Total length: 224163um, number of vias: 60069
[NR-eGR] --------------------------------------------------------------------------
[NR-eGR] Total eGR-routed clock nets wire length: 0um, number of vias: 0
[NR-eGR] --------------------------------------------------------------------------
Early Global Route wiring runtime: 0.07 seconds, mem = 1748.8M
Tdgp not successfully inited but do clear! skip clearing
End of congRepair (cpu=0:00:00.2, real=0:00:00.0)
*** IncrReplace #1 [finish] (CTS #1 / ccopt_design #1) : cpu/real = 0:00:00.2/0:00:00.2 (1.0), totSession cpu/real = 0:01:22.0/0:01:26.1 (1.0), mem = 1748.8M
    Congestion Repair done. (took cpu=0:00:00.2 real=0:00:00.2)
  CCOpt: Starting congestion repair using flow wrapper done.
  Leaving CCOpt scope - Early Global Route done. (took cpu=0:00:00.3 real=0:00:00.3)
  Leaving CCOpt scope - extractRC...
  Updating RC parasitics by calling: "extractRC -noRouteCheck"...
Extraction called for design 'coprocessor' of instances=6762 and nets=6803 using extraction engine 'preRoute' .
**WARN: (IMPEXT-3530):	The process node is not set. Use the command setDesignMode -process <process node> prior to extraction for maximum accuracy and optimal automatic threshold setting.
Type 'man IMPEXT-3530' for more detail.
PreRoute RC Extraction called for design coprocessor.
RC Extraction called in multi-corner(1) mode.
**WARN: (IMPEXT-6197):	The Cap table file is not specified. This will result in lower parasitic accuracy when using preRoute extraction or postRoute extraction with effort level 'low'. It is recommended to generate the Cap table file using the 'generateCapTbl' command and specify it before extraction using 'create_rc_corner/update_rc_corner -cap_table'.
Type 'man IMPEXT-6197' for more detail.
RCMode: PreRoute
      RC Corner Indexes            0   
Capacitance Scaling Factor   : 1.00000 
Resistance Scaling Factor    : 1.00000 
Clock Cap. Scaling Factor    : 1.00000 
Clock Res. Scaling Factor    : 1.00000 
Shrink Factor                : 1.00000
PreRoute extraction is honoring NDR/Shielding/ExtraSpace for clock nets.
Updating RC grid for preRoute extraction ...
Initializing multi-corner resistance tables ...
PreRoute RC Extraction DONE (CPU Time: 0:00:00.0  Real Time: 0:00:00.0  MEM: 1748.820M)
  Updating RC parasitics by calling: "extractRC -noRouteCheck" done.
  Leaving CCOpt scope - extractRC done. (took cpu=0:00:00.0 real=0:00:00.0)
  Clock tree timing engine global stage delay update for DELAY_TYP:both.late...
  Clock tree timing engine global stage delay update for DELAY_TYP:both.late done. (took cpu=0:00:00.0 real=0:00:00.0)
  Clock DAG stats after clustering cong repair call:
    cell counts      : b=0, i=3, icg=0, dcg=0, l=0, total=3
    sink counts      : regular=119, enable_latch=0, load_capacitance=0, antenna=0, node_sink=0, total=119
    misc counts      : r=1, pp=0
    cell areas       : b=0.000um^2, i=90.086um^2, icg=0.000um^2, dcg=0.000um^2, l=0.000um^2, total=90.086um^2
    cell capacitance : b=0.000pF, i=0.121pF, icg=0.000pF, dcg=0.000pF, l=0.000pF, total=0.121pF
    sink capacitance : total=0.259pF, avg=0.002pF, sd=0.000pF, min=0.002pF, max=0.003pF
    wire capacitance : top=0.000pF, trunk=0.005pF, leaf=0.081pF, total=0.086pF
    wire lengths     : top=0.000um, trunk=38.435um, leaf=631.634um, total=670.069um
    hp wire lengths  : top=0.000um, trunk=37.560um, leaf=231.540um, total=269.100um
  Clock DAG net violations after clustering cong repair call: none
  Clock DAG primary half-corner transition distribution after clustering cong repair call:
    Trunk : target=0.133ns count=2 avg=0.035ns sd=0.045ns min=0.003ns max=0.066ns {2 <= 0.080ns, 0 <= 0.106ns, 0 <= 0.120ns, 0 <= 0.126ns, 0 <= 0.133ns}
    Leaf  : target=0.133ns count=2 avg=0.120ns sd=0.005ns min=0.117ns max=0.124ns {0 <= 0.080ns, 0 <= 0.106ns, 1 <= 0.120ns, 1 <= 0.126ns, 0 <= 0.133ns}
  Clock DAG library cell distribution after clustering cong repair call {count}:
     Invs: sky130_fd_sc_hd__clkinv_16: 3 
  Primary reporting skew groups after clustering cong repair call:
    skew_group clk/CONSTRAINTS: insertion delay [min=0.177, max=0.186, avg=0.183, sd=0.003], skew [0.009 vs 0.148], 100% {0.177, 0.186} (wid=0.007 ws=0.004) (gid=0.180 gs=0.006)
  Skew group summary after clustering cong repair call:
    skew_group clk/CONSTRAINTS: insertion delay [min=0.177, max=0.186, avg=0.183, sd=0.003], skew [0.009 vs 0.148], 100% {0.177, 0.186} (wid=0.007 ws=0.004) (gid=0.180 gs=0.006)
  CongRepair After Initial Clustering done. (took cpu=0:00:00.3 real=0:00:00.3)
  Stage::Clustering done. (took cpu=0:00:00.5 real=0:00:00.5)
  Stage::DRV Fixing...
  Fixing clock tree slew time and max cap violations...
    Fixing clock tree overload: ...20% ...40% ...60% ...80% ...100% 
    Clock DAG stats after 'Fixing clock tree slew time and max cap violations':
      cell counts      : b=0, i=3, icg=0, dcg=0, l=0, total=3
      sink counts      : regular=119, enable_latch=0, load_capacitance=0, antenna=0, node_sink=0, total=119
      misc counts      : r=1, pp=0
      cell areas       : b=0.000um^2, i=90.086um^2, icg=0.000um^2, dcg=0.000um^2, l=0.000um^2, total=90.086um^2
      cell capacitance : b=0.000pF, i=0.121pF, icg=0.000pF, dcg=0.000pF, l=0.000pF, total=0.121pF
      sink capacitance : total=0.259pF, avg=0.002pF, sd=0.000pF, min=0.002pF, max=0.003pF
      wire capacitance : top=0.000pF, trunk=0.005pF, leaf=0.081pF, total=0.086pF
      wire lengths     : top=0.000um, trunk=38.435um, leaf=631.634um, total=670.069um
      hp wire lengths  : top=0.000um, trunk=37.560um, leaf=231.540um, total=269.100um
    Clock DAG net violations after 'Fixing clock tree slew time and max cap violations': none
    Clock DAG primary half-corner transition distribution after 'Fixing clock tree slew time and max cap violations':
      Trunk : target=0.133ns count=2 avg=0.035ns sd=0.045ns min=0.003ns max=0.066ns {2 <= 0.080ns, 0 <= 0.106ns, 0 <= 0.120ns, 0 <= 0.126ns, 0 <= 0.133ns}
      Leaf  : target=0.133ns count=2 avg=0.120ns sd=0.005ns min=0.117ns max=0.124ns {0 <= 0.080ns, 0 <= 0.106ns, 1 <= 0.120ns, 1 <= 0.126ns, 0 <= 0.133ns}
    Clock DAG library cell distribution after 'Fixing clock tree slew time and max cap violations' {count}:
       Invs: sky130_fd_sc_hd__clkinv_16: 3 
    Primary reporting skew groups after 'Fixing clock tree slew time and max cap violations':
      skew_group clk/CONSTRAINTS: insertion delay [min=0.177, max=0.186], skew [0.009 vs 0.148]
    Skew group summary after 'Fixing clock tree slew time and max cap violations':
      skew_group clk/CONSTRAINTS: insertion delay [min=0.177, max=0.186], skew [0.009 vs 0.148]
    Legalizer API calls during this step: 0 succeeded with high effort: 0 succeeded with medium effort: 0 succeeded with low effort: 0 succeeded with basic effort: 0 succeeded with basic unbounded effort: 0
  Fixing clock tree slew time and max cap violations done. (took cpu=0:00:00.0 real=0:00:00.0)
  Fixing clock tree slew time and max cap violations - detailed pass...
    Fixing clock tree overload: ...20% ...40% ...60% ...80% ...100% 
    Clock DAG stats after 'Fixing clock tree slew time and max cap violations - detailed pass':
      cell counts      : b=0, i=3, icg=0, dcg=0, l=0, total=3
      sink counts      : regular=119, enable_latch=0, load_capacitance=0, antenna=0, node_sink=0, total=119
      misc counts      : r=1, pp=0
      cell areas       : b=0.000um^2, i=90.086um^2, icg=0.000um^2, dcg=0.000um^2, l=0.000um^2, total=90.086um^2
      cell capacitance : b=0.000pF, i=0.121pF, icg=0.000pF, dcg=0.000pF, l=0.000pF, total=0.121pF
      sink capacitance : total=0.259pF, avg=0.002pF, sd=0.000pF, min=0.002pF, max=0.003pF
      wire capacitance : top=0.000pF, trunk=0.005pF, leaf=0.081pF, total=0.086pF
      wire lengths     : top=0.000um, trunk=38.435um, leaf=631.634um, total=670.069um
      hp wire lengths  : top=0.000um, trunk=37.560um, leaf=231.540um, total=269.100um
    Clock DAG net violations after 'Fixing clock tree slew time and max cap violations - detailed pass': none
    Clock DAG primary half-corner transition distribution after 'Fixing clock tree slew time and max cap violations - detailed pass':
      Trunk : target=0.133ns count=2 avg=0.035ns sd=0.045ns min=0.003ns max=0.066ns {2 <= 0.080ns, 0 <= 0.106ns, 0 <= 0.120ns, 0 <= 0.126ns, 0 <= 0.133ns}
      Leaf  : target=0.133ns count=2 avg=0.120ns sd=0.005ns min=0.117ns max=0.124ns {0 <= 0.080ns, 0 <= 0.106ns, 1 <= 0.120ns, 1 <= 0.126ns, 0 <= 0.133ns}
    Clock DAG library cell distribution after 'Fixing clock tree slew time and max cap violations - detailed pass' {count}:
       Invs: sky130_fd_sc_hd__clkinv_16: 3 
    Primary reporting skew groups after 'Fixing clock tree slew time and max cap violations - detailed pass':
      skew_group clk/CONSTRAINTS: insertion delay [min=0.177, max=0.186, avg=0.183, sd=0.003], skew [0.009 vs 0.148], 100% {0.177, 0.186} (wid=0.007 ws=0.004) (gid=0.180 gs=0.006)
    Skew group summary after 'Fixing clock tree slew time and max cap violations - detailed pass':
      skew_group clk/CONSTRAINTS: insertion delay [min=0.177, max=0.186, avg=0.183, sd=0.003], skew [0.009 vs 0.148], 100% {0.177, 0.186} (wid=0.007 ws=0.004) (gid=0.180 gs=0.006)
    Legalizer API calls during this step: 0 succeeded with high effort: 0 succeeded with medium effort: 0 succeeded with low effort: 0 succeeded with basic effort: 0 succeeded with basic unbounded effort: 0
  Fixing clock tree slew time and max cap violations - detailed pass done. (took cpu=0:00:00.0 real=0:00:00.0)
  Stage::DRV Fixing done. (took cpu=0:00:00.0 real=0:00:00.0)
  Stage::Insertion Delay Reduction...
  Removing unnecessary root buffering...
    Clock DAG stats after 'Removing unnecessary root buffering':
      cell counts      : b=0, i=3, icg=0, dcg=0, l=0, total=3
      sink counts      : regular=119, enable_latch=0, load_capacitance=0, antenna=0, node_sink=0, total=119
      misc counts      : r=1, pp=0
      cell areas       : b=0.000um^2, i=90.086um^2, icg=0.000um^2, dcg=0.000um^2, l=0.000um^2, total=90.086um^2
      cell capacitance : b=0.000pF, i=0.121pF, icg=0.000pF, dcg=0.000pF, l=0.000pF, total=0.121pF
      sink capacitance : total=0.259pF, avg=0.002pF, sd=0.000pF, min=0.002pF, max=0.003pF
      wire capacitance : top=0.000pF, trunk=0.005pF, leaf=0.081pF, total=0.086pF
      wire lengths     : top=0.000um, trunk=38.435um, leaf=631.634um, total=670.069um
      hp wire lengths  : top=0.000um, trunk=37.560um, leaf=231.540um, total=269.100um
    Clock DAG net violations after 'Removing unnecessary root buffering': none
    Clock DAG primary half-corner transition distribution after 'Removing unnecessary root buffering':
      Trunk : target=0.133ns count=2 avg=0.035ns sd=0.045ns min=0.003ns max=0.066ns {2 <= 0.080ns, 0 <= 0.106ns, 0 <= 0.120ns, 0 <= 0.126ns, 0 <= 0.133ns}
      Leaf  : target=0.133ns count=2 avg=0.120ns sd=0.005ns min=0.117ns max=0.124ns {0 <= 0.080ns, 0 <= 0.106ns, 1 <= 0.120ns, 1 <= 0.126ns, 0 <= 0.133ns}
    Clock DAG library cell distribution after 'Removing unnecessary root buffering' {count}:
       Invs: sky130_fd_sc_hd__clkinv_16: 3 
    Primary reporting skew groups after 'Removing unnecessary root buffering':
      skew_group clk/CONSTRAINTS: insertion delay [min=0.177, max=0.186], skew [0.009 vs 0.148]
    Skew group summary after 'Removing unnecessary root buffering':
      skew_group clk/CONSTRAINTS: insertion delay [min=0.177, max=0.186], skew [0.009 vs 0.148]
    Legalizer API calls during this step: 0 succeeded with high effort: 0 succeeded with medium effort: 0 succeeded with low effort: 0 succeeded with basic effort: 0 succeeded with basic unbounded effort: 0
  Removing unnecessary root buffering done. (took cpu=0:00:00.0 real=0:00:00.0)
  Removing unconstrained drivers...
    Clock DAG stats after 'Removing unconstrained drivers':
      cell counts      : b=0, i=3, icg=0, dcg=0, l=0, total=3
      sink counts      : regular=119, enable_latch=0, load_capacitance=0, antenna=0, node_sink=0, total=119
      misc counts      : r=1, pp=0
      cell areas       : b=0.000um^2, i=90.086um^2, icg=0.000um^2, dcg=0.000um^2, l=0.000um^2, total=90.086um^2
      cell capacitance : b=0.000pF, i=0.121pF, icg=0.000pF, dcg=0.000pF, l=0.000pF, total=0.121pF
      sink capacitance : total=0.259pF, avg=0.002pF, sd=0.000pF, min=0.002pF, max=0.003pF
      wire capacitance : top=0.000pF, trunk=0.005pF, leaf=0.081pF, total=0.086pF
      wire lengths     : top=0.000um, trunk=38.435um, leaf=631.634um, total=670.069um
      hp wire lengths  : top=0.000um, trunk=37.560um, leaf=231.540um, total=269.100um
    Clock DAG net violations after 'Removing unconstrained drivers': none
    Clock DAG primary half-corner transition distribution after 'Removing unconstrained drivers':
      Trunk : target=0.133ns count=2 avg=0.035ns sd=0.045ns min=0.003ns max=0.066ns {2 <= 0.080ns, 0 <= 0.106ns, 0 <= 0.120ns, 0 <= 0.126ns, 0 <= 0.133ns}
      Leaf  : target=0.133ns count=2 avg=0.120ns sd=0.005ns min=0.117ns max=0.124ns {0 <= 0.080ns, 0 <= 0.106ns, 1 <= 0.120ns, 1 <= 0.126ns, 0 <= 0.133ns}
    Clock DAG library cell distribution after 'Removing unconstrained drivers' {count}:
       Invs: sky130_fd_sc_hd__clkinv_16: 3 
    Primary reporting skew groups after 'Removing unconstrained drivers':
      skew_group clk/CONSTRAINTS: insertion delay [min=0.177, max=0.186], skew [0.009 vs 0.148]
    Skew group summary after 'Removing unconstrained drivers':
      skew_group clk/CONSTRAINTS: insertion delay [min=0.177, max=0.186], skew [0.009 vs 0.148]
    Legalizer API calls during this step: 0 succeeded with high effort: 0 succeeded with medium effort: 0 succeeded with low effort: 0 succeeded with basic effort: 0 succeeded with basic unbounded effort: 0
  Removing unconstrained drivers done. (took cpu=0:00:00.0 real=0:00:00.0)
  Reducing insertion delay 1...
    Clock DAG stats after 'Reducing insertion delay 1':
      cell counts      : b=0, i=3, icg=0, dcg=0, l=0, total=3
      sink counts      : regular=119, enable_latch=0, load_capacitance=0, antenna=0, node_sink=0, total=119
      misc counts      : r=1, pp=0
      cell areas       : b=0.000um^2, i=90.086um^2, icg=0.000um^2, dcg=0.000um^2, l=0.000um^2, total=90.086um^2
      cell capacitance : b=0.000pF, i=0.121pF, icg=0.000pF, dcg=0.000pF, l=0.000pF, total=0.121pF
      sink capacitance : total=0.259pF, avg=0.002pF, sd=0.000pF, min=0.002pF, max=0.003pF
      wire capacitance : top=0.000pF, trunk=0.005pF, leaf=0.081pF, total=0.086pF
      wire lengths     : top=0.000um, trunk=38.435um, leaf=631.634um, total=670.069um
      hp wire lengths  : top=0.000um, trunk=37.560um, leaf=231.540um, total=269.100um
    Clock DAG net violations after 'Reducing insertion delay 1': none
    Clock DAG primary half-corner transition distribution after 'Reducing insertion delay 1':
      Trunk : target=0.133ns count=2 avg=0.035ns sd=0.045ns min=0.003ns max=0.066ns {2 <= 0.080ns, 0 <= 0.106ns, 0 <= 0.120ns, 0 <= 0.126ns, 0 <= 0.133ns}
      Leaf  : target=0.133ns count=2 avg=0.120ns sd=0.005ns min=0.117ns max=0.124ns {0 <= 0.080ns, 0 <= 0.106ns, 1 <= 0.120ns, 1 <= 0.126ns, 0 <= 0.133ns}
    Clock DAG library cell distribution after 'Reducing insertion delay 1' {count}:
       Invs: sky130_fd_sc_hd__clkinv_16: 3 
    Primary reporting skew groups after 'Reducing insertion delay 1':
      skew_group clk/CONSTRAINTS: insertion delay [min=0.177, max=0.186], skew [0.009 vs 0.148]
    Skew group summary after 'Reducing insertion delay 1':
      skew_group clk/CONSTRAINTS: insertion delay [min=0.177, max=0.186], skew [0.009 vs 0.148]
    Legalizer API calls during this step: 8 succeeded with high effort: 8 succeeded with medium effort: 0 succeeded with low effort: 0 succeeded with basic effort: 0 succeeded with basic unbounded effort: 0
  Reducing insertion delay 1 done. (took cpu=0:00:00.0 real=0:00:00.0)
  Removing longest path buffering...
    Clock DAG stats after 'Removing longest path buffering':
      cell counts      : b=0, i=3, icg=0, dcg=0, l=0, total=3
      sink counts      : regular=119, enable_latch=0, load_capacitance=0, antenna=0, node_sink=0, total=119
      misc counts      : r=1, pp=0
      cell areas       : b=0.000um^2, i=90.086um^2, icg=0.000um^2, dcg=0.000um^2, l=0.000um^2, total=90.086um^2
      cell capacitance : b=0.000pF, i=0.121pF, icg=0.000pF, dcg=0.000pF, l=0.000pF, total=0.121pF
      sink capacitance : total=0.259pF, avg=0.002pF, sd=0.000pF, min=0.002pF, max=0.003pF
      wire capacitance : top=0.000pF, trunk=0.005pF, leaf=0.081pF, total=0.086pF
      wire lengths     : top=0.000um, trunk=38.435um, leaf=631.634um, total=670.069um
      hp wire lengths  : top=0.000um, trunk=37.560um, leaf=231.540um, total=269.100um
    Clock DAG net violations after 'Removing longest path buffering': none
    Clock DAG primary half-corner transition distribution after 'Removing longest path buffering':
      Trunk : target=0.133ns count=2 avg=0.035ns sd=0.045ns min=0.003ns max=0.066ns {2 <= 0.080ns, 0 <= 0.106ns, 0 <= 0.120ns, 0 <= 0.126ns, 0 <= 0.133ns}
      Leaf  : target=0.133ns count=2 avg=0.120ns sd=0.005ns min=0.117ns max=0.124ns {0 <= 0.080ns, 0 <= 0.106ns, 1 <= 0.120ns, 1 <= 0.126ns, 0 <= 0.133ns}
    Clock DAG library cell distribution after 'Removing longest path buffering' {count}:
       Invs: sky130_fd_sc_hd__clkinv_16: 3 
    Primary reporting skew groups after 'Removing longest path buffering':
      skew_group clk/CONSTRAINTS: insertion delay [min=0.177, max=0.186], skew [0.009 vs 0.148]
    Skew group summary after 'Removing longest path buffering':
      skew_group clk/CONSTRAINTS: insertion delay [min=0.177, max=0.186], skew [0.009 vs 0.148]
    Legalizer API calls during this step: 0 succeeded with high effort: 0 succeeded with medium effort: 0 succeeded with low effort: 0 succeeded with basic effort: 0 succeeded with basic unbounded effort: 0
  Removing longest path buffering done. (took cpu=0:00:00.0 real=0:00:00.0)
  Reducing insertion delay 2...
    Clock DAG stats after 'Reducing insertion delay 2':
      cell counts      : b=0, i=3, icg=0, dcg=0, l=0, total=3
      sink counts      : regular=119, enable_latch=0, load_capacitance=0, antenna=0, node_sink=0, total=119
      misc counts      : r=1, pp=0
      cell areas       : b=0.000um^2, i=90.086um^2, icg=0.000um^2, dcg=0.000um^2, l=0.000um^2, total=90.086um^2
      cell capacitance : b=0.000pF, i=0.121pF, icg=0.000pF, dcg=0.000pF, l=0.000pF, total=0.121pF
      sink capacitance : total=0.259pF, avg=0.002pF, sd=0.000pF, min=0.002pF, max=0.003pF
      wire capacitance : top=0.000pF, trunk=0.004pF, leaf=0.081pF, total=0.085pF
      wire lengths     : top=0.000um, trunk=29.895um, leaf=631.634um, total=661.529um
      hp wire lengths  : top=0.000um, trunk=37.560um, leaf=231.540um, total=269.100um
    Clock DAG net violations after 'Reducing insertion delay 2': none
    Clock DAG primary half-corner transition distribution after 'Reducing insertion delay 2':
      Trunk : target=0.133ns count=2 avg=0.034ns sd=0.044ns min=0.003ns max=0.066ns {2 <= 0.080ns, 0 <= 0.106ns, 0 <= 0.120ns, 0 <= 0.126ns, 0 <= 0.133ns}
      Leaf  : target=0.133ns count=2 avg=0.120ns sd=0.005ns min=0.117ns max=0.124ns {0 <= 0.080ns, 0 <= 0.106ns, 1 <= 0.120ns, 1 <= 0.126ns, 0 <= 0.133ns}
    Clock DAG library cell distribution after 'Reducing insertion delay 2' {count}:
       Invs: sky130_fd_sc_hd__clkinv_16: 3 
    Primary reporting skew groups after 'Reducing insertion delay 2':
      skew_group clk/CONSTRAINTS: insertion delay [min=0.177, max=0.185, avg=0.183, sd=0.003], skew [0.009 vs 0.148], 100% {0.177, 0.185} (wid=0.007 ws=0.004) (gid=0.180 gs=0.006)
    Skew group summary after 'Reducing insertion delay 2':
      skew_group clk/CONSTRAINTS: insertion delay [min=0.177, max=0.185, avg=0.183, sd=0.003], skew [0.009 vs 0.148], 100% {0.177, 0.185} (wid=0.007 ws=0.004) (gid=0.180 gs=0.006)
    Legalizer API calls during this step: 68 succeeded with high effort: 68 succeeded with medium effort: 0 succeeded with low effort: 0 succeeded with basic effort: 0 succeeded with basic unbounded effort: 0
  Reducing insertion delay 2 done. (took cpu=0:00:00.1 real=0:00:00.1)
  Stage::Insertion Delay Reduction done. (took cpu=0:00:00.1 real=0:00:00.1)
  CCOpt::Phase::Construction done. (took cpu=0:00:00.6 real=0:00:00.6)
  CCOpt::Phase::Implementation...
  Stage::Reducing Power...
  Improving clock tree routing...
    Iteration 1...
    Iteration 1 done.
    Clock DAG stats after 'Improving clock tree routing':
      cell counts      : b=0, i=3, icg=0, dcg=0, l=0, total=3
      sink counts      : regular=119, enable_latch=0, load_capacitance=0, antenna=0, node_sink=0, total=119
      misc counts      : r=1, pp=0
      cell areas       : b=0.000um^2, i=90.086um^2, icg=0.000um^2, dcg=0.000um^2, l=0.000um^2, total=90.086um^2
      cell capacitance : b=0.000pF, i=0.121pF, icg=0.000pF, dcg=0.000pF, l=0.000pF, total=0.121pF
      sink capacitance : total=0.259pF, avg=0.002pF, sd=0.000pF, min=0.002pF, max=0.003pF
      wire capacitance : top=0.000pF, trunk=0.004pF, leaf=0.081pF, total=0.085pF
      wire lengths     : top=0.000um, trunk=29.895um, leaf=631.634um, total=661.529um
      hp wire lengths  : top=0.000um, trunk=37.560um, leaf=231.540um, total=269.100um
    Clock DAG net violations after 'Improving clock tree routing': none
    Clock DAG primary half-corner transition distribution after 'Improving clock tree routing':
      Trunk : target=0.133ns count=2 avg=0.034ns sd=0.044ns min=0.003ns max=0.066ns {2 <= 0.080ns, 0 <= 0.106ns, 0 <= 0.120ns, 0 <= 0.126ns, 0 <= 0.133ns}
      Leaf  : target=0.133ns count=2 avg=0.120ns sd=0.005ns min=0.117ns max=0.124ns {0 <= 0.080ns, 0 <= 0.106ns, 1 <= 0.120ns, 1 <= 0.126ns, 0 <= 0.133ns}
    Clock DAG library cell distribution after 'Improving clock tree routing' {count}:
       Invs: sky130_fd_sc_hd__clkinv_16: 3 
    Primary reporting skew groups after 'Improving clock tree routing':
      skew_group clk/CONSTRAINTS: insertion delay [min=0.177, max=0.185], skew [0.009 vs 0.148]
    Skew group summary after 'Improving clock tree routing':
      skew_group clk/CONSTRAINTS: insertion delay [min=0.177, max=0.185], skew [0.009 vs 0.148]
    Legalizer API calls during this step: 3 succeeded with high effort: 3 succeeded with medium effort: 0 succeeded with low effort: 0 succeeded with basic effort: 0 succeeded with basic unbounded effort: 0
  Improving clock tree routing done. (took cpu=0:00:00.0 real=0:00:00.0)
  Reducing clock tree power 1...
    Resizing gates:     ...20% ...40% ...60% ...80% ...Legalizing clock trees...
    Legalizing clock trees done. (took cpu=0:00:00.0 real=0:00:00.0)
    100% 
    Clock DAG stats after 'Reducing clock tree power 1':
      cell counts      : b=0, i=3, icg=0, dcg=0, l=0, total=3
      sink counts      : regular=119, enable_latch=0, load_capacitance=0, antenna=0, node_sink=0, total=119
      misc counts      : r=1, pp=0
      cell areas       : b=0.000um^2, i=90.086um^2, icg=0.000um^2, dcg=0.000um^2, l=0.000um^2, total=90.086um^2
      cell capacitance : b=0.000pF, i=0.121pF, icg=0.000pF, dcg=0.000pF, l=0.000pF, total=0.121pF
      sink capacitance : total=0.259pF, avg=0.002pF, sd=0.000pF, min=0.002pF, max=0.003pF
      wire capacitance : top=0.000pF, trunk=0.004pF, leaf=0.081pF, total=0.085pF
      wire lengths     : top=0.000um, trunk=29.895um, leaf=631.634um, total=661.529um
      hp wire lengths  : top=0.000um, trunk=37.560um, leaf=231.540um, total=269.100um
    Clock DAG net violations after 'Reducing clock tree power 1': none
    Clock DAG primary half-corner transition distribution after 'Reducing clock tree power 1':
      Trunk : target=0.133ns count=2 avg=0.034ns sd=0.044ns min=0.003ns max=0.066ns {2 <= 0.080ns, 0 <= 0.106ns, 0 <= 0.120ns, 0 <= 0.126ns, 0 <= 0.133ns}
      Leaf  : target=0.133ns count=2 avg=0.120ns sd=0.005ns min=0.117ns max=0.124ns {0 <= 0.080ns, 0 <= 0.106ns, 1 <= 0.120ns, 1 <= 0.126ns, 0 <= 0.133ns}
    Clock DAG library cell distribution after 'Reducing clock tree power 1' {count}:
       Invs: sky130_fd_sc_hd__clkinv_16: 3 
    Primary reporting skew groups after 'Reducing clock tree power 1':
      skew_group clk/CONSTRAINTS: insertion delay [min=0.177, max=0.185], skew [0.009 vs 0.148]
    Skew group summary after 'Reducing clock tree power 1':
      skew_group clk/CONSTRAINTS: insertion delay [min=0.177, max=0.185], skew [0.009 vs 0.148]
    Legalizer API calls during this step: 6 succeeded with high effort: 6 succeeded with medium effort: 0 succeeded with low effort: 0 succeeded with basic effort: 0 succeeded with basic unbounded effort: 0
  Reducing clock tree power 1 done. (took cpu=0:00:00.0 real=0:00:00.0)
  Reducing clock tree power 2...
    Clock DAG stats after 'Reducing clock tree power 2':
      cell counts      : b=0, i=3, icg=0, dcg=0, l=0, total=3
      sink counts      : regular=119, enable_latch=0, load_capacitance=0, antenna=0, node_sink=0, total=119
      misc counts      : r=1, pp=0
      cell areas       : b=0.000um^2, i=90.086um^2, icg=0.000um^2, dcg=0.000um^2, l=0.000um^2, total=90.086um^2
      cell capacitance : b=0.000pF, i=0.121pF, icg=0.000pF, dcg=0.000pF, l=0.000pF, total=0.121pF
      sink capacitance : total=0.259pF, avg=0.002pF, sd=0.000pF, min=0.002pF, max=0.003pF
      wire capacitance : top=0.000pF, trunk=0.004pF, leaf=0.081pF, total=0.085pF
      wire lengths     : top=0.000um, trunk=29.895um, leaf=631.634um, total=661.529um
      hp wire lengths  : top=0.000um, trunk=37.560um, leaf=231.540um, total=269.100um
    Clock DAG net violations after 'Reducing clock tree power 2': none
    Clock DAG primary half-corner transition distribution after 'Reducing clock tree power 2':
      Trunk : target=0.133ns count=2 avg=0.034ns sd=0.044ns min=0.003ns max=0.066ns {2 <= 0.080ns, 0 <= 0.106ns, 0 <= 0.120ns, 0 <= 0.126ns, 0 <= 0.133ns}
      Leaf  : target=0.133ns count=2 avg=0.120ns sd=0.005ns min=0.117ns max=0.124ns {0 <= 0.080ns, 0 <= 0.106ns, 1 <= 0.120ns, 1 <= 0.126ns, 0 <= 0.133ns}
    Clock DAG library cell distribution after 'Reducing clock tree power 2' {count}:
       Invs: sky130_fd_sc_hd__clkinv_16: 3 
    Primary reporting skew groups after 'Reducing clock tree power 2':
      skew_group clk/CONSTRAINTS: insertion delay [min=0.177, max=0.185, avg=0.183, sd=0.003], skew [0.009 vs 0.148], 100% {0.177, 0.185} (wid=0.007 ws=0.004) (gid=0.180 gs=0.006)
    Skew group summary after 'Reducing clock tree power 2':
      skew_group clk/CONSTRAINTS: insertion delay [min=0.177, max=0.185, avg=0.183, sd=0.003], skew [0.009 vs 0.148], 100% {0.177, 0.185} (wid=0.007 ws=0.004) (gid=0.180 gs=0.006)
    Legalizer API calls during this step: 0 succeeded with high effort: 0 succeeded with medium effort: 0 succeeded with low effort: 0 succeeded with basic effort: 0 succeeded with basic unbounded effort: 0
  Reducing clock tree power 2 done. (took cpu=0:00:00.0 real=0:00:00.0)
  Stage::Reducing Power done. (took cpu=0:00:00.0 real=0:00:00.0)
  Stage::Balancing...
  Approximately balancing fragments step...
    Resolve constraints - Approximately balancing fragments...
    Resolving skew group constraints...
      Solving LP: 1 skew groups; 2 fragments, 2 fraglets and 3 vertices; 25 variables and 66 constraints; tolerance 1
    Resolving skew group constraints done.
    Resolve constraints - Approximately balancing fragments done. (took cpu=0:00:00.0 real=0:00:00.0)
    Estimate delay to be added in balancing - Approximately balancing fragments...
    Trial balancer estimated the amount of delay to be added in balancing: 0.000ns
    Estimate delay to be added in balancing - Approximately balancing fragments done. (took cpu=0:00:00.0 real=0:00:00.0)
    Approximately balancing fragments...
      Moving gates to improve sub-tree skew...
        Tried: 5 Succeeded: 0
        Topology Tried: 0 Succeeded: 0
        0 Succeeded with SS ratio
        0 Succeeded with Lollipop: 0 with tier one, 0 with tier two. 
        Total reducing skew: 0 Average reducing skew for 0 nets : 0
        Clock DAG stats after 'Moving gates to improve sub-tree skew':
          cell counts      : b=0, i=3, icg=0, dcg=0, l=0, total=3
          sink counts      : regular=119, enable_latch=0, load_capacitance=0, antenna=0, node_sink=0, total=119
          misc counts      : r=1, pp=0
          cell areas       : b=0.000um^2, i=90.086um^2, icg=0.000um^2, dcg=0.000um^2, l=0.000um^2, total=90.086um^2
          cell capacitance : b=0.000pF, i=0.121pF, icg=0.000pF, dcg=0.000pF, l=0.000pF, total=0.121pF
          sink capacitance : total=0.259pF, avg=0.002pF, sd=0.000pF, min=0.002pF, max=0.003pF
          wire capacitance : top=0.000pF, trunk=0.004pF, leaf=0.081pF, total=0.085pF
          wire lengths     : top=0.000um, trunk=29.895um, leaf=631.634um, total=661.529um
          hp wire lengths  : top=0.000um, trunk=37.560um, leaf=231.540um, total=269.100um
        Clock DAG net violations after 'Moving gates to improve sub-tree skew': none
        Clock DAG primary half-corner transition distribution after 'Moving gates to improve sub-tree skew':
          Trunk : target=0.133ns count=2 avg=0.034ns sd=0.044ns min=0.003ns max=0.066ns {2 <= 0.080ns, 0 <= 0.106ns, 0 <= 0.120ns, 0 <= 0.126ns, 0 <= 0.133ns}
          Leaf  : target=0.133ns count=2 avg=0.120ns sd=0.005ns min=0.117ns max=0.124ns {0 <= 0.080ns, 0 <= 0.106ns, 1 <= 0.120ns, 1 <= 0.126ns, 0 <= 0.133ns}
        Clock DAG library cell distribution after 'Moving gates to improve sub-tree skew' {count}:
           Invs: sky130_fd_sc_hd__clkinv_16: 3 
        Legalizer API calls during this step: 0 succeeded with high effort: 0 succeeded with medium effort: 0 succeeded with low effort: 0 succeeded with basic effort: 0 succeeded with basic unbounded effort: 0
      Moving gates to improve sub-tree skew done. (took cpu=0:00:00.0 real=0:00:00.0)
      Approximately balancing fragments bottom up...
        bottom up balancing: ...20% ...40% ...60% ...80% ...100% 
        Clock DAG stats after 'Approximately balancing fragments bottom up':
          cell counts      : b=0, i=3, icg=0, dcg=0, l=0, total=3
          sink counts      : regular=119, enable_latch=0, load_capacitance=0, antenna=0, node_sink=0, total=119
          misc counts      : r=1, pp=0
          cell areas       : b=0.000um^2, i=90.086um^2, icg=0.000um^2, dcg=0.000um^2, l=0.000um^2, total=90.086um^2
          cell capacitance : b=0.000pF, i=0.121pF, icg=0.000pF, dcg=0.000pF, l=0.000pF, total=0.121pF
          sink capacitance : total=0.259pF, avg=0.002pF, sd=0.000pF, min=0.002pF, max=0.003pF
          wire capacitance : top=0.000pF, trunk=0.004pF, leaf=0.081pF, total=0.085pF
          wire lengths     : top=0.000um, trunk=29.895um, leaf=631.634um, total=661.529um
          hp wire lengths  : top=0.000um, trunk=37.560um, leaf=231.540um, total=269.100um
        Clock DAG net violations after 'Approximately balancing fragments bottom up': none
        Clock DAG primary half-corner transition distribution after 'Approximately balancing fragments bottom up':
          Trunk : target=0.133ns count=2 avg=0.034ns sd=0.044ns min=0.003ns max=0.066ns {2 <= 0.080ns, 0 <= 0.106ns, 0 <= 0.120ns, 0 <= 0.126ns, 0 <= 0.133ns}
          Leaf  : target=0.133ns count=2 avg=0.120ns sd=0.005ns min=0.117ns max=0.124ns {0 <= 0.080ns, 0 <= 0.106ns, 1 <= 0.120ns, 1 <= 0.126ns, 0 <= 0.133ns}
        Clock DAG library cell distribution after 'Approximately balancing fragments bottom up' {count}:
           Invs: sky130_fd_sc_hd__clkinv_16: 3 
        Legalizer API calls during this step: 0 succeeded with high effort: 0 succeeded with medium effort: 0 succeeded with low effort: 0 succeeded with basic effort: 0 succeeded with basic unbounded effort: 0
      Approximately balancing fragments bottom up done. (took cpu=0:00:00.0 real=0:00:00.0)
      Approximately balancing fragments, wire and cell delays...
      Approximately balancing fragments, wire and cell delays, iteration 1...
        Clock DAG stats after Approximately balancing fragments, wire and cell delays, iteration 1:
          cell counts      : b=0, i=3, icg=0, dcg=0, l=0, total=3
          sink counts      : regular=119, enable_latch=0, load_capacitance=0, antenna=0, node_sink=0, total=119
          misc counts      : r=1, pp=0
          cell areas       : b=0.000um^2, i=90.086um^2, icg=0.000um^2, dcg=0.000um^2, l=0.000um^2, total=90.086um^2
          cell capacitance : b=0.000pF, i=0.121pF, icg=0.000pF, dcg=0.000pF, l=0.000pF, total=0.121pF
          sink capacitance : total=0.259pF, avg=0.002pF, sd=0.000pF, min=0.002pF, max=0.003pF
          wire capacitance : top=0.000pF, trunk=0.004pF, leaf=0.081pF, total=0.085pF
          wire lengths     : top=0.000um, trunk=29.895um, leaf=631.634um, total=661.529um
          hp wire lengths  : top=0.000um, trunk=37.560um, leaf=231.540um, total=269.100um
        Clock DAG net violations after Approximately balancing fragments, wire and cell delays, iteration 1: none
        Clock DAG primary half-corner transition distribution after Approximately balancing fragments, wire and cell delays, iteration 1:
          Trunk : target=0.133ns count=2 avg=0.034ns sd=0.044ns min=0.003ns max=0.066ns {2 <= 0.080ns, 0 <= 0.106ns, 0 <= 0.120ns, 0 <= 0.126ns, 0 <= 0.133ns}
          Leaf  : target=0.133ns count=2 avg=0.120ns sd=0.005ns min=0.117ns max=0.124ns {0 <= 0.080ns, 0 <= 0.106ns, 1 <= 0.120ns, 1 <= 0.126ns, 0 <= 0.133ns}
        Clock DAG library cell distribution after Approximately balancing fragments, wire and cell delays, iteration 1 {count}:
           Invs: sky130_fd_sc_hd__clkinv_16: 3 
      Approximately balancing fragments, wire and cell delays, iteration 1 done.
      Approximately balancing fragments, wire and cell delays done. (took cpu=0:00:00.0 real=0:00:00.0)
    Approximately balancing fragments done.
    Clock DAG stats after 'Approximately balancing fragments step':
      cell counts      : b=0, i=3, icg=0, dcg=0, l=0, total=3
      sink counts      : regular=119, enable_latch=0, load_capacitance=0, antenna=0, node_sink=0, total=119
      misc counts      : r=1, pp=0
      cell areas       : b=0.000um^2, i=90.086um^2, icg=0.000um^2, dcg=0.000um^2, l=0.000um^2, total=90.086um^2
      cell capacitance : b=0.000pF, i=0.121pF, icg=0.000pF, dcg=0.000pF, l=0.000pF, total=0.121pF
      sink capacitance : total=0.259pF, avg=0.002pF, sd=0.000pF, min=0.002pF, max=0.003pF
      wire capacitance : top=0.000pF, trunk=0.004pF, leaf=0.081pF, total=0.085pF
      wire lengths     : top=0.000um, trunk=29.895um, leaf=631.634um, total=661.529um
      hp wire lengths  : top=0.000um, trunk=37.560um, leaf=231.540um, total=269.100um
    Clock DAG net violations after 'Approximately balancing fragments step': none
    Clock DAG primary half-corner transition distribution after 'Approximately balancing fragments step':
      Trunk : target=0.133ns count=2 avg=0.034ns sd=0.044ns min=0.003ns max=0.066ns {2 <= 0.080ns, 0 <= 0.106ns, 0 <= 0.120ns, 0 <= 0.126ns, 0 <= 0.133ns}
      Leaf  : target=0.133ns count=2 avg=0.120ns sd=0.005ns min=0.117ns max=0.124ns {0 <= 0.080ns, 0 <= 0.106ns, 1 <= 0.120ns, 1 <= 0.126ns, 0 <= 0.133ns}
    Clock DAG library cell distribution after 'Approximately balancing fragments step' {count}:
       Invs: sky130_fd_sc_hd__clkinv_16: 3 
    Legalizer API calls during this step: 0 succeeded with high effort: 0 succeeded with medium effort: 0 succeeded with low effort: 0 succeeded with basic effort: 0 succeeded with basic unbounded effort: 0
  Approximately balancing fragments step done. (took cpu=0:00:00.0 real=0:00:00.0)
  Clock DAG stats after Approximately balancing fragments:
    cell counts      : b=0, i=3, icg=0, dcg=0, l=0, total=3
    sink counts      : regular=119, enable_latch=0, load_capacitance=0, antenna=0, node_sink=0, total=119
    misc counts      : r=1, pp=0
    cell areas       : b=0.000um^2, i=90.086um^2, icg=0.000um^2, dcg=0.000um^2, l=0.000um^2, total=90.086um^2
    cell capacitance : b=0.000pF, i=0.121pF, icg=0.000pF, dcg=0.000pF, l=0.000pF, total=0.121pF
    sink capacitance : total=0.259pF, avg=0.002pF, sd=0.000pF, min=0.002pF, max=0.003pF
    wire capacitance : top=0.000pF, trunk=0.004pF, leaf=0.081pF, total=0.085pF
    wire lengths     : top=0.000um, trunk=29.895um, leaf=631.634um, total=661.529um
    hp wire lengths  : top=0.000um, trunk=37.560um, leaf=231.540um, total=269.100um
  Clock DAG net violations after Approximately balancing fragments: none
  Clock DAG primary half-corner transition distribution after Approximately balancing fragments:
    Trunk : target=0.133ns count=2 avg=0.034ns sd=0.044ns min=0.003ns max=0.066ns {2 <= 0.080ns, 0 <= 0.106ns, 0 <= 0.120ns, 0 <= 0.126ns, 0 <= 0.133ns}
    Leaf  : target=0.133ns count=2 avg=0.120ns sd=0.005ns min=0.117ns max=0.124ns {0 <= 0.080ns, 0 <= 0.106ns, 1 <= 0.120ns, 1 <= 0.126ns, 0 <= 0.133ns}
  Clock DAG library cell distribution after Approximately balancing fragments {count}:
     Invs: sky130_fd_sc_hd__clkinv_16: 3 
  Primary reporting skew groups after Approximately balancing fragments:
    skew_group clk/CONSTRAINTS: insertion delay [min=0.177, max=0.185], skew [0.009 vs 0.148]
  Skew group summary after Approximately balancing fragments:
    skew_group clk/CONSTRAINTS: insertion delay [min=0.177, max=0.185], skew [0.009 vs 0.148]
  Improving fragments clock skew...
    Clock DAG stats after 'Improving fragments clock skew':
      cell counts      : b=0, i=3, icg=0, dcg=0, l=0, total=3
      sink counts      : regular=119, enable_latch=0, load_capacitance=0, antenna=0, node_sink=0, total=119
      misc counts      : r=1, pp=0
      cell areas       : b=0.000um^2, i=90.086um^2, icg=0.000um^2, dcg=0.000um^2, l=0.000um^2, total=90.086um^2
      cell capacitance : b=0.000pF, i=0.121pF, icg=0.000pF, dcg=0.000pF, l=0.000pF, total=0.121pF
      sink capacitance : total=0.259pF, avg=0.002pF, sd=0.000pF, min=0.002pF, max=0.003pF
      wire capacitance : top=0.000pF, trunk=0.004pF, leaf=0.081pF, total=0.085pF
      wire lengths     : top=0.000um, trunk=29.895um, leaf=631.634um, total=661.529um
      hp wire lengths  : top=0.000um, trunk=37.560um, leaf=231.540um, total=269.100um
    Clock DAG net violations after 'Improving fragments clock skew': none
    Clock DAG primary half-corner transition distribution after 'Improving fragments clock skew':
      Trunk : target=0.133ns count=2 avg=0.034ns sd=0.044ns min=0.003ns max=0.066ns {2 <= 0.080ns, 0 <= 0.106ns, 0 <= 0.120ns, 0 <= 0.126ns, 0 <= 0.133ns}
      Leaf  : target=0.133ns count=2 avg=0.120ns sd=0.005ns min=0.117ns max=0.124ns {0 <= 0.080ns, 0 <= 0.106ns, 1 <= 0.120ns, 1 <= 0.126ns, 0 <= 0.133ns}
    Clock DAG library cell distribution after 'Improving fragments clock skew' {count}:
       Invs: sky130_fd_sc_hd__clkinv_16: 3 
    Primary reporting skew groups after 'Improving fragments clock skew':
      skew_group clk/CONSTRAINTS: insertion delay [min=0.177, max=0.185], skew [0.009 vs 0.148]
    Skew group summary after 'Improving fragments clock skew':
      skew_group clk/CONSTRAINTS: insertion delay [min=0.177, max=0.185], skew [0.009 vs 0.148]
    Legalizer API calls during this step: 0 succeeded with high effort: 0 succeeded with medium effort: 0 succeeded with low effort: 0 succeeded with basic effort: 0 succeeded with basic unbounded effort: 0
  Improving fragments clock skew done. (took cpu=0:00:00.0 real=0:00:00.0)
  Approximately balancing step...
    Resolve constraints - Approximately balancing...
    Resolving skew group constraints...
      Solving LP: 1 skew groups; 2 fragments, 2 fraglets and 3 vertices; 25 variables and 66 constraints; tolerance 1
    Resolving skew group constraints done.
    Resolve constraints - Approximately balancing done. (took cpu=0:00:00.0 real=0:00:00.0)
    Approximately balancing...
      Approximately balancing, wire and cell delays...
      Approximately balancing, wire and cell delays, iteration 1...
        Clock DAG stats after Approximately balancing, wire and cell delays, iteration 1:
          cell counts      : b=0, i=3, icg=0, dcg=0, l=0, total=3
          sink counts      : regular=119, enable_latch=0, load_capacitance=0, antenna=0, node_sink=0, total=119
          misc counts      : r=1, pp=0
          cell areas       : b=0.000um^2, i=90.086um^2, icg=0.000um^2, dcg=0.000um^2, l=0.000um^2, total=90.086um^2
          cell capacitance : b=0.000pF, i=0.121pF, icg=0.000pF, dcg=0.000pF, l=0.000pF, total=0.121pF
          sink capacitance : total=0.259pF, avg=0.002pF, sd=0.000pF, min=0.002pF, max=0.003pF
          wire capacitance : top=0.000pF, trunk=0.004pF, leaf=0.081pF, total=0.085pF
          wire lengths     : top=0.000um, trunk=29.895um, leaf=631.634um, total=661.529um
          hp wire lengths  : top=0.000um, trunk=37.560um, leaf=231.540um, total=269.100um
        Clock DAG net violations after Approximately balancing, wire and cell delays, iteration 1: none
        Clock DAG primary half-corner transition distribution after Approximately balancing, wire and cell delays, iteration 1:
          Trunk : target=0.133ns count=2 avg=0.034ns sd=0.044ns min=0.003ns max=0.066ns {2 <= 0.080ns, 0 <= 0.106ns, 0 <= 0.120ns, 0 <= 0.126ns, 0 <= 0.133ns}
          Leaf  : target=0.133ns count=2 avg=0.120ns sd=0.005ns min=0.117ns max=0.124ns {0 <= 0.080ns, 0 <= 0.106ns, 1 <= 0.120ns, 1 <= 0.126ns, 0 <= 0.133ns}
        Clock DAG library cell distribution after Approximately balancing, wire and cell delays, iteration 1 {count}:
           Invs: sky130_fd_sc_hd__clkinv_16: 3 
      Approximately balancing, wire and cell delays, iteration 1 done.
      Approximately balancing, wire and cell delays done. (took cpu=0:00:00.0 real=0:00:00.0)
    Approximately balancing done.
    Clock DAG stats after 'Approximately balancing step':
      cell counts      : b=0, i=3, icg=0, dcg=0, l=0, total=3
      sink counts      : regular=119, enable_latch=0, load_capacitance=0, antenna=0, node_sink=0, total=119
      misc counts      : r=1, pp=0
      cell areas       : b=0.000um^2, i=90.086um^2, icg=0.000um^2, dcg=0.000um^2, l=0.000um^2, total=90.086um^2
      cell capacitance : b=0.000pF, i=0.121pF, icg=0.000pF, dcg=0.000pF, l=0.000pF, total=0.121pF
      sink capacitance : total=0.259pF, avg=0.002pF, sd=0.000pF, min=0.002pF, max=0.003pF
      wire capacitance : top=0.000pF, trunk=0.004pF, leaf=0.081pF, total=0.085pF
      wire lengths     : top=0.000um, trunk=29.895um, leaf=631.634um, total=661.529um
      hp wire lengths  : top=0.000um, trunk=37.560um, leaf=231.540um, total=269.100um
    Clock DAG net violations after 'Approximately balancing step': none
    Clock DAG primary half-corner transition distribution after 'Approximately balancing step':
      Trunk : target=0.133ns count=2 avg=0.034ns sd=0.044ns min=0.003ns max=0.066ns {2 <= 0.080ns, 0 <= 0.106ns, 0 <= 0.120ns, 0 <= 0.126ns, 0 <= 0.133ns}
      Leaf  : target=0.133ns count=2 avg=0.120ns sd=0.005ns min=0.117ns max=0.124ns {0 <= 0.080ns, 0 <= 0.106ns, 1 <= 0.120ns, 1 <= 0.126ns, 0 <= 0.133ns}
    Clock DAG library cell distribution after 'Approximately balancing step' {count}:
       Invs: sky130_fd_sc_hd__clkinv_16: 3 
    Primary reporting skew groups after 'Approximately balancing step':
      skew_group clk/CONSTRAINTS: insertion delay [min=0.177, max=0.185], skew [0.009 vs 0.148]
    Skew group summary after 'Approximately balancing step':
      skew_group clk/CONSTRAINTS: insertion delay [min=0.177, max=0.185], skew [0.009 vs 0.148]
    Legalizer API calls during this step: 0 succeeded with high effort: 0 succeeded with medium effort: 0 succeeded with low effort: 0 succeeded with basic effort: 0 succeeded with basic unbounded effort: 0
  Approximately balancing step done. (took cpu=0:00:00.0 real=0:00:00.0)
  Fixing clock tree overload...
    Fixing clock tree overload: ...20% ...40% ...60% ...80% ...100% 
    Clock DAG stats after 'Fixing clock tree overload':
      cell counts      : b=0, i=3, icg=0, dcg=0, l=0, total=3
      sink counts      : regular=119, enable_latch=0, load_capacitance=0, antenna=0, node_sink=0, total=119
      misc counts      : r=1, pp=0
      cell areas       : b=0.000um^2, i=90.086um^2, icg=0.000um^2, dcg=0.000um^2, l=0.000um^2, total=90.086um^2
      cell capacitance : b=0.000pF, i=0.121pF, icg=0.000pF, dcg=0.000pF, l=0.000pF, total=0.121pF
      sink capacitance : total=0.259pF, avg=0.002pF, sd=0.000pF, min=0.002pF, max=0.003pF
      wire capacitance : top=0.000pF, trunk=0.004pF, leaf=0.081pF, total=0.085pF
      wire lengths     : top=0.000um, trunk=29.895um, leaf=631.634um, total=661.529um
      hp wire lengths  : top=0.000um, trunk=37.560um, leaf=231.540um, total=269.100um
    Clock DAG net violations after 'Fixing clock tree overload': none
    Clock DAG primary half-corner transition distribution after 'Fixing clock tree overload':
      Trunk : target=0.133ns count=2 avg=0.034ns sd=0.044ns min=0.003ns max=0.066ns {2 <= 0.080ns, 0 <= 0.106ns, 0 <= 0.120ns, 0 <= 0.126ns, 0 <= 0.133ns}
      Leaf  : target=0.133ns count=2 avg=0.120ns sd=0.005ns min=0.117ns max=0.124ns {0 <= 0.080ns, 0 <= 0.106ns, 1 <= 0.120ns, 1 <= 0.126ns, 0 <= 0.133ns}
    Clock DAG library cell distribution after 'Fixing clock tree overload' {count}:
       Invs: sky130_fd_sc_hd__clkinv_16: 3 
    Primary reporting skew groups after 'Fixing clock tree overload':
      skew_group clk/CONSTRAINTS: insertion delay [min=0.177, max=0.185], skew [0.009 vs 0.148]
    Skew group summary after 'Fixing clock tree overload':
      skew_group clk/CONSTRAINTS: insertion delay [min=0.177, max=0.185], skew [0.009 vs 0.148]
    Legalizer API calls during this step: 0 succeeded with high effort: 0 succeeded with medium effort: 0 succeeded with low effort: 0 succeeded with basic effort: 0 succeeded with basic unbounded effort: 0
  Fixing clock tree overload done. (took cpu=0:00:00.0 real=0:00:00.0)
  Approximately balancing paths...
    Added 0 buffers.
    Clock DAG stats after 'Approximately balancing paths':
      cell counts      : b=0, i=3, icg=0, dcg=0, l=0, total=3
      sink counts      : regular=119, enable_latch=0, load_capacitance=0, antenna=0, node_sink=0, total=119
      misc counts      : r=1, pp=0
      cell areas       : b=0.000um^2, i=90.086um^2, icg=0.000um^2, dcg=0.000um^2, l=0.000um^2, total=90.086um^2
      cell capacitance : b=0.000pF, i=0.121pF, icg=0.000pF, dcg=0.000pF, l=0.000pF, total=0.121pF
      sink capacitance : total=0.259pF, avg=0.002pF, sd=0.000pF, min=0.002pF, max=0.003pF
      wire capacitance : top=0.000pF, trunk=0.004pF, leaf=0.081pF, total=0.085pF
      wire lengths     : top=0.000um, trunk=29.895um, leaf=631.634um, total=661.529um
      hp wire lengths  : top=0.000um, trunk=37.560um, leaf=231.540um, total=269.100um
    Clock DAG net violations after 'Approximately balancing paths': none
    Clock DAG primary half-corner transition distribution after 'Approximately balancing paths':
      Trunk : target=0.133ns count=2 avg=0.034ns sd=0.044ns min=0.003ns max=0.066ns {2 <= 0.080ns, 0 <= 0.106ns, 0 <= 0.120ns, 0 <= 0.126ns, 0 <= 0.133ns}
      Leaf  : target=0.133ns count=2 avg=0.120ns sd=0.005ns min=0.117ns max=0.124ns {0 <= 0.080ns, 0 <= 0.106ns, 1 <= 0.120ns, 1 <= 0.126ns, 0 <= 0.133ns}
    Clock DAG library cell distribution after 'Approximately balancing paths' {count}:
       Invs: sky130_fd_sc_hd__clkinv_16: 3 
    Primary reporting skew groups after 'Approximately balancing paths':
      skew_group clk/CONSTRAINTS: insertion delay [min=0.177, max=0.185, avg=0.183, sd=0.003], skew [0.009 vs 0.148], 100% {0.177, 0.185} (wid=0.007 ws=0.004) (gid=0.180 gs=0.006)
    Skew group summary after 'Approximately balancing paths':
      skew_group clk/CONSTRAINTS: insertion delay [min=0.177, max=0.185, avg=0.183, sd=0.003], skew [0.009 vs 0.148], 100% {0.177, 0.185} (wid=0.007 ws=0.004) (gid=0.180 gs=0.006)
    Legalizer API calls during this step: 0 succeeded with high effort: 0 succeeded with medium effort: 0 succeeded with low effort: 0 succeeded with basic effort: 0 succeeded with basic unbounded effort: 0
  Approximately balancing paths done. (took cpu=0:00:00.0 real=0:00:00.0)
  Stage::Balancing done. (took cpu=0:00:00.0 real=0:00:00.0)
  Stage::Polishing...
  Clock tree timing engine global stage delay update for DELAY_TYP:both.late...
  Clock tree timing engine global stage delay update for DELAY_TYP:both.late done. (took cpu=0:00:00.0 real=0:00:00.0)
  Clock DAG stats before polishing:
    cell counts      : b=0, i=3, icg=0, dcg=0, l=0, total=3
    sink counts      : regular=119, enable_latch=0, load_capacitance=0, antenna=0, node_sink=0, total=119
    misc counts      : r=1, pp=0
    cell areas       : b=0.000um^2, i=90.086um^2, icg=0.000um^2, dcg=0.000um^2, l=0.000um^2, total=90.086um^2
    cell capacitance : b=0.000pF, i=0.121pF, icg=0.000pF, dcg=0.000pF, l=0.000pF, total=0.121pF
    sink capacitance : total=0.259pF, avg=0.002pF, sd=0.000pF, min=0.002pF, max=0.003pF
    wire capacitance : top=0.000pF, trunk=0.004pF, leaf=0.081pF, total=0.085pF
    wire lengths     : top=0.000um, trunk=29.895um, leaf=631.634um, total=661.529um
    hp wire lengths  : top=0.000um, trunk=37.560um, leaf=231.540um, total=269.100um
  Clock DAG net violations before polishing: none
  Clock DAG primary half-corner transition distribution before polishing:
    Trunk : target=0.133ns count=2 avg=0.034ns sd=0.044ns min=0.003ns max=0.066ns {2 <= 0.080ns, 0 <= 0.106ns, 0 <= 0.120ns, 0 <= 0.126ns, 0 <= 0.133ns}
    Leaf  : target=0.133ns count=2 avg=0.120ns sd=0.005ns min=0.117ns max=0.124ns {0 <= 0.080ns, 0 <= 0.106ns, 1 <= 0.120ns, 1 <= 0.126ns, 0 <= 0.133ns}
  Clock DAG library cell distribution before polishing {count}:
     Invs: sky130_fd_sc_hd__clkinv_16: 3 
  Primary reporting skew groups before polishing:
    skew_group clk/CONSTRAINTS: insertion delay [min=0.177, max=0.186], skew [0.009 vs 0.148]
  Skew group summary before polishing:
    skew_group clk/CONSTRAINTS: insertion delay [min=0.177, max=0.186], skew [0.009 vs 0.148]
  Merging balancing drivers for power...
    Tried: 5 Succeeded: 0
    Clock DAG stats after 'Merging balancing drivers for power':
      cell counts      : b=0, i=3, icg=0, dcg=0, l=0, total=3
      sink counts      : regular=119, enable_latch=0, load_capacitance=0, antenna=0, node_sink=0, total=119
      misc counts      : r=1, pp=0
      cell areas       : b=0.000um^2, i=90.086um^2, icg=0.000um^2, dcg=0.000um^2, l=0.000um^2, total=90.086um^2
      cell capacitance : b=0.000pF, i=0.121pF, icg=0.000pF, dcg=0.000pF, l=0.000pF, total=0.121pF
      sink capacitance : total=0.259pF, avg=0.002pF, sd=0.000pF, min=0.002pF, max=0.003pF
      wire capacitance : top=0.000pF, trunk=0.004pF, leaf=0.081pF, total=0.085pF
      wire lengths     : top=0.000um, trunk=29.895um, leaf=631.634um, total=661.529um
      hp wire lengths  : top=0.000um, trunk=37.560um, leaf=231.540um, total=269.100um
    Clock DAG net violations after 'Merging balancing drivers for power': none
    Clock DAG primary half-corner transition distribution after 'Merging balancing drivers for power':
      Trunk : target=0.133ns count=2 avg=0.034ns sd=0.044ns min=0.003ns max=0.066ns {2 <= 0.080ns, 0 <= 0.106ns, 0 <= 0.120ns, 0 <= 0.126ns, 0 <= 0.133ns}
      Leaf  : target=0.133ns count=2 avg=0.120ns sd=0.005ns min=0.117ns max=0.124ns {0 <= 0.080ns, 0 <= 0.106ns, 1 <= 0.120ns, 1 <= 0.126ns, 0 <= 0.133ns}
    Clock DAG library cell distribution after 'Merging balancing drivers for power' {count}:
       Invs: sky130_fd_sc_hd__clkinv_16: 3 
    Primary reporting skew groups after 'Merging balancing drivers for power':
      skew_group clk/CONSTRAINTS: insertion delay [min=0.177, max=0.186], skew [0.009 vs 0.148]
    Skew group summary after 'Merging balancing drivers for power':
      skew_group clk/CONSTRAINTS: insertion delay [min=0.177, max=0.186], skew [0.009 vs 0.148]
    Legalizer API calls during this step: 0 succeeded with high effort: 0 succeeded with medium effort: 0 succeeded with low effort: 0 succeeded with basic effort: 0 succeeded with basic unbounded effort: 0
  Merging balancing drivers for power done. (took cpu=0:00:00.0 real=0:00:00.0)
  Improving clock skew...
    Clock DAG stats after 'Improving clock skew':
      cell counts      : b=0, i=3, icg=0, dcg=0, l=0, total=3
      sink counts      : regular=119, enable_latch=0, load_capacitance=0, antenna=0, node_sink=0, total=119
      misc counts      : r=1, pp=0
      cell areas       : b=0.000um^2, i=90.086um^2, icg=0.000um^2, dcg=0.000um^2, l=0.000um^2, total=90.086um^2
      cell capacitance : b=0.000pF, i=0.121pF, icg=0.000pF, dcg=0.000pF, l=0.000pF, total=0.121pF
      sink capacitance : total=0.259pF, avg=0.002pF, sd=0.000pF, min=0.002pF, max=0.003pF
      wire capacitance : top=0.000pF, trunk=0.004pF, leaf=0.081pF, total=0.085pF
      wire lengths     : top=0.000um, trunk=29.895um, leaf=631.634um, total=661.529um
      hp wire lengths  : top=0.000um, trunk=37.560um, leaf=231.540um, total=269.100um
    Clock DAG net violations after 'Improving clock skew': none
    Clock DAG primary half-corner transition distribution after 'Improving clock skew':
      Trunk : target=0.133ns count=2 avg=0.034ns sd=0.044ns min=0.003ns max=0.066ns {2 <= 0.080ns, 0 <= 0.106ns, 0 <= 0.120ns, 0 <= 0.126ns, 0 <= 0.133ns}
      Leaf  : target=0.133ns count=2 avg=0.120ns sd=0.005ns min=0.117ns max=0.124ns {0 <= 0.080ns, 0 <= 0.106ns, 1 <= 0.120ns, 1 <= 0.126ns, 0 <= 0.133ns}
    Clock DAG library cell distribution after 'Improving clock skew' {count}:
       Invs: sky130_fd_sc_hd__clkinv_16: 3 
    Primary reporting skew groups after 'Improving clock skew':
      skew_group clk/CONSTRAINTS: insertion delay [min=0.177, max=0.186, avg=0.183, sd=0.003], skew [0.009 vs 0.148], 100% {0.177, 0.186} (wid=0.007 ws=0.004) (gid=0.180 gs=0.006)
    Skew group summary after 'Improving clock skew':
      skew_group clk/CONSTRAINTS: insertion delay [min=0.177, max=0.186, avg=0.183, sd=0.003], skew [0.009 vs 0.148], 100% {0.177, 0.186} (wid=0.007 ws=0.004) (gid=0.180 gs=0.006)
    Legalizer API calls during this step: 0 succeeded with high effort: 0 succeeded with medium effort: 0 succeeded with low effort: 0 succeeded with basic effort: 0 succeeded with basic unbounded effort: 0
  Improving clock skew done. (took cpu=0:00:00.0 real=0:00:00.0)
  Moving gates to reduce wire capacitance...
    Modified slew target multipliers. Leaf=(1 to 0.9) Trunk=(1 to 0.95) Top=(1 to 0.95)
    Iteration 1...
      Artificially removing short and long paths...
        Legalizer API calls during this step: 0 succeeded with high effort: 0 succeeded with medium effort: 0 succeeded with low effort: 0 succeeded with basic effort: 0 succeeded with basic unbounded effort: 0
      Artificially removing short and long paths done. (took cpu=0:00:00.0 real=0:00:00.0)
      Moving gates to reduce wire capacitance - iteration 1: WireCapReduction...
        Legalizing clock trees...
        Legalizing clock trees done. (took cpu=0:00:00.0 real=0:00:00.0)
        Legalizer API calls during this step: 20 succeeded with high effort: 20 succeeded with medium effort: 0 succeeded with low effort: 0 succeeded with basic effort: 0 succeeded with basic unbounded effort: 0
      Moving gates to reduce wire capacitance - iteration 1: WireCapReduction done. (took cpu=0:00:00.0 real=0:00:00.0)
      Moving gates to reduce wire capacitance - iteration 1: MoveGates...
        Moving gates:         ...20% ...40% ...60% ...80% ...Legalizing clock trees...
        Legalizing clock trees done. (took cpu=0:00:00.0 real=0:00:00.0)
        100% 
        Legalizer API calls during this step: 42 succeeded with high effort: 42 succeeded with medium effort: 0 succeeded with low effort: 0 succeeded with basic effort: 0 succeeded with basic unbounded effort: 0
      Moving gates to reduce wire capacitance - iteration 1: MoveGates done. (took cpu=0:00:00.0 real=0:00:00.0)
    Iteration 1 done.
    Iteration 2...
      Artificially removing short and long paths...
        Legalizer API calls during this step: 0 succeeded with high effort: 0 succeeded with medium effort: 0 succeeded with low effort: 0 succeeded with basic effort: 0 succeeded with basic unbounded effort: 0
      Artificially removing short and long paths done. (took cpu=0:00:00.0 real=0:00:00.0)
      Moving gates to reduce wire capacitance - iteration 2: WireCapReduction...
        Legalizing clock trees...
        Legalizing clock trees done. (took cpu=0:00:00.0 real=0:00:00.0)
        Legalizer API calls during this step: 24 succeeded with high effort: 24 succeeded with medium effort: 0 succeeded with low effort: 0 succeeded with basic effort: 0 succeeded with basic unbounded effort: 0
      Moving gates to reduce wire capacitance - iteration 2: WireCapReduction done. (took cpu=0:00:00.0 real=0:00:00.0)
      Moving gates to reduce wire capacitance - iteration 2: MoveGates...
        Moving gates:         ...20% ...40% ...60% ...80% ...Legalizing clock trees...
        Legalizing clock trees done. (took cpu=0:00:00.0 real=0:00:00.0)
        100% 
        Legalizer API calls during this step: 42 succeeded with high effort: 42 succeeded with medium effort: 0 succeeded with low effort: 0 succeeded with basic effort: 0 succeeded with basic unbounded effort: 0
      Moving gates to reduce wire capacitance - iteration 2: MoveGates done. (took cpu=0:00:00.0 real=0:00:00.0)
    Iteration 2 done.
    Reverted slew target multipliers. Leaf=(0.9 to 1) Trunk=(0.95 to 1) Top=(0.95 to 1)
    Clock DAG stats after 'Moving gates to reduce wire capacitance':
      cell counts      : b=0, i=3, icg=0, dcg=0, l=0, total=3
      sink counts      : regular=119, enable_latch=0, load_capacitance=0, antenna=0, node_sink=0, total=119
      misc counts      : r=1, pp=0
      cell areas       : b=0.000um^2, i=90.086um^2, icg=0.000um^2, dcg=0.000um^2, l=0.000um^2, total=90.086um^2
      cell capacitance : b=0.000pF, i=0.121pF, icg=0.000pF, dcg=0.000pF, l=0.000pF, total=0.121pF
      sink capacitance : total=0.259pF, avg=0.002pF, sd=0.000pF, min=0.002pF, max=0.003pF
      wire capacitance : top=0.000pF, trunk=0.005pF, leaf=0.079pF, total=0.084pF
      wire lengths     : top=0.000um, trunk=32.625um, leaf=626.485um, total=659.110um
      hp wire lengths  : top=0.000um, trunk=32.120um, leaf=231.540um, total=263.660um
    Clock DAG net violations after 'Moving gates to reduce wire capacitance': none
    Clock DAG primary half-corner transition distribution after 'Moving gates to reduce wire capacitance':
      Trunk : target=0.133ns count=2 avg=0.035ns sd=0.045ns min=0.003ns max=0.066ns {2 <= 0.080ns, 0 <= 0.106ns, 0 <= 0.120ns, 0 <= 0.126ns, 0 <= 0.133ns}
      Leaf  : target=0.133ns count=2 avg=0.120ns sd=0.004ns min=0.116ns max=0.123ns {0 <= 0.080ns, 0 <= 0.106ns, 1 <= 0.120ns, 1 <= 0.126ns, 0 <= 0.133ns}
    Clock DAG library cell distribution after 'Moving gates to reduce wire capacitance' {count}:
       Invs: sky130_fd_sc_hd__clkinv_16: 3 
    Primary reporting skew groups after 'Moving gates to reduce wire capacitance':
      skew_group clk/CONSTRAINTS: insertion delay [min=0.179, max=0.187, avg=0.184, sd=0.002], skew [0.008 vs 0.148], 100% {0.179, 0.187} (wid=0.008 ws=0.004) (gid=0.181 gs=0.006)
    Skew group summary after 'Moving gates to reduce wire capacitance':
      skew_group clk/CONSTRAINTS: insertion delay [min=0.179, max=0.187, avg=0.184, sd=0.002], skew [0.008 vs 0.148], 100% {0.179, 0.187} (wid=0.008 ws=0.004) (gid=0.181 gs=0.006)
    Legalizer API calls during this step: 128 succeeded with high effort: 128 succeeded with medium effort: 0 succeeded with low effort: 0 succeeded with basic effort: 0 succeeded with basic unbounded effort: 0
  Moving gates to reduce wire capacitance done. (took cpu=0:00:00.1 real=0:00:00.1)
  Reducing clock tree power 3...
    Artificially removing short and long paths...
      Legalizer API calls during this step: 0 succeeded with high effort: 0 succeeded with medium effort: 0 succeeded with low effort: 0 succeeded with basic effort: 0 succeeded with basic unbounded effort: 0
    Artificially removing short and long paths done. (took cpu=0:00:00.0 real=0:00:00.0)
    Initial gate capacitance is (rise=0.380pF fall=0.341pF).
    Resizing gates:     ...20% ...40% ...60% ...80% ...Legalizing clock trees...
    Legalizing clock trees done. (took cpu=0:00:00.0 real=0:00:00.0)
    100% 
    Clock DAG stats after 'Reducing clock tree power 3':
      cell counts      : b=0, i=3, icg=0, dcg=0, l=0, total=3
      sink counts      : regular=119, enable_latch=0, load_capacitance=0, antenna=0, node_sink=0, total=119
      misc counts      : r=1, pp=0
      cell areas       : b=0.000um^2, i=90.086um^2, icg=0.000um^2, dcg=0.000um^2, l=0.000um^2, total=90.086um^2
      cell capacitance : b=0.000pF, i=0.121pF, icg=0.000pF, dcg=0.000pF, l=0.000pF, total=0.121pF
      sink capacitance : total=0.259pF, avg=0.002pF, sd=0.000pF, min=0.002pF, max=0.003pF
      wire capacitance : top=0.000pF, trunk=0.005pF, leaf=0.079pF, total=0.084pF
      wire lengths     : top=0.000um, trunk=32.625um, leaf=626.485um, total=659.110um
      hp wire lengths  : top=0.000um, trunk=32.120um, leaf=231.540um, total=263.660um
    Clock DAG net violations after 'Reducing clock tree power 3': none
    Clock DAG primary half-corner transition distribution after 'Reducing clock tree power 3':
      Trunk : target=0.133ns count=2 avg=0.035ns sd=0.045ns min=0.003ns max=0.066ns {2 <= 0.080ns, 0 <= 0.106ns, 0 <= 0.120ns, 0 <= 0.126ns, 0 <= 0.133ns}
      Leaf  : target=0.133ns count=2 avg=0.120ns sd=0.004ns min=0.116ns max=0.123ns {0 <= 0.080ns, 0 <= 0.106ns, 1 <= 0.120ns, 1 <= 0.126ns, 0 <= 0.133ns}
    Clock DAG library cell distribution after 'Reducing clock tree power 3' {count}:
       Invs: sky130_fd_sc_hd__clkinv_16: 3 
    Primary reporting skew groups after 'Reducing clock tree power 3':
      skew_group clk/CONSTRAINTS: insertion delay [min=0.179, max=0.187, avg=0.184, sd=0.002], skew [0.008 vs 0.148], 100% {0.179, 0.187} (wid=0.008 ws=0.004) (gid=0.181 gs=0.006)
    Skew group summary after 'Reducing clock tree power 3':
      skew_group clk/CONSTRAINTS: insertion delay [min=0.179, max=0.187, avg=0.184, sd=0.002], skew [0.008 vs 0.148], 100% {0.179, 0.187} (wid=0.008 ws=0.004) (gid=0.181 gs=0.006)
    Legalizer API calls during this step: 6 succeeded with high effort: 6 succeeded with medium effort: 0 succeeded with low effort: 0 succeeded with basic effort: 0 succeeded with basic unbounded effort: 0
  Reducing clock tree power 3 done. (took cpu=0:00:00.0 real=0:00:00.0)
  Improving insertion delay...
    Clock DAG stats after 'Improving insertion delay':
      cell counts      : b=0, i=3, icg=0, dcg=0, l=0, total=3
      sink counts      : regular=119, enable_latch=0, load_capacitance=0, antenna=0, node_sink=0, total=119
      misc counts      : r=1, pp=0
      cell areas       : b=0.000um^2, i=90.086um^2, icg=0.000um^2, dcg=0.000um^2, l=0.000um^2, total=90.086um^2
      cell capacitance : b=0.000pF, i=0.121pF, icg=0.000pF, dcg=0.000pF, l=0.000pF, total=0.121pF
      sink capacitance : total=0.259pF, avg=0.002pF, sd=0.000pF, min=0.002pF, max=0.003pF
      wire capacitance : top=0.000pF, trunk=0.003pF, leaf=0.079pF, total=0.083pF
      wire lengths     : top=0.000um, trunk=23.320um, leaf=626.485um, total=649.805um
      hp wire lengths  : top=0.000um, trunk=32.120um, leaf=231.540um, total=263.660um
    Clock DAG net violations after 'Improving insertion delay': none
    Clock DAG primary half-corner transition distribution after 'Improving insertion delay':
      Trunk : target=0.133ns count=2 avg=0.034ns sd=0.044ns min=0.003ns max=0.065ns {2 <= 0.080ns, 0 <= 0.106ns, 0 <= 0.120ns, 0 <= 0.126ns, 0 <= 0.133ns}
      Leaf  : target=0.133ns count=2 avg=0.120ns sd=0.004ns min=0.117ns max=0.123ns {0 <= 0.080ns, 0 <= 0.106ns, 1 <= 0.120ns, 1 <= 0.126ns, 0 <= 0.133ns}
    Clock DAG library cell distribution after 'Improving insertion delay' {count}:
       Invs: sky130_fd_sc_hd__clkinv_16: 3 
    Primary reporting skew groups after 'Improving insertion delay':
      skew_group clk/CONSTRAINTS: insertion delay [min=0.177, max=0.185, avg=0.182, sd=0.002], skew [0.008 vs 0.148], 100% {0.177, 0.185} (wid=0.007 ws=0.004) (gid=0.179 gs=0.006)
    Skew group summary after 'Improving insertion delay':
      skew_group clk/CONSTRAINTS: insertion delay [min=0.177, max=0.185, avg=0.182, sd=0.002], skew [0.008 vs 0.148], 100% {0.177, 0.185} (wid=0.007 ws=0.004) (gid=0.179 gs=0.006)
    Legalizer API calls during this step: 8 succeeded with high effort: 8 succeeded with medium effort: 0 succeeded with low effort: 0 succeeded with basic effort: 0 succeeded with basic unbounded effort: 0
  Improving insertion delay done. (took cpu=0:00:00.0 real=0:00:00.0)
  Wire Opt OverFix...
    Wire Reduction extra effort...
      Modified slew target multipliers. Leaf=(1 to 0.95) Trunk=(1 to 1) Top=(1 to 1)
      Artificially removing short and long paths...
        Legalizer API calls during this step: 0 succeeded with high effort: 0 succeeded with medium effort: 0 succeeded with low effort: 0 succeeded with basic effort: 0 succeeded with basic unbounded effort: 0
      Artificially removing short and long paths done. (took cpu=0:00:00.0 real=0:00:00.0)
      Global shorten wires A0...
        Legalizer API calls during this step: 5 succeeded with high effort: 5 succeeded with medium effort: 0 succeeded with low effort: 0 succeeded with basic effort: 0 succeeded with basic unbounded effort: 0
      Global shorten wires A0 done. (took cpu=0:00:00.0 real=0:00:00.0)
      Move For Wirelength - core...
        Move for wirelength. considered=4, filtered=4, permitted=3, cannotCompute=1, computed=2, moveTooSmall=12, resolved=0, predictFail=0, currentlyIllegal=0, legalizationFail=0, legalizedMoveTooSmall=5, ignoredLeafDriver=0, worse=1, accepted=0
        Max accepted move=0.000um, total accepted move=0.000um
        Legalizer API calls during this step: 6 succeeded with high effort: 6 succeeded with medium effort: 0 succeeded with low effort: 0 succeeded with basic effort: 0 succeeded with basic unbounded effort: 0
      Move For Wirelength - core done. (took cpu=0:00:00.0 real=0:00:00.0)
      Global shorten wires A1...
        Legalizer API calls during this step: 5 succeeded with high effort: 5 succeeded with medium effort: 0 succeeded with low effort: 0 succeeded with basic effort: 0 succeeded with basic unbounded effort: 0
      Global shorten wires A1 done. (took cpu=0:00:00.0 real=0:00:00.0)
      Move For Wirelength - core...
        Move for wirelength. considered=4, filtered=4, permitted=3, cannotCompute=3, computed=0, moveTooSmall=8, resolved=0, predictFail=0, currentlyIllegal=0, legalizationFail=0, legalizedMoveTooSmall=0, ignoredLeafDriver=0, worse=0, accepted=0
        Max accepted move=0.000um, total accepted move=0.000um
        Legalizer API calls during this step: 0 succeeded with high effort: 0 succeeded with medium effort: 0 succeeded with low effort: 0 succeeded with basic effort: 0 succeeded with basic unbounded effort: 0
      Move For Wirelength - core done. (took cpu=0:00:00.0 real=0:00:00.0)
      Global shorten wires B...
        Legalizer API calls during this step: 15 succeeded with high effort: 15 succeeded with medium effort: 0 succeeded with low effort: 0 succeeded with basic effort: 0 succeeded with basic unbounded effort: 0
      Global shorten wires B done. (took cpu=0:00:00.0 real=0:00:00.0)
      Move For Wirelength - branch...
        Move for wirelength. considered=4, filtered=4, permitted=3, cannotCompute=0, computed=3, moveTooSmall=0, resolved=0, predictFail=0, currentlyIllegal=0, legalizationFail=0, legalizedMoveTooSmall=0, ignoredLeafDriver=0, worse=2, accepted=1
        Max accepted move=0.460um, total accepted move=0.460um, average move=0.460um
        Move for wirelength. considered=4, filtered=4, permitted=3, cannotCompute=2, computed=1, moveTooSmall=0, resolved=0, predictFail=5, currentlyIllegal=0, legalizationFail=0, legalizedMoveTooSmall=0, ignoredLeafDriver=0, worse=1, accepted=0
        Max accepted move=0.000um, total accepted move=0.000um
        Legalizer API calls during this step: 4 succeeded with high effort: 4 succeeded with medium effort: 0 succeeded with low effort: 0 succeeded with basic effort: 0 succeeded with basic unbounded effort: 0
      Move For Wirelength - branch done. (took cpu=0:00:00.0 real=0:00:00.0)
      Reverted slew target multipliers. Leaf=(0.95 to 1) Trunk=(1 to 1) Top=(1 to 1)
      Clock DAG stats after 'Wire Reduction extra effort':
        cell counts      : b=0, i=3, icg=0, dcg=0, l=0, total=3
        sink counts      : regular=119, enable_latch=0, load_capacitance=0, antenna=0, node_sink=0, total=119
        misc counts      : r=1, pp=0
        cell areas       : b=0.000um^2, i=90.086um^2, icg=0.000um^2, dcg=0.000um^2, l=0.000um^2, total=90.086um^2
        cell capacitance : b=0.000pF, i=0.121pF, icg=0.000pF, dcg=0.000pF, l=0.000pF, total=0.121pF
        sink capacitance : total=0.259pF, avg=0.002pF, sd=0.000pF, min=0.002pF, max=0.003pF
        wire capacitance : top=0.000pF, trunk=0.003pF, leaf=0.079pF, total=0.083pF
        wire lengths     : top=0.000um, trunk=22.860um, leaf=626.025um, total=648.885um
        hp wire lengths  : top=0.000um, trunk=31.660um, leaf=231.770um, total=263.430um
      Clock DAG net violations after 'Wire Reduction extra effort': none
      Clock DAG primary half-corner transition distribution after 'Wire Reduction extra effort':
        Trunk : target=0.133ns count=2 avg=0.034ns sd=0.044ns min=0.003ns max=0.065ns {2 <= 0.080ns, 0 <= 0.106ns, 0 <= 0.120ns, 0 <= 0.126ns, 0 <= 0.133ns}
        Leaf  : target=0.133ns count=2 avg=0.120ns sd=0.005ns min=0.116ns max=0.123ns {0 <= 0.080ns, 0 <= 0.106ns, 1 <= 0.120ns, 1 <= 0.126ns, 0 <= 0.133ns}
      Clock DAG library cell distribution after 'Wire Reduction extra effort' {count}:
         Invs: sky130_fd_sc_hd__clkinv_16: 3 
      Primary reporting skew groups after 'Wire Reduction extra effort':
        skew_group clk/CONSTRAINTS: insertion delay [min=0.177, max=0.185, avg=0.182, sd=0.002], skew [0.008 vs 0.148], 100% {0.177, 0.185} (wid=0.007 ws=0.004) (gid=0.179 gs=0.006)
      Skew group summary after 'Wire Reduction extra effort':
        skew_group clk/CONSTRAINTS: insertion delay [min=0.177, max=0.185, avg=0.182, sd=0.002], skew [0.008 vs 0.148], 100% {0.177, 0.185} (wid=0.007 ws=0.004) (gid=0.179 gs=0.006)
      Legalizer API calls during this step: 35 succeeded with high effort: 35 succeeded with medium effort: 0 succeeded with low effort: 0 succeeded with basic effort: 0 succeeded with basic unbounded effort: 0
    Wire Reduction extra effort done. (took cpu=0:00:00.0 real=0:00:00.0)
    Optimizing orientation...
    FlipOpt...
    Disconnecting clock tree from netlist...
    Disconnecting clock tree from netlist done.
    Performing Single Threaded FlipOpt
    Optimizing orientation on clock cells...
      Orientation Wirelength Optimization: Attempted = 5 , Succeeded = 1 , Constraints Broken = 2 , CannotMove = 2 , Illegal = 0 , Other = 0
    Optimizing orientation on clock cells done.
    Resynthesising clock tree into netlist...
      Reset timing graph...
Ignoring AAE DB Resetting ...
      Reset timing graph done.
    Resynthesising clock tree into netlist done.
    FlipOpt done. (took cpu=0:00:00.0 real=0:00:00.0)
    Optimizing orientation done. (took cpu=0:00:00.0 real=0:00:00.0)
    Clock DAG stats after 'Wire Opt OverFix':
      cell counts      : b=0, i=3, icg=0, dcg=0, l=0, total=3
      sink counts      : regular=119, enable_latch=0, load_capacitance=0, antenna=0, node_sink=0, total=119
      misc counts      : r=1, pp=0
      cell areas       : b=0.000um^2, i=90.086um^2, icg=0.000um^2, dcg=0.000um^2, l=0.000um^2, total=90.086um^2
      cell capacitance : b=0.000pF, i=0.121pF, icg=0.000pF, dcg=0.000pF, l=0.000pF, total=0.121pF
      sink capacitance : total=0.259pF, avg=0.002pF, sd=0.000pF, min=0.002pF, max=0.003pF
      wire capacitance : top=0.000pF, trunk=0.003pF, leaf=0.079pF, total=0.083pF
      wire lengths     : top=0.000um, trunk=22.400um, leaf=626.010um, total=648.410um
      hp wire lengths  : top=0.000um, trunk=31.660um, leaf=231.770um, total=263.430um
    Clock DAG net violations after 'Wire Opt OverFix': none
    Clock DAG primary half-corner transition distribution after 'Wire Opt OverFix':
      Trunk : target=0.133ns count=2 avg=0.034ns sd=0.044ns min=0.003ns max=0.065ns {2 <= 0.080ns, 0 <= 0.106ns, 0 <= 0.120ns, 0 <= 0.126ns, 0 <= 0.133ns}
      Leaf  : target=0.133ns count=2 avg=0.120ns sd=0.005ns min=0.116ns max=0.123ns {0 <= 0.080ns, 0 <= 0.106ns, 1 <= 0.120ns, 1 <= 0.126ns, 0 <= 0.133ns}
    Clock DAG library cell distribution after 'Wire Opt OverFix' {count}:
       Invs: sky130_fd_sc_hd__clkinv_16: 3 
    Primary reporting skew groups after 'Wire Opt OverFix':
      skew_group clk/CONSTRAINTS: insertion delay [min=0.177, max=0.185, avg=0.182, sd=0.002], skew [0.008 vs 0.148], 100% {0.177, 0.185} (wid=0.007 ws=0.004) (gid=0.179 gs=0.006)
    Skew group summary after 'Wire Opt OverFix':
      skew_group clk/CONSTRAINTS: insertion delay [min=0.177, max=0.185, avg=0.182, sd=0.002], skew [0.008 vs 0.148], 100% {0.177, 0.185} (wid=0.007 ws=0.004) (gid=0.179 gs=0.006)
    Legalizer API calls during this step: 35 succeeded with high effort: 35 succeeded with medium effort: 0 succeeded with low effort: 0 succeeded with basic effort: 0 succeeded with basic unbounded effort: 0
  Wire Opt OverFix done. (took cpu=0:00:00.0 real=0:00:00.0)
  Total capacitance is (rise=0.463pF fall=0.424pF), of which (rise=0.083pF fall=0.083pF) is wire, and (rise=0.380pF fall=0.341pF) is gate.
  Stage::Polishing done. (took cpu=0:00:00.1 real=0:00:00.1)
  Stage::Updating netlist...
  Reset timing graph...
Ignoring AAE DB Resetting ...
  Reset timing graph done.
  Setting non-default rules before calling refine place.
  Leaving CCOpt scope - Cleaning up placement interface...
  Leaving CCOpt scope - Cleaning up placement interface done. (took cpu=0:00:00.0 real=0:00:00.0)
  Leaving CCOpt scope - ClockRefiner...
  Soft fixed 3 clock instances.
  Performing Clock Only Refine Place.
*** Starting refinePlace (0:01:22 mem=1749.0M) ***
Total net bbox length = 1.836e+05 (7.928e+04 1.044e+05) (ext = 4.701e+02)
Move report: Detail placement moves 0 insts, mean move: 0.00 um, max move: 0.00 um 
	Runtime: CPU: 0:00:00.0 REAL: 0:00:00.0 MEM: 1749.0MB
Summary Report:
Instances move: 0 (out of 6762 movable)
Instances flipped: 0
Mean displacement: 0.00 um
Max displacement: 0.00 um 
Total net bbox length = 1.836e+05 (7.928e+04 1.044e+05) (ext = 4.701e+02)
Runtime: CPU: 0:00:00.0 REAL: 0:00:00.0 MEM: 1749.0MB
*** Finished refinePlace (0:01:22 mem=1749.0M) ***
  ClockRefiner summary
  All clock instances: Moved 0, flipped 0 and cell swapped 0 (out of a total of 122).
  Restoring pStatusCts on 3 clock instances.
  Leaving CCOpt scope - ClockRefiner done. (took cpu=0:00:00.0 real=0:00:00.0)
  Stage::Updating netlist done. (took cpu=0:00:00.0 real=0:00:00.0)
  CCOpt::Phase::Implementation done. (took cpu=0:00:00.2 real=0:00:00.2)
  CCOpt::Phase::eGRPC...
  eGR Post Conditioning loop iteration 0...
    Clock implementation routing...
      Leaving CCOpt scope - Routing Tools...
Net route status summary:
  Clock:         4 (unrouted=4, trialRouted=0, noStatus=0, routed=0, fixed=0, [crossesIlmBoundary=0, tooFewTerms=0, (crossesIlmBoundary AND tooFewTerms=0)])
  Non-clock:  6799 (unrouted=12, trialRouted=6787, noStatus=0, routed=0, fixed=0, [crossesIlmBoundary=0, tooFewTerms=9, (crossesIlmBoundary AND tooFewTerms=0)])
      Routing using eGR only...
        Early Global Route - eGR only step...
(ccopt eGR): There are 4 nets to be routed. 0 nets have skip routing designation.
(ccopt eGR): There are 4 nets for routing of which 3 have one or more fixed wires.
(ccopt eGR): Start to route 4 all nets
[NR-eGR] Track table information for default rule: 
[NR-eGR] li1 has single uniform track structure
[NR-eGR] met1 has single uniform track structure
[NR-eGR] met2 has single uniform track structure
[NR-eGR] met3 has single uniform track structure
[NR-eGR] met4 has single uniform track structure
[NR-eGR] met5 has single uniform track structure
[NR-eGR] Read 0 PG shapes
[NR-eGR] Read 0 clock shapes
[NR-eGR] Read 0 other shapes
[NR-eGR] #Routing Blockages  : 0
[NR-eGR] #Instance Blockages : 21579
[NR-eGR] #PG Blockages       : 0
[NR-eGR] #Halo Blockages     : 0
[NR-eGR] #Boundary Blockages : 0
[NR-eGR] #Clock Blockages    : 0
[NR-eGR] #Other Blockages    : 0
[NR-eGR] Num Prerouted Nets = 0  Num Prerouted Wires = 0
[NR-eGR] Read 6790 nets ( ignored 6787 )
[NR-eGR] Connected 0 must-join pins/ports
[NR-eGR] There are 3 clock nets ( 3 with NDR ).
[NR-eGR] ============ Routing rule table ============
[NR-eGR] Rule id: 0  Nets: 3
[NR-eGR] ========================================
[NR-eGR] 
[NR-eGR] Layer group 1: route 3 net(s) in layer range [3, 4]
[NR-eGR] Early Global Route overflow of layer group 1: 0.00% H + 0.00% V. EstWL: 6.364800e+02um
[NR-eGR] Create a new net group with 1 nets and layer range [3, 6]
[NR-eGR] Layer group 2: route 1 net(s) in layer range [3, 6]
[NR-eGR] Early Global Route overflow of layer group 2: 0.00% H + 0.00% V. EstWL: 9.547200e+02um
[NR-eGR] Create a new net group with 1 nets and layer range [2, 6]
[NR-eGR] Layer group 3: route 1 net(s) in layer range [2, 6]
[NR-eGR] Early Global Route overflow of layer group 3: 0.00% H + 0.00% V. EstWL: 1.599360e+03um
[NR-eGR] Congestion Analysis By layer: (blocked Gcells are excluded) 
[NR-eGR]                        OverCon            
[NR-eGR]                         #Gcell     %Gcell
[NR-eGR]        Layer             (1-0)    OverCon
[NR-eGR] ----------------------------------------------
[NR-eGR]     li1 ( 1)         0( 0.00%)   ( 0.00%) 
[NR-eGR]    met1 ( 2)         0( 0.00%)   ( 0.00%) 
[NR-eGR]    met2 ( 3)         0( 0.00%)   ( 0.00%) 
[NR-eGR]    met3 ( 4)         0( 0.00%)   ( 0.00%) 
[NR-eGR]    met4 ( 5)         0( 0.00%)   ( 0.00%) 
[NR-eGR]    met5 ( 6)         0( 0.00%)   ( 0.00%) 
[NR-eGR] ----------------------------------------------
[NR-eGR]        Total         0( 0.00%)   ( 0.00%) 
[NR-eGR] 
[NR-eGR] Overflow after Early Global Route 0.00% H + 0.00% V
[NR-eGR]               Length (um)   Vias 
[NR-eGR] ---------------------------------
[NR-eGR]  li1   (1V)             0  22407 
[NR-eGR]  met1  (2H)         70240  32776 
[NR-eGR]  met2  (3V)         90537   3164 
[NR-eGR]  met3  (4H)         30855   1688 
[NR-eGR]  met4  (5V)         32436     39 
[NR-eGR]  met5  (6H)            82      0 
[NR-eGR] ---------------------------------
[NR-eGR]        Total       224150  60074 
[NR-eGR] --------------------------------------------------------------------------
[NR-eGR] Total half perimeter of net bounding box: 183640um
[NR-eGR] Total length: 224150um, number of vias: 60074
[NR-eGR] --------------------------------------------------------------------------
[NR-eGR] Total eGR-routed clock nets wire length: 667um, number of vias: 317
[NR-eGR] --------------------------------------------------------------------------
[NR-eGR] Report for selected net(s) only.
[NR-eGR]               Length (um)  Vias 
[NR-eGR] --------------------------------
[NR-eGR]  li1   (1V)             0   122 
[NR-eGR]  met1  (2H)           154   164 
[NR-eGR]  met2  (3V)           400    27 
[NR-eGR]  met3  (4H)           104     4 
[NR-eGR]  met4  (5V)             8     0 
[NR-eGR]  met5  (6H)             0     0 
[NR-eGR] --------------------------------
[NR-eGR]        Total          667   317 
[NR-eGR] --------------------------------------------------------------------------
[NR-eGR] Total half perimeter of net bounding box: 254um
[NR-eGR] Total length: 667um, number of vias: 317
[NR-eGR] --------------------------------------------------------------------------
[NR-eGR] Total routed clock nets wire length: 667um, number of vias: 317
[NR-eGR] --------------------------------------------------------------------------
[NR-eGR] Finished Early Global Route kernel ( CPU: 0.04 sec, Real: 0.04 sec, Curr Mem: 1749.03 MB )
        Early Global Route - eGR only step done. (took cpu=0:00:00.1 real=0:00:00.1)
      Routing using eGR only done.
Net route status summary:
  Clock:         4 (unrouted=1, trialRouted=0, noStatus=0, routed=3, fixed=0, [crossesIlmBoundary=0, tooFewTerms=0, (crossesIlmBoundary AND tooFewTerms=0)])
  Non-clock:  6799 (unrouted=12, trialRouted=6787, noStatus=0, routed=0, fixed=0, [crossesIlmBoundary=0, tooFewTerms=9, (crossesIlmBoundary AND tooFewTerms=0)])

CCOPT: Done with clock implementation routing.

      Leaving CCOpt scope - Routing Tools done. (took cpu=0:00:00.1 real=0:00:00.1)
    Clock implementation routing done.
    Leaving CCOpt scope - extractRC...
    Updating RC parasitics by calling: "extractRC -noRouteCheck"...
Extraction called for design 'coprocessor' of instances=6762 and nets=6803 using extraction engine 'preRoute' .
**WARN: (IMPEXT-3530):	The process node is not set. Use the command setDesignMode -process <process node> prior to extraction for maximum accuracy and optimal automatic threshold setting.
Type 'man IMPEXT-3530' for more detail.
PreRoute RC Extraction called for design coprocessor.
RC Extraction called in multi-corner(1) mode.
**WARN: (IMPEXT-6197):	The Cap table file is not specified. This will result in lower parasitic accuracy when using preRoute extraction or postRoute extraction with effort level 'low'. It is recommended to generate the Cap table file using the 'generateCapTbl' command and specify it before extraction using 'create_rc_corner/update_rc_corner -cap_table'.
Type 'man IMPEXT-6197' for more detail.
RCMode: PreRoute
      RC Corner Indexes            0   
Capacitance Scaling Factor   : 1.00000 
Resistance Scaling Factor    : 1.00000 
Clock Cap. Scaling Factor    : 1.00000 
Clock Res. Scaling Factor    : 1.00000 
Shrink Factor                : 1.00000
PreRoute extraction is honoring NDR/Shielding/ExtraSpace for clock nets.
Updating RC grid for preRoute extraction ...
Initializing multi-corner resistance tables ...
PreRoute RC Extraction DONE (CPU Time: 0:00:00.0  Real Time: 0:00:00.0  MEM: 1749.031M)
    Updating RC parasitics by calling: "extractRC -noRouteCheck" done.
    Leaving CCOpt scope - extractRC done. (took cpu=0:00:00.0 real=0:00:00.0)
    Leaving CCOpt scope - Initializing placement interface...
    Leaving CCOpt scope - Initializing placement interface done. (took cpu=0:00:00.0 real=0:00:00.0)
    Calling post conditioning for eGRPC...
      eGRPC...
        eGRPC active optimizations:
         - Move Down
         - Downsizing before DRV sizing
         - DRV fixing with sizing
         - Move to fanout
         - Cloning
        
        Currently running CTS, using active skew data
        Reset bufferability constraints...
        Resetting previous bufferability status on all nets so that eGRPC will attempt to fix all clock tree violations.
        Clock tree timing engine global stage delay update for DELAY_TYP:both.late...
        Clock tree timing engine global stage delay update for DELAY_TYP:both.late done. (took cpu=0:00:00.0 real=0:00:00.0)
        Reset bufferability constraints done. (took cpu=0:00:00.0 real=0:00:00.0)
        Clock DAG stats eGRPC initial state:
          cell counts      : b=0, i=3, icg=0, dcg=0, l=0, total=3
          sink counts      : regular=119, enable_latch=0, load_capacitance=0, antenna=0, node_sink=0, total=119
          misc counts      : r=1, pp=0
          cell areas       : b=0.000um^2, i=90.086um^2, icg=0.000um^2, dcg=0.000um^2, l=0.000um^2, total=90.086um^2
          cell capacitance : b=0.000pF, i=0.121pF, icg=0.000pF, dcg=0.000pF, l=0.000pF, total=0.121pF
          sink capacitance : total=0.259pF, avg=0.002pF, sd=0.000pF, min=0.002pF, max=0.003pF
          wire capacitance : top=0.000pF, trunk=0.003pF, leaf=0.077pF, total=0.080pF
          wire lengths     : top=0.000um, trunk=23.825um, leaf=643.185um, total=667.010um
          hp wire lengths  : top=0.000um, trunk=31.660um, leaf=231.770um, total=263.430um
        Clock DAG net violations eGRPC initial state: none
        Clock DAG primary half-corner transition distribution eGRPC initial state:
          Trunk : target=0.133ns count=2 avg=0.034ns sd=0.044ns min=0.003ns max=0.065ns {2 <= 0.080ns, 0 <= 0.106ns, 0 <= 0.120ns, 0 <= 0.126ns, 0 <= 0.133ns}
          Leaf  : target=0.133ns count=2 avg=0.118ns sd=0.005ns min=0.115ns max=0.122ns {0 <= 0.080ns, 0 <= 0.106ns, 1 <= 0.120ns, 1 <= 0.126ns, 0 <= 0.133ns}
        Clock DAG library cell distribution eGRPC initial state {count}:
           Invs: sky130_fd_sc_hd__clkinv_16: 3 
        Primary reporting skew groups eGRPC initial state:
          skew_group clk/CONSTRAINTS: insertion delay [min=0.177, max=0.185, avg=0.181, sd=0.003], skew [0.008 vs 0.148], 100% {0.177, 0.185} (wid=0.006 ws=0.004) (gid=0.178 gs=0.004)
        Skew group summary eGRPC initial state:
          skew_group clk/CONSTRAINTS: insertion delay [min=0.177, max=0.185, avg=0.181, sd=0.003], skew [0.008 vs 0.148], 100% {0.177, 0.185} (wid=0.006 ws=0.004) (gid=0.178 gs=0.004)
        eGRPC Moving buffers...
          Violation analysis...
          Violation analysis done. (took cpu=0:00:00.0 real=0:00:00.0)
          Clock DAG stats after 'eGRPC Moving buffers':
            cell counts      : b=0, i=3, icg=0, dcg=0, l=0, total=3
            sink counts      : regular=119, enable_latch=0, load_capacitance=0, antenna=0, node_sink=0, total=119
            misc counts      : r=1, pp=0
            cell areas       : b=0.000um^2, i=90.086um^2, icg=0.000um^2, dcg=0.000um^2, l=0.000um^2, total=90.086um^2
            cell capacitance : b=0.000pF, i=0.121pF, icg=0.000pF, dcg=0.000pF, l=0.000pF, total=0.121pF
            sink capacitance : total=0.259pF, avg=0.002pF, sd=0.000pF, min=0.002pF, max=0.003pF
            wire capacitance : top=0.000pF, trunk=0.003pF, leaf=0.077pF, total=0.080pF
            wire lengths     : top=0.000um, trunk=23.825um, leaf=643.185um, total=667.010um
            hp wire lengths  : top=0.000um, trunk=31.660um, leaf=231.770um, total=263.430um
          Clock DAG net violations after 'eGRPC Moving buffers': none
          Clock DAG primary half-corner transition distribution after 'eGRPC Moving buffers':
            Trunk : target=0.133ns count=2 avg=0.034ns sd=0.044ns min=0.003ns max=0.065ns {2 <= 0.080ns, 0 <= 0.106ns, 0 <= 0.120ns, 0 <= 0.126ns, 0 <= 0.133ns}
            Leaf  : target=0.133ns count=2 avg=0.118ns sd=0.005ns min=0.115ns max=0.122ns {0 <= 0.080ns, 0 <= 0.106ns, 1 <= 0.120ns, 1 <= 0.126ns, 0 <= 0.133ns}
          Clock DAG library cell distribution after 'eGRPC Moving buffers' {count}:
             Invs: sky130_fd_sc_hd__clkinv_16: 3 
          Primary reporting skew groups after 'eGRPC Moving buffers':
            skew_group clk/CONSTRAINTS: insertion delay [min=0.177, max=0.185], skew [0.008 vs 0.148]
          Skew group summary after 'eGRPC Moving buffers':
            skew_group clk/CONSTRAINTS: insertion delay [min=0.177, max=0.185], skew [0.008 vs 0.148]
          Legalizer API calls during this step: 0 succeeded with high effort: 0 succeeded with medium effort: 0 succeeded with low effort: 0 succeeded with basic effort: 0 succeeded with basic unbounded effort: 0
        eGRPC Moving buffers done. (took cpu=0:00:00.0 real=0:00:00.0)
        eGRPC Initial Pass of Downsizing Clock Tree cells...
          Artificially removing long paths...
            Legalizer API calls during this step: 0 succeeded with high effort: 0 succeeded with medium effort: 0 succeeded with low effort: 0 succeeded with basic effort: 0 succeeded with basic unbounded effort: 0
          Artificially removing long paths done. (took cpu=0:00:00.0 real=0:00:00.0)
          Modifying slew-target multiplier from 1 to 0.9
          Downsizing prefiltering...
          Downsizing prefiltering done.
          Downsizing: ...20% ...40% ...60% ...80% ...100% 
          DoDownSizing Summary : numSized = 0, numUnchanged = 0, numSkippedDueToOther = 0, numSkippedDueToCloseToSlewTarget = 2, numSkippedDueToCloseToSkewTarget = 2
          CCOpt-eGRPC Downsizing: considered: 0, tested: 0, violation detected: 0, violation ignored (due to small violation): 0, cannot run: 0, attempted: 0, unsuccessful: 0, sized: 0
          Reverting slew-target multiplier from 0.9 to 1
          Clock DAG stats after 'eGRPC Initial Pass of Downsizing Clock Tree cells':
            cell counts      : b=0, i=3, icg=0, dcg=0, l=0, total=3
            sink counts      : regular=119, enable_latch=0, load_capacitance=0, antenna=0, node_sink=0, total=119
            misc counts      : r=1, pp=0
            cell areas       : b=0.000um^2, i=90.086um^2, icg=0.000um^2, dcg=0.000um^2, l=0.000um^2, total=90.086um^2
            cell capacitance : b=0.000pF, i=0.121pF, icg=0.000pF, dcg=0.000pF, l=0.000pF, total=0.121pF
            sink capacitance : total=0.259pF, avg=0.002pF, sd=0.000pF, min=0.002pF, max=0.003pF
            wire capacitance : top=0.000pF, trunk=0.003pF, leaf=0.077pF, total=0.080pF
            wire lengths     : top=0.000um, trunk=23.825um, leaf=643.185um, total=667.010um
            hp wire lengths  : top=0.000um, trunk=31.660um, leaf=231.770um, total=263.430um
          Clock DAG net violations after 'eGRPC Initial Pass of Downsizing Clock Tree cells': none
          Clock DAG primary half-corner transition distribution after 'eGRPC Initial Pass of Downsizing Clock Tree cells':
            Trunk : target=0.133ns count=2 avg=0.034ns sd=0.044ns min=0.003ns max=0.065ns {2 <= 0.080ns, 0 <= 0.106ns, 0 <= 0.120ns, 0 <= 0.126ns, 0 <= 0.133ns}
            Leaf  : target=0.133ns count=2 avg=0.118ns sd=0.005ns min=0.115ns max=0.122ns {0 <= 0.080ns, 0 <= 0.106ns, 1 <= 0.120ns, 1 <= 0.126ns, 0 <= 0.133ns}
          Clock DAG library cell distribution after 'eGRPC Initial Pass of Downsizing Clock Tree cells' {count}:
             Invs: sky130_fd_sc_hd__clkinv_16: 3 
          Primary reporting skew groups after 'eGRPC Initial Pass of Downsizing Clock Tree cells':
            skew_group clk/CONSTRAINTS: insertion delay [min=0.177, max=0.185], skew [0.008 vs 0.148]
          Skew group summary after 'eGRPC Initial Pass of Downsizing Clock Tree cells':
            skew_group clk/CONSTRAINTS: insertion delay [min=0.177, max=0.185], skew [0.008 vs 0.148]
          Legalizer API calls during this step: 0 succeeded with high effort: 0 succeeded with medium effort: 0 succeeded with low effort: 0 succeeded with basic effort: 0 succeeded with basic unbounded effort: 0
        eGRPC Initial Pass of Downsizing Clock Tree cells done. (took cpu=0:00:00.0 real=0:00:00.0)
        eGRPC Fixing DRVs...
          Fixing clock tree DRVs: ...20% ...40% ...60% ...80% ...100% 
          CCOpt-eGRPC: considered: 4, tested: 4, violation detected: 0, violation ignored (due to small violation): 0, cannot run: 0, attempted: 0, unsuccessful: 0, sized: 0
          
          Statistics: Fix DRVs (cell sizing):
          ===================================
          
          Cell changes by Net Type:
          
          -------------------------------------------------------------------------------------------------
          Net Type    Attempted    Upsized     Downsized    Swapped Same Size    Total Changed    Not Sized
          -------------------------------------------------------------------------------------------------
          top                0            0           0            0                    0                0
          trunk              0            0           0            0                    0                0
          leaf               0            0           0            0                    0                0
          -------------------------------------------------------------------------------------------------
          Total              0            0           0            0                    0                0
          -------------------------------------------------------------------------------------------------
          
          Upsized: 0, Downsized: 0, Sized but same area: 0, Unchanged: 0, Area change: 0.000um^2 (0.000%)
          Max. move: 0.000um, Min. move: 0.000um, Avg. move: N/A
          
          Clock DAG stats after 'eGRPC Fixing DRVs':
            cell counts      : b=0, i=3, icg=0, dcg=0, l=0, total=3
            sink counts      : regular=119, enable_latch=0, load_capacitance=0, antenna=0, node_sink=0, total=119
            misc counts      : r=1, pp=0
            cell areas       : b=0.000um^2, i=90.086um^2, icg=0.000um^2, dcg=0.000um^2, l=0.000um^2, total=90.086um^2
            cell capacitance : b=0.000pF, i=0.121pF, icg=0.000pF, dcg=0.000pF, l=0.000pF, total=0.121pF
            sink capacitance : total=0.259pF, avg=0.002pF, sd=0.000pF, min=0.002pF, max=0.003pF
            wire capacitance : top=0.000pF, trunk=0.003pF, leaf=0.077pF, total=0.080pF
            wire lengths     : top=0.000um, trunk=23.825um, leaf=643.185um, total=667.010um
            hp wire lengths  : top=0.000um, trunk=31.660um, leaf=231.770um, total=263.430um
          Clock DAG net violations after 'eGRPC Fixing DRVs': none
          Clock DAG primary half-corner transition distribution after 'eGRPC Fixing DRVs':
            Trunk : target=0.133ns count=2 avg=0.034ns sd=0.044ns min=0.003ns max=0.065ns {2 <= 0.080ns, 0 <= 0.106ns, 0 <= 0.120ns, 0 <= 0.126ns, 0 <= 0.133ns}
            Leaf  : target=0.133ns count=2 avg=0.118ns sd=0.005ns min=0.115ns max=0.122ns {0 <= 0.080ns, 0 <= 0.106ns, 1 <= 0.120ns, 1 <= 0.126ns, 0 <= 0.133ns}
          Clock DAG library cell distribution after 'eGRPC Fixing DRVs' {count}:
             Invs: sky130_fd_sc_hd__clkinv_16: 3 
          Primary reporting skew groups after 'eGRPC Fixing DRVs':
            skew_group clk/CONSTRAINTS: insertion delay [min=0.177, max=0.185], skew [0.008 vs 0.148]
          Skew group summary after 'eGRPC Fixing DRVs':
            skew_group clk/CONSTRAINTS: insertion delay [min=0.177, max=0.185], skew [0.008 vs 0.148]
          Legalizer API calls during this step: 0 succeeded with high effort: 0 succeeded with medium effort: 0 succeeded with low effort: 0 succeeded with basic effort: 0 succeeded with basic unbounded effort: 0
        eGRPC Fixing DRVs done. (took cpu=0:00:00.0 real=0:00:00.0)
        Reconnecting optimized routes...
        Reset timing graph...
Ignoring AAE DB Resetting ...
        Reset timing graph done.
**WARN: (IMPCCOPT-1304):	Net clk unexpectedly has no routing present after clock post-route optimization. Net will be implemented by a later routing step.
        Reconnecting optimized routes done. (took cpu=0:00:00.0 real=0:00:00.0)
        Violation analysis...
        Violation analysis done. (took cpu=0:00:00.0 real=0:00:00.0)
        Reset timing graph...
Ignoring AAE DB Resetting ...
        Reset timing graph done.
        Clock DAG stats before routing clock trees:
          cell counts      : b=0, i=3, icg=0, dcg=0, l=0, total=3
          sink counts      : regular=119, enable_latch=0, load_capacitance=0, antenna=0, node_sink=0, total=119
          misc counts      : r=1, pp=0
          cell areas       : b=0.000um^2, i=90.086um^2, icg=0.000um^2, dcg=0.000um^2, l=0.000um^2, total=90.086um^2
          cell capacitance : b=0.000pF, i=0.121pF, icg=0.000pF, dcg=0.000pF, l=0.000pF, total=0.121pF
          sink capacitance : total=0.259pF, avg=0.002pF, sd=0.000pF, min=0.002pF, max=0.003pF
          wire capacitance : top=0.000pF, trunk=0.003pF, leaf=0.077pF, total=0.080pF
          wire lengths     : top=0.000um, trunk=23.825um, leaf=643.185um, total=667.010um
          hp wire lengths  : top=0.000um, trunk=31.660um, leaf=231.770um, total=263.430um
        Clock DAG net violations before routing clock trees: none
        Clock DAG primary half-corner transition distribution before routing clock trees:
          Trunk : target=0.133ns count=2 avg=0.034ns sd=0.044ns min=0.003ns max=0.065ns {2 <= 0.080ns, 0 <= 0.106ns, 0 <= 0.120ns, 0 <= 0.126ns, 0 <= 0.133ns}
          Leaf  : target=0.133ns count=2 avg=0.118ns sd=0.005ns min=0.115ns max=0.122ns {0 <= 0.080ns, 0 <= 0.106ns, 1 <= 0.120ns, 1 <= 0.126ns, 0 <= 0.133ns}
        Clock DAG library cell distribution before routing clock trees {count}:
           Invs: sky130_fd_sc_hd__clkinv_16: 3 
        Primary reporting skew groups before routing clock trees:
          skew_group clk/CONSTRAINTS: insertion delay [min=0.177, max=0.185, avg=0.181, sd=0.003], skew [0.008 vs 0.148], 100% {0.177, 0.185} (wid=0.006 ws=0.004) (gid=0.178 gs=0.004)
        Skew group summary before routing clock trees:
          skew_group clk/CONSTRAINTS: insertion delay [min=0.177, max=0.185, avg=0.181, sd=0.003], skew [0.008 vs 0.148], 100% {0.177, 0.185} (wid=0.006 ws=0.004) (gid=0.178 gs=0.004)
      eGRPC done.
    Calling post conditioning for eGRPC done.
  eGR Post Conditioning loop iteration 0 done.
  Refine place not called during Post Conditioning. Calling it now the eGR->PC Loop is complete.
  Leaving CCOpt scope - Cleaning up placement interface...
  Leaving CCOpt scope - Cleaning up placement interface done. (took cpu=0:00:00.0 real=0:00:00.0)
  Leaving CCOpt scope - ClockRefiner...
  Soft fixed 3 clock instances.
  Performing Single Pass Refine Place.
*** Starting refinePlace (0:01:23 mem=1749.2M) ***
Total net bbox length = 1.836e+05 (7.928e+04 1.044e+05) (ext = 4.701e+02)
Move report: Detail placement moves 7 insts, mean move: 6.25 um, max move: 14.60 um 
	Max move on inst (g108591): (106.72, 23.46) --> (113.16, 15.30)
	Runtime: CPU: 0:00:00.1 REAL: 0:00:00.0 MEM: 1752.2MB
Summary Report:
Instances move: 7 (out of 6762 movable)
Instances flipped: 0
Mean displacement: 6.25 um
Max displacement: 14.60 um (Instance: g108591) (106.72, 23.46) -> (113.16, 15.3)
	Length: 5 sites, height: 1 rows, site name: unithd, cell type: sky130_fd_sc_hd__and2_0
	Violation at original loc: Placement Blockage Violation
Total net bbox length = 1.837e+05 (7.930e+04 1.044e+05) (ext = 4.701e+02)
Runtime: CPU: 0:00:00.1 REAL: 0:00:00.0 MEM: 1752.2MB
*** Finished refinePlace (0:01:23 mem=1752.2M) ***
  ClockRefiner summary
  All clock instances: Moved 0, flipped 0 and cell swapped 0 (out of a total of 122).
  Restoring pStatusCts on 3 clock instances.
  Leaving CCOpt scope - ClockRefiner done. (took cpu=0:00:00.1 real=0:00:00.1)
  CCOpt::Phase::eGRPC done. (took cpu=0:00:00.2 real=0:00:00.2)
  CCOpt::Phase::Routing...
  Clock implementation routing...
    Leaving CCOpt scope - Routing Tools...
Net route status summary:
  Clock:         4 (unrouted=0, trialRouted=0, noStatus=0, routed=4, fixed=0, [crossesIlmBoundary=0, tooFewTerms=0, (crossesIlmBoundary AND tooFewTerms=0)])
  Non-clock:  6799 (unrouted=12, trialRouted=6787, noStatus=0, routed=0, fixed=0, [crossesIlmBoundary=0, tooFewTerms=9, (crossesIlmBoundary AND tooFewTerms=0)])
    Routing using eGR in eGR->NR Step...
      Early Global Route - eGR->Nr High Frequency step...
(ccopt eGR): There are 4 nets to be routed. 0 nets have skip routing designation.
(ccopt eGR): There are 4 nets for routing of which 3 have one or more fixed wires.
(ccopt eGR): Start to route 4 all nets
[NR-eGR] Track table information for default rule: 
[NR-eGR] li1 has single uniform track structure
[NR-eGR] met1 has single uniform track structure
[NR-eGR] met2 has single uniform track structure
[NR-eGR] met3 has single uniform track structure
[NR-eGR] met4 has single uniform track structure
[NR-eGR] met5 has single uniform track structure
[NR-eGR] Read 0 PG shapes
[NR-eGR] Read 0 clock shapes
[NR-eGR] Read 0 other shapes
[NR-eGR] #Routing Blockages  : 0
[NR-eGR] #Instance Blockages : 21579
[NR-eGR] #PG Blockages       : 0
[NR-eGR] #Halo Blockages     : 0
[NR-eGR] #Boundary Blockages : 0
[NR-eGR] #Clock Blockages    : 0
[NR-eGR] #Other Blockages    : 0
[NR-eGR] Num Prerouted Nets = 0  Num Prerouted Wires = 0
[NR-eGR] Read 6790 nets ( ignored 6787 )
[NR-eGR] Connected 0 must-join pins/ports
[NR-eGR] There are 3 clock nets ( 3 with NDR ).
[NR-eGR] ============ Routing rule table ============
[NR-eGR] Rule id: 0  Nets: 3
[NR-eGR] ========================================
[NR-eGR] 
[NR-eGR] Layer group 1: route 3 net(s) in layer range [3, 4]
[NR-eGR] Early Global Route overflow of layer group 1: 0.00% H + 0.00% V. EstWL: 6.364800e+02um
[NR-eGR] Create a new net group with 1 nets and layer range [3, 6]
[NR-eGR] Layer group 2: route 1 net(s) in layer range [3, 6]
[NR-eGR] Early Global Route overflow of layer group 2: 0.00% H + 0.00% V. EstWL: 9.547200e+02um
[NR-eGR] Create a new net group with 1 nets and layer range [2, 6]
[NR-eGR] Layer group 3: route 1 net(s) in layer range [2, 6]
[NR-eGR] Early Global Route overflow of layer group 3: 0.00% H + 0.00% V. EstWL: 1.599360e+03um
[NR-eGR] Congestion Analysis By layer: (blocked Gcells are excluded) 
[NR-eGR]                        OverCon            
[NR-eGR]                         #Gcell     %Gcell
[NR-eGR]        Layer             (1-0)    OverCon
[NR-eGR] ----------------------------------------------
[NR-eGR]     li1 ( 1)         0( 0.00%)   ( 0.00%) 
[NR-eGR]    met1 ( 2)         0( 0.00%)   ( 0.00%) 
[NR-eGR]    met2 ( 3)         0( 0.00%)   ( 0.00%) 
[NR-eGR]    met3 ( 4)         0( 0.00%)   ( 0.00%) 
[NR-eGR]    met4 ( 5)         0( 0.00%)   ( 0.00%) 
[NR-eGR]    met5 ( 6)         0( 0.00%)   ( 0.00%) 
[NR-eGR] ----------------------------------------------
[NR-eGR]        Total         0( 0.00%)   ( 0.00%) 
[NR-eGR] 
[NR-eGR] Overflow after Early Global Route 0.00% H + 0.00% V
[NR-eGR]               Length (um)   Vias 
[NR-eGR] ---------------------------------
[NR-eGR]  li1   (1V)             0  22407 
[NR-eGR]  met1  (2H)         70240  32776 
[NR-eGR]  met2  (3V)         90537   3164 
[NR-eGR]  met3  (4H)         30855   1688 
[NR-eGR]  met4  (5V)         32436     39 
[NR-eGR]  met5  (6H)            82      0 
[NR-eGR] ---------------------------------
[NR-eGR]        Total       224150  60074 
[NR-eGR] --------------------------------------------------------------------------
[NR-eGR] Total half perimeter of net bounding box: 183703um
[NR-eGR] Total length: 224150um, number of vias: 60074
[NR-eGR] --------------------------------------------------------------------------
[NR-eGR] Total eGR-routed clock nets wire length: 667um, number of vias: 317
[NR-eGR] --------------------------------------------------------------------------
[NR-eGR] Report for selected net(s) only.
[NR-eGR]               Length (um)  Vias 
[NR-eGR] --------------------------------
[NR-eGR]  li1   (1V)             0   122 
[NR-eGR]  met1  (2H)           154   164 
[NR-eGR]  met2  (3V)           400    27 
[NR-eGR]  met3  (4H)           104     4 
[NR-eGR]  met4  (5V)             8     0 
[NR-eGR]  met5  (6H)             0     0 
[NR-eGR] --------------------------------
[NR-eGR]        Total          667   317 
[NR-eGR] --------------------------------------------------------------------------
[NR-eGR] Total half perimeter of net bounding box: 254um
[NR-eGR] Total length: 667um, number of vias: 317
[NR-eGR] --------------------------------------------------------------------------
[NR-eGR] Total routed clock nets wire length: 667um, number of vias: 317
[NR-eGR] --------------------------------------------------------------------------
[NR-eGR] Finished Early Global Route kernel ( CPU: 0.04 sec, Real: 0.04 sec, Curr Mem: 1749.24 MB )
      Early Global Route - eGR->Nr High Frequency step done. (took cpu=0:00:00.1 real=0:00:00.1)
    Routing using eGR in eGR->NR Step done.
    Routing using NR in eGR->NR Step...

CCOPT: Preparing to route 4 clock nets with NanoRoute.
  All net are default rule.
  Preferred NanoRoute mode settings: Current
**WARN: (IMPTCM-77):	Option "-grouteExpUseNanoRoute2" for command setNanoRouteMode is obsolete and will be removed in a future release. The obsolete option still works in this release but to avoid this warning and to ensure compatibility with future releases, remove the obsolete option from your script.
**WARN: (IMPTCM-77):	Option "-routeExpDeterministicMultiThread" for command setNanoRouteMode is obsolete and will be removed in a future release. The obsolete option still works in this release but to avoid this warning and to ensure compatibility with future releases, remove the obsolete option from your script.
      Clock detailed routing...
        NanoRoute...
% Begin globalDetailRoute (date=09/24 16:27:04, mem=1556.6M)

globalDetailRoute

#Start globalDetailRoute on Thu Sep 24 16:27:04 2026
#
#Invoke dbWirePreImport deleteTR=1 convert_unrouted=1 selected_only=1 (nr_selected_net=4)
#num needed restored net=0
#need_extraction net=0 (total=6803)
#NanoRoute Version 21.15-s110_1 NR220912-2004/21_15-UB
#
#Wire/Via statistics before line assignment ...
#Total number of nets with non-default rule or having extra spacing = 4
#Total wire length = 667 um.
#Total half perimeter of net bounding box = 274 um.
#Total wire length on LAYER li1 = 0 um.
#Total wire length on LAYER met1 = 154 um.
#Total wire length on LAYER met2 = 400 um.
#Total wire length on LAYER met3 = 104 um.
#Total wire length on LAYER met4 = 8 um.
#Total wire length on LAYER met5 = 0 um.
#Total number of vias = 317
#Up-Via Summary (total 317):
#           
#-----------------------
# li1               122
# met1              164
# met2               27
# met3                4
#-----------------------
#                   317 
#
#Start routing data preparation on Thu Sep 24 16:27:04 2026
#
#WARNING (NRDB-2040) Rule LEF_DEFAULT doesn't specify any vias that satisfy all of the area rules for layer met3 
#Minimum voltage of a net in the design = 0.000.
#Maximum voltage of a net in the design = 1.800.
#Voltage range [0.000 - 1.800] has 6803 nets.
#Build and mark too close pins for the same net.
#Initial pin access analysis.
#Detail pin access analysis.
# li1          V   Track-Pitch = 0.4600    Line-2-Via Pitch = 0.3400
# met1         H   Track-Pitch = 0.3400    Line-2-Via Pitch = 0.3250
# met2         V   Track-Pitch = 0.4600    Line-2-Via Pitch = 0.3400
# met3         H   Track-Pitch = 0.6100    Line-2-Via Pitch = 0.6100
# met4         V   Track-Pitch = 0.6900    Line-2-Via Pitch = 0.6150
# met5         H   Track-Pitch = 3.6600    Line-2-Via Pitch = 3.2000
#cpu time = 00:00:00, elapsed time = 00:00:00, memory = 1565.74 (MB), peak = 1652.99 (MB)
#Regenerating Ggrids automatically.
#Auto generating G-grids with size=15 tracks, using layer met2's pitch = 0.4600.
#Using automatically generated G-grids.
#(check_and_prepare_match_target_file) no match_target_file in constraint. quit
#Done routing data preparation.
#cpu time = 00:00:02, elapsed time = 00:00:02, memory = 1568.55 (MB), peak = 1652.99 (MB)
#Data initialization: cpu:00:00:02, real:00:00:02, mem:1.5 GB, peak:1.6 GB
Updating RC grid for preRoute extraction ...
Initializing multi-corner resistance tables ...
#Successfully loaded pre-route RC model
#Enabled timing driven Line Assignment.
#
#Begin Line Assignment ...
#
#Begin build data ...
#
#Distribution of nets:
#     3950 ( 2         pin),   1295 ( 3         pin),    571 ( 4         pin),
#      301 ( 5         pin),    142 ( 6         pin),    103 ( 7         pin),
#       76 ( 8         pin),     81 ( 9         pin),    242 (10-19      pin),
#       21 (20-29      pin),      2 (30-39      pin),      2 (40-49      pin),
#        2 (50-59      pin),      1 (60-69      pin),      1 (70-79      pin),
#        0 (>=2000     pin).
#Total: 6803 nets, 6790 non-trivial nets, 3 fully global routed, 3 clocks,
#       3 nets have extra space, 3 nets have layer range, 3 nets have weight,
#       3 nets have avoid detour, 3 nets have priority.
#
#Nets in 1 layer range:
#   (3 met2, 4 met3) :        3 ( 0.0%)
#
#3 nets selected.
#
#End build data: cpu:00:00:00, real:00:00:00, mem:1.5 GB, peak:1.6 GB
#
#Line Assignment statistics:
#Cpu time = 00:00:00
#Elapsed time = 00:00:00
#Increased memory = 0.86 (MB)
#Total memory = 1571.21 (MB)
#Peak memory = 1652.99 (MB)
#End Line Assignment: cpu:00:00:00, real:00:00:00, mem:1.5 GB, peak:1.6 GB
#
#Begin assignment summary ...
#
#  Total number of segments             = 165
#  Total number of overlap segments     =   0 (  0.0%)
#  Total number of assigned segments    =  39 ( 23.6%)
#  Total number of shifted segments     =   2 (  1.2%)
#  Average movement of shifted segments =   3.50 tracks
#
#  Total number of overlaps             =   0
#  Total length of overlaps             =   0 um
#
#End assignment summary.
#
#Wire/Via statistics after line assignment ...
#Total number of nets with non-default rule or having extra spacing = 4
#Total wire length = 683 um.
#Total half perimeter of net bounding box = 283 um.
#Total wire length on LAYER li1 = 0 um.
#Total wire length on LAYER met1 = 151 um.
#Total wire length on LAYER met2 = 416 um.
#Total wire length on LAYER met3 = 115 um.
#Total wire length on LAYER met4 = 0 um.
#Total wire length on LAYER met5 = 0 um.
#Total number of vias = 283
#Up-Via Summary (total 283):
#           
#-----------------------
# li1               122
# met1              141
# met2               20
#-----------------------
#                   283 
#
#Routing data preparation, pin analysis, line assignment statistics:
#Cpu time = 00:00:02
#Elapsed time = 00:00:02
#Increased memory = 11.27 (MB)
#Total memory = 1569.46 (MB)
#Peak memory = 1652.99 (MB)
#Skip comparing routing design signature in db-snapshot flow
#
#Start Detail Routing..
#start initial detail routing ...
#   number of violations = 0
#cpu time = 00:00:00, elapsed time = 00:00:00, memory = 1571.60 (MB), peak = 1652.99 (MB)
#Complete Detail Routing.
#Total number of nets with non-default rule or having extra spacing = 4
#Total wire length = 680 um.
#Total half perimeter of net bounding box = 283 um.
#Total wire length on LAYER li1 = 0 um.
#Total wire length on LAYER met1 = 88 um.
#Total wire length on LAYER met2 = 429 um.
#Total wire length on LAYER met3 = 163 um.
#Total wire length on LAYER met4 = 0 um.
#Total wire length on LAYER met5 = 0 um.
#Total number of vias = 281
#Up-Via Summary (total 281):
#           
#-----------------------
# li1               122
# met1              118
# met2               41
#-----------------------
#                   281 
#
#Total number of DRC violations = 0
#Cpu time = 00:00:00
#Elapsed time = 00:00:00
#Increased memory = 2.14 (MB)
#Total memory = 1571.60 (MB)
#Peak memory = 1652.99 (MB)
#Skip updating routing design signature in db-snapshot flow
#detailRoute Statistics:
#Cpu time = 00:00:00
#Elapsed time = 00:00:00
#Increased memory = 2.14 (MB)
#Total memory = 1571.60 (MB)
#Peak memory = 1652.99 (MB)
#	no debugging net set
#
#globalDetailRoute statistics:
#Cpu time = 00:00:02
#Elapsed time = 00:00:02
#Increased memory = 21.70 (MB)
#Total memory = 1578.28 (MB)
#Peak memory = 1652.99 (MB)
#Number of warnings = 1
#Total number of warnings = 1
#Number of fails = 0
#Total number of fails = 0
#Complete globalDetailRoute on Thu Sep 24 16:27:06 2026
#
% End globalDetailRoute (date=09/24 16:27:06, total cpu=0:00:02.0, real=0:00:02.0, peak res=1578.2M, current mem=1578.2M)
        NanoRoute done. (took cpu=0:00:02.0 real=0:00:02.0)
      Clock detailed routing done.
Skipping check of guided vs. routed net lengths.
Set FIXED routing status on 3 net(s)
Set FIXED placed status on 3 instance(s)
      Route Remaining Unrouted Nets...
Running earlyGlobalRoute to complete any remaining unrouted nets.
[NR-eGR] Started Early Global Route kernel ( Curr Mem: 1765.30 MB )
[NR-eGR] Track table information for default rule: 
[NR-eGR] li1 has single uniform track structure
[NR-eGR] met1 has single uniform track structure
[NR-eGR] met2 has single uniform track structure
[NR-eGR] met3 has single uniform track structure
[NR-eGR] met4 has single uniform track structure
[NR-eGR] met5 has single uniform track structure
[NR-eGR] Read 0 PG shapes
[NR-eGR] Read 0 clock shapes
[NR-eGR] Read 0 other shapes
[NR-eGR] #Routing Blockages  : 0
[NR-eGR] #Instance Blockages : 16111
[NR-eGR] #PG Blockages       : 0
[NR-eGR] #Halo Blockages     : 0
[NR-eGR] #Boundary Blockages : 0
[NR-eGR] #Clock Blockages    : 0
[NR-eGR] #Other Blockages    : 0
[NR-eGR] Num Prerouted Nets = 3  Num Prerouted Wires = 285
[NR-eGR] Read 6790 nets ( ignored 3 )
[NR-eGR] ============ Routing rule table ============
[NR-eGR] Rule id: 1  Nets: 6787
[NR-eGR] ========================================
[NR-eGR] 
[NR-eGR] Layer group 1: route 6787 net(s) in layer range [2, 6]
[NR-eGR] Early Global Route overflow of layer group 1: 3.57% H + 2.88% V. EstWL: 2.149426e+05um
[NR-eGR] Congestion Analysis By layer: (blocked Gcells are excluded) 
[NR-eGR]                        OverCon           OverCon           OverCon            
[NR-eGR]                         #Gcell            #Gcell            #Gcell     %Gcell
[NR-eGR]        Layer             (1-2)             (3-4)               (5)    OverCon
[NR-eGR] --------------------------------------------------------------------------------
[NR-eGR]     li1 ( 1)         0( 0.00%)         0( 0.00%)         0( 0.00%)   ( 0.00%) 
[NR-eGR]    met1 ( 2)       359( 2.51%)         8( 0.06%)         0( 0.00%)   ( 2.57%) 
[NR-eGR]    met2 ( 3)       426( 2.98%)        17( 0.12%)         0( 0.00%)   ( 3.10%) 
[NR-eGR]    met3 ( 4)       393( 2.75%)        30( 0.21%)         1( 0.01%)   ( 2.97%) 
[NR-eGR]    met4 ( 5)        51( 0.36%)         0( 0.00%)         0( 0.00%)   ( 0.36%) 
[NR-eGR]    met5 ( 6)         0( 0.00%)         0( 0.00%)         0( 0.00%)   ( 0.00%) 
[NR-eGR] --------------------------------------------------------------------------------
[NR-eGR]        Total      1229( 1.82%)        55( 0.08%)         1( 0.00%)   ( 1.90%) 
[NR-eGR] 
[NR-eGR] Overflow after Early Global Route 0.87% H + 0.90% V
[NR-eGR]               Length (um)   Vias 
[NR-eGR] ---------------------------------
[NR-eGR]  li1   (1V)             0  22407 
[NR-eGR]  met1  (2H)         70032  32790 
[NR-eGR]  met2  (3V)         90888   3134 
[NR-eGR]  met3  (4H)         31073   1663 
[NR-eGR]  met4  (5V)         32289     28 
[NR-eGR]  met5  (6H)            74      0 
[NR-eGR] ---------------------------------
[NR-eGR]        Total       224355  60022 
[NR-eGR] --------------------------------------------------------------------------
[NR-eGR] Total half perimeter of net bounding box: 183703um
[NR-eGR] Total length: 224355um, number of vias: 60022
[NR-eGR] --------------------------------------------------------------------------
[NR-eGR] Total eGR-routed clock nets wire length: 0um, number of vias: 0
[NR-eGR] --------------------------------------------------------------------------
[NR-eGR] Finished Early Global Route kernel ( CPU: 0.18 sec, Real: 0.18 sec, Curr Mem: 1765.30 MB )
      Route Remaining Unrouted Nets done. (took cpu=0:00:00.2 real=0:00:00.2)
    Routing using NR in eGR->NR Step done.
Net route status summary:
  Clock:         4 (unrouted=1, trialRouted=0, noStatus=0, routed=0, fixed=3, [crossesIlmBoundary=0, tooFewTerms=0, (crossesIlmBoundary AND tooFewTerms=0)])
  Non-clock:  6799 (unrouted=12, trialRouted=6787, noStatus=0, routed=0, fixed=0, [crossesIlmBoundary=0, tooFewTerms=9, (crossesIlmBoundary AND tooFewTerms=0)])

CCOPT: Done with clock implementation routing.

    Leaving CCOpt scope - Routing Tools done. (took cpu=0:00:02.3 real=0:00:02.3)
  Clock implementation routing done.
  Leaving CCOpt scope - extractRC...
  Updating RC parasitics by calling: "extractRC -noRouteCheck"...
Extraction called for design 'coprocessor' of instances=6762 and nets=6803 using extraction engine 'preRoute' .
**WARN: (IMPEXT-3530):	The process node is not set. Use the command setDesignMode -process <process node> prior to extraction for maximum accuracy and optimal automatic threshold setting.
Type 'man IMPEXT-3530' for more detail.
PreRoute RC Extraction called for design coprocessor.
RC Extraction called in multi-corner(1) mode.
**WARN: (IMPEXT-6197):	The Cap table file is not specified. This will result in lower parasitic accuracy when using preRoute extraction or postRoute extraction with effort level 'low'. It is recommended to generate the Cap table file using the 'generateCapTbl' command and specify it before extraction using 'create_rc_corner/update_rc_corner -cap_table'.
Type 'man IMPEXT-6197' for more detail.
RCMode: PreRoute
      RC Corner Indexes            0   
Capacitance Scaling Factor   : 1.00000 
Resistance Scaling Factor    : 1.00000 
Clock Cap. Scaling Factor    : 1.00000 
Clock Res. Scaling Factor    : 1.00000 
Shrink Factor                : 1.00000
PreRoute extraction is honoring NDR/Shielding/ExtraSpace for clock nets.
Updating RC grid for preRoute extraction ...
Initializing multi-corner resistance tables ...
PreRoute RC Extraction DONE (CPU Time: 0:00:00.0  Real Time: 0:00:00.0  MEM: 1765.305M)
  Updating RC parasitics by calling: "extractRC -noRouteCheck" done.
  Leaving CCOpt scope - extractRC done. (took cpu=0:00:00.0 real=0:00:00.0)
  Clock tree timing engine global stage delay update for DELAY_TYP:both.late...
  Clock tree timing engine global stage delay update for DELAY_TYP:both.late done. (took cpu=0:00:00.0 real=0:00:00.0)
  Clock DAG stats after routing clock trees:
    cell counts      : b=0, i=3, icg=0, dcg=0, l=0, total=3
    sink counts      : regular=119, enable_latch=0, load_capacitance=0, antenna=0, node_sink=0, total=119
    misc counts      : r=1, pp=0
    cell areas       : b=0.000um^2, i=90.086um^2, icg=0.000um^2, dcg=0.000um^2, l=0.000um^2, total=90.086um^2
    cell capacitance : b=0.000pF, i=0.121pF, icg=0.000pF, dcg=0.000pF, l=0.000pF, total=0.121pF
    sink capacitance : total=0.259pF, avg=0.002pF, sd=0.000pF, min=0.002pF, max=0.003pF
    wire capacitance : top=0.000pF, trunk=0.003pF, leaf=0.080pF, total=0.083pF
    wire lengths     : top=0.000um, trunk=27.000um, leaf=652.950um, total=679.950um
    hp wire lengths  : top=0.000um, trunk=31.660um, leaf=231.770um, total=263.430um
  Clock DAG net violations after routing clock trees: none
  Clock DAG primary half-corner transition distribution after routing clock trees:
    Trunk : target=0.133ns count=2 avg=0.034ns sd=0.043ns min=0.003ns max=0.064ns {2 <= 0.080ns, 0 <= 0.106ns, 0 <= 0.120ns, 0 <= 0.126ns, 0 <= 0.133ns}
    Leaf  : target=0.133ns count=2 avg=0.119ns sd=0.004ns min=0.116ns max=0.122ns {0 <= 0.080ns, 0 <= 0.106ns, 1 <= 0.120ns, 1 <= 0.126ns, 0 <= 0.133ns}
  Clock DAG library cell distribution after routing clock trees {count}:
     Invs: sky130_fd_sc_hd__clkinv_16: 3 
  Primary reporting skew groups after routing clock trees:
    skew_group clk/CONSTRAINTS: insertion delay [min=0.177, max=0.184, avg=0.181, sd=0.002], skew [0.007 vs 0.148], 100% {0.177, 0.184} (wid=0.005 ws=0.003) (gid=0.179 gs=0.004)
  Skew group summary after routing clock trees:
    skew_group clk/CONSTRAINTS: insertion delay [min=0.177, max=0.184, avg=0.181, sd=0.002], skew [0.007 vs 0.148], 100% {0.177, 0.184} (wid=0.005 ws=0.003) (gid=0.179 gs=0.004)
  CCOpt::Phase::Routing done. (took cpu=0:00:02.3 real=0:00:02.3)
  CCOpt::Phase::PostConditioning...
  Leaving CCOpt scope - Initializing placement interface...
  Leaving CCOpt scope - Initializing placement interface done. (took cpu=0:00:00.0 real=0:00:00.0)
  PostConditioning...
    PostConditioning active optimizations:
     - DRV fixing with initial upsizing, sizing and buffering
     - Skew fixing with sizing
    
**WARN: (IMPCCOPT-2276):	CCOpt/PRO found clock net 'clk' is not routed.
    Currently running CTS, using active skew data
    Reset bufferability constraints...
    Resetting previous bufferability status on all nets so that PostConditioning will attempt to fix all clock tree violations.
    Reset bufferability constraints done. (took cpu=0:00:00.0 real=0:00:00.0)
    PostConditioning Upsizing To Fix DRVs...
      Fixing clock tree DRVs with upsizing: ...20% ...40% ...60% ...80% ...100% 
      CCOpt-PostConditioning: considered: 4, tested: 4, violation detected: 0, violation ignored (due to small violation): 0, cannot run: 0, attempted: 0, unsuccessful: 0, sized: 0
      
      Statistics: Fix DRVs (initial upsizing):
      ========================================
      
      Cell changes by Net Type:
      
      -------------------------------------------------------------------------------------------------
      Net Type    Attempted    Upsized     Downsized    Swapped Same Size    Total Changed    Not Sized
      -------------------------------------------------------------------------------------------------
      top                0            0           0            0                    0                0
      trunk              0            0           0            0                    0                0
      leaf               0            0           0            0                    0                0
      -------------------------------------------------------------------------------------------------
      Total              0            0           0            0                    0                0
      -------------------------------------------------------------------------------------------------
      
      Upsized: 0, Downsized: 0, Sized but same area: 0, Unchanged: 0, Area change: 0.000um^2 (0.000%)
      Max. move: 0.000um, Min. move: 0.000um, Avg. move: N/A
      
      Clock DAG stats after 'PostConditioning Upsizing To Fix DRVs':
        cell counts      : b=0, i=3, icg=0, dcg=0, l=0, total=3
        sink counts      : regular=119, enable_latch=0, load_capacitance=0, antenna=0, node_sink=0, total=119
        misc counts      : r=1, pp=0
        cell areas       : b=0.000um^2, i=90.086um^2, icg=0.000um^2, dcg=0.000um^2, l=0.000um^2, total=90.086um^2
        cell capacitance : b=0.000pF, i=0.121pF, icg=0.000pF, dcg=0.000pF, l=0.000pF, total=0.121pF
        sink capacitance : total=0.259pF, avg=0.002pF, sd=0.000pF, min=0.002pF, max=0.003pF
        wire capacitance : top=0.000pF, trunk=0.003pF, leaf=0.080pF, total=0.083pF
        wire lengths     : top=0.000um, trunk=27.000um, leaf=652.950um, total=679.950um
        hp wire lengths  : top=0.000um, trunk=31.660um, leaf=231.770um, total=263.430um
      Clock DAG net violations after 'PostConditioning Upsizing To Fix DRVs': none
      Clock DAG primary half-corner transition distribution after 'PostConditioning Upsizing To Fix DRVs':
        Trunk : target=0.133ns count=2 avg=0.034ns sd=0.043ns min=0.003ns max=0.064ns {2 <= 0.080ns, 0 <= 0.106ns, 0 <= 0.120ns, 0 <= 0.126ns, 0 <= 0.133ns}
        Leaf  : target=0.133ns count=2 avg=0.119ns sd=0.004ns min=0.116ns max=0.122ns {0 <= 0.080ns, 0 <= 0.106ns, 1 <= 0.120ns, 1 <= 0.126ns, 0 <= 0.133ns}
      Clock DAG library cell distribution after 'PostConditioning Upsizing To Fix DRVs' {count}:
         Invs: sky130_fd_sc_hd__clkinv_16: 3 
      Primary reporting skew groups after 'PostConditioning Upsizing To Fix DRVs':
        skew_group clk/CONSTRAINTS: insertion delay [min=0.177, max=0.184], skew [0.007 vs 0.148]
      Skew group summary after 'PostConditioning Upsizing To Fix DRVs':
        skew_group clk/CONSTRAINTS: insertion delay [min=0.177, max=0.184], skew [0.007 vs 0.148]
      Legalizer API calls during this step: 0 succeeded with high effort: 0 succeeded with medium effort: 0 succeeded with low effort: 0 succeeded with basic effort: 0 succeeded with basic unbounded effort: 0
    PostConditioning Upsizing To Fix DRVs done. (took cpu=0:00:00.0 real=0:00:00.0)
    Recomputing CTS skew targets...
    Resolving skew group constraints...
      Solving LP: 1 skew groups; 2 fragments, 2 fraglets and 3 vertices; 25 variables and 66 constraints; tolerance 1
    Resolving skew group constraints done.
    Recomputing CTS skew targets done. (took cpu=0:00:00.0 real=0:00:00.0)
    PostConditioning Fixing DRVs...
      Fixing clock tree DRVs: ...20% ...40% ...60% ...80% ...100% 
      CCOpt-PostConditioning: considered: 4, tested: 4, violation detected: 0, violation ignored (due to small violation): 0, cannot run: 0, attempted: 0, unsuccessful: 0, sized: 0
      
      Statistics: Fix DRVs (cell sizing):
      ===================================
      
      Cell changes by Net Type:
      
      -------------------------------------------------------------------------------------------------
      Net Type    Attempted    Upsized     Downsized    Swapped Same Size    Total Changed    Not Sized
      -------------------------------------------------------------------------------------------------
      top                0            0           0            0                    0                0
      trunk              0            0           0            0                    0                0
      leaf               0            0           0            0                    0                0
      -------------------------------------------------------------------------------------------------
      Total              0            0           0            0                    0                0
      -------------------------------------------------------------------------------------------------
      
      Upsized: 0, Downsized: 0, Sized but same area: 0, Unchanged: 0, Area change: 0.000um^2 (0.000%)
      Max. move: 0.000um, Min. move: 0.000um, Avg. move: N/A
      
      Clock DAG stats after 'PostConditioning Fixing DRVs':
        cell counts      : b=0, i=3, icg=0, dcg=0, l=0, total=3
        sink counts      : regular=119, enable_latch=0, load_capacitance=0, antenna=0, node_sink=0, total=119
        misc counts      : r=1, pp=0
        cell areas       : b=0.000um^2, i=90.086um^2, icg=0.000um^2, dcg=0.000um^2, l=0.000um^2, total=90.086um^2
        cell capacitance : b=0.000pF, i=0.121pF, icg=0.000pF, dcg=0.000pF, l=0.000pF, total=0.121pF
        sink capacitance : total=0.259pF, avg=0.002pF, sd=0.000pF, min=0.002pF, max=0.003pF
        wire capacitance : top=0.000pF, trunk=0.003pF, leaf=0.080pF, total=0.083pF
        wire lengths     : top=0.000um, trunk=27.000um, leaf=652.950um, total=679.950um
        hp wire lengths  : top=0.000um, trunk=31.660um, leaf=231.770um, total=263.430um
      Clock DAG net violations after 'PostConditioning Fixing DRVs': none
      Clock DAG primary half-corner transition distribution after 'PostConditioning Fixing DRVs':
        Trunk : target=0.133ns count=2 avg=0.034ns sd=0.043ns min=0.003ns max=0.064ns {2 <= 0.080ns, 0 <= 0.106ns, 0 <= 0.120ns, 0 <= 0.126ns, 0 <= 0.133ns}
        Leaf  : target=0.133ns count=2 avg=0.119ns sd=0.004ns min=0.116ns max=0.122ns {0 <= 0.080ns, 0 <= 0.106ns, 1 <= 0.120ns, 1 <= 0.126ns, 0 <= 0.133ns}
      Clock DAG library cell distribution after 'PostConditioning Fixing DRVs' {count}:
         Invs: sky130_fd_sc_hd__clkinv_16: 3 
      Primary reporting skew groups after 'PostConditioning Fixing DRVs':
        skew_group clk/CONSTRAINTS: insertion delay [min=0.177, max=0.184], skew [0.007 vs 0.148]
      Skew group summary after 'PostConditioning Fixing DRVs':
        skew_group clk/CONSTRAINTS: insertion delay [min=0.177, max=0.184], skew [0.007 vs 0.148]
      Legalizer API calls during this step: 0 succeeded with high effort: 0 succeeded with medium effort: 0 succeeded with low effort: 0 succeeded with basic effort: 0 succeeded with basic unbounded effort: 0
    PostConditioning Fixing DRVs done. (took cpu=0:00:00.0 real=0:00:00.0)
    Buffering to fix DRVs...
    Fixing DRVs with route buffering pass 1. Quick buffering: enabled
    Rebuffering to fix clock tree DRVs: ...20% ...40% ...60% ...80% ...100% 
    Inserted 0 buffers and inverters.
    success count. Default: 0, QS: 0, QD: 0, FS: 0, MQS: 0
    CCOpt-PostConditioning: nets considered: 4, nets tested: 4, nets violation detected: 0, nets violation ignored (due to small violation): 0, nets cannot run: 0, nets attempted: 0, nets unsuccessful: 0, buffered: 0
    Clock DAG stats PostConditioning after re-buffering DRV fixing:
      cell counts      : b=0, i=3, icg=0, dcg=0, l=0, total=3
      sink counts      : regular=119, enable_latch=0, load_capacitance=0, antenna=0, node_sink=0, total=119
      misc counts      : r=1, pp=0
      cell areas       : b=0.000um^2, i=90.086um^2, icg=0.000um^2, dcg=0.000um^2, l=0.000um^2, total=90.086um^2
      cell capacitance : b=0.000pF, i=0.121pF, icg=0.000pF, dcg=0.000pF, l=0.000pF, total=0.121pF
      sink capacitance : total=0.259pF, avg=0.002pF, sd=0.000pF, min=0.002pF, max=0.003pF
      wire capacitance : top=0.000pF, trunk=0.003pF, leaf=0.080pF, total=0.083pF
      wire lengths     : top=0.000um, trunk=27.000um, leaf=652.950um, total=679.950um
      hp wire lengths  : top=0.000um, trunk=31.660um, leaf=231.770um, total=263.430um
    Clock DAG net violations PostConditioning after re-buffering DRV fixing: none
    Clock DAG primary half-corner transition distribution PostConditioning after re-buffering DRV fixing:
      Trunk : target=0.133ns count=2 avg=0.034ns sd=0.043ns min=0.003ns max=0.064ns {2 <= 0.080ns, 0 <= 0.106ns, 0 <= 0.120ns, 0 <= 0.126ns, 0 <= 0.133ns}
      Leaf  : target=0.133ns count=2 avg=0.119ns sd=0.004ns min=0.116ns max=0.122ns {0 <= 0.080ns, 0 <= 0.106ns, 1 <= 0.120ns, 1 <= 0.126ns, 0 <= 0.133ns}
    Clock DAG library cell distribution PostConditioning after re-buffering DRV fixing {count}:
       Invs: sky130_fd_sc_hd__clkinv_16: 3 
    Primary reporting skew groups PostConditioning after re-buffering DRV fixing:
      skew_group clk/CONSTRAINTS: insertion delay [min=0.177, max=0.184, avg=0.181, sd=0.002], skew [0.007 vs 0.148], 100% {0.177, 0.184} (wid=0.005 ws=0.003) (gid=0.179 gs=0.004)
    Skew group summary PostConditioning after re-buffering DRV fixing:
      skew_group clk/CONSTRAINTS: insertion delay [min=0.177, max=0.184, avg=0.181, sd=0.002], skew [0.007 vs 0.148], 100% {0.177, 0.184} (wid=0.005 ws=0.003) (gid=0.179 gs=0.004)
    Buffering to fix DRVs done. (took cpu=0:00:00.0 real=0:00:00.0)
    PostConditioning Fixing Skew by cell sizing...
      Resized 0 clock insts to decrease delay.
      Resized 0 clock insts to increase delay.
      
      Statistics: Fix Skew (cell sizing):
      ===================================
      
      Cell changes by Net Type:
      
      -------------------------------------------------------------------------------------------------
      Net Type    Attempted    Upsized     Downsized    Swapped Same Size    Total Changed    Not Sized
      -------------------------------------------------------------------------------------------------
      top                0            0           0            0                    0                0
      trunk              0            0           0            0                    0                0
      leaf               0            0           0            0                    0                0
      -------------------------------------------------------------------------------------------------
      Total              0            0           0            0                    0                0
      -------------------------------------------------------------------------------------------------
      
      Upsized: 0, Downsized: 0, Sized but same area: 0, Unchanged: 0, Area change: 0.000um^2 (0.000%)
      Max. move: 0.000um, Min. move: 0.000um, Avg. move: N/A
      
      Clock DAG stats after 'PostConditioning Fixing Skew by cell sizing':
        cell counts      : b=0, i=3, icg=0, dcg=0, l=0, total=3
        sink counts      : regular=119, enable_latch=0, load_capacitance=0, antenna=0, node_sink=0, total=119
        misc counts      : r=1, pp=0
        cell areas       : b=0.000um^2, i=90.086um^2, icg=0.000um^2, dcg=0.000um^2, l=0.000um^2, total=90.086um^2
        cell capacitance : b=0.000pF, i=0.121pF, icg=0.000pF, dcg=0.000pF, l=0.000pF, total=0.121pF
        sink capacitance : total=0.259pF, avg=0.002pF, sd=0.000pF, min=0.002pF, max=0.003pF
        wire capacitance : top=0.000pF, trunk=0.003pF, leaf=0.080pF, total=0.083pF
        wire lengths     : top=0.000um, trunk=27.000um, leaf=652.950um, total=679.950um
        hp wire lengths  : top=0.000um, trunk=31.660um, leaf=231.770um, total=263.430um
      Clock DAG net violations after 'PostConditioning Fixing Skew by cell sizing': none
      Clock DAG primary half-corner transition distribution after 'PostConditioning Fixing Skew by cell sizing':
        Trunk : target=0.133ns count=2 avg=0.034ns sd=0.043ns min=0.003ns max=0.064ns {2 <= 0.080ns, 0 <= 0.106ns, 0 <= 0.120ns, 0 <= 0.126ns, 0 <= 0.133ns}
        Leaf  : target=0.133ns count=2 avg=0.119ns sd=0.004ns min=0.116ns max=0.122ns {0 <= 0.080ns, 0 <= 0.106ns, 1 <= 0.120ns, 1 <= 0.126ns, 0 <= 0.133ns}
      Clock DAG library cell distribution after 'PostConditioning Fixing Skew by cell sizing' {count}:
         Invs: sky130_fd_sc_hd__clkinv_16: 3 
      Primary reporting skew groups after 'PostConditioning Fixing Skew by cell sizing':
        skew_group clk/CONSTRAINTS: insertion delay [min=0.177, max=0.184, avg=0.181, sd=0.002], skew [0.007 vs 0.148], 100% {0.177, 0.184} (wid=0.005 ws=0.003) (gid=0.179 gs=0.004)
      Skew group summary after 'PostConditioning Fixing Skew by cell sizing':
        skew_group clk/CONSTRAINTS: insertion delay [min=0.177, max=0.184, avg=0.181, sd=0.002], skew [0.007 vs 0.148], 100% {0.177, 0.184} (wid=0.005 ws=0.003) (gid=0.179 gs=0.004)
      Legalizer API calls during this step: 0 succeeded with high effort: 0 succeeded with medium effort: 0 succeeded with low effort: 0 succeeded with basic effort: 0 succeeded with basic unbounded effort: 0
    PostConditioning Fixing Skew by cell sizing done. (took cpu=0:00:00.0 real=0:00:00.0)
    Reconnecting optimized routes...
    Reset timing graph...
Ignoring AAE DB Resetting ...
    Reset timing graph done.
**WARN: (IMPCCOPT-1304):	Net clk unexpectedly has no routing present after clock post-route optimization. Net will be implemented by a later routing step.
    Reconnecting optimized routes done. (took cpu=0:00:00.0 real=0:00:00.0)
Skipping refinePlace: no changes were made during DRV and/or skew fixing steps so it is unnecessary.
  PostConditioning done.
Net route status summary:
  Clock:         4 (unrouted=0, trialRouted=0, noStatus=0, routed=1, fixed=3, [crossesIlmBoundary=0, tooFewTerms=0, (crossesIlmBoundary AND tooFewTerms=0)])
  Non-clock:  6799 (unrouted=12, trialRouted=6787, noStatus=0, routed=0, fixed=0, [crossesIlmBoundary=0, tooFewTerms=9, (crossesIlmBoundary AND tooFewTerms=0)])
  Update timing and DAG stats after post-conditioning...
  Update timing and DAG stats after post-conditioning done. (took cpu=0:00:00.0 real=0:00:00.0)
  Clock tree timing engine global stage delay update for DELAY_TYP:both.late...
  Clock tree timing engine global stage delay update for DELAY_TYP:both.late done. (took cpu=0:00:00.0 real=0:00:00.0)
  Clock DAG stats after post-conditioning:
    cell counts      : b=0, i=3, icg=0, dcg=0, l=0, total=3
    sink counts      : regular=119, enable_latch=0, load_capacitance=0, antenna=0, node_sink=0, total=119
    misc counts      : r=1, pp=0
    cell areas       : b=0.000um^2, i=90.086um^2, icg=0.000um^2, dcg=0.000um^2, l=0.000um^2, total=90.086um^2
    cell capacitance : b=0.000pF, i=0.121pF, icg=0.000pF, dcg=0.000pF, l=0.000pF, total=0.121pF
    sink capacitance : total=0.259pF, avg=0.002pF, sd=0.000pF, min=0.002pF, max=0.003pF
    wire capacitance : top=0.000pF, trunk=0.003pF, leaf=0.080pF, total=0.083pF
    wire lengths     : top=0.000um, trunk=27.000um, leaf=652.950um, total=679.950um
    hp wire lengths  : top=0.000um, trunk=31.660um, leaf=231.770um, total=263.430um
  Clock DAG net violations after post-conditioning: none
  Clock DAG primary half-corner transition distribution after post-conditioning:
    Trunk : target=0.133ns count=2 avg=0.034ns sd=0.043ns min=0.003ns max=0.064ns {2 <= 0.080ns, 0 <= 0.106ns, 0 <= 0.120ns, 0 <= 0.126ns, 0 <= 0.133ns}
    Leaf  : target=0.133ns count=2 avg=0.119ns sd=0.004ns min=0.116ns max=0.122ns {0 <= 0.080ns, 0 <= 0.106ns, 1 <= 0.120ns, 1 <= 0.126ns, 0 <= 0.133ns}
  Clock DAG library cell distribution after post-conditioning {count}:
     Invs: sky130_fd_sc_hd__clkinv_16: 3 
  Primary reporting skew groups after post-conditioning:
    skew_group clk/CONSTRAINTS: insertion delay [min=0.177, max=0.184, avg=0.181, sd=0.002], skew [0.007 vs 0.148], 100% {0.177, 0.184} (wid=0.005 ws=0.003) (gid=0.179 gs=0.004)
  Skew group summary after post-conditioning:
    skew_group clk/CONSTRAINTS: insertion delay [min=0.177, max=0.184, avg=0.181, sd=0.002], skew [0.007 vs 0.148], 100% {0.177, 0.184} (wid=0.005 ws=0.003) (gid=0.179 gs=0.004)
  CCOpt::Phase::PostConditioning done. (took cpu=0:00:00.0 real=0:00:00.0)
  Post-balance tidy up or trial balance steps...
  
  Clock DAG stats at end of CTS:
  ==============================
  
  --------------------------------------------------------
  Cell type                 Count    Area      Capacitance
  --------------------------------------------------------
  Buffers                     0       0.000       0.000
  Inverters                   3      90.086       0.121
  Integrated Clock Gates      0       0.000       0.000
  Discrete Clock Gates        0       0.000       0.000
  Clock Logic                 0       0.000       0.000
  All                         3      90.086       0.121
  --------------------------------------------------------
  
  
  Clock DAG sink counts at end of CTS:
  ====================================
  
  -------------------------
  Sink type           Count
  -------------------------
  Regular              119
  Enable Latch           0
  Load Capacitance       0
  Antenna Diode          0
  Node Sink              0
  Total                119
  -------------------------
  
  
  Clock DAG wire lengths at end of CTS:
  =====================================
  
  --------------------
  Type     Wire Length
  --------------------
  Top          0.000
  Trunk       27.000
  Leaf       652.950
  Total      679.950
  --------------------
  
  
  Clock DAG hp wire lengths at end of CTS:
  ========================================
  
  -----------------------
  Type     hp Wire Length
  -----------------------
  Top           0.000
  Trunk        31.660
  Leaf        231.770
  Total       263.430
  -----------------------
  
  
  Clock DAG capacitances at end of CTS:
  =====================================
  
  --------------------------------
  Type     Gate     Wire     Total
  --------------------------------
  Top      0.000    0.000    0.000
  Trunk    0.121    0.003    0.124
  Leaf     0.259    0.080    0.339
  Total    0.380    0.083    0.463
  --------------------------------
  
  
  Clock DAG sink capacitances at end of CTS:
  ==========================================
  
  -----------------------------------------------
  Total    Average    Std. Dev.    Min      Max
  -----------------------------------------------
  0.259     0.002       0.000      0.002    0.003
  -----------------------------------------------
  
  
  Clock DAG net violations at end of CTS:
  =======================================
  
  None
  
  
  Clock DAG primary half-corner transition distribution at end of CTS:
  ====================================================================
  
  --------------------------------------------------------------------------------------------------------------------------------------------------------------
  Net Type    Target    Count    Average    Std. Dev.    Min      Max      Distribution                                                              Over Target
  --------------------------------------------------------------------------------------------------------------------------------------------------------------
  Trunk       0.133       2       0.034       0.043      0.003    0.064    {2 <= 0.080ns, 0 <= 0.106ns, 0 <= 0.120ns, 0 <= 0.126ns, 0 <= 0.133ns}         -
  Leaf        0.133       2       0.119       0.004      0.116    0.122    {0 <= 0.080ns, 0 <= 0.106ns, 1 <= 0.120ns, 1 <= 0.126ns, 0 <= 0.133ns}         -
  --------------------------------------------------------------------------------------------------------------------------------------------------------------
  
  
  Clock DAG library cell distribution at end of CTS:
  ==================================================
  
  -------------------------------------------------------------
  Name                          Type        Inst     Inst Area 
                                            Count    (um^2)
  -------------------------------------------------------------
  sky130_fd_sc_hd__clkinv_16    inverter      3        90.086
  -------------------------------------------------------------
  
  
  Primary reporting skew groups summary at end of CTS:
  ====================================================
  
  --------------------------------------------------------------------------------------------------------------------------------------------------------------------
  Half-corner            Skew Group         Min ID    Max ID    Skew     Skew target    Wire skew    Worst sink skew    Average ID    Std.Dev    Skew window occupancy
  --------------------------------------------------------------------------------------------------------------------------------------------------------------------
  DELAY_TYP:both.late    clk/CONSTRAINTS    0.177     0.184     0.007       0.148         0.003           0.003           0.181        0.002     100% {0.177, 0.184}
  --------------------------------------------------------------------------------------------------------------------------------------------------------------------
  
  
  Skew group summary at end of CTS:
  =================================
  
  --------------------------------------------------------------------------------------------------------------------------------------------------------------------
  Half-corner            Skew Group         Min ID    Max ID    Skew     Skew target    Wire skew    Worst sink skew    Average ID    Std.Dev    Skew window occupancy
  --------------------------------------------------------------------------------------------------------------------------------------------------------------------
  DELAY_TYP:both.late    clk/CONSTRAINTS    0.177     0.184     0.007       0.148         0.003           0.003           0.181        0.002     100% {0.177, 0.184}
  --------------------------------------------------------------------------------------------------------------------------------------------------------------------
  
  
  Found a total of 0 clock tree pins with a slew violation.
  
  Post-balance tidy up or trial balance steps done. (took cpu=0:00:00.0 real=0:00:00.0)
Synthesizing clock trees done.
Tidy Up And Update Timing...
External - Set all clocks to propagated mode...
Innovus updating I/O latencies
AAE_INFO: opIsDesignInPostRouteState() is 0
#################################################################################
# Design Stage: PreRoute
# Design Name: coprocessor
# Design Mode: 90nm
# Analysis Mode: MMMC Non-OCV 
# Parasitics Mode: No SPEF/RCDB 
# Signoff Settings: SI Off 
#################################################################################
Calculate delays in Single mode...
Start delay calculation (fullDC) (1 T). (MEM=1818.53)
Total number of fetched objects 6796
End delay calculation. (MEM=1838.48 CPU=0:00:00.0 REAL=0:00:00.0)
End delay calculation (fullDC). (MEM=1838.48 CPU=0:00:00.1 REAL=0:00:00.0)
	Clock: clk, View: VIEW_TYP, Ideal Latency: 0, Propagated Latency: 0.18116
	 Executing: set_clock_latency -source -early -max -rise -0.18116 [get_pins clk]
	Clock: clk, View: VIEW_TYP, Ideal Latency: 0, Propagated Latency: 0.18116
	 Executing: set_clock_latency -source -late -max -rise -0.18116 [get_pins clk]
	Clock: clk, View: VIEW_TYP, Ideal Latency: 0, Propagated Latency: 0.179992
	 Executing: set_clock_latency -source -early -max -fall -0.179992 [get_pins clk]
	Clock: clk, View: VIEW_TYP, Ideal Latency: 0, Propagated Latency: 0.179992
	 Executing: set_clock_latency -source -late -max -fall -0.179992 [get_pins clk]
Setting all clocks to propagated mode.
External - Set all clocks to propagated mode done. (took cpu=0:00:00.4 real=0:00:00.4)
Clock DAG stats after update timingGraph:
  cell counts      : b=0, i=3, icg=0, dcg=0, l=0, total=3
  sink counts      : regular=119, enable_latch=0, load_capacitance=0, antenna=0, node_sink=0, total=119
  misc counts      : r=1, pp=0
  cell areas       : b=0.000um^2, i=90.086um^2, icg=0.000um^2, dcg=0.000um^2, l=0.000um^2, total=90.086um^2
  cell capacitance : b=0.000pF, i=0.121pF, icg=0.000pF, dcg=0.000pF, l=0.000pF, total=0.121pF
  sink capacitance : total=0.259pF, avg=0.002pF, sd=0.000pF, min=0.002pF, max=0.003pF
  wire capacitance : top=0.000pF, trunk=0.003pF, leaf=0.080pF, total=0.083pF
  wire lengths     : top=0.000um, trunk=27.000um, leaf=652.950um, total=679.950um
  hp wire lengths  : top=0.000um, trunk=31.660um, leaf=231.770um, total=263.430um
Clock DAG net violations after update timingGraph: none
Clock DAG primary half-corner transition distribution after update timingGraph:
  Trunk : target=0.133ns count=2 avg=0.034ns sd=0.043ns min=0.003ns max=0.064ns {2 <= 0.080ns, 0 <= 0.106ns, 0 <= 0.120ns, 0 <= 0.126ns, 0 <= 0.133ns}
  Leaf  : target=0.133ns count=2 avg=0.119ns sd=0.004ns min=0.116ns max=0.122ns {0 <= 0.080ns, 0 <= 0.106ns, 1 <= 0.120ns, 1 <= 0.126ns, 0 <= 0.133ns}
Clock DAG library cell distribution after update timingGraph {count}:
   Invs: sky130_fd_sc_hd__clkinv_16: 3 
Primary reporting skew groups after update timingGraph:
  skew_group clk/CONSTRAINTS: insertion delay [min=0.177, max=0.184, avg=0.181, sd=0.002], skew [0.007 vs 0.148], 100% {0.177, 0.184} (wid=0.005 ws=0.003) (gid=0.179 gs=0.004)
Skew group summary after update timingGraph:
  skew_group clk/CONSTRAINTS: insertion delay [min=0.177, max=0.184, avg=0.181, sd=0.002], skew [0.007 vs 0.148], 100% {0.177, 0.184} (wid=0.005 ws=0.003) (gid=0.179 gs=0.004)
Logging CTS constraint violations...
  No violations found.
Logging CTS constraint violations done.
Tidy Up And Update Timing done. (took cpu=0:00:00.4 real=0:00:00.4)
Runtime done. (took cpu=0:00:04.6 real=0:00:04.6)
Runtime Summary
===============
Clock Runtime:  (20%) Core CTS           0.89 (Init 0.34, Construction 0.19, Implementation 0.17, eGRPC 0.04, PostConditioning 0.03, Other 0.10)
Clock Runtime:  (55%) CTS services       2.47 (RefinePlace 0.24, EarlyGlobalClock 0.16, NanoRoute 2.00, ExtractRC 0.08, TimingAnalysis 0.00)
Clock Runtime:  (23%) Other CTS          1.06 (Init 0.23, CongRepair/EGR-DP 0.39, TimingUpdate 0.45, Other 0.00)
Clock Runtime: (100%) Total              4.42

Leaving CCOpt scope - Cleaning up placement interface...
Leaving CCOpt scope - Cleaning up placement interface done. (took cpu=0:00:00.0 real=0:00:00.0)
*** CTS #1 [finish] (ccopt_design #1) : cpu/real = 0:00:04.4/0:00:04.4 (1.0), totSession cpu/real = 0:01:25.4/0:01:29.5 (1.0), mem = 1734.4M
Synthesizing clock trees with CCOpt done.
**WARN: (IMPSP-9025):	No scan chain specified/traced.
Type 'man IMPSP-9025' for more detail.
**optDesign ... cpu = 0:00:00, real = 0:00:00, mem = 1588.0M, totSessionCpu=0:01:25 **
**WARN: (IMPOPT-576):	4 nets have unplaced terms. 
GigaOpt running with 1 threads.
*** InitOpt #1 [begin] (ccopt_design #1) : totSession cpu/real = 0:01:25.4/0:01:29.6 (1.0), mem = 1734.4M
**INFO: setDesignMode -flowEffort standard -> setting 'setOptMode -allEndPoints true' for the duration of this command.
Need call spDPlaceInit before registerPrioInstLoc.
**WARN: (IMPOPT-665):	clk : Net has unplaced terms or is connected to uplaced instances in design. 
Type 'man IMPOPT-665' for more detail.
**WARN: (IMPOPT-665):	rst : Net has unplaced terms or is connected to uplaced instances in design. 
Type 'man IMPOPT-665' for more detail.
**WARN: (IMPOPT-665):	rx : Net has unplaced terms or is connected to uplaced instances in design. 
Type 'man IMPOPT-665' for more detail.
**WARN: (IMPOPT-665):	tx : Net has unplaced terms or is connected to uplaced instances in design. 
Type 'man IMPOPT-665' for more detail.
**optDesign ... cpu = 0:00:01, real = 0:00:01, mem = 1595.8M, totSessionCpu=0:01:26 **
*** optDesign -postCTS ***
DRC Margin: user margin 0.0; extra margin 0.2
Hold Target Slack: user slack 0
Setup Target Slack: user slack 0; extra slack 0.0
setUsefulSkewMode -ecoRoute false
**INFO: The delay profiles based on paritioning incorrect, turning off vt filtering
Start to check current routing status for nets...
All nets are already routed correctly.
End to check current routing status for nets (mem=1752.4M)
Starting delay calculation for Setup views
AAE_INFO: opIsDesignInPostRouteState() is 0
#################################################################################
# Design Stage: PreRoute
# Design Name: coprocessor
# Design Mode: 90nm
# Analysis Mode: MMMC Non-OCV 
# Parasitics Mode: No SPEF/RCDB 
# Signoff Settings: SI Off 
#################################################################################
Calculate delays in Single mode...
Start delay calculation (fullDC) (1 T). (MEM=1750.45)
Total number of fetched objects 6796
End delay calculation. (MEM=1793.66 CPU=0:00:00.5 REAL=0:00:00.0)
End delay calculation (fullDC). (MEM=1793.66 CPU=0:00:00.6 REAL=0:00:00.0)
*** Done Building Timing Graph (cpu=0:00:00.8 real=0:00:00.0 totSessionCpu=0:01:27 mem=1793.7M)

------------------------------------------------------------------
             Initial Summary
------------------------------------------------------------------

Setup views included:
 VIEW_TYP 

+--------------------+---------+---------+---------+
|     Setup mode     |   all   | reg2reg | default |
+--------------------+---------+---------+---------+
|           WNS (ns):| -0.131  | -0.131  |  6.761  |
|           TNS (ns):| -1.503  | -1.503  |  0.000  |
|    Violating Paths:|   14    |   14    |    0    |
|          All Paths:|   345   |   224   |   121   |
+--------------------+---------+---------+---------+

+----------------+-------------------------------+------------------+
|                |              Real             |       Total      |
|    DRVs        +------------------+------------+------------------|
|                |  Nr nets(terms)  | Worst Vio  |  Nr nets(terms)  |
+----------------+------------------+------------+------------------+
|   max_cap      |      0 (0)       |   0.000    |      0 (0)       |
|   max_tran     |      0 (0)       |   0.000    |      0 (0)       |
|   max_fanout   |      0 (0)       |     0      |      0 (0)       |
|   max_length   |      0 (0)       |     0      |      0 (0)       |
+----------------+------------------+------------+------------------+

Density: 40.555%
------------------------------------------------------------------
**optDesign ... cpu = 0:00:02, real = 0:00:02, mem = 1604.6M, totSessionCpu=0:01:27 **
*** InitOpt #1 [finish] (ccopt_design #1) : cpu/real = 0:00:02.0/0:00:02.0 (1.0), totSession cpu/real = 0:01:27.4/0:01:31.5 (1.0), mem = 1763.9M
** INFO : this run is activating low effort ccoptDesign flow
OPTC: m1 20.0 20.0
-congRepairInPostCTS false                 # bool, default=false, private
Begin: GigaOpt Route Type Constraints Refinement
*** CongRefineRouteType #1 [begin] (ccopt_design #1) : totSession cpu/real = 0:01:27.5/0:01:31.7 (1.0), mem = 1765.9M
Updated routing constraints on 0 nets.
Bottom Preferred Layer:
+-------------+------------+----------+
|    Layer    |    CLK     |   Rule   |
+-------------+------------+----------+
| met2 (z=3)  |          4 | default  |
+-------------+------------+----------+
Via Pillar Rule:
    None
*** CongRefineRouteType #1 [finish] (ccopt_design #1) : cpu/real = 0:00:00.9/0:00:00.9 (1.0), totSession cpu/real = 0:01:28.4/0:01:32.5 (1.0), mem = 1897.3M
End: GigaOpt Route Type Constraints Refinement
*** Starting optimizing excluded clock nets MEM= 1897.3M) ***
*info: No excluded clock nets to be optimized.
*** Finished optimizing excluded clock nets (CPU Time= 0:00:00.0  MEM= 1897.3M) ***
*** Starting optimizing excluded clock nets MEM= 1897.3M) ***
*info: No excluded clock nets to be optimized.
*** Finished optimizing excluded clock nets (CPU Time= 0:00:00.0  MEM= 1897.3M) ***
Info: Done creating the CCOpt slew target map.
Begin: GigaOpt high fanout net optimization
*** DrvOpt #1 [begin] (ccopt_design #1) : totSession cpu/real = 0:01:28.4/0:01:32.6 (1.0), mem = 1897.3M
Info: 3 nets with fixed/cover wires excluded.
Info: 4 clock nets excluded from IPO operation.
*** DrvOpt #1 [finish] (ccopt_design #1) : cpu/real = 0:00:00.2/0:00:00.2 (1.0), totSession cpu/real = 0:01:28.7/0:01:32.8 (1.0), mem = 1844.3M
End: GigaOpt high fanout net optimization
Begin: GigaOpt Global Optimization
*info: use new DP (enabled)
Info: 3 nets with fixed/cover wires excluded.
Info: 4 clock nets excluded from IPO operation.
*** GlobalOpt #1 [begin] (ccopt_design #1) : totSession cpu/real = 0:01:28.7/0:01:32.8 (1.0), mem = 1844.3M
*info: 4 clock nets excluded
*info: 7 no-driver nets excluded.
*info: 3 nets with fixed/cover wires excluded.
** GigaOpt Global Opt WNS Slack -0.131  TNS Slack -1.502 
+--------+--------+---------+------------+--------+----------+---------+--------------------------------------------------+
|  WNS   |  TNS   | Density |    Real    |  Mem   |Worst View|Pathgroup|                    End Point                     |
+--------+--------+---------+------------+--------+----------+---------+--------------------------------------------------+
|  -0.131|  -1.502|   40.56%|   0:00:00.0| 1901.6M|  VIEW_TYP|  reg2reg| result_r_reg[11]/D                               |
|  -0.130|  -1.400|   40.60%|   0:00:02.0| 1939.2M|  VIEW_TYP|  reg2reg| result_r_reg[11]/D                               |
|  -0.120|  -1.259|   40.62%|   0:00:00.0| 1939.2M|  VIEW_TYP|  reg2reg| result_r_reg[11]/D                               |
|  -0.120|  -1.259|   40.62%|   0:00:00.0| 1939.2M|  VIEW_TYP|  reg2reg| result_r_reg[11]/D                               |
|  -0.104|  -0.912|   40.69%|   0:00:01.0| 1939.2M|  VIEW_TYP|  reg2reg| result_r_reg[7]/D                                |
|  -0.095|  -0.852|   40.73%|   0:00:01.0| 1940.2M|  VIEW_TYP|  reg2reg| result_r_reg[12]/D                               |
|  -0.095|  -0.852|   40.74%|   0:00:00.0| 1940.2M|  VIEW_TYP|  reg2reg| result_r_reg[12]/D                               |
|  -0.095|  -0.852|   40.74%|   0:00:00.0| 1940.2M|  VIEW_TYP|  reg2reg| result_r_reg[12]/D                               |
|  -0.094|  -0.821|   40.78%|   0:00:00.0| 1940.2M|  VIEW_TYP|  reg2reg| result_r_reg[7]/D                                |
|  -0.094|  -0.819|   40.83%|   0:00:01.0| 1940.2M|  VIEW_TYP|  reg2reg| result_r_reg[7]/D                                |
|  -0.094|  -0.819|   40.85%|   0:00:00.0| 1940.2M|  VIEW_TYP|  reg2reg| result_r_reg[7]/D                                |
|  -0.094|  -0.819|   40.85%|   0:00:00.0| 1940.2M|  VIEW_TYP|  reg2reg| result_r_reg[7]/D                                |
|  -0.089|  -0.731|   40.89%|   0:00:00.0| 1940.2M|  VIEW_TYP|  reg2reg| result_r_reg[7]/D                                |
|  -0.089|  -0.731|   40.96%|   0:00:00.0| 1941.7M|  VIEW_TYP|  reg2reg| result_r_reg[7]/D                                |
|  -0.072|  -0.585|   40.98%|   0:00:00.0| 1941.7M|  VIEW_TYP|  reg2reg| result_r_reg[12]/D                               |
|  -0.072|  -0.585|   40.98%|   0:00:00.0| 1941.7M|  VIEW_TYP|  reg2reg| result_r_reg[12]/D                               |
|  -0.071|  -0.550|   41.02%|   0:00:01.0| 1941.7M|  VIEW_TYP|  reg2reg| result_r_reg[7]/D                                |
|  -0.071|  -0.550|   41.05%|   0:00:00.0| 1941.7M|  VIEW_TYP|  reg2reg| result_r_reg[7]/D                                |
+--------+--------+---------+------------+--------+----------+---------+--------------------------------------------------+

*** Finish post-CTS Global Setup Fixing (cpu=0:00:06.0 real=0:00:06.0 mem=1941.7M) ***

*** Finish post-CTS Setup Fixing (cpu=0:00:06.0 real=0:00:06.0 mem=1941.7M) ***
Bottom Preferred Layer:
+-------------+------------+----------+
|    Layer    |    CLK     |   Rule   |
+-------------+------------+----------+
| met2 (z=3)  |          4 | default  |
+-------------+------------+----------+
Via Pillar Rule:
    None
** GigaOpt Global Opt End WNS Slack -0.071  TNS Slack -0.550 
*** GlobalOpt #1 [finish] (ccopt_design #1) : cpu/real = 0:00:07.2/0:00:07.2 (1.0), totSession cpu/real = 0:01:35.9/0:01:40.0 (1.0), mem = 1859.6M
End: GigaOpt Global Optimization
*** Timing NOT met, worst failing slack is -0.071
*** Check timing (0:00:00.0)
Info: 3 nets with fixed/cover wires excluded.
Info: 4 clock nets excluded from IPO operation.
Begin: GigaOpt Optimization in WNS mode
Info: 3 nets with fixed/cover wires excluded.
Info: 4 clock nets excluded from IPO operation.
*** WnsOpt #1 [begin] (ccopt_design #1) : totSession cpu/real = 0:01:36.0/0:01:40.1 (1.0), mem = 1855.6M
*info: 4 clock nets excluded
*info: 7 no-driver nets excluded.
*info: 3 nets with fixed/cover wires excluded.
** GigaOpt Optimizer WNS Slack -0.071 TNS Slack -0.550 Density 41.05
OptDebug: Start of Optimizer WNS Pass 0:
+----------+------+------+
|Path Group|   WNS|   TNS|
+----------+------+------+
|default   | 6.761| 0.000|
|reg2reg   |-0.071|-0.550|
|HEPG      |-0.071|-0.550|
|All Paths |-0.071|-0.550|
+----------+------+------+

CCOptDebug: Start of Optimizer WNS Pass 0: reg2reg* WNS -0.071ns TNS -0.550ns; HEPG WNS -0.071ns TNS -0.550ns; all paths WNS -0.071ns TNS -0.550ns; Real time 0:00:16.0
Active Path Group: reg2reg  
+--------+---------+--------+---------+---------+------------+--------+----------+---------+--------------------------------------------------+
|  WNS   | All WNS |  TNS   | All TNS | Density |    Real    |  Mem   |Worst View|Pathgroup|                    End Point                     |
+--------+---------+--------+---------+---------+------------+--------+----------+---------+--------------------------------------------------+
|  -0.071|   -0.071|  -0.550|   -0.550|   41.05%|   0:00:00.0| 1918.8M|  VIEW_TYP|  reg2reg| result_r_reg[7]/D                                |
|   0.011|    0.011|   0.000|    0.000|   41.28%|   0:00:01.0| 1962.5M|  VIEW_TYP|  reg2reg| result_r_reg[14]/D                               |
|   0.027|    0.027|   0.000|    0.000|   41.35%|   0:00:01.0| 1981.6M|  VIEW_TYP|  reg2reg| result_r_reg[14]/D                               |
|   0.054|    0.054|   0.000|    0.000|   41.42%|   0:00:00.0| 1981.6M|  VIEW_TYP|  reg2reg| result_r_reg[14]/D                               |
|   0.054|    0.054|   0.000|    0.000|   41.42%|   0:00:00.0| 1981.6M|  VIEW_TYP|  reg2reg| result_r_reg[14]/D                               |
+--------+---------+--------+---------+---------+------------+--------+----------+---------+--------------------------------------------------+

*** Finish Core Optimize Step (cpu=0:00:01.6 real=0:00:02.0 mem=1981.6M) ***

*** Finished Optimize Step Cumulative (cpu=0:00:01.6 real=0:00:02.0 mem=1981.6M) ***
OptDebug: End of Optimizer WNS Pass 0:
+----------+-----+-----+
|Path Group|  WNS|  TNS|
+----------+-----+-----+
|default   |6.761|0.000|
|reg2reg   |0.054|0.000|
|HEPG      |0.054|0.000|
|All Paths |0.054|0.000|
+----------+-----+-----+

CCOptDebug: End of Optimizer WNS Pass 0: reg2reg* WNS 0.055ns TNS 0.000ns; HEPG WNS 0.055ns TNS 0.000ns; all paths WNS 0.055ns TNS 0.000ns; Real time 0:00:18.0
** GigaOpt Optimizer WNS Slack 0.054 TNS Slack 0.000 Density 41.42
*** Starting refinePlace (0:01:39 mem=1962.6M) ***
Total net bbox length = 1.855e+05 (8.026e+04 1.053e+05) (ext = 4.701e+02)
**WARN: (IMPSP-5140):	Global net connect rules have not been created. Added  insts would have no supply connectivity, and would fail DRC.
Type 'man IMPSP-5140' for more detail.
**WARN: (IMPSP-315):	Found 6820 instances insts with no PG Term connections.
Type 'man IMPSP-315' for more detail.

Starting Small incrNP...
Density distribution unevenness ratio = 26.614%
Skipped incrNP (cpu=0:00:00.0, real=0:00:00.0, mem=1962.6M)
End of Small incrNP (cpu=0:00:00.0, real=0:00:00.0)
Move report: Detail placement moves 363 insts, mean move: 0.80 um, max move: 3.18 um 
	Max move on inst (FE_OFC1450_n_2519): (256.68, 189.38) --> (256.22, 192.10)
	Runtime: CPU: 0:00:00.1 REAL: 0:00:00.0 MEM: 1962.6MB
Summary Report:
Instances move: 363 (out of 6817 movable)
Instances flipped: 0
Mean displacement: 0.80 um
Max displacement: 3.18 um (Instance: FE_OFC1450_n_2519) (256.68, 189.38) -> (256.22, 192.1)
	Length: 3 sites, height: 1 rows, site name: unithd, cell type: sky130_fd_sc_hd__inv_2
Total net bbox length = 1.857e+05 (8.039e+04 1.053e+05) (ext = 4.701e+02)
Runtime: CPU: 0:00:00.1 REAL: 0:00:00.0 MEM: 1962.6MB
*** Finished refinePlace (0:01:39 mem=1962.6M) ***
*** maximum move = 3.18 um ***
*** Finished re-routing un-routed nets (1962.6M) ***

*** Finish Physical Update (cpu=0:00:00.2 real=0:00:00.0 mem=1962.6M) ***
** GigaOpt Optimizer WNS Slack 0.054 TNS Slack 0.000 Density 41.42
OptDebug: End of Setup Fixing:
+----------+-----+-----+
|Path Group|  WNS|  TNS|
+----------+-----+-----+
|default   |6.761|0.000|
|reg2reg   |0.054|0.000|
|HEPG      |0.054|0.000|
|All Paths |0.054|0.000|
+----------+-----+-----+

Bottom Preferred Layer:
+-------------+------------+----------+
|    Layer    |    CLK     |   Rule   |
+-------------+------------+----------+
| met2 (z=3)  |          4 | default  |
+-------------+------------+----------+
Via Pillar Rule:
    None

*** Finish post-CTS Setup Fixing (cpu=0:00:01.9 real=0:00:02.0 mem=1962.6M) ***

*** WnsOpt #1 [finish] (ccopt_design #1) : cpu/real = 0:00:03.0/0:00:03.0 (1.0), totSession cpu/real = 0:01:39.0/0:01:43.1 (1.0), mem = 1861.5M
End: GigaOpt Optimization in WNS mode
Info: 3 nets with fixed/cover wires excluded.
Info: 4 clock nets excluded from IPO operation.
Begin: Area Reclaim Optimization
*** AreaOpt #1 [begin] (ccopt_design #1) : totSession cpu/real = 0:01:39.0/0:01:43.2 (1.0), mem = 1914.8M
Usable buffer cells for single buffer setup transform:
sky130_fd_sc_hd__clkbuf_1 sky130_fd_sc_hd__buf_1 sky130_fd_sc_hd__clkbuf_2 sky130_fd_sc_hd__buf_2 sky130_fd_sc_hd__clkbuf_4 sky130_fd_sc_hd__buf_4 sky130_fd_sc_hd__buf_6 sky130_fd_sc_hd__clkbuf_8 sky130_fd_sc_hd__probe_p_8 sky130_fd_sc_hd__buf_8 sky130_fd_sc_hd__buf_12 sky130_fd_sc_hd__clkbuf_16 sky130_fd_sc_hd__buf_16 
Number of usable buffer cells above: 13
Reclaim Optimization WNS Slack 0.000  TNS Slack 0.000 Density 41.42
+---------+---------+--------+--------+------------+--------+
| Density | Commits |  WNS   |  TNS   |    Real    |  Mem   |
+---------+---------+--------+--------+------------+--------+
|   41.42%|        -|   0.000|   0.000|   0:00:00.0| 1920.8M|
|   40.89%|      140|  -0.002|  -0.004|   0:00:07.0| 1985.5M|
+---------+---------+--------+--------+------------+--------+
Reclaim Optimization End WNS Slack -0.002  TNS Slack -0.004 Density 40.89
Bottom Preferred Layer:
+-------------+------------+----------+
|    Layer    |    CLK     |   Rule   |
+-------------+------------+----------+
| met2 (z=3)  |          4 | default  |
+-------------+------------+----------+
Via Pillar Rule:
    None

Number of times islegalLocAvaiable called = 0 skipped = 0, called in commitmove = 0, skipped in commitmove = 0
End: Core Area Reclaim Optimization (cpu = 0:00:07.6) (real = 0:00:08.0) **
*** AreaOpt #1 [finish] (ccopt_design #1) : cpu/real = 0:00:07.6/0:00:07.7 (1.0), totSession cpu/real = 0:01:46.6/0:01:50.8 (1.0), mem = 1985.5M
End: Area Reclaim Optimization (cpu=0:00:08, real=0:00:08, mem=1871.45M, totSessionCpu=0:01:47).
Info: 3 nets with fixed/cover wires excluded.
Info: 4 clock nets excluded from IPO operation.
Begin: Area Reclaim Optimization
*** AreaOpt #2 [begin] (ccopt_design #1) : totSession cpu/real = 0:01:46.7/0:01:50.9 (1.0), mem = 1928.7M
Usable buffer cells for single buffer setup transform:
sky130_fd_sc_hd__clkbuf_1 sky130_fd_sc_hd__buf_1 sky130_fd_sc_hd__clkbuf_2 sky130_fd_sc_hd__buf_2 sky130_fd_sc_hd__clkbuf_4 sky130_fd_sc_hd__buf_4 sky130_fd_sc_hd__buf_6 sky130_fd_sc_hd__clkbuf_8 sky130_fd_sc_hd__probe_p_8 sky130_fd_sc_hd__buf_8 sky130_fd_sc_hd__buf_12 sky130_fd_sc_hd__clkbuf_16 sky130_fd_sc_hd__buf_16 
Number of usable buffer cells above: 13
Reclaim Optimization WNS Slack -0.002  TNS Slack -0.004 Density 40.89
+---------+---------+--------+--------+------------+--------+
| Density | Commits |  WNS   |  TNS   |    Real    |  Mem   |
+---------+---------+--------+--------+------------+--------+
|   40.89%|        -|  -0.002|  -0.004|   0:00:00.0| 1928.7M|
|   40.87%|        4|  -0.002|  -0.004|   0:00:00.0| 1953.8M|
|   40.87%|        0|  -0.002|  -0.004|   0:00:00.0| 1953.8M|
|   40.85%|        5|  -0.002|  -0.004|   0:00:01.0| 1953.8M|
|   40.78%|       25|   0.001|   0.000|   0:00:00.0| 1953.8M|
|   40.77%|        2|   0.001|   0.000|   0:00:00.0| 1953.8M|
|   40.77%|        0|   0.001|   0.000|   0:00:00.0| 1953.8M|
|   40.77%|        0|   0.001|   0.000|   0:00:00.0| 1953.8M|
+---------+---------+--------+--------+------------+--------+
Reclaim Optimization End WNS Slack 0.001  TNS Slack 0.000 Density 40.77
Bottom Preferred Layer:
+-------------+------------+----------+
|    Layer    |    CLK     |   Rule   |
+-------------+------------+----------+
| met2 (z=3)  |          4 | default  |
+-------------+------------+----------+
Via Pillar Rule:
    None

Number of times islegalLocAvaiable called = 65 skipped = 0, called in commitmove = 27, skipped in commitmove = 0
End: Core Area Reclaim Optimization (cpu = 0:00:01.3) (real = 0:00:01.0) **
*** Starting refinePlace (0:01:48 mem=1953.8M) ***
Total net bbox length = 1.847e+05 (7.971e+04 1.050e+05) (ext = 4.706e+02)
**WARN: (IMPSP-5140):	Global net connect rules have not been created. Added  insts would have no supply connectivity, and would fail DRC.
Type 'man IMPSP-5140' for more detail.
**WARN: (IMPSP-315):	Found 6780 instances insts with no PG Term connections.
Type 'man IMPSP-315' for more detail.
Move report: Detail placement moves 158 insts, mean move: 1.71 um, max move: 6.82 um 
	Max move on inst (alu_inst_muldiv_inst_mul_349_24_g10042): (100.28, 270.98) --> (98.90, 265.54)
	Runtime: CPU: 0:00:00.1 REAL: 0:00:00.0 MEM: 1956.8MB
Summary Report:
Instances move: 158 (out of 6777 movable)
Instances flipped: 0
Mean displacement: 1.71 um
Max displacement: 6.82 um (Instance: alu_inst_muldiv_inst_mul_349_24_g10042) (100.28, 270.98) -> (98.9, 265.54)
	Length: 3 sites, height: 1 rows, site name: unithd, cell type: sky130_fd_sc_hd__nand2_1
Total net bbox length = 1.848e+05 (7.981e+04 1.050e+05) (ext = 4.706e+02)
Runtime: CPU: 0:00:00.1 REAL: 0:00:00.0 MEM: 1956.8MB
*** Finished refinePlace (0:01:48 mem=1956.8M) ***
*** maximum move = 6.82 um ***
*** Finished re-routing un-routed nets (1953.8M) ***

*** Finish Physical Update (cpu=0:00:00.1 real=0:00:00.0 mem=1953.8M) ***
*** AreaOpt #2 [finish] (ccopt_design #1) : cpu/real = 0:00:01.5/0:00:01.5 (1.0), totSession cpu/real = 0:01:48.2/0:01:52.4 (1.0), mem = 1953.8M
End: Area Reclaim Optimization (cpu=0:00:01, real=0:00:01, mem=1872.77M, totSessionCpu=0:01:48).
postCtsLateCongRepair #1 0
postCtsLateCongRepair #1 0
postCtsLateCongRepair #1 0
postCtsLateCongRepair #1 0
Starting local wire reclaim
*** Starting refinePlace (0:01:48 mem=1872.8M) ***
**WARN: (IMPSP-5140):	Global net connect rules have not been created. Added  insts would have no supply connectivity, and would fail DRC.
Type 'man IMPSP-5140' for more detail.
**WARN: (IMPSP-315):	Found 6780 instances insts with no PG Term connections.
Type 'man IMPSP-315' for more detail.
**WARN: [IO pin not placed] clk
**WARN: [IO pin not placed] rst
**WARN: [IO pin not placed] rx
**WARN: [IO pin not placed] tx
**WARN: [IO pin not placed] The ratio of IO pins are not placed: 4 / 4 = 100.00%
*** Finished SKP initialization (cpu=0:00:00.1, real=0:00:01.0)***
Timing cost in AAE based: 100481.7450817861827090
Move report: Detail placement moves 2518 insts, mean move: 6.85 um, max move: 54.70 um 
	Max move on inst (FE_OFC1682_alu_inst_n_39299): (199.64, 75.14) --> (251.62, 72.42)
	Runtime: CPU: 0:00:04.2 REAL: 0:00:05.0 MEM: 1882.4MB
Summary Report:
Instances move: 2518 (out of 6777 movable)
Instances flipped: 0
Mean displacement: 6.85 um
Max displacement: 54.70 um (Instance: FE_OFC1682_alu_inst_n_39299) (199.64, 75.14) -> (251.62, 72.42)
	Length: 3 sites, height: 1 rows, site name: unithd, cell type: sky130_fd_sc_hd__inv_2
Runtime: CPU: 0:00:04.2 REAL: 0:00:05.0 MEM: 1882.4MB
*** Finished refinePlace (0:01:52 mem=1882.4M) ***
AAE_INFO: opIsDesignInPostRouteState() is 0
#################################################################################
# Design Stage: PreRoute
# Design Name: coprocessor
# Design Mode: 90nm
# Analysis Mode: MMMC Non-OCV 
# Parasitics Mode: No SPEF/RCDB 
# Signoff Settings: SI Off 
#################################################################################
Calculate delays in Single mode...
Start delay calculation (fullDC) (1 T). (MEM=1856.84)
Total number of fetched objects 6814
End delay calculation. (MEM=1884.79 CPU=0:00:00.5 REAL=0:00:00.0)
End delay calculation (fullDC). (MEM=1884.79 CPU=0:00:00.6 REAL=0:00:00.0)
eGR doReRoute: optGuide
[NR-eGR] Track table information for default rule: 
[NR-eGR] li1 has single uniform track structure
[NR-eGR] met1 has single uniform track structure
[NR-eGR] met2 has single uniform track structure
[NR-eGR] met3 has single uniform track structure
[NR-eGR] met4 has single uniform track structure
[NR-eGR] met5 has single uniform track structure
[NR-eGR] Read 0 PG shapes
[NR-eGR] Read 0 clock shapes
[NR-eGR] Read 0 other shapes
[NR-eGR] #Routing Blockages  : 0
[NR-eGR] #Instance Blockages : 16152
[NR-eGR] #PG Blockages       : 0
[NR-eGR] #Halo Blockages     : 0
[NR-eGR] #Boundary Blockages : 0
[NR-eGR] #Clock Blockages    : 0
[NR-eGR] #Other Blockages    : 0
[NR-eGR] Num Prerouted Nets = 3  Num Prerouted Wires = 285
[NR-eGR] Read 6808 nets ( ignored 3 )
[NR-eGR] ============ Routing rule table ============
[NR-eGR] Rule id: 0  Nets: 6805
[NR-eGR] ========================================
[NR-eGR] 
[NR-eGR] Layer group 1: route 6805 net(s) in layer range [2, 6]
[NR-eGR] Early Global Route overflow of layer group 1: 4.33% H + 3.18% V. EstWL: 2.118363e+05um
[NR-eGR] Congestion Analysis By layer: (blocked Gcells are excluded) 
[NR-eGR]                        OverCon           OverCon           OverCon            
[NR-eGR]                         #Gcell            #Gcell            #Gcell     %Gcell
[NR-eGR]        Layer             (1-2)             (3-4)               (5)    OverCon
[NR-eGR] --------------------------------------------------------------------------------
[NR-eGR]     li1 ( 1)         0( 0.00%)         0( 0.00%)         0( 0.00%)   ( 0.00%) 
[NR-eGR]    met1 ( 2)       411( 2.88%)        21( 0.15%)         0( 0.00%)   ( 3.02%) 
[NR-eGR]    met2 ( 3)       501( 3.51%)        30( 0.21%)         0( 0.00%)   ( 3.72%) 
[NR-eGR]    met3 ( 4)       424( 2.97%)        22( 0.15%)         6( 0.04%)   ( 3.17%) 
[NR-eGR]    met4 ( 5)        36( 0.25%)         1( 0.01%)         0( 0.00%)   ( 0.26%) 
[NR-eGR]    met5 ( 6)         1( 0.01%)         0( 0.00%)         0( 0.00%)   ( 0.01%) 
[NR-eGR] --------------------------------------------------------------------------------
[NR-eGR]        Total      1373( 2.03%)        74( 0.11%)         6( 0.01%)   ( 2.15%) 
[NR-eGR] 
[NR-eGR] Overflow after Early Global Route 1.10% H + 0.97% V
[NR-eGR]               Length (um)   Vias 
[NR-eGR] ---------------------------------
[NR-eGR]  li1   (1V)             0  22437 
[NR-eGR]  met1  (2H)         68998  32365 
[NR-eGR]  met2  (3V)         90211   3044 
[NR-eGR]  met3  (4H)         30482   1655 
[NR-eGR]  met4  (5V)         31336     25 
[NR-eGR]  met5  (6H)            52      0 
[NR-eGR] ---------------------------------
[NR-eGR]        Total       221079  59526 
[NR-eGR] --------------------------------------------------------------------------
[NR-eGR] Total half perimeter of net bounding box: 182394um
[NR-eGR] Total length: 221079um, number of vias: 59526
[NR-eGR] --------------------------------------------------------------------------
[NR-eGR] Total eGR-routed clock nets wire length: 0um, number of vias: 0
[NR-eGR] --------------------------------------------------------------------------
[NR-eGR] Finished Early Global Route kernel ( CPU: 0.21 sec, Real: 0.21 sec, Curr Mem: 1837.43 MB )
Extraction called for design 'coprocessor' of instances=6780 and nets=6821 using extraction engine 'preRoute' .
**WARN: (IMPEXT-3530):	The process node is not set. Use the command setDesignMode -process <process node> prior to extraction for maximum accuracy and optimal automatic threshold setting.
Type 'man IMPEXT-3530' for more detail.
PreRoute RC Extraction called for design coprocessor.
RC Extraction called in multi-corner(1) mode.
**WARN: (IMPEXT-6197):	The Cap table file is not specified. This will result in lower parasitic accuracy when using preRoute extraction or postRoute extraction with effort level 'low'. It is recommended to generate the Cap table file using the 'generateCapTbl' command and specify it before extraction using 'create_rc_corner/update_rc_corner -cap_table'.
Type 'man IMPEXT-6197' for more detail.
RCMode: PreRoute
      RC Corner Indexes            0   
Capacitance Scaling Factor   : 1.00000 
Resistance Scaling Factor    : 1.00000 
Clock Cap. Scaling Factor    : 1.00000 
Clock Res. Scaling Factor    : 1.00000 
Shrink Factor                : 1.00000
PreRoute extraction is honoring NDR/Shielding/ExtraSpace for clock nets.
Updating RC grid for preRoute extraction ...
Initializing multi-corner resistance tables ...
PreRoute RC Extraction DONE (CPU Time: 0:00:00.0  Real Time: 0:00:00.0  MEM: 1837.434M)
Compute RC Scale Done ...
[hotspot] +------------+---------------+---------------+
[hotspot] |            |   max hotspot | total hotspot |
[hotspot] +------------+---------------+---------------+
[hotspot] | normalized |          1.00 |          7.00 |
[hotspot] +------------+---------------+---------------+
Local HotSpot Analysis: normalized max congestion hotspot area = 1.00, normalized total congestion hotspot area = 7.00 (area is in unit of 4 std-cell row bins)
[hotspot] top 5 congestion hotspot bounding boxes and scores of normalized hotspot
[hotspot] +-----+-------------------------------------+---------------+
[hotspot] | top |            hotspot bbox             | hotspot score |
[hotspot] +-----+-------------------------------------+---------------+
[hotspot] |  1  |   154.28   143.14   165.16   154.02 |        1.00   |
[hotspot] +-----+-------------------------------------+---------------+
[hotspot] |  2  |   252.20   197.54   263.08   208.42 |        1.00   |
[hotspot] +-----+-------------------------------------+---------------+
[hotspot] |  3  |   154.28   208.42   165.16   219.30 |        1.00   |
[hotspot] +-----+-------------------------------------+---------------+
[hotspot] |  4  |   176.04   230.18   186.92   241.06 |        1.00   |
[hotspot] +-----+-------------------------------------+---------------+
[hotspot] |  5  |   241.32   251.94   252.20   262.82 |        1.00   |
[hotspot] +-----+-------------------------------------+---------------+
Begin: GigaOpt Route Type Constraints Refinement
*** CongRefineRouteType #2 [begin] (ccopt_design #1) : totSession cpu/real = 0:01:53.7/0:01:57.9 (1.0), mem = 1856.5M
Updated routing constraints on 0 nets.
Bottom Preferred Layer:
+-------------+------------+----------+
|    Layer    |    CLK     |   Rule   |
+-------------+------------+----------+
| met2 (z=3)  |          4 | default  |
+-------------+------------+----------+
Via Pillar Rule:
    None
*** CongRefineRouteType #2 [finish] (ccopt_design #1) : cpu/real = 0:00:00.0/0:00:00.0 (0.7), totSession cpu/real = 0:01:53.7/0:01:57.9 (1.0), mem = 1856.5M
End: GigaOpt Route Type Constraints Refinement
skip EGR on cluster skew clock nets.
AAE_INFO: opIsDesignInPostRouteState() is 0
#################################################################################
# Design Stage: PreRoute
# Design Name: coprocessor
# Design Mode: 90nm
# Analysis Mode: MMMC Non-OCV 
# Parasitics Mode: No SPEF/RCDB 
# Signoff Settings: SI Off 
#################################################################################
Calculate delays in Single mode...
Start delay calculation (fullDC) (1 T). (MEM=1854.51)
Total number of fetched objects 6814
End delay calculation. (MEM=1881.63 CPU=0:00:00.5 REAL=0:00:01.0)
End delay calculation (fullDC). (MEM=1881.63 CPU=0:00:00.6 REAL=0:00:01.0)
Begin: GigaOpt postEco DRV Optimization
*** DrvOpt #2 [begin] (ccopt_design #1) : totSession cpu/real = 0:01:54.5/0:01:58.7 (1.0), mem = 1881.6M
Info: 3 nets with fixed/cover wires excluded.
Info: 4 clock nets excluded from IPO operation.
+-------------------------------------------------------------------------------------------------------------------------------------------------------+
|        max-tran       |        max-cap        |  max-fanout |  max-length |       setup       |        |        |        |       |          |         |
+-------------------------------------------------------------------------------------------------------------------------------------------------------+
| nets | terms|  wViol  | nets | terms|  wViol  | nets | terms| nets | terms|   WNS   |   TNS   |  #Buf  |  #Inv  | #Resize|Density|   Real   |   Mem   |
+-------------------------------------------------------------------------------------------------------------------------------------------------------+
|     1|    50|    -0.05|     0|     0|     0.00|     0|     0|     0|     0|    -0.18|    -1.87|       0|       0|       0| 40.77%|          |         |
|     0|     0|     0.00|     0|     0|     0.00|     0|     0|     0|     0|    -0.16|    -1.71|       2|       0|       1| 40.78%| 0:00:00.0|  1970.1M|
|     0|     0|     0.00|     0|     0|     0.00|     0|     0|     0|     0|    -0.16|    -1.71|       0|       0|       0| 40.78%| 0:00:00.0|  1970.1M|
+-------------------------------------------------------------------------------------------------------------------------------------------------------+
Bottom Preferred Layer:
+-------------+------------+----------+
|    Layer    |    CLK     |   Rule   |
+-------------+------------+----------+
| met2 (z=3)  |          4 | default  |
+-------------+------------+----------+
Via Pillar Rule:
    None

*** Finish DRV Fixing (cpu=0:00:00.2 real=0:00:00.0 mem=1970.1M) ***

*** DrvOpt #2 [finish] (ccopt_design #1) : cpu/real = 0:00:00.4/0:00:00.4 (1.0), totSession cpu/real = 0:01:54.9/0:01:59.2 (1.0), mem = 1873.0M
End: GigaOpt postEco DRV Optimization
GigaOpt: WNS changes after postEco optimization: 0.000 -> -0.164 (bump = 0.164)
Begin: GigaOpt nonLegal postEco optimization
Info: 3 nets with fixed/cover wires excluded.
Info: 4 clock nets excluded from IPO operation.
*** WnsOpt #2 [begin] (ccopt_design #1) : totSession cpu/real = 0:01:55.0/0:01:59.2 (1.0), mem = 1873.0M
*info: 4 clock nets excluded
*info: 7 no-driver nets excluded.
*info: 3 nets with fixed/cover wires excluded.
** GigaOpt Optimizer WNS Slack -0.164 TNS Slack -1.712 Density 40.78
OptDebug: Start of Optimizer WNS Pass 0:
+----------+------+------+
|Path Group|   WNS|   TNS|
+----------+------+------+
|default   | 6.677| 0.000|
|reg2reg   |-0.164|-1.712|
|HEPG      |-0.164|-1.712|
|All Paths |-0.164|-1.712|
+----------+------+------+

CCOptDebug: Start of Optimizer WNS Pass 0: reg2reg* WNS -0.164ns TNS -1.712ns; HEPG WNS -0.164ns TNS -1.712ns; all paths WNS -0.164ns TNS -1.712ns; Real time 0:00:34.0
Active Path Group: reg2reg  
+--------+---------+--------+---------+---------+------------+--------+----------+---------+--------------------------------------------------+
|  WNS   | All WNS |  TNS   | All TNS | Density |    Real    |  Mem   |Worst View|Pathgroup|                    End Point                     |
+--------+---------+--------+---------+---------+------------+--------+----------+---------+--------------------------------------------------+
|  -0.164|   -0.164|  -1.712|   -1.712|   40.78%|   0:00:00.0| 1930.3M|  VIEW_TYP|  reg2reg| result_r_reg[10]/D                               |
|  -0.087|   -0.087|  -0.804|   -0.804|   40.79%|   0:00:01.0| 1953.9M|  VIEW_TYP|  reg2reg| result_r_reg[10]/D                               |
|  -0.039|   -0.039|  -0.242|   -0.242|   40.83%|   0:00:00.0| 1953.9M|  VIEW_TYP|  reg2reg| result_r_reg[14]/D                               |
|   0.000|    0.002|   0.000|    0.000|   40.86%|   0:00:00.0| 1953.9M|        NA|       NA| NA                                               |
|   0.000|    0.002|   0.000|    0.000|   40.86%|   0:00:00.0| 1953.9M|  VIEW_TYP|       NA| NA                                               |
+--------+---------+--------+---------+---------+------------+--------+----------+---------+--------------------------------------------------+

*** Finish Core Optimize Step (cpu=0:00:00.5 real=0:00:01.0 mem=1953.9M) ***

*** Finished Optimize Step Cumulative (cpu=0:00:00.5 real=0:00:01.0 mem=1953.9M) ***
OptDebug: End of Optimizer WNS Pass 0:
+----------+-----+-----+
|Path Group|  WNS|  TNS|
+----------+-----+-----+
|default   |6.677|0.000|
|reg2reg   |0.002|0.000|
|HEPG      |0.002|0.000|
|All Paths |0.002|0.000|
+----------+-----+-----+

CCOptDebug: End of Optimizer WNS Pass 0: reg2reg* WNS 0.002ns TNS 0.000ns; HEPG WNS 0.002ns TNS 0.000ns; all paths WNS 0.002ns TNS 0.000ns; Real time 0:00:35.0
** GigaOpt Optimizer WNS Slack 0.000 TNS Slack 0.000 Density 40.86
*** Starting refinePlace (0:01:56 mem=1953.9M) ***
Total net bbox length = 1.828e+05 (7.845e+04 1.043e+05) (ext = 4.701e+02)
**WARN: (IMPSP-5140):	Global net connect rules have not been created. Added  insts would have no supply connectivity, and would fail DRC.
Type 'man IMPSP-5140' for more detail.
**WARN: (IMPSP-315):	Found 6787 instances insts with no PG Term connections.
Type 'man IMPSP-315' for more detail.
Move report: Detail placement moves 42 insts, mean move: 2.68 um, max move: 8.16 um 
	Max move on inst (g91): (172.50, 64.26) --> (172.50, 72.42)
	Runtime: CPU: 0:00:00.1 REAL: 0:00:00.0 MEM: 1956.9MB
Summary Report:
Instances move: 42 (out of 6784 movable)
Instances flipped: 0
Mean displacement: 2.68 um
Max displacement: 8.16 um (Instance: g91) (172.5, 64.26) -> (172.5, 72.42)
	Length: 3 sites, height: 1 rows, site name: unithd, cell type: sky130_fd_sc_hd__clkinv_1
Total net bbox length = 1.828e+05 (7.847e+04 1.044e+05) (ext = 4.701e+02)
Runtime: CPU: 0:00:00.1 REAL: 0:00:00.0 MEM: 1956.9MB
*** Finished refinePlace (0:01:56 mem=1956.9M) ***
*** maximum move = 8.16 um ***
*** Finished re-routing un-routed nets (1953.9M) ***

*** Finish Physical Update (cpu=0:00:00.1 real=0:00:00.0 mem=1953.9M) ***
** GigaOpt Optimizer WNS Slack 0.000 TNS Slack 0.000 Density 40.86
OptDebug: End of Setup Fixing:
+----------+-----+-----+
|Path Group|  WNS|  TNS|
+----------+-----+-----+
|default   |6.677|0.000|
|reg2reg   |0.002|0.000|
|HEPG      |0.002|0.000|
|All Paths |0.002|0.000|
+----------+-----+-----+

Bottom Preferred Layer:
+-------------+------------+----------+
|    Layer    |    CLK     |   Rule   |
+-------------+------------+----------+
| met2 (z=3)  |          4 | default  |
+-------------+------------+----------+
Via Pillar Rule:
    None

*** Finish post-CTS Setup Fixing (cpu=0:00:00.7 real=0:00:01.0 mem=1953.9M) ***

*** WnsOpt #2 [finish] (ccopt_design #1) : cpu/real = 0:00:00.9/0:00:00.9 (1.0), totSession cpu/real = 0:01:55.9/0:02:00.1 (1.0), mem = 1871.9M
End: GigaOpt nonLegal postEco optimization
Register exp ratio and priority group on 0 nets on 6821 nets : 

Active setup views:
 VIEW_TYP
  Dominating endpoints: 0
  Dominating TNS: -0.000

Extraction called for design 'coprocessor' of instances=6787 and nets=6828 using extraction engine 'preRoute' .
**WARN: (IMPEXT-3530):	The process node is not set. Use the command setDesignMode -process <process node> prior to extraction for maximum accuracy and optimal automatic threshold setting.
Type 'man IMPEXT-3530' for more detail.
PreRoute RC Extraction called for design coprocessor.
RC Extraction called in multi-corner(1) mode.
**WARN: (IMPEXT-6197):	The Cap table file is not specified. This will result in lower parasitic accuracy when using preRoute extraction or postRoute extraction with effort level 'low'. It is recommended to generate the Cap table file using the 'generateCapTbl' command and specify it before extraction using 'create_rc_corner/update_rc_corner -cap_table'.
Type 'man IMPEXT-6197' for more detail.
RCMode: PreRoute
      RC Corner Indexes            0   
Capacitance Scaling Factor   : 1.00000 
Resistance Scaling Factor    : 1.00000 
Clock Cap. Scaling Factor    : 1.00000 
Clock Res. Scaling Factor    : 1.00000 
Shrink Factor                : 1.00000
PreRoute extraction is honoring NDR/Shielding/ExtraSpace for clock nets.
Skipped RC grid update for preRoute extraction.
Initializing multi-corner resistance tables ...
PreRoute RC Extraction DONE (CPU Time: 0:00:00.0  Real Time: 0:00:00.0  MEM: 1900.500M)
Starting delay calculation for Setup views
AAE_INFO: opIsDesignInPostRouteState() is 0
#################################################################################
# Design Stage: PreRoute
# Design Name: coprocessor
# Design Mode: 90nm
# Analysis Mode: MMMC Non-OCV 
# Parasitics Mode: No SPEF/RCDB 
# Signoff Settings: SI Off 
#################################################################################
Calculate delays in Single mode...
Start delay calculation (fullDC) (1 T). (MEM=1898.5)
Total number of fetched objects 6821
End delay calculation. (MEM=1883.28 CPU=0:00:00.5 REAL=0:00:01.0)
End delay calculation (fullDC). (MEM=1883.28 CPU=0:00:00.6 REAL=0:00:01.0)
*** Done Building Timing Graph (cpu=0:00:00.9 real=0:00:01.0 totSessionCpu=0:01:57 mem=1883.3M)
[NR-eGR] Track table information for default rule: 
[NR-eGR] li1 has single uniform track structure
[NR-eGR] met1 has single uniform track structure
[NR-eGR] met2 has single uniform track structure
[NR-eGR] met3 has single uniform track structure
[NR-eGR] met4 has single uniform track structure
[NR-eGR] met5 has single uniform track structure
[NR-eGR] Read 0 PG shapes
[NR-eGR] Read 0 clock shapes
[NR-eGR] Read 0 other shapes
[NR-eGR] #Routing Blockages  : 0
[NR-eGR] #Instance Blockages : 16166
[NR-eGR] #PG Blockages       : 0
[NR-eGR] #Halo Blockages     : 0
[NR-eGR] #Boundary Blockages : 0
[NR-eGR] #Clock Blockages    : 0
[NR-eGR] #Other Blockages    : 0
[NR-eGR] Num Prerouted Nets = 3  Num Prerouted Wires = 285
[NR-eGR] Read 6815 nets ( ignored 3 )
[NR-eGR] ============ Routing rule table ============
[NR-eGR] Rule id: 0  Nets: 6812
[NR-eGR] ========================================
[NR-eGR] 
[NR-eGR] Layer group 1: route 6812 net(s) in layer range [2, 6]
[NR-eGR] Early Global Route overflow of layer group 1: 4.39% H + 3.21% V. EstWL: 2.120757e+05um
[NR-eGR] Congestion Analysis By layer: (blocked Gcells are excluded) 
[NR-eGR]                        OverCon           OverCon           OverCon            
[NR-eGR]                         #Gcell            #Gcell            #Gcell     %Gcell
[NR-eGR]        Layer             (1-2)             (3-4)             (5-6)    OverCon
[NR-eGR] --------------------------------------------------------------------------------
[NR-eGR]     li1 ( 1)         0( 0.00%)         0( 0.00%)         0( 0.00%)   ( 0.00%) 
[NR-eGR]    met1 ( 2)       410( 2.87%)        27( 0.19%)         0( 0.00%)   ( 3.06%) 
[NR-eGR]    met2 ( 3)       484( 3.39%)        34( 0.24%)         1( 0.01%)   ( 3.63%) 
[NR-eGR]    met3 ( 4)       410( 2.87%)        20( 0.14%)         3( 0.02%)   ( 3.03%) 
[NR-eGR]    met4 ( 5)        33( 0.23%)         1( 0.01%)         0( 0.00%)   ( 0.24%) 
[NR-eGR]    met5 ( 6)         0( 0.00%)         0( 0.00%)         0( 0.00%)   ( 0.00%) 
[NR-eGR] --------------------------------------------------------------------------------
[NR-eGR]        Total      1337( 1.98%)        82( 0.12%)         4( 0.01%)   ( 2.10%) 
[NR-eGR] 
[NR-eGR] Overflow after Early Global Route 1.10% H + 1.06% V
[NR-eGR] Finished Early Global Route kernel ( CPU: 0.11 sec, Real: 0.11 sec, Curr Mem: 1891.28 MB )
[hotspot] +------------+---------------+---------------+
[hotspot] |            |   max hotspot | total hotspot |
[hotspot] +------------+---------------+---------------+
[hotspot] | normalized |          2.00 |         13.00 |
[hotspot] +------------+---------------+---------------+
Local HotSpot Analysis: normalized max congestion hotspot area = 2.00, normalized total congestion hotspot area = 13.00 (area is in unit of 4 std-cell row bins)
[hotspot] top 5 congestion hotspot bounding boxes and scores of normalized hotspot
[hotspot] +-----+-------------------------------------+---------------+
[hotspot] | top |            hotspot bbox             | hotspot score |
[hotspot] +-----+-------------------------------------+---------------+
[hotspot] |  1  |   176.04   219.30   186.92   241.06 |        2.00   |
[hotspot] +-----+-------------------------------------+---------------+
[hotspot] |  2  |   263.08   110.50   273.96   121.38 |        1.00   |
[hotspot] +-----+-------------------------------------+---------------+
[hotspot] |  3  |   219.56   121.38   230.44   132.26 |        1.00   |
[hotspot] +-----+-------------------------------------+---------------+
[hotspot] |  4  |   241.32   121.38   252.20   132.26 |        1.00   |
[hotspot] +-----+-------------------------------------+---------------+
[hotspot] |  5  |   263.08   132.26   273.96   143.14 |        1.00   |
[hotspot] +-----+-------------------------------------+---------------+
[hotspot] Hotspot report including placement blocked areas
[hotspot] +------------+---------------+---------------+
[hotspot] |            |   max hotspot | total hotspot |
[hotspot] +------------+---------------+---------------+
[hotspot] | normalized |          2.00 |         13.00 |
[hotspot] +------------+---------------+---------------+
Local HotSpot Analysis (blockage included): normalized max congestion hotspot area = 2.00, normalized total congestion hotspot area = 13.00 (area is in unit of 4 std-cell row bins)
[hotspot] top 5 congestion hotspot bounding boxes and scores of normalized hotspot
[hotspot] +-----+-------------------------------------+---------------+
[hotspot] | top |            hotspot bbox             | hotspot score |
[hotspot] +-----+-------------------------------------+---------------+
[hotspot] |  1  |   176.04   219.30   186.92   241.06 |        2.00   |
[hotspot] +-----+-------------------------------------+---------------+
[hotspot] |  2  |   263.08   110.50   273.96   121.38 |        1.00   |
[hotspot] +-----+-------------------------------------+---------------+
[hotspot] |  3  |   219.56   121.38   230.44   132.26 |        1.00   |
[hotspot] +-----+-------------------------------------+---------------+
[hotspot] |  4  |   241.32   121.38   252.20   132.26 |        1.00   |
[hotspot] +-----+-------------------------------------+---------------+
[hotspot] |  5  |   263.08   132.26   273.96   143.14 |        1.00   |
[hotspot] +-----+-------------------------------------+---------------+
Reported timing to dir ./timingReports
**optDesign ... cpu = 0:00:32, real = 0:00:31, mem = 1687.8M, totSessionCpu=0:01:57 **

------------------------------------------------------------------
     optDesign Final Summary
------------------------------------------------------------------

Setup views included:
 VIEW_TYP 

+--------------------+---------+---------+---------+
|     Setup mode     |   all   | reg2reg | default |
+--------------------+---------+---------+---------+
|           WNS (ns):|  0.002  |  0.002  |  6.677  |
|           TNS (ns):|  0.000  |  0.000  |  0.000  |
|    Violating Paths:|    0    |    0    |    0    |
|          All Paths:|   345   |   224   |   121   |
+--------------------+---------+---------+---------+

+----------------+-------------------------------+------------------+
|                |              Real             |       Total      |
|    DRVs        +------------------+------------+------------------|
|                |  Nr nets(terms)  | Worst Vio  |  Nr nets(terms)  |
+----------------+------------------+------------+------------------+
|   max_cap      |      0 (0)       |   0.000    |      0 (0)       |
|   max_tran     |      0 (0)       |   0.000    |      0 (0)       |
|   max_fanout   |      0 (0)       |     0      |      0 (0)       |
|   max_length   |      0 (0)       |     0      |      0 (0)       |
+----------------+------------------+------------+------------------+

Density: 40.860%
Routing Overflow: 1.10% H and 1.06% V
------------------------------------------------------------------
**optDesign ... cpu = 0:00:32, real = 0:00:32, mem = 1688.7M, totSessionCpu=0:01:57 **
*** Finished optDesign ***
Info: Destroy the CCOpt slew target map.
Set place::cacheFPlanSiteMark to 0

*** Summary of all messages that are not suppressed in this session:
Severity  ID               Count  Summary                                  
WARNING   IMPEXT-6197          5  The Cap table file is not specified. Thi...
WARNING   IMPEXT-3530          5  The process node is not set. Use the com...
WARNING   IMPSP-5140           4  Global net connect rules have not been c...
WARNING   IMPSP-315            4  Found %d instances insts with no PG Term...
WARNING   IMPSP-9025           1  No scan chain specified/traced.          
WARNING   IMPOPT-576           1  %d nets have unplaced terms.             
WARNING   IMPOPT-665           4  %s : Net has unplaced terms or is connec...
WARNING   IMPCCOPT-1304        2  Net %s unexpectedly has no routing prese...
WARNING   IMPCCOPT-1183        1  The library has no usable balanced %ss f...
ERROR     IMPCCOPT-1209        1  Non-leaf transition time target of %s%s ...
WARNING   IMPCCOPT-2276        1  CCOpt/PRO found clock net '%s' is not ro...
WARNING   IMPTCM-77            2  Option "%s" for command %s is obsolete a...
*** Message Summary: 30 warning(s), 1 error(s)

*** ccopt_design #1 [finish] : cpu/real = 0:00:36.4/0:00:37.3 (1.0), totSession cpu/real = 0:01:57.3/0:02:02.3 (1.0), mem = 1863.7M
#% End ccopt_design (date=09/24 16:27:39, total cpu=0:00:36.5, real=0:00:37.0, peak res=1732.6M, current mem=1625.9M)
<CMD> saveDesign ./runD/cts.enc
#% Begin save design ... (date=09/24 16:27:39, mem=1625.9M)
% Begin Save ccopt configuration ... (date=09/24 16:27:39, mem=1625.9M)
% End Save ccopt configuration ... (date=09/24 16:27:39, total cpu=0:00:00.0, real=0:00:00.0, peak res=1625.9M, current mem=1625.6M)
% Begin Save netlist data ... (date=09/24 16:27:39, mem=1625.6M)
Writing Binary DB to ./runD/cts.enc.dat/coprocessor.v.bin in single-threaded mode...
% End Save netlist data ... (date=09/24 16:27:39, total cpu=0:00:00.0, real=0:00:00.0, peak res=1625.6M, current mem=1625.6M)
Saving symbol-table file ...
Saving congestion map file ./runD/cts.enc.dat/coprocessor.route.congmap.gz ...
% Begin Save AAE data ... (date=09/24 16:27:40, mem=1625.6M)
Saving AAE Data ...
% End Save AAE data ... (date=09/24 16:27:40, total cpu=0:00:00.0, real=0:00:00.0, peak res=1625.6M, current mem=1625.6M)
Saving preference file ./runD/cts.enc.dat/gui.pref.tcl ...
Saving mode setting ...
Saving global file ...
% Begin Save floorplan data ... (date=09/24 16:27:40, mem=1626.2M)
Saving floorplan file ...
% End Save floorplan data ... (date=09/24 16:27:40, total cpu=0:00:00.0, real=0:00:00.0, peak res=1626.2M, current mem=1626.2M)
Saving Drc markers ...
... No Drc file written since there is no markers found.
% Begin Save placement data ... (date=09/24 16:27:40, mem=1626.2M)
** Saving stdCellPlacement_binary (version# 2) ...
Save Adaptive View Pruning View Names to Binary file
% End Save placement data ... (date=09/24 16:27:40, total cpu=0:00:00.0, real=0:00:00.0, peak res=1626.2M, current mem=1626.2M)
% Begin Save routing data ... (date=09/24 16:27:40, mem=1626.2M)
Saving route file ...
*** Completed saveRoute (cpu=0:00:00.0 real=0:00:00.0 mem=1812.2M) ***
% End Save routing data ... (date=09/24 16:27:40, total cpu=0:00:00.0, real=0:00:00.0, peak res=1626.3M, current mem=1626.3M)
Saving property file ./runD/cts.enc.dat/coprocessor.prop
*** Completed saveProperty (cpu=0:00:00.0 real=0:00:00.0 mem=1815.2M) ***
#Saving pin access data to file ./runD/cts.enc.dat/coprocessor.apa ...
#
Saving rc congestion map ./runD/cts.enc.dat/coprocessor.congmap.gz ...
% Begin Save power constraints data ... (date=09/24 16:27:40, mem=1626.3M)
% End Save power constraints data ... (date=09/24 16:27:40, total cpu=0:00:00.0, real=0:00:00.0, peak res=1626.3M, current mem=1626.3M)
RC_TYP
Generated self-contained design cts.enc.dat
#% End save design ... (date=09/24 16:27:40, total cpu=0:00:00.4, real=0:00:01.0, peak res=1626.5M, current mem=1626.5M)
*** Message Summary: 0 warning(s), 0 error(s)

<CMD> routeDesign
#% Begin routeDesign (date=09/24 16:27:40, mem=1626.5M)
#routeDesign: cpu time = 00:00:00, elapsed time = 00:00:00, memory = 1626.53 (MB), peak = 1732.64 (MB)
AAE_INFO: Pre Route call back at the beginning of routeDesign
#**INFO: setDesignMode -flowEffort standard
#**INFO: setDesignMode -powerEffort none
**INFO: User settings:
setNanoRouteMode -extractThirdPartyCompatible  false
setNanoRouteMode -grouteExpTdStdDelay          42.5
setExtractRCMode -engine                       preRoute
setDelayCalMode -enable_high_fanout            true
setDelayCalMode -engine                        aae
setDelayCalMode -ignoreNetLoad                 false
setDelayCalMode -socv_accuracy_mode            low
setSIMode -separate_delta_delay_on_data        true

#RC_TYP has no qx tech file defined
#No active RC corner or QRC tech file is missing.
#**INFO: multi-cut via swapping will be performed after routing.
#**INFO: All auto set options tuned by routeDesign will be restored to their original settings on command completion.
Begin checking placement ... (start mem=1812.2M, init mem=1812.2M)
*info: Placed = 6787           (Fixed = 3)
*info: Unplaced = 0           
Placement Density:40.86%(38536/94310)
Placement Density (including fixed std cells):40.86%(38536/94310)
Finished checkPlace (total: cpu=0:00:00.0, real=0:00:00.0; vio checks: cpu=0:00:00.0, real=0:00:00.0; mem=1812.2M)

changeUseClockNetStatus Option :  -noFixedNetWires 
*** Changed status on (3) nets in Clock.
*** End changeUseClockNetStatus (cpu=0:00:00.0, real=0:00:00.0, mem=1812.2M) ***
#Start route 4 clock and analog nets...
% Begin globalDetailRoute (date=09/24 16:27:41, mem=1626.5M)

globalDetailRoute

#Start globalDetailRoute on Thu Sep 24 16:27:41 2026
#
Skipped RC grid update for preRoute extraction.
Initializing multi-corner resistance tables ...
#WARNING (NRIG-1303) The congestion map does not match the GCELL grid. Clearing the map.
#Invoke dbWirePreImport deleteTR=1 convert_unrouted=0 selected_only=0 (nr_selected_net=0)
#WARNING (NRDB-665) NET clk has a detail routed segment whose one end ( -0.0010 -0.0010 ) is outside of design boundary ( 0.0000 0.0000 329.8200 325.0400 ).
#WARNING (NRDB-856)   around ( 103.2710 19.2100 ) of NET clk on LAYER li1 is off X minimum feature grid (0.0050).
#num needed restored net=6824
#need_extraction net=0 (total=6828)
#NanoRoute Version 21.15-s110_1 NR220912-2004/21_15-UB
#Skip comparing routing design signature in db-snapshot flow
#Total number of trivial nets (e.g. < 2 pins) = 13 (skipped).
#Total number of nets with skipped attribute = 6812 (skipped).
#Total number of routable nets = 3.
#Total number of nets in the design = 6828.
#2 routable nets do not have any wires.
#1 routable net has routed wires.
#6812 skipped nets have only detail routed wires.
#2 nets will be global routed.
#2 global routed or unrouted (routable) nets have been constrained (e.g. have preferred extra spacing, require shielding etc.)
#1 detail routed (routable) net has been constrained (e.g. have preferred extra spacing, require shielding etc.)
#Start routing data preparation on Thu Sep 24 16:27:41 2026
#
#Minimum voltage of a net in the design = 0.000.
#Maximum voltage of a net in the design = 1.800.
#Voltage range [0.000 - 1.800] has 6828 nets.
#Build and mark too close pins for the same net.
#Rebuild pin access data for design.
#Initial pin access analysis.
#Detail pin access analysis.
# li1          V   Track-Pitch = 0.4600    Line-2-Via Pitch = 0.3400
# met1         H   Track-Pitch = 0.3400    Line-2-Via Pitch = 0.3250
# met2         V   Track-Pitch = 0.4600    Line-2-Via Pitch = 0.3400
# met3         H   Track-Pitch = 0.6100    Line-2-Via Pitch = 0.6100
# met4         V   Track-Pitch = 0.6900    Line-2-Via Pitch = 0.6150
# met5         H   Track-Pitch = 3.6600    Line-2-Via Pitch = 3.2000
#cpu time = 00:00:00, elapsed time = 00:00:00, memory = 1632.07 (MB), peak = 1732.64 (MB)
#Regenerating Ggrids automatically.
#Auto generating G-grids with size=15 tracks, using layer met2's pitch = 0.4600.
#Using automatically generated G-grids.
#(check_and_prepare_match_target_file) no match_target_file in constraint. quit
#Done routing data preparation.
#cpu time = 00:00:02, elapsed time = 00:00:02, memory = 1634.64 (MB), peak = 1732.64 (MB)
#
#Finished routing data preparation on Thu Sep 24 16:27:42 2026
#
#Cpu time = 00:00:02
#Elapsed time = 00:00:02
#Increased memory = 7.03 (MB)
#Total memory = 1634.64 (MB)
#Peak memory = 1732.64 (MB)
#
#
#Start global routing on Thu Sep 24 16:27:42 2026
#
#
#Start global routing initialization on Thu Sep 24 16:27:42 2026
#
#Number of eco nets is 3
#
#Start global routing data preparation on Thu Sep 24 16:27:42 2026
#
#Start routing resource analysis on Thu Sep 24 16:27:42 2026
#
#Routing resource analysis is done on Thu Sep 24 16:27:42 2026
#
#  Resource Analysis:
#
#               Routing  #Avail      #Track     #Total     %Gcell
#  Layer      Direction   Track     Blocked      Gcell    Blocked
#  --------------------------------------------------------------
#  li1            V         257         460        2256    39.32%
#  met1           H         778         178        2256     0.00%
#  met2           V         716           1        2256     0.00%
#  met3           H         517           0        2256     0.00%
#  met4           V         477           0        2256     0.00%
#  met5           H          88           0        2256     0.00%
#  --------------------------------------------------------------
#  Total                   2833      13.81%       13536     6.55%
#
#  4 nets (0.06%) with 1 preferred extra spacing.
#
#
#
#Global routing data preparation is done on Thu Sep 24 16:27:42 2026
#
#cpu time = 00:00:00, elapsed time = 00:00:00, memory = 1634.95 (MB), peak = 1732.64 (MB)
#
#
#Global routing initialization is done on Thu Sep 24 16:27:42 2026
#
#cpu time = 00:00:00, elapsed time = 00:00:00, memory = 1634.95 (MB), peak = 1732.64 (MB)
#
#start global routing iteration 1...
#cpu time = 00:00:00, elapsed time = 00:00:00, memory = 1635.71 (MB), peak = 1732.64 (MB)
#
#start global routing iteration 2...
#cpu time = 00:00:00, elapsed time = 00:00:00, memory = 1635.71 (MB), peak = 1732.64 (MB)
#
#
#Total number of trivial nets (e.g. < 2 pins) = 13 (skipped).
#Total number of nets with skipped attribute = 6812 (skipped).
#Total number of routable nets = 3.
#Total number of nets in the design = 6828.
#
#3 routable nets have routed wires.
#6812 skipped nets have only detail routed wires.
#2 global routed or unrouted (routable) nets have been constrained (e.g. have preferred extra spacing, require shielding etc.)
#1 detail routed (routable) net has been constrained (e.g. have preferred extra spacing, require shielding etc.)
#
#Routed net constraints summary:
#------------------------------------------------
#        Rules   Pref Extra Space   Unconstrained  
#------------------------------------------------
#      Default                  2               0  
#------------------------------------------------
#        Total                  2               0  
#------------------------------------------------
#
#Routing constraints summary of the whole design:
#------------------------------------------------
#        Rules   Pref Extra Space   Unconstrained  
#------------------------------------------------
#      Default                  3            6812  
#------------------------------------------------
#        Total                  3            6812  
#------------------------------------------------
#
#
#  Congestion Analysis: (blocked Gcells are excluded)
#
#                 OverCon          
#                  #Gcell    %Gcell
#     Layer           (1)   OverCon
#  --------------------------------
#  li1           0(0.00%)   (0.00%)
#  met1          0(0.00%)   (0.00%)
#  met2          0(0.00%)   (0.00%)
#  met3          0(0.00%)   (0.00%)
#  met4          0(0.00%)   (0.00%)
#  met5          0(0.00%)   (0.00%)
#  --------------------------------
#     Total      0(0.00%)   (0.00%)
#
#  The worst congested Gcell overcon (routing demand over resource in number of tracks) = 1
#  Overflow after GR: 0.00% H + 0.00% V
#
#Complete Global Routing.
#Total number of nets with non-default rule or having extra spacing = 4
#Total wire length = 685 um.
#Total half perimeter of net bounding box = 283 um.
#Total wire length on LAYER li1 = 0 um.
#Total wire length on LAYER met1 = 86 um.
#Total wire length on LAYER met2 = 436 um.
#Total wire length on LAYER met3 = 163 um.
#Total wire length on LAYER met4 = 0 um.
#Total wire length on LAYER met5 = 0 um.
#Total number of vias = 279
#Up-Via Summary (total 279):
#           
#-----------------------
# li1               120
# met1              118
# met2               41
#-----------------------
#                   279 
#
#Total number of involved priority nets 2
#Maximum src to sink distance for priority net 76.2
#Average of max src_to_sink distance for priority net 74.2
#Average of ave src_to_sink distance for priority net 42.0
#Max overcon = 0 track.
#Total overcon = 0.00%.
#Worst layer Gcell overcon rate = 0.00%.
#
#Global routing statistics:
#Cpu time = 00:00:00
#Elapsed time = 00:00:00
#Increased memory = 1.18 (MB)
#Total memory = 1635.82 (MB)
#Peak memory = 1732.64 (MB)
#
#Finished global routing on Thu Sep 24 16:27:42 2026
#
#
#cpu time = 00:00:00, elapsed time = 00:00:00, memory = 1635.51 (MB), peak = 1732.64 (MB)
#Start Track Assignment.
#Done with 0 horizontal wires in 2 hboxes and 1 vertical wires in 2 hboxes.
#Done with 0 horizontal wires in 2 hboxes and 0 vertical wires in 2 hboxes.
#Complete Track Assignment.
#Total number of nets with non-default rule or having extra spacing = 4
#Total wire length = 685 um.
#Total half perimeter of net bounding box = 283 um.
#Total wire length on LAYER li1 = 0 um.
#Total wire length on LAYER met1 = 86 um.
#Total wire length on LAYER met2 = 436 um.
#Total wire length on LAYER met3 = 163 um.
#Total wire length on LAYER met4 = 0 um.
#Total wire length on LAYER met5 = 0 um.
#Total number of vias = 279
#Up-Via Summary (total 279):
#           
#-----------------------
# li1               120
# met1              118
# met2               41
#-----------------------
#                   279 
#
#cpu time = 00:00:00, elapsed time = 00:00:00, memory = 1635.57 (MB), peak = 1732.64 (MB)
#
#Routing data preparation, pin analysis, global routing and track assignment statistics:
#Cpu time = 00:00:02
#Elapsed time = 00:00:02
#Increased memory = 7.96 (MB)
#Total memory = 1635.57 (MB)
#Peak memory = 1732.64 (MB)
#
#Start Detail Routing..
#start initial detail routing ...
# ECO: 7.8% of the total area was rechecked for DRC, and 4.7% required routing.
#   number of violations = 0
#2958 out of 6787 instances (43.6%) need to be verified(marked ipoed), dirty area = 20.9%.
#   number of violations = 0
#cpu time = 00:00:00, elapsed time = 00:00:00, memory = 1635.01 (MB), peak = 1732.64 (MB)
#Complete Detail Routing.
#Total number of nets with non-default rule or having extra spacing = 4
#Total wire length = 686 um.
#Total half perimeter of net bounding box = 283 um.
#Total wire length on LAYER li1 = 1 um.
#Total wire length on LAYER met1 = 92 um.
#Total wire length on LAYER met2 = 430 um.
#Total wire length on LAYER met3 = 163 um.
#Total wire length on LAYER met4 = 0 um.
#Total wire length on LAYER met5 = 0 um.
#Total number of vias = 280
#Up-Via Summary (total 280):
#           
#-----------------------
# li1               121
# met1              118
# met2               41
#-----------------------
#                   280 
#
#Total number of DRC violations = 0
#Cpu time = 00:00:00
#Elapsed time = 00:00:00
#Increased memory = -0.56 (MB)
#Total memory = 1635.01 (MB)
#Peak memory = 1732.64 (MB)
#detailRoute Statistics:
#Cpu time = 00:00:00
#Elapsed time = 00:00:00
#Increased memory = -0.56 (MB)
#Total memory = 1635.01 (MB)
#Peak memory = 1732.64 (MB)
#Skip updating routing design signature in db-snapshot flow
#	no debugging net set
#
#globalDetailRoute statistics:
#Cpu time = 00:00:02
#Elapsed time = 00:00:02
#Increased memory = -22.96 (MB)
#Total memory = 1603.57 (MB)
#Peak memory = 1732.64 (MB)
#Number of warnings = 3
#Total number of warnings = 4
#Number of fails = 0
#Total number of fails = 0
#Complete globalDetailRoute on Thu Sep 24 16:27:43 2026
#
% End globalDetailRoute (date=09/24 16:27:43, total cpu=0:00:02.3, real=0:00:02.0, peak res=1626.5M, current mem=1603.6M)
#**INFO: auto set of droutePostRouteSwapVia to multiCut
% Begin globalDetailRoute (date=09/24 16:27:43, mem=1603.6M)

globalDetailRoute

#Start globalDetailRoute on Thu Sep 24 16:27:43 2026
#
#Generating timing data, please wait...
#6821 total nets, 3 already routed, 3 will ignore in trialRoute
**WARN: (IMPEXT-3530):	The process node is not set. Use the command setDesignMode -process <process node> prior to extraction for maximum accuracy and optimal automatic threshold setting.
**WARN: (IMPEXT-6197):	The Cap table file is not specified. This will result in lower parasitic accuracy when using preRoute extraction or postRoute extraction with effort level 'low'. It is recommended to generate the Cap table file using the 'generateCapTbl' command and specify it before extraction using 'create_rc_corner/update_rc_corner -cap_table'.
#Dump tif for version 2.1
Total number of fetched objects 6821
End delay calculation. (MEM=1841.87 CPU=0:00:00.5 REAL=0:00:01.0)
#Generating timing data took: cpu time = 00:00:01, elapsed time = 00:00:01, memory = 1602.22 (MB), peak = 1732.64 (MB)
#Done generating timing data.
#WARNING (NRIG-1303) The congestion map does not match the GCELL grid. Clearing the map.
#Invoke dbWirePreImport deleteTR=1 convert_unrouted=0 selected_only=0 (nr_selected_net=0)
#num needed restored net=0
#need_extraction net=0 (total=6828)
#Start reading timing information from file .timing_file_2252142.tif.gz ...
#Read in timing information for 4 ports, 6787 instances from timing file .timing_file_2252142.tif.gz.
#NanoRoute Version 21.15-s110_1 NR220912-2004/21_15-UB
#Total number of trivial nets (e.g. < 2 pins) = 13 (skipped).
#Total number of routable nets = 6815.
#Total number of nets in the design = 6828.
#6812 routable nets do not have any wires.
#3 routable nets have routed wires.
#6812 nets will be global routed.
#3 detail routed (routable) nets have been constrained (e.g. have preferred extra spacing, require shielding etc.)
#Start routing data preparation on Thu Sep 24 16:27:44 2026
#
#Minimum voltage of a net in the design = 0.000.
#Maximum voltage of a net in the design = 1.800.
#Voltage range [0.000 - 1.800] has 6828 nets.
#Build and mark too close pins for the same net.
#Initial pin access analysis.
#Detail pin access analysis.
# li1          V   Track-Pitch = 0.4600    Line-2-Via Pitch = 0.3400
# met1         H   Track-Pitch = 0.3400    Line-2-Via Pitch = 0.3250
# met2         V   Track-Pitch = 0.4600    Line-2-Via Pitch = 0.3400
# met3         H   Track-Pitch = 0.6100    Line-2-Via Pitch = 0.6100
# met4         V   Track-Pitch = 0.6900    Line-2-Via Pitch = 0.6150
# met5         H   Track-Pitch = 3.6600    Line-2-Via Pitch = 3.2000
#cpu time = 00:00:00, elapsed time = 00:00:00, memory = 1607.83 (MB), peak = 1732.64 (MB)
#Regenerating Ggrids automatically.
#Auto generating G-grids with size=15 tracks, using layer met2's pitch = 0.4600.
#Using automatically generated G-grids.
#(check_and_prepare_match_target_file) no match_target_file in constraint. quit
#Done routing data preparation.
#cpu time = 00:00:00, elapsed time = 00:00:00, memory = 1610.40 (MB), peak = 1732.64 (MB)
#
#Finished routing data preparation on Thu Sep 24 16:27:44 2026
#
#Cpu time = 00:00:00
#Elapsed time = 00:00:00
#Increased memory = 6.94 (MB)
#Total memory = 1610.40 (MB)
#Peak memory = 1732.64 (MB)
#
#
#Start global routing on Thu Sep 24 16:27:44 2026
#
#
#Start global routing initialization on Thu Sep 24 16:27:44 2026
#
#Number of eco nets is 0
#
#Start global routing data preparation on Thu Sep 24 16:27:44 2026
#
#Start routing resource analysis on Thu Sep 24 16:27:44 2026
#
#Routing resource analysis is done on Thu Sep 24 16:27:44 2026
#
#  Resource Analysis:
#
#               Routing  #Avail      #Track     #Total     %Gcell
#  Layer      Direction   Track     Blocked      Gcell    Blocked
#  --------------------------------------------------------------
#  li1            V         257         460        2256    39.32%
#  met1           H         776         180        2256     0.00%
#  met2           V         714           3        2256     0.00%
#  met3           H         514           3        2256     0.00%
#  met4           V         477           0        2256     0.00%
#  met5           H          88           0        2256     0.00%
#  --------------------------------------------------------------
#  Total                   2826      13.98%       13536     6.55%
#
#  4 nets (0.06%) with 1 preferred extra spacing.
#
#
#
#Global routing data preparation is done on Thu Sep 24 16:27:45 2026
#
#cpu time = 00:00:00, elapsed time = 00:00:00, memory = 1610.66 (MB), peak = 1732.64 (MB)
#
#
#Global routing initialization is done on Thu Sep 24 16:27:45 2026
#
#cpu time = 00:00:00, elapsed time = 00:00:00, memory = 1610.66 (MB), peak = 1732.64 (MB)
#
#start global routing iteration 1...
#cpu time = 00:00:03, elapsed time = 00:00:03, memory = 1618.73 (MB), peak = 1732.64 (MB)
#
#start global routing iteration 2...
#cpu time = 00:00:01, elapsed time = 00:00:01, memory = 1618.38 (MB), peak = 1732.64 (MB)
#
#
#Total number of trivial nets (e.g. < 2 pins) = 13 (skipped).
#Total number of routable nets = 6815.
#Total number of nets in the design = 6828.
#
#6815 routable nets have routed wires.
#3 detail routed (routable) nets have been constrained (e.g. have preferred extra spacing, require shielding etc.)
#
#Routed nets constraints summary:
#-----------------------------
#        Rules   Unconstrained  
#-----------------------------
#      Default            6812  
#-----------------------------
#        Total            6812  
#-----------------------------
#
#Routing constraints summary of the whole design:
#------------------------------------------------
#        Rules   Pref Extra Space   Unconstrained  
#------------------------------------------------
#      Default                  3            6812  
#------------------------------------------------
#        Total                  3            6812  
#------------------------------------------------
#
#
#  Congestion Analysis: (blocked Gcells are excluded)
#
#                 OverCon       OverCon       OverCon          
#                  #Gcell        #Gcell        #Gcell    %Gcell
#     Layer         (1-2)         (3-4)           (5)   OverCon
#  ------------------------------------------------------------
#  li1           1(0.06%)      0(0.00%)      0(0.00%)   (0.06%)
#  met1         72(3.19%)     13(0.58%)      3(0.13%)   (3.90%)
#  met2        104(4.61%)     14(0.62%)      0(0.00%)   (5.23%)
#  met3          7(0.31%)      0(0.00%)      0(0.00%)   (0.31%)
#  met4          6(0.27%)      0(0.00%)      0(0.00%)   (0.27%)
#  met5          0(0.00%)      0(0.00%)      0(0.00%)   (0.00%)
#  ------------------------------------------------------------
#     Total    190(1.47%)     27(0.21%)      3(0.02%)   (1.70%)
#
#  The worst congested Gcell overcon (routing demand over resource in number of tracks) = 5
#  Overflow after GR: 0.73% H + 0.96% V
#
#Hotspot report including placement blocked areas
[hotspot] +----------------+-------------------+-------------------+-------------------------------------+
[hotspot] |      layer     |    max hotspot    |   total hotspot   |            hotspot bbox             |
[hotspot] +----------------+-------------------+-------------------+-------------------------------------+
[hotspot] |      li1(V)    |              1.00 |             11.00 |    97.92    54.40   108.80    65.28 |
[hotspot] |     met1(H)    |             10.00 |             31.00 |    54.40    76.16   119.67   108.80 |
[hotspot] |     met2(V)    |             18.00 |             57.00 |    54.40    76.16   130.56   119.67 |
[hotspot] |     met3(H)    |              5.00 |             13.00 |    76.16    76.16   108.80   108.80 |
[hotspot] |     met4(V)    |              2.00 |              5.00 |   174.08   130.56   195.84   141.44 |
[hotspot] |     met5(H)    |              5.00 |             27.00 |   250.24   250.24   282.88   282.88 |
[hotspot] +----------------+-------------------+-------------------+-------------------------------------+
[hotspot] |      worst     |   (met2)    18.00 |   (met2)    57.00 |                                     |
[hotspot] +----------------+-------------------+-------------------+-------------------------------------+
[hotspot] |   all layers   |             10.00 |             30.00 |                                     |
[hotspot] +----------------+-------------------+-------------------+-------------------------------------+
Local HotSpot Analysis (blockage included) (3d): normalized congestion max/total hotspot area = 10.00/30.00 (area is in unit of 4 std-cell row bins)
[hotspot] top 5 congestion hotspot bounding boxes and scores of all layers hotspot
[hotspot] +-----+-------------------------------------+---------------+
[hotspot] | top |            hotspot bbox             | hotspot score |
[hotspot] +-----+-------------------------------------+---------------+
[hotspot] |  1  |    65.28    76.16   119.67   108.80 |       10.00   |
[hotspot] +-----+-------------------------------------+---------------+
[hotspot] |  2  |    65.28   239.36    97.92   293.75 |        9.00   |
[hotspot] +-----+-------------------------------------+---------------+
[hotspot] |  3  |    21.75   141.44    43.52   174.08 |        4.00   |
[hotspot] +-----+-------------------------------------+---------------+
[hotspot] |  4  |    54.40   174.08    76.16   195.84 |        4.00   |
[hotspot] +-----+-------------------------------------+---------------+
[hotspot] |  5  |    54.40    97.92    65.28   119.67 |        2.00   |
[hotspot] +-----+-------------------------------------+---------------+
#Complete Global Routing.
#Total number of nets with non-default rule or having extra spacing = 4
#Total wire length = 236460 um.
#Total half perimeter of net bounding box = 195781 um.
#Total wire length on LAYER li1 = 6205 um.
#Total wire length on LAYER met1 = 46977 um.
#Total wire length on LAYER met2 = 65768 um.
#Total wire length on LAYER met3 = 58061 um.
#Total wire length on LAYER met4 = 51838 um.
#Total wire length on LAYER met5 = 7611 um.
#Total number of vias = 41937
#Up-Via Summary (total 41937):
#           
#-----------------------
# li1             20791
# met1            11740
# met2             5710
# met3             3331
# met4              365
#-----------------------
#                 41937 
#
#Max overcon = 5 tracks.
#Total overcon = 1.70%.
#Worst layer Gcell overcon rate = 5.23%.
#
#Global routing statistics:
#Cpu time = 00:00:04
#Elapsed time = 00:00:04
#Increased memory = 8.03 (MB)
#Total memory = 1618.43 (MB)
#Peak memory = 1732.64 (MB)
#
#Finished global routing on Thu Sep 24 16:27:49 2026
#
#
#cpu time = 00:00:00, elapsed time = 00:00:00, memory = 1618.12 (MB), peak = 1732.64 (MB)
#Start Track Assignment.
#Done with 8643 horizontal wires in 2 hboxes and 8022 vertical wires in 2 hboxes.
#Done with 2600 horizontal wires in 2 hboxes and 1288 vertical wires in 2 hboxes.
#Done with 2 horizontal wires in 2 hboxes and 2 vertical wires in 2 hboxes.
#
#Track assignment summary:
# layer   (wire length)   (overlap)     (long ovlp)	(with obs/pg/clk)  
#------------------------------------------------------------------------
# li1         6145.84 	  1.07%  	  0.00% 	  1.07%
# met1       45373.81 	  0.23%  	  0.00% 	  0.00%
# met2       64010.33 	  0.18%  	  0.00% 	  0.00%
# met3       56852.82 	  0.17%  	  0.00% 	  0.00%
# met4       51514.82 	  0.15%  	  0.00% 	  0.00%
# met5        7866.32 	  0.02%  	  0.00% 	  0.00%
#------------------------------------------------------------------------
# All      231763.95  	  0.20% 	  0.00% 	  0.00%
#Complete Track Assignment.
#Total number of nets with non-default rule or having extra spacing = 4
#Total wire length = 230565 um.
#Total half perimeter of net bounding box = 195781 um.
#Total wire length on LAYER li1 = 6120 um.
#Total wire length on LAYER met1 = 45058 um.
#Total wire length on LAYER met2 = 64151 um.
#Total wire length on LAYER met3 = 56438 um.
#Total wire length on LAYER met4 = 51239 um.
#Total wire length on LAYER met5 = 7560 um.
#Total number of vias = 41937
#Up-Via Summary (total 41937):
#           
#-----------------------
# li1             20791
# met1            11740
# met2             5710
# met3             3331
# met4              365
#-----------------------
#                 41937 
#
#cpu time = 00:00:01, elapsed time = 00:00:01, memory = 1618.12 (MB), peak = 1732.64 (MB)
#
#number of short segments in preferred routing layers
#	
#	
#
#Routing data preparation, pin analysis, global routing and track assignment statistics:
#Cpu time = 00:00:05
#Elapsed time = 00:00:05
#Increased memory = 14.66 (MB)
#Total memory = 1618.12 (MB)
#Peak memory = 1732.64 (MB)
#
#Start Detail Routing..
#start initial detail routing ...
#   number of violations = 38
#
#    By Layer and Type :
#	         MetSpc    Short   Totals
#	li1           0        1        1
#	met1          2       22       24
#	met2          0        1        1
#	met3         12        0       12
#	Totals       14       24       38
#cpu time = 00:00:22, elapsed time = 00:00:22, memory = 1656.14 (MB), peak = 1889.57 (MB)
#start 1st optimization iteration ...
#   number of violations = 1
#
#    By Layer and Type :
#	          Short   Totals
#	li1           0        0
#	met1          1        1
#	Totals        1        1
#    number of process antenna violations = 59
#cpu time = 00:00:01, elapsed time = 00:00:01, memory = 1655.77 (MB), peak = 1889.57 (MB)
#start 2nd optimization iteration ...
#   number of violations = 1
#
#    By Layer and Type :
#	          Short   Totals
#	li1           0        0
#	met1          1        1
#	Totals        1        1
#    number of process antenna violations = 59
#cpu time = 00:00:00, elapsed time = 00:00:00, memory = 1657.31 (MB), peak = 1889.57 (MB)
#start 3rd optimization iteration ...
#   number of violations = 0
#    number of process antenna violations = 59
#cpu time = 00:00:00, elapsed time = 00:00:00, memory = 1656.32 (MB), peak = 1889.57 (MB)
#Complete Detail Routing.
#Total number of nets with non-default rule or having extra spacing = 4
#Total wire length = 242436 um.
#Total half perimeter of net bounding box = 195781 um.
#Total wire length on LAYER li1 = 15941 um.
#Total wire length on LAYER met1 = 73683 um.
#Total wire length on LAYER met2 = 78982 um.
#Total wire length on LAYER met3 = 35899 um.
#Total wire length on LAYER met4 = 32544 um.
#Total wire length on LAYER met5 = 5388 um.
#Total number of vias = 44145
#Up-Via Summary (total 44145):
#           
#-----------------------
# li1             22524
# met1            16475
# met2             2992
# met3             1942
# met4              212
#-----------------------
#                 44145 
#
#Total number of DRC violations = 0
#Cpu time = 00:00:23
#Elapsed time = 00:00:24
#Increased memory = 38.20 (MB)
#Total memory = 1656.32 (MB)
#Peak memory = 1889.57 (MB)
#
#start routing for process antenna violation fix ...
#cpu time = 00:00:00, elapsed time = 00:00:00, memory = 1659.52 (MB), peak = 1889.57 (MB)
#
#Total number of nets with non-default rule or having extra spacing = 4
#Total wire length = 242511 um.
#Total half perimeter of net bounding box = 195781 um.
#Total wire length on LAYER li1 = 15941 um.
#Total wire length on LAYER met1 = 73682 um.
#Total wire length on LAYER met2 = 78952 um.
#Total wire length on LAYER met3 = 35890 um.
#Total wire length on LAYER met4 = 32601 um.
#Total wire length on LAYER met5 = 5446 um.
#Total number of vias = 44241
#Up-Via Summary (total 44241):
#           
#-----------------------
# li1             22524
# met1            16479
# met2             2996
# met3             2006
# met4              236
#-----------------------
#                 44241 
#
#Total number of DRC violations = 0
#Total number of process antenna violations = 0
#Total number of net violated process antenna rule = 0
#
#
#Total number of nets with non-default rule or having extra spacing = 4
#Total wire length = 242511 um.
#Total half perimeter of net bounding box = 195781 um.
#Total wire length on LAYER li1 = 15941 um.
#Total wire length on LAYER met1 = 73682 um.
#Total wire length on LAYER met2 = 78952 um.
#Total wire length on LAYER met3 = 35890 um.
#Total wire length on LAYER met4 = 32601 um.
#Total wire length on LAYER met5 = 5446 um.
#Total number of vias = 44241
#Up-Via Summary (total 44241):
#           
#-----------------------
# li1             22524
# met1            16479
# met2             2996
# met3             2006
# met4              236
#-----------------------
#                 44241 
#
#Total number of DRC violations = 0
#Total number of process antenna violations = 0
#Total number of net violated process antenna rule = 0
#
#
#Start Post Route via swapping...
#95.44% of area are rerouted by ECO routing.
#   number of violations = 0
#cpu time = 00:00:01, elapsed time = 00:00:01, memory = 1658.16 (MB), peak = 1889.57 (MB)
#CELL_VIEW coprocessor,init has no DRC violation.
#Total number of DRC violations = 0
#Total number of process antenna violations = 0
#Total number of net violated process antenna rule = 0
#No via is swapped.
#Post Route via swapping is done.
#Total number of nets with non-default rule or having extra spacing = 4
#Total wire length = 242511 um.
#Total half perimeter of net bounding box = 195781 um.
#Total wire length on LAYER li1 = 15941 um.
#Total wire length on LAYER met1 = 73682 um.
#Total wire length on LAYER met2 = 78952 um.
#Total wire length on LAYER met3 = 35890 um.
#Total wire length on LAYER met4 = 32601 um.
#Total wire length on LAYER met5 = 5446 um.
#Total number of vias = 44241
#Up-Via Summary (total 44241):
#           
#-----------------------
# li1             22524
# met1            16479
# met2             2996
# met3             2006
# met4              236
#-----------------------
#                 44241 
#
#
#Start Post Route wire spreading..
#
#Start DRC checking..
#   number of violations = 0
#cpu time = 00:00:01, elapsed time = 00:00:01, memory = 1658.65 (MB), peak = 1889.57 (MB)
#CELL_VIEW coprocessor,init has no DRC violation.
#Total number of DRC violations = 0
#Total number of process antenna violations = 0
#Total number of net violated process antenna rule = 0
#
#Start data preparation for wire spreading...
#
#Data preparation is done on Thu Sep 24 16:28:16 2026
#
#
#Start Post Route Wire Spread.
#Done with 2679 horizontal wires in 3 hboxes and 3760 vertical wires in 3 hboxes.
#Complete Post Route Wire Spread.
#
#Total number of nets with non-default rule or having extra spacing = 4
#Total wire length = 246288 um.
#Total half perimeter of net bounding box = 195781 um.
#Total wire length on LAYER li1 = 16135 um.
#Total wire length on LAYER met1 = 74473 um.
#Total wire length on LAYER met2 = 80559 um.
#Total wire length on LAYER met3 = 36277 um.
#Total wire length on LAYER met4 = 33285 um.
#Total wire length on LAYER met5 = 5560 um.
#Total number of vias = 44241
#Up-Via Summary (total 44241):
#           
#-----------------------
# li1             22524
# met1            16479
# met2             2996
# met3             2006
# met4              236
#-----------------------
#                 44241 
#
#
#Start DRC checking..
#   number of violations = 0
#cpu time = 00:00:02, elapsed time = 00:00:02, memory = 1659.12 (MB), peak = 1889.57 (MB)
#CELL_VIEW coprocessor,init has no DRC violation.
#Total number of DRC violations = 0
#Total number of process antenna violations = 0
#Total number of net violated process antenna rule = 0
#   number of violations = 0
#cpu time = 00:00:03, elapsed time = 00:00:03, memory = 1659.12 (MB), peak = 1889.57 (MB)
#CELL_VIEW coprocessor,init has 0 DRC violations
#Total number of DRC violations = 0
#Total number of process antenna violations = 1
#Total number of net violated process antenna rule = 1
#Post Route wire spread is done.
#Total number of nets with non-default rule or having extra spacing = 4
#Total wire length = 246285 um.
#Total half perimeter of net bounding box = 195781 um.
#Total wire length on LAYER li1 = 16135 um.
#Total wire length on LAYER met1 = 74473 um.
#Total wire length on LAYER met2 = 80556 um.
#Total wire length on LAYER met3 = 36277 um.
#Total wire length on LAYER met4 = 33285 um.
#Total wire length on LAYER met5 = 5560 um.
#Total number of vias = 44241
#Up-Via Summary (total 44241):
#           
#-----------------------
# li1             22524
# met1            16479
# met2             2996
# met3             2006
# met4              236
#-----------------------
#                 44241 
#
#detailRoute Statistics:
#Cpu time = 00:00:29
#Elapsed time = 00:00:29
#Increased memory = 40.99 (MB)
#Total memory = 1659.12 (MB)
#Peak memory = 1889.57 (MB)
#	no debugging net set
#
#globalDetailRoute statistics:
#Cpu time = 00:00:36
#Elapsed time = 00:00:36
#Increased memory = 48.11 (MB)
#Total memory = 1651.75 (MB)
#Peak memory = 1889.57 (MB)
#Number of warnings = 1
#Total number of warnings = 6
#Number of fails = 0
#Total number of fails = 0
#Complete globalDetailRoute on Thu Sep 24 16:28:19 2026
#
% End globalDetailRoute (date=09/24 16:28:19, total cpu=0:00:35.7, real=0:00:36.0, peak res=1889.6M, current mem=1651.1M)
#Default setup view is reset to VIEW_TYP.
#Default setup view is reset to VIEW_TYP.
AAE_INFO: Post Route call back at the end of routeDesign
#routeDesign: cpu time = 00:00:38, elapsed time = 00:00:38, memory = 1644.13 (MB), peak = 1889.57 (MB)

*** Summary of all messages that are not suppressed in this session:
Severity  ID               Count  Summary                                  
WARNING   IMPEXT-6197          1  The Cap table file is not specified. Thi...
WARNING   IMPEXT-3530          1  The process node is not set. Use the com...
*** Message Summary: 2 warning(s), 0 error(s)

#% End routeDesign (date=09/24 16:28:19, total cpu=0:00:38.1, real=0:00:39.0, peak res=1889.6M, current mem=1644.1M)
<CMD> saveDesign ./runD/route_pre.enc
#% Begin save design ... (date=09/24 16:28:19, mem=1644.1M)
% Begin Save ccopt configuration ... (date=09/24 16:28:19, mem=1644.1M)
% End Save ccopt configuration ... (date=09/24 16:28:19, total cpu=0:00:00.0, real=0:00:00.0, peak res=1644.4M, current mem=1644.4M)
% Begin Save netlist data ... (date=09/24 16:28:19, mem=1644.4M)
Writing Binary DB to ./runD/route_pre.enc.dat/coprocessor.v.bin in single-threaded mode...
% End Save netlist data ... (date=09/24 16:28:19, total cpu=0:00:00.0, real=0:00:00.0, peak res=1644.5M, current mem=1644.5M)
Saving symbol-table file ...
Saving congestion map file ./runD/route_pre.enc.dat/coprocessor.route.congmap.gz ...
% Begin Save AAE data ... (date=09/24 16:28:19, mem=1644.5M)
Saving AAE Data ...
AAE DB initialization (MEM=1815.57 CPU=0:00:00.0 REAL=0:00:00.0) 
% End Save AAE data ... (date=09/24 16:28:19, total cpu=0:00:00.0, real=0:00:00.0, peak res=1645.6M, current mem=1645.6M)
Saving preference file ./runD/route_pre.enc.dat/gui.pref.tcl ...
Saving mode setting ...
Saving global file ...
% Begin Save floorplan data ... (date=09/24 16:28:19, mem=1646.0M)
Saving floorplan file ...
% End Save floorplan data ... (date=09/24 16:28:19, total cpu=0:00:00.0, real=0:00:00.0, peak res=1646.1M, current mem=1646.1M)
Saving Drc markers ...
... 1 markers are saved ...
... 0 geometry drc markers are saved ...
... 1 antenna drc markers are saved ...
% Begin Save placement data ... (date=09/24 16:28:19, mem=1646.1M)
** Saving stdCellPlacement_binary (version# 2) ...
Save Adaptive View Pruning View Names to Binary file
% End Save placement data ... (date=09/24 16:28:19, total cpu=0:00:00.0, real=0:00:00.0, peak res=1646.1M, current mem=1646.1M)
% Begin Save routing data ... (date=09/24 16:28:19, mem=1646.1M)
Saving route file ...
*** Completed saveRoute (cpu=0:00:00.0 real=0:00:01.0 mem=1815.1M) ***
% End Save routing data ... (date=09/24 16:28:20, total cpu=0:00:00.0, real=0:00:01.0, peak res=1646.2M, current mem=1646.2M)
Saving property file ./runD/route_pre.enc.dat/coprocessor.prop
*** Completed saveProperty (cpu=0:00:00.0 real=0:00:00.0 mem=1818.1M) ***
#Saving pin access data to file ./runD/route_pre.enc.dat/coprocessor.apa ...
#
% Begin Save power constraints data ... (date=09/24 16:28:20, mem=1646.3M)
% End Save power constraints data ... (date=09/24 16:28:20, total cpu=0:00:00.0, real=0:00:00.0, peak res=1646.3M, current mem=1646.3M)
RC_TYP
Generated self-contained design route_pre.enc.dat
#% End save design ... (date=09/24 16:28:20, total cpu=0:00:00.4, real=0:00:01.0, peak res=1646.3M, current mem=1645.4M)
*** Message Summary: 0 warning(s), 0 error(s)

<CMD> report_timing -path_type full_clock -late -max_paths 10 > ./$RUN/timing_setup_preopt.rpt
AAE_INFO: opIsDesignInPostRouteState() is 1
AAE_INFO: deleting AAE DB due to opIsDesignInPostRouteState() is changed ...
AAE DB initialization (MEM=1813.09 CPU=0:00:00.0 REAL=0:00:00.0) 
#################################################################################
# Design Stage: PostRoute
# Design Name: coprocessor
# Design Mode: 90nm
# Analysis Mode: MMMC Non-OCV 
# Parasitics Mode: No SPEF/RCDB 
# Signoff Settings: SI Off 
#################################################################################
Extraction called for design 'coprocessor' of instances=6787 and nets=6828 using extraction engine 'preRoute' .
**WARN: (IMPEXT-3530):	The process node is not set. Use the command setDesignMode -process <process node> prior to extraction for maximum accuracy and optimal automatic threshold setting.
Type 'man IMPEXT-3530' for more detail.
PreRoute RC Extraction called for design coprocessor.
RC Extraction called in multi-corner(1) mode.
**WARN: (IMPEXT-6197):	The Cap table file is not specified. This will result in lower parasitic accuracy when using preRoute extraction or postRoute extraction with effort level 'low'. It is recommended to generate the Cap table file using the 'generateCapTbl' command and specify it before extraction using 'create_rc_corner/update_rc_corner -cap_table'.
Type 'man IMPEXT-6197' for more detail.
RCMode: PreRoute
      RC Corner Indexes            0   
Capacitance Scaling Factor   : 1.00000 
Resistance Scaling Factor    : 1.00000 
Clock Cap. Scaling Factor    : 1.00000 
Clock Res. Scaling Factor    : 1.00000 
Shrink Factor                : 1.00000
PreRoute extraction is honoring NDR/Shielding/ExtraSpace for clock nets.
Updating RC grid for preRoute extraction ...
Initializing multi-corner resistance tables ...
PreRoute RC Extraction DONE (CPU Time: 0:00:00.0  Real Time: 0:00:00.0  MEM: 1813.090M)
Calculate delays in Single mode...
Start delay calculation (fullDC) (1 T). (MEM=1817.11)
siFlow : Timing analysis mode is single, using late cdB files
Total number of fetched objects 6821
End delay calculation. (MEM=1896.93 CPU=0:00:00.6 REAL=0:00:01.0)
End delay calculation (fullDC). (MEM=1896.93 CPU=0:00:00.7 REAL=0:00:01.0)
<CMD> verify_drc -report ./runD/drc_preopt.rpt
#-check_same_via_cell true               # bool, default=false, user setting
#-report ./runD/drc_preopt.rpt           # string, default="", user setting
 *** Starting Verify DRC (MEM: 1888.9) ***

  VERIFY DRC ...... Starting Verification
  VERIFY DRC ...... Initializing
  VERIFY DRC ...... Deleting Existing Violations
  VERIFY DRC ...... Creating Sub-Areas
  VERIFY DRC ...... Using new threading

  Verification Complete : 0 Viols.

 *** End Verify DRC (CPU: 0:00:00.7  ELAPSED TIME: 1.00  MEM: 256.1M) ***

<CMD> setAnalysisMode -analysisType onChipVariation -cppr both
<CMD> optDesign -postRoute -setup
**optDesign ... cpu = 0:00:00, real = 0:00:00, mem = 1651.6M, totSessionCpu=0:02:38 **
**WARN: (IMPOPT-576):	4 nets have unplaced terms. 
*** optDesign #1 [begin] : totSession cpu/real = 0:02:38.1/0:02:44.8 (1.0), mem = 1800.9M
GigaOpt running with 1 threads.
*** InitOpt #1 [begin] (optDesign #1) : totSession cpu/real = 0:02:38.1/0:02:44.8 (1.0), mem = 1800.9M
**INFO: User settings:
setNanoRouteMode -drouteUseMinSpacingForBlockage                auto
setNanoRouteMode -extractThirdPartyCompatible                   false
setNanoRouteMode -grouteExpTdStdDelay                           42.5
setNanoRouteMode -grouteExpTdUseTifTimingEngineForImportDesign  false
setNanoRouteMode -routeStrictlyHonorNonDefaultRule              false
setExtractRCMode -engine                                        preRoute
setUsefulSkewMode -ecoRoute                                     false
setDelayCalMode -enable_high_fanout                             true
setDelayCalMode -engine                                         aae
setDelayCalMode -ignoreNetLoad                                  false
setDelayCalMode -socv_accuracy_mode                             low
setOptMode -activeSetupViews                                    { VIEW_TYP }
setOptMode -autoSetupViews                                      { VIEW_TYP}
setOptMode -autoTDGRSetupViews                                  { VIEW_TYP}
setOptMode -drcMargin                                           0
setOptMode -fixDrc                                              true
setOptMode -optimizeFF                                          true
setOptMode -preserveAllSequential                               false
setOptMode -setupTargetSlack                                    0
setSIMode -separate_delta_delay_on_data                         true
setAnalysisMode -analysisType                                   onChipVariation
setAnalysisMode -checkType                                      setup
setAnalysisMode -clkSrcPath                                     true
setAnalysisMode -clockPropagation                               sdcControl
setAnalysisMode -cppr                                           both
setAnalysisMode -usefulSkew                                     true

**INFO: setDesignMode -flowEffort standard -> setting 'setOptMode -allEndPoints true' for the duration of this command.
Disable merging buffers from different footprints for postRoute code for non-MSV designs
Need call spDPlaceInit before registerPrioInstLoc.
Switching SI Aware to true by default in postroute mode   
AAE_INFO: switching -siAware from false to true ...
AAE_INFO: The setting is changed from false to true in setDelayCalMode -SIAware
**WARN: (IMPOPT-665):	clk : Net has unplaced terms or is connected to uplaced instances in design. 
Type 'man IMPOPT-665' for more detail.
**WARN: (IMPOPT-665):	rst : Net has unplaced terms or is connected to uplaced instances in design. 
Type 'man IMPOPT-665' for more detail.
**WARN: (IMPOPT-665):	rx : Net has unplaced terms or is connected to uplaced instances in design. 
Type 'man IMPOPT-665' for more detail.
**WARN: (IMPOPT-665):	tx : Net has unplaced terms or is connected to uplaced instances in design. 
Type 'man IMPOPT-665' for more detail.
**WARN: (IMPOPT-7320):	Glitch fixing is enabled but glitch report is disabled. Glitch reporting can be enabled using command setSIMode -enable_glitch_report true
**optDesign ... cpu = 0:00:01, real = 0:00:01, mem = 1671.6M, totSessionCpu=0:02:39 **
Existing Dirty Nets : 0
New Signature Flow (optDesignCheckOptions) ....
#Taking db snapshot
#Taking db snapshot ... done
Begin checking placement ... (start mem=1830.9M, init mem=1830.9M)
*info: Placed = 6787           (Fixed = 3)
*info: Unplaced = 0           
Placement Density:40.86%(38536/94310)
Placement Density (including fixed std cells):40.86%(38536/94310)
Finished checkPlace (total: cpu=0:00:00.0, real=0:00:00.0; vio checks: cpu=0:00:00.0, real=0:00:00.0; mem=1830.9M)
**WARN: (IMPEXT-3493):	The design extraction status has been reset by set_analysis_view/update_rc_corner or setExtractRCMode  command. The parasitic data can be regenerated either by extracting the design using the extractRC command or by loading the SPEF or RCDB file(s). To prevent resetting of the extraction status, avoid changing extraction modes.
Type 'man IMPEXT-3493' for more detail.
 Initial DC engine is -> aae
 
 AAE-Opt:: Current number of nets in RC Memory -> 100 K
 
 
 AAE-Opt:: New number of nets in RC Memory -> 100 K
 
Reset EOS DB
Ignoring AAE DB Resetting ...
 Set Options for AAE Based Opt flow 
*** optDesign -postRoute ***
DRC Margin: user margin 0.0; extra margin 0
Setup Target Slack: user slack 0
Hold Target Slack: user slack 0
**INFO: The delay profiles based on paritioning incorrect, turning off vt filtering
Opt: RC extraction mode changed to 'detail'
*** InitOpt #1 [finish] (optDesign #1) : cpu/real = 0:00:01.3/0:00:01.3 (1.0), totSession cpu/real = 0:02:39.4/0:02:46.1 (1.0), mem = 1830.9M
** INFO : this run is activating 'postRoute' automaton
**INFO: flowCheckPoint #1 InitialSummary
Extraction called for design 'coprocessor' of instances=6787 and nets=6828 using extraction engine 'postRoute' at effort level 'low' .
**WARN: (IMPEXT-3530):	The process node is not set. Use the command setDesignMode -process <process node> prior to extraction for maximum accuracy and optimal automatic threshold setting.
Type 'man IMPEXT-3530' for more detail.
PostRoute (effortLevel low) RC Extraction called for design coprocessor.
RC Extraction called in multi-corner(1) mode.
**WARN: (IMPEXT-6197):	The Cap table file is not specified. This will result in lower parasitic accuracy when using preRoute extraction or postRoute extraction with effort level 'low'. It is recommended to generate the Cap table file using the 'generateCapTbl' command and specify it before extraction using 'create_rc_corner/update_rc_corner -cap_table'.
Type 'man IMPEXT-6197' for more detail.
**WARN: (IMPEXT-3032):	Because the cap table file was not provided, it will be created internally with the following process info:
* Layer Id             : 1 - M1
      Thickness        : 0.1
      Min Width        : 0.17
      Layer Dielectric : 4.1
* Layer Id             : 2 - M2
      Thickness        : 0.35
      Min Width        : 0.14
      Layer Dielectric : 4.1
* Layer Id             : 3 - M3
      Thickness        : 0.35
      Min Width        : 0.14
      Layer Dielectric : 4.1
* Layer Id             : 4 - M4
      Thickness        : 0.8
      Min Width        : 0.3
      Layer Dielectric : 4.1
* Layer Id             : 5 - M5
      Thickness        : 0.8
      Min Width        : 0.3
      Layer Dielectric : 4.1
* Layer Id             : 6 - M6
      Thickness        : 1.2
      Min Width        : 1.6
      Layer Dielectric : 4.1
extractDetailRC Option : -outfile /tmp/innovus_temp_2252142_vlsiece24.iitr.ac.in_root_J7Qe2d/coprocessor_2252142_MVMY14.rcdb.d  -basic
RC Mode: PostRoute -effortLevel low [Basic CapTable, LEF Resistances]
      RC Corner Indexes            0   
Capacitance Scaling Factor   : 1.00000 
Coupling Cap. Scaling Factor : 1.00000 
Resistance Scaling Factor    : 1.00000 
Clock Cap. Scaling Factor    : 1.00000 
Clock Res. Scaling Factor    : 1.00000 
Shrink Factor                : 1.00000
Initializing multi-corner resistance tables ...
Checking LVS Completed (CPU Time= 0:00:00.0  MEM= 1830.9M)
Extracted 10.0014% (CPU Time= 0:00:00.1  MEM= 1882.9M)
Extracted 20.0015% (CPU Time= 0:00:00.1  MEM= 1882.9M)
Extracted 30.0016% (CPU Time= 0:00:00.1  MEM= 1882.9M)
Extracted 40.0018% (CPU Time= 0:00:00.1  MEM= 1882.9M)
Extracted 50.0019% (CPU Time= 0:00:00.2  MEM= 1882.9M)
Extracted 60.002% (CPU Time= 0:00:00.2  MEM= 1882.9M)
Extracted 70.0021% (CPU Time= 0:00:00.2  MEM= 1882.9M)
Extracted 80.0023% (CPU Time= 0:00:00.3  MEM= 1882.9M)
Extracted 90.0024% (CPU Time= 0:00:00.3  MEM= 1882.9M)
Extracted 100% (CPU Time= 0:00:00.4  MEM= 1886.9M)
Number of Extracted Resistors     : 124245
Number of Extracted Ground Cap.   : 130544
Number of Extracted Coupling Cap. : 298716
Filtering XCap in 'relativeOnly' mode using values relative_c_threshold=0.03 and total_c_threshold=5fF.
Checking LVS Completed (CPU Time= 0:00:00.0  MEM= 1862.9M)
PostRoute (effortLevel low) RC Extraction DONE (CPU Time: 0:00:00.7  Real Time: 0:00:01.0  MEM: 1862.910M)
Initializing multi-corner resistance tables ...
AAE DB initialization (MEM=1901.07 CPU=0:00:00.0 REAL=0:00:00.0) 
*** BuildHoldData #1 [begin] (optDesign #1) : totSession cpu/real = 0:02:40.2/0:02:47.1 (1.0), mem = 1901.1M
AAE_INFO: switching -siAware from true to false ...
AAE_INFO: The setting is changed from true to false in setDelayCalMode -SIAware
Starting delay calculation for Hold views
AAE_INFO: opIsDesignInPostRouteState() is 1
#################################################################################
# Design Stage: PostRoute
# Design Name: coprocessor
# Design Mode: 90nm
# Analysis Mode: MMMC OCV 
# Parasitics Mode: SPEF/RCDB 
# Signoff Settings: SI Off 
#################################################################################
Start delay calculation (fullDC) (1 T). (MEM=1899.07)
Total number of fetched objects 6821
End delay calculation. (MEM=1971.11 CPU=0:00:00.6 REAL=0:00:01.0)
End delay calculation (fullDC). (MEM=1971.11 CPU=0:00:00.7 REAL=0:00:01.0)
*** Done Building Timing Graph (cpu=0:00:00.9 real=0:00:01.0 totSessionCpu=0:02:41 mem=1971.1M)
Done building cte hold timing graph (HoldAware) cpu=0:00:01.0 real=0:00:01.0 totSessionCpu=0:02:41 mem=1971.1M ***
AAE_INFO: switching -siAware from false to true ...
AAE_INFO: The setting is changed from false to true in setDelayCalMode -SIAware
Starting delay calculation for Setup views
AAE_INFO: opIsDesignInPostRouteState() is 1
AAE_INFO: resetNetProps viewIdx 0 
Starting SI iteration 1 using Infinite Timing Windows
#################################################################################
# Design Stage: PostRoute
# Design Name: coprocessor
# Design Mode: 90nm
# Analysis Mode: MMMC OCV 
# Parasitics Mode: SPEF/RCDB 
# Signoff Settings: SI On 
#################################################################################
AAE_INFO: 1 threads acquired from CTE.
Start delay calculation (fullDC) (1 T). (MEM=1958.64)
Total number of fetched objects 6821
AAE_INFO-618: Total number of nets in the design is 6828,  99.9 percent of the nets selected for SI analysis
End delay calculation. (MEM=1954.99 CPU=0:00:01.2 REAL=0:00:01.0)
End delay calculation (fullDC). (MEM=1954.99 CPU=0:00:01.3 REAL=0:00:01.0)
Loading CTE timing window with TwFlowType 0...(CPU = 0:00:00.0, REAL = 0:00:00.0, MEM = 1963.0M)
Add other clocks and setupCteToAAEClockMapping during iter 1
Loading CTE timing window is completed (CPU = 0:00:00.0, REAL = 0:00:00.0, MEM = 1963.0M)

Executing IPO callback for view pruning ..
Starting SI iteration 2
Start delay calculation (fullDC) (1 T). (MEM=1893.11)
Glitch Analysis: View VIEW_TYP -- Total Number of Nets Skipped = 0. 
Glitch Analysis: View VIEW_TYP -- Total Number of Nets Analyzed = 6821. 
Total number of fetched objects 6821
AAE_INFO-618: Total number of nets in the design is 6828,  31.3 percent of the nets selected for SI analysis
End delay calculation. (MEM=1936.79 CPU=0:00:01.3 REAL=0:00:01.0)
End delay calculation (fullDC). (MEM=1936.79 CPU=0:00:01.3 REAL=0:00:01.0)
*** Done Building Timing Graph (cpu=0:00:03.2 real=0:00:04.0 totSessionCpu=0:02:45 mem=1944.8M)

------------------------------------------------------------------
     Initial SI Timing Summary
------------------------------------------------------------------

Setup views included:
 VIEW_TYP 

+--------------------+---------+---------+---------+
|     Setup mode     |   all   | reg2reg | default |
+--------------------+---------+---------+---------+
|           WNS (ns):| -1.655  | -1.655  |  7.274  |
|           TNS (ns):| -23.263 | -23.263 |  0.000  |
|    Violating Paths:|   18    |   18    |    0    |
|          All Paths:|   345   |   224   |   121   |
+--------------------+---------+---------+---------+

+----------------+-------------------------------+------------------+
|                |              Real             |       Total      |
|    DRVs        +------------------+------------+------------------|
|                |  Nr nets(terms)  | Worst Vio  |  Nr nets(terms)  |
+----------------+------------------+------------+------------------+
|   max_cap      |      0 (0)       |   0.000    |      0 (0)       |
|   max_tran     |      1 (14)      |   -0.312   |      1 (14)      |
|   max_fanout   |      0 (0)       |     0      |      0 (0)       |
|   max_length   |      0 (0)       |     0      |      0 (0)       |
+----------------+------------------+------------+------------------+

Density: 40.860%
------------------------------------------------------------------
*** BuildHoldData #1 [finish] (optDesign #1) : cpu/real = 0:00:04.6/0:00:04.7 (1.0), totSession cpu/real = 0:02:44.8/0:02:51.8 (1.0), mem = 1960.1M
**optDesign ... cpu = 0:00:07, real = 0:00:07, mem = 1707.9M, totSessionCpu=0:02:45 **
OPTC: m1 20.0 20.0
Setting latch borrow mode to budget during optimization.
Info: Done creating the CCOpt slew target map.
**INFO: flowCheckPoint #2 OptimizationPass1
Glitch fixing enabled
*** ClockDrv #1 [begin] (optDesign #1) : totSession cpu/real = 0:02:45.0/0:02:52.0 (1.0), mem = 1918.1M
Running CCOpt-PRO on entire clock network
Net route status summary:
  Clock:         4 (unrouted=1, trialRouted=0, noStatus=0, routed=3, fixed=0, [crossesIlmBoundary=0, tooFewTerms=0, (crossesIlmBoundary AND tooFewTerms=0)])
  Non-clock:  6824 (unrouted=12, trialRouted=0, noStatus=0, routed=6812, fixed=0, [crossesIlmBoundary=0, tooFewTerms=9, (crossesIlmBoundary AND tooFewTerms=0)])
**WARN: (IMPCCOPT-2199):	Aborting ccopt_pro: Not enough clocktree routes routed (3 routed out of 4 total).
**ERROR: ccopt_pro failed, refer to earlier error messages.
ERROR: '' while running ccopt_pro
*** ClockDrv #1 [finish] (optDesign #1) : cpu/real = 0:00:00.0/0:00:00.0 (0.0), totSession cpu/real = 0:02:45.0/0:02:52.0 (1.0), mem = 1918.1M
**INFO: Start fixing DRV (Mem = 1918.05M) ...
Begin: GigaOpt DRV Optimization
Glitch fixing enabled
*** DrvOpt #1 [begin] (optDesign #1) : totSession cpu/real = 0:02:45.0/0:02:52.0 (1.0), mem = 1918.1M
Info: 4 clock nets excluded from IPO operation.
DRV pessimism of 2.00% is used for tran, 2.00% for cap, 2.00% for fanout, on top of margin 0.00%
+---------------------------------------------------------------------------------------------------------------------------------------------------------------------+
|        max-tran       |        max-cap        |  max-fanout |  max-length |    glitch   |       setup       |        |        |        |       |          |         |
+---------------------------------------------------------------------------------------------------------------------------------------------------------------------+
| nets | terms|  wViol  | nets | terms|  wViol  | nets | terms| nets | terms| nets | terms|   WNS   |   TNS   |  #Buf  |  #Inv  | #Resize|Density|   Real   |   Mem   |
+---------------------------------------------------------------------------------------------------------------------------------------------------------------------+
|     1|    14|    -0.34|     0|     0|     0.00|     0|     0|     0|     0|     0|     0|    -1.65|   -23.26|       0|       0|       0| 40.86%|          |         |
|     0|     0|     0.00|     0|     0|     0.00|     0|     0|     0|     0|     0|     0|    -1.10|   -14.92|       4|       2|       1| 40.89%| 0:00:00.0|  2096.2M|
|     0|     0|     0.00|     0|     0|     0.00|     0|     0|     0|     0|     0|     0|    -1.10|   -14.92|       0|       0|       0| 40.89%| 0:00:00.0|  2096.2M|
+---------------------------------------------------------------------------------------------------------------------------------------------------------------------+
Bottom Preferred Layer:
+-------------+------------+----------+
|    Layer    |    CLK     |   Rule   |
+-------------+------------+----------+
| met2 (z=3)  |          4 | default  |
+-------------+------------+----------+
Via Pillar Rule:
    None

*** Finish DRV Fixing (cpu=0:00:00.3 real=0:00:00.0 mem=2096.2M) ***

*** DrvOpt #1 [finish] (optDesign #1) : cpu/real = 0:00:01.5/0:00:01.5 (1.0), totSession cpu/real = 0:02:46.5/0:02:53.5 (1.0), mem = 2011.1M
**INFO: Skipping refine place as no non-legal commits were detected
End: GigaOpt DRV Optimization
**optDesign ... cpu = 0:00:08, real = 0:00:09, mem = 1781.2M, totSessionCpu=0:02:46 **
*info:
**INFO: Completed fixing DRV (CPU Time = 0:00:02, Mem = 2011.13M).

------------------------------------------------------------------
     SI Timing Summary (cpu=0.03min real=0.03min mem=2011.1M)
------------------------------------------------------------------

Setup views included:
 VIEW_TYP 

+--------------------+---------+---------+---------+
|     Setup mode     |   all   | reg2reg | default |
+--------------------+---------+---------+---------+
|           WNS (ns):| -1.099  | -1.099  |  7.274  |
|           TNS (ns):| -14.918 | -14.918 |  0.000  |
|    Violating Paths:|   18    |   18    |    0    |
|          All Paths:|   345   |   224   |   121   |
+--------------------+---------+---------+---------+

+----------------+-------------------------------+------------------+
|                |              Real             |       Total      |
|    DRVs        +------------------+------------+------------------|
|                |  Nr nets(terms)  | Worst Vio  |  Nr nets(terms)  |
+----------------+------------------+------------+------------------+
|   max_cap      |      0 (0)       |   0.000    |      0 (0)       |
|   max_tran     |      0 (0)       |   0.000    |      0 (0)       |
|   max_fanout   |      0 (0)       |     0      |      0 (0)       |
|   max_length   |      0 (0)       |     0      |      0 (0)       |
+----------------+------------------+------------+------------------+

Density: 40.886%
------------------------------------------------------------------
**optDesign ... cpu = 0:00:09, real = 0:00:09, mem = 1780.5M, totSessionCpu=0:02:47 **
*** Timing NOT met, worst failing slack is -1.099
*** Check timing (0:00:00.0)
Begin: GigaOpt Optimization in WNS mode
Info: 4 clock nets excluded from IPO operation.
*** WnsOpt #1 [begin] (optDesign #1) : totSession cpu/real = 0:02:46.6/0:02:53.7 (1.0), mem = 2030.5M
*info: 4 clock nets excluded
*info: 7 no-driver nets excluded.
** GigaOpt Optimizer WNS Slack -1.099 TNS Slack -14.918 Density 40.89
OptDebug: Start of Optimizer WNS Pass 0:
+----------+------+-------+
|Path Group|   WNS|    TNS|
+----------+------+-------+
|default   | 7.274|  0.000|
|reg2reg   |-1.099|-14.918|
|HEPG      |-1.099|-14.918|
|All Paths |-1.099|-14.918|
+----------+------+-------+

Active Path Group: reg2reg  
+--------+---------+--------+---------+---------+------------+--------+----------+---------+--------------------------------------------------+
|  WNS   | All WNS |  TNS   | All TNS | Density |    Real    |  Mem   |Worst View|Pathgroup|                    End Point                     |
+--------+---------+--------+---------+---------+------------+--------+----------+---------+--------------------------------------------------+
|  -1.099|   -1.099| -14.918|  -14.918|   40.89%|   0:00:00.0| 2087.7M|  VIEW_TYP|  reg2reg| result_r_reg[9]/D                                |
|  -1.006|   -1.006| -13.529|  -13.529|   40.89%|   0:00:00.0| 2106.8M|  VIEW_TYP|  reg2reg| result_r_reg[9]/D                                |
|  -0.984|   -0.984| -13.207|  -13.207|   40.91%|   0:00:00.0| 2106.8M|  VIEW_TYP|  reg2reg| result_r_reg[9]/D                                |
|  -0.954|   -0.954| -13.122|  -13.122|   40.91%|   0:00:00.0| 2106.8M|  VIEW_TYP|  reg2reg| result_r_reg[14]/D                               |
|  -0.925|   -0.925| -12.969|  -12.969|   40.93%|   0:00:00.0| 2106.8M|  VIEW_TYP|  reg2reg| result_r_reg[11]/D                               |
|  -0.899|   -0.899| -12.864|  -12.864|   40.94%|   0:00:00.0| 2106.8M|  VIEW_TYP|  reg2reg| result_r_reg[9]/D                                |
|  -0.858|   -0.858| -12.285|  -12.285|   40.96%|   0:00:00.0| 2106.8M|  VIEW_TYP|  reg2reg| result_r_reg[10]/D                               |
|  -0.813|   -0.813| -11.616|  -11.616|   40.99%|   0:00:01.0| 2106.8M|  VIEW_TYP|  reg2reg| result_r_reg[10]/D                               |
|  -0.786|   -0.786| -11.209|  -11.209|   41.01%|   0:00:00.0| 2106.8M|  VIEW_TYP|  reg2reg| result_r_reg[10]/D                               |
|  -0.757|   -0.757| -10.763|  -10.763|   41.03%|   0:00:00.0| 2106.8M|  VIEW_TYP|  reg2reg| result_r_reg[10]/D                               |
|  -0.725|   -0.725| -10.252|  -10.252|   41.06%|   0:00:00.0| 2106.8M|  VIEW_TYP|  reg2reg| result_r_reg[10]/D                               |
|  -0.687|   -0.687|  -9.647|   -9.647|   41.08%|   0:00:00.0| 2106.8M|  VIEW_TYP|  reg2reg| result_r_reg[10]/D                               |
|  -0.665|   -0.665|  -9.313|   -9.313|   41.09%|   0:00:00.0| 2106.8M|  VIEW_TYP|  reg2reg| result_r_reg[10]/D                               |
|  -0.626|   -0.626|  -8.946|   -8.946|   41.13%|   0:00:01.0| 2106.8M|  VIEW_TYP|  reg2reg| result_r_reg[11]/D                               |
|  -0.587|   -0.587|  -8.482|   -8.482|   41.20%|   0:00:00.0| 2106.8M|  VIEW_TYP|  reg2reg| result_r_reg[10]/D                               |
|  -0.539|   -0.539|  -7.753|   -7.753|   41.23%|   0:00:00.0| 2106.8M|  VIEW_TYP|  reg2reg| result_r_reg[11]/D                               |
|  -0.516|   -0.516|  -7.422|   -7.422|   41.32%|   0:00:00.0| 2106.8M|  VIEW_TYP|  reg2reg| result_r_reg[10]/D                               |
|  -0.512|   -0.512|  -7.341|   -7.341|   41.37%|   0:00:01.0| 2106.8M|  VIEW_TYP|  reg2reg| result_r_reg[11]/D                               |
|  -0.489|   -0.489|  -7.014|   -7.014|   41.38%|   0:00:00.0| 2106.8M|  VIEW_TYP|  reg2reg| result_r_reg[10]/D                               |
|  -0.468|   -0.468|  -6.697|   -6.697|   41.43%|   0:00:00.0| 2106.8M|  VIEW_TYP|  reg2reg| result_r_reg[11]/D                               |
|  -0.441|   -0.441|  -6.286|   -6.286|   41.46%|   0:00:00.0| 2106.8M|  VIEW_TYP|  reg2reg| result_r_reg[12]/D                               |
|  -0.420|   -0.420|  -6.096|   -6.096|   41.52%|   0:00:01.0| 2106.8M|  VIEW_TYP|  reg2reg| result_r_reg[11]/D                               |
|  -0.400|   -0.400|  -5.687|   -5.687|   41.60%|   0:00:00.0| 2106.8M|  VIEW_TYP|  reg2reg| result_r_reg[11]/D                               |
|  -0.392|   -0.392|  -5.642|   -5.642|   41.65%|   0:00:00.0| 2113.3M|  VIEW_TYP|  reg2reg| result_r_reg[12]/D                               |
|  -0.378|   -0.378|  -5.457|   -5.457|   41.67%|   0:00:01.0| 2113.3M|  VIEW_TYP|  reg2reg| result_r_reg[10]/D                               |
|  -0.358|   -0.358|  -5.149|   -5.149|   41.70%|   0:00:00.0| 2113.3M|  VIEW_TYP|  reg2reg| result_r_reg[12]/D                               |
|  -0.343|   -0.343|  -4.917|   -4.917|   41.72%|   0:00:00.0| 2113.3M|  VIEW_TYP|  reg2reg| result_r_reg[9]/D                                |
|  -0.323|   -0.323|  -4.579|   -4.579|   41.77%|   0:00:01.0| 2114.8M|  VIEW_TYP|  reg2reg| result_r_reg[6]/D                                |
|  -0.320|   -0.320|  -4.600|   -4.600|   41.78%|   0:00:00.0| 2114.8M|  VIEW_TYP|  reg2reg| result_r_reg[11]/D                               |
|  -0.286|   -0.286|  -4.123|   -4.123|   41.78%|   0:00:00.0| 2114.8M|  VIEW_TYP|  reg2reg| result_r_reg[11]/D                               |
|  -0.262|   -0.262|  -3.786|   -3.786|   41.81%|   0:00:00.0| 2114.8M|  VIEW_TYP|  reg2reg| result_r_reg[11]/D                               |
|  -0.240|   -0.240|  -3.264|   -3.264|   41.93%|   0:00:01.0| 2118.9M|  VIEW_TYP|  reg2reg| result_r_reg[11]/D                               |
|  -0.212|   -0.212|  -2.874|   -2.874|   41.95%|   0:00:00.0| 2120.4M|  VIEW_TYP|  reg2reg| result_r_reg[11]/D                               |
|  -0.189|   -0.189|  -2.499|   -2.499|   42.02%|   0:00:00.0| 2120.4M|  VIEW_TYP|  reg2reg| result_r_reg[11]/D                               |
|  -0.156|   -0.156|  -1.966|   -1.966|   42.07%|   0:00:01.0| 2120.4M|  VIEW_TYP|  reg2reg| result_r_reg[14]/D                               |
|  -0.142|   -0.142|  -1.711|   -1.711|   42.13%|   0:00:01.0| 2139.5M|  VIEW_TYP|  reg2reg| result_r_reg[14]/D                               |
|  -0.107|   -0.107|  -1.213|   -1.213|   42.20%|   0:00:00.0| 2139.5M|  VIEW_TYP|  reg2reg| result_r_reg[14]/D                               |
|  -0.088|   -0.088|  -0.902|   -0.902|   42.37%|   0:00:01.0| 2139.5M|  VIEW_TYP|  reg2reg| result_r_reg[14]/D                               |
|  -0.062|   -0.062|  -0.535|   -0.535|   42.45%|   0:00:00.0| 2139.5M|  VIEW_TYP|  reg2reg| result_r_reg[14]/D                               |
|  -0.053|   -0.053|  -0.366|   -0.366|   42.63%|   0:00:02.0| 2139.5M|  VIEW_TYP|  reg2reg| result_r_reg[14]/D                               |
|  -0.028|   -0.028|  -0.117|   -0.117|   42.66%|   0:00:00.0| 2139.5M|  VIEW_TYP|  reg2reg| result_r_reg[14]/D                               |
|  -0.013|   -0.013|  -0.034|   -0.034|   42.73%|   0:00:01.0| 2139.5M|  VIEW_TYP|  reg2reg| result_r_reg[14]/D                               |
|  -0.004|   -0.004|  -0.005|   -0.005|   42.77%|   0:00:00.0| 2139.5M|  VIEW_TYP|  reg2reg| result_r_reg[9]/D                                |
|   0.000|    0.001|   0.000|    0.000|   42.78%|   0:00:00.0| 2139.5M|        NA|       NA| NA                                               |
|   0.000|    0.001|   0.000|    0.000|   42.78%|   0:00:00.0| 2139.5M|  VIEW_TYP|       NA| NA                                               |
+--------+---------+--------+---------+---------+------------+--------+----------+---------+--------------------------------------------------+

*** Finish Core Optimize Step (cpu=0:00:13.3 real=0:00:13.0 mem=2139.5M) ***

*** Finished Optimize Step Cumulative (cpu=0:00:13.3 real=0:00:13.0 mem=2139.5M) ***
OptDebug: End of Optimizer WNS Pass 0:
+----------+-----+-----+
|Path Group|  WNS|  TNS|
+----------+-----+-----+
|default   |7.274|0.000|
|reg2reg   |0.001|0.000|
|HEPG      |0.001|0.000|
|All Paths |0.001|0.000|
+----------+-----+-----+

** GigaOpt Optimizer WNS Slack 0.000 TNS Slack 0.000 Density 42.78
Update Timing Windows (Threshold 0.043) ...
Re Calculate Delays on 231 Nets
Active Path Group: reg2reg  
+--------+---------+--------+---------+---------+------------+--------+----------+---------+--------------------------------------------------+
|  WNS   | All WNS |  TNS   | All TNS | Density |    Real    |  Mem   |Worst View|Pathgroup|                    End Point                     |
+--------+---------+--------+---------+---------+------------+--------+----------+---------+--------------------------------------------------+
|  -0.022|   -0.022|  -0.061|   -0.061|   42.78%|   0:00:00.0| 2139.5M|  VIEW_TYP|  reg2reg| result_r_reg[14]/D                               |
|   0.000|    0.001|   0.000|    0.000|   42.80%|   0:00:01.0| 2139.5M|  VIEW_TYP|       NA| NA                                               |
+--------+---------+--------+---------+---------+------------+--------+----------+---------+--------------------------------------------------+

*** Finish Core Optimize Step (cpu=0:00:00.1 real=0:00:01.0 mem=2139.5M) ***

*** Finished Optimize Step Cumulative (cpu=0:00:00.1 real=0:00:01.0 mem=2139.5M) ***
OptDebug: End of Setup Fixing:
+----------+-----+-----+
|Path Group|  WNS|  TNS|
+----------+-----+-----+
|default   |7.274|0.000|
|reg2reg   |0.001|0.000|
|HEPG      |0.001|0.000|
|All Paths |0.001|0.000|
+----------+-----+-----+

Bottom Preferred Layer:
+-------------+------------+----------+
|    Layer    |    CLK     |   Rule   |
+-------------+------------+----------+
| met2 (z=3)  |          4 | default  |
+-------------+------------+----------+
Via Pillar Rule:
    None

*** Finish Post Route Setup Fixing (cpu=0:00:13.7 real=0:00:14.0 mem=2139.5M) ***
*** WnsOpt #1 [finish] (optDesign #1) : cpu/real = 0:00:14.9/0:00:15.0 (1.0), totSession cpu/real = 0:03:01.5/0:03:08.6 (1.0), mem = 2031.4M
Running refinePlace -preserveRouting true -hardFence false
*** Starting refinePlace (0:03:02 mem=2031.4M) ***
**WARN: (IMPSP-5140):	Global net connect rules have not been created. Added  insts would have no supply connectivity, and would fail DRC.
Type 'man IMPSP-5140' for more detail.
**WARN: (IMPSP-315):	Found 6921 instances insts with no PG Term connections.
Type 'man IMPSP-315' for more detail.
Move report: Detail placement moves 302 insts, mean move: 0.71 um, max move: 5.48 um 
	Max move on inst (g119626): (186.76, 58.82) --> (189.52, 56.10)
	Runtime: CPU: 0:00:00.1 REAL: 0:00:00.0 MEM: 2031.4MB
Summary Report:
Instances move: 302 (out of 6918 movable)
Instances flipped: 0
Mean displacement: 0.71 um
Max displacement: 5.48 um (Instance: g119626) (186.76, 58.82) -> (189.52, 56.1)
	Length: 14 sites, height: 1 rows, site name: unithd, cell type: sky130_fd_sc_hd__nand3_4
Runtime: CPU: 0:00:00.1 REAL: 0:00:00.0 MEM: 2031.4MB
*** Finished refinePlace (0:03:02 mem=2031.4M) ***
End: GigaOpt Optimization in WNS mode
Skipping post route harden opt
GigaOpt: target slack met, skip TNS optimization
**INFO: flowCheckPoint #3 OptimizationPreEco
Running postRoute recovery in preEcoRoute mode
**optDesign ... cpu = 0:00:25, real = 0:00:25, mem = 1795.7M, totSessionCpu=0:03:03 **
Checking DRV degradation...
**INFO: Skipping DRV recovery as drv did not degrade beyond margin
Finish postRoute recovery in preEcoRoute mode (cpu=0:00:00, real=0:00:00, mem=2033.55M, totSessionCpu=0:03:03).
**optDesign ... cpu = 0:00:25, real = 0:00:25, mem = 1795.8M, totSessionCpu=0:03:03 **

Skipping pre eco harden opt
**INFO: Skipping refine place as design is in placed state
Default Rule : ""
Non Default Rules :
Worst Slack : 0.001 ns

Start Layer Assignment ...
WNS(0.001ns) Target(0.000ns) MaxAssign(0%) MaxCong(20%) MinLen(100um) MinCap(0.050pf) layerBucket(2)

Select 7 cadidates out of 6962.
Total Assign Layers on 1 Nets (cpu 0:00:00.1).
GigaOpt: setting up router preferences
GigaOpt: 125 nets assigned router directives

Start Assign Priority Nets ...
TargetSlk(0.200ns) MaxAssign(3%) minLen(50um)
Existing Priority Nets 0 (0.0%)
Total Assign Priority Nets 208 (3.0%)

Set Prefer Layer Routing Effort ...
Total Net(6962) IPOed(357) PreferLayer(0) -> MediumEffort(0)

Default Rule : ""
Non Default Rules :
Worst Slack : 0.001 ns

Start Layer Assignment ...
WNS(0.001ns) Target(0.000ns) MaxAssign(0%) MaxCong(20%) MinLen(100um) MinCap(0.050pf) layerBucket(2)

Select 6 cadidates out of 6962.
Total Assign Layers on 0 Nets (cpu 0:00:00.1).
GigaOpt: setting up router preferences
GigaOpt: 0 nets assigned router directives

Start Assign Priority Nets ...
TargetSlk(0.200ns) MaxAssign(3%) minLen(50um)
Existing Priority Nets 0 (0.0%)
Total Assign Priority Nets 208 (3.0%)

------------------------------------------------------------------
        Pre-ecoRoute Summary
------------------------------------------------------------------

Setup views included:
 VIEW_TYP 

+--------------------+---------+---------+---------+
|     Setup mode     |   all   | reg2reg | default |
+--------------------+---------+---------+---------+
|           WNS (ns):|  0.001  |  0.001  |  7.274  |
|           TNS (ns):|  0.000  |  0.000  |  0.000  |
|    Violating Paths:|    0    |    0    |    0    |
|          All Paths:|   345   |   224   |   121   |
+--------------------+---------+---------+---------+

+----------------+-------------------------------+------------------+
|                |              Real             |       Total      |
|    DRVs        +------------------+------------+------------------|
|                |  Nr nets(terms)  | Worst Vio  |  Nr nets(terms)  |
+----------------+------------------+------------+------------------+
|   max_cap      |      0 (0)       |   0.000    |      0 (0)       |
|   max_tran     |      0 (0)       |   0.000    |      0 (0)       |
|   max_fanout   |      0 (0)       |     0      |      0 (0)       |
|   max_length   |      0 (0)       |     0      |      0 (0)       |
+----------------+------------------+------------+------------------+

Density: 42.799%
------------------------------------------------------------------
**optDesign ... cpu = 0:00:25, real = 0:00:25, mem = 1740.7M, totSessionCpu=0:03:03 **
**INFO: flowCheckPoint #4 GlobalDetailRoute
-routeWithEco false                       # bool, default=false
-routeSelectedNetOnly false               # bool, default=false
-routeWithTimingDriven false              # bool, default=false
-routeWithSiDriven false                  # bool, default=false
Existing Dirty Nets : 362
New Signature Flow (saveAndSetNanoRouteOptions) ....
Reset Dirty Nets : 362
*** EcoRoute #1 [begin] (optDesign #1) : totSession cpu/real = 0:03:03.0/0:03:10.1 (1.0), mem = 1977.9M

globalDetailRoute

#Start globalDetailRoute on Thu Sep 24 16:28:47 2026
#
#Invoke dbWirePreImport deleteTR=1 convert_unrouted=0 selected_only=0 (nr_selected_net=0)
#num needed restored net=0
#need_extraction net=0 (total=6962)
#NanoRoute Version 21.15-s110_1 NR220912-2004/21_15-UB
#Skip comparing routing design signature in db-snapshot flow
#Total number of trivial nets (e.g. < 2 pins) = 13 (skipped).
#Total number of routable nets = 6949.
#Total number of nets in the design = 6962.
#989 routable nets do not have any wires.
#5960 routable nets have routed wires.
#989 nets will be global routed.
#36 global routed or unrouted (routable) nets have been constrained (e.g. have preferred extra spacing, require shielding etc.)
#93 detail routed (routable) nets have been constrained (e.g. have preferred extra spacing, require shielding etc.)
#Start routing data preparation on Thu Sep 24 16:28:47 2026
#
#Minimum voltage of a net in the design = 0.000.
#Maximum voltage of a net in the design = 1.800.
#Voltage range [0.000 - 1.800] has 6962 nets.
#Build and mark too close pins for the same net.
#Initial pin access analysis.
#Detail pin access analysis.
# li1          V   Track-Pitch = 0.4600    Line-2-Via Pitch = 0.3400
# met1         H   Track-Pitch = 0.3400    Line-2-Via Pitch = 0.3250
# met2         V   Track-Pitch = 0.4600    Line-2-Via Pitch = 0.3400
# met3         H   Track-Pitch = 0.6100    Line-2-Via Pitch = 0.6100
# met4         V   Track-Pitch = 0.6900    Line-2-Via Pitch = 0.6150
# met5         H   Track-Pitch = 3.6600    Line-2-Via Pitch = 3.2000
#Processed 970/0 dirty instances, 621/98 dirty terms, 0/0 dirty fterms, 0/0 dirty pgterms, 0/0 misc dirty regions(617 insts marked dirty, reset pre-exisiting dirty flag on 622 insts, 0 nets marked need extraction)
#cpu time = 00:00:00, elapsed time = 00:00:00, memory = 1730.89 (MB), peak = 1889.57 (MB)
#Regenerating Ggrids automatically.
#Auto generating G-grids with size=15 tracks, using layer met2's pitch = 0.4600.
#Using automatically generated G-grids.
#(check_and_prepare_match_target_file) no match_target_file in constraint. quit
#Done routing data preparation.
#cpu time = 00:00:00, elapsed time = 00:00:00, memory = 1733.46 (MB), peak = 1889.57 (MB)
#Found 0 nets for post-route si or timing fixing.
#
#Finished routing data preparation on Thu Sep 24 16:28:48 2026
#
#Cpu time = 00:00:00
#Elapsed time = 00:00:00
#Increased memory = 7.05 (MB)
#Total memory = 1733.46 (MB)
#Peak memory = 1889.57 (MB)
#
#
#Start global routing on Thu Sep 24 16:28:48 2026
#
#
#Start global routing initialization on Thu Sep 24 16:28:48 2026
#
#Number of eco nets is 986
#
#Start global routing data preparation on Thu Sep 24 16:28:48 2026
#
#Start routing resource analysis on Thu Sep 24 16:28:48 2026
#
#Routing resource analysis is done on Thu Sep 24 16:28:48 2026
#
#  Resource Analysis:
#
#               Routing  #Avail      #Track     #Total     %Gcell
#  Layer      Direction   Track     Blocked      Gcell    Blocked
#  --------------------------------------------------------------
#  li1            V         220         497        2256    41.27%
#  met1           H         389         567        2256     0.00%
#  met2           V         359         358        2256     0.00%
#  met3           H         325         192        2256     0.00%
#  met4           V         344         133        2256     0.00%
#  met5           H          70          18        2256     1.51%
#  --------------------------------------------------------------
#  Total                   1708      43.97%       13536     7.13%
#
#  129 nets (1.85%) with 1 preferred extra spacing.
#
#
#
#Global routing data preparation is done on Thu Sep 24 16:28:48 2026
#
#cpu time = 00:00:00, elapsed time = 00:00:00, memory = 1733.72 (MB), peak = 1889.57 (MB)
#
#
#Global routing initialization is done on Thu Sep 24 16:28:48 2026
#
#cpu time = 00:00:00, elapsed time = 00:00:00, memory = 1733.72 (MB), peak = 1889.57 (MB)
#
#start global routing iteration 1...
#cpu time = 00:00:00, elapsed time = 00:00:00, memory = 1734.24 (MB), peak = 1889.57 (MB)
#
#start global routing iteration 2...
#cpu time = 00:00:00, elapsed time = 00:00:00, memory = 1734.24 (MB), peak = 1889.57 (MB)
#
#
#Total number of trivial nets (e.g. < 2 pins) = 13 (skipped).
#Total number of routable nets = 6949.
#Total number of nets in the design = 6962.
#
#6949 routable nets have routed wires.
#36 global routed or unrouted (routable) nets have been constrained (e.g. have preferred extra spacing, require shielding etc.)
#93 detail routed (routable) nets have been constrained (e.g. have preferred extra spacing, require shielding etc.)
#
#Routed nets constraints summary:
#-------------------------------------------------------------------------------
#        Rules   Pref Extra Space   Pref Layer   Expansion Ratio   Unconstrained  
#-------------------------------------------------------------------------------
#      Default                 35            1                 1             953  
#-------------------------------------------------------------------------------
#        Total                 35            1                 1             953  
#-------------------------------------------------------------------------------
#
#Routing constraints summary of the whole design:
#-------------------------------------------------------------------------------
#        Rules   Pref Extra Space   Pref Layer   Expansion Ratio   Unconstrained  
#-------------------------------------------------------------------------------
#      Default                128            1                 1            6820  
#-------------------------------------------------------------------------------
#        Total                128            1                 1            6820  
#-------------------------------------------------------------------------------
#
#
#  Congestion Analysis: (blocked Gcells are excluded)
#
#                 OverCon       OverCon          
#                  #Gcell        #Gcell    %Gcell
#     Layer           (1)           (2)   OverCon
#  ----------------------------------------------
#  li1           1(0.06%)      0(0.00%)   (0.06%)
#  met1         17(0.75%)      6(0.27%)   (1.02%)
#  met2          3(0.13%)      2(0.09%)   (0.22%)
#  met3          0(0.00%)      0(0.00%)   (0.00%)
#  met4          0(0.00%)      0(0.00%)   (0.00%)
#  met5          0(0.00%)      0(0.00%)   (0.00%)
#  ----------------------------------------------
#     Total     21(0.16%)      8(0.06%)   (0.23%)
#
#  The worst congested Gcell overcon (routing demand over resource in number of tracks) = 2
#  Overflow after GR: 0.18% H + 0.05% V
#
#Complete Global Routing.
#Total number of nets with non-default rule or having extra spacing = 129
#Total wire length = 246634 um.
#Total half perimeter of net bounding box = 199451 um.
#Total wire length on LAYER li1 = 16012 um.
#Total wire length on LAYER met1 = 74781 um.
#Total wire length on LAYER met2 = 80655 um.
#Total wire length on LAYER met3 = 36372 um.
#Total wire length on LAYER met4 = 33255 um.
#Total wire length on LAYER met5 = 5560 um.
#Total number of vias = 44095
#Up-Via Summary (total 44095):
#           
#-----------------------
# li1             22394
# met1            16434
# met2             3021
# met3             2010
# met4              236
#-----------------------
#                 44095 
#
#Total number of involved priority nets 2
#Maximum src to sink distance for priority net 76.2
#Average of max src_to_sink distance for priority net 74.2
#Average of ave src_to_sink distance for priority net 41.6
#Max overcon = 2 tracks.
#Total overcon = 0.23%.
#Worst layer Gcell overcon rate = 0.22%.
#
#Global routing statistics:
#Cpu time = 00:00:00
#Elapsed time = 00:00:00
#Increased memory = 0.91 (MB)
#Total memory = 1734.38 (MB)
#Peak memory = 1889.57 (MB)
#
#Finished global routing on Thu Sep 24 16:28:48 2026
#
#
#cpu time = 00:00:00, elapsed time = 00:00:00, memory = 1734.07 (MB), peak = 1889.57 (MB)
#Start Track Assignment.
#Done with 147 horizontal wires in 2 hboxes and 56 vertical wires in 2 hboxes.
#Done with 12 horizontal wires in 2 hboxes and 6 vertical wires in 2 hboxes.
#Complete Track Assignment.
#Total number of nets with non-default rule or having extra spacing = 129
#Total wire length = 246693 um.
#Total half perimeter of net bounding box = 199451 um.
#Total wire length on LAYER li1 = 16012 um.
#Total wire length on LAYER met1 = 74815 um.
#Total wire length on LAYER met2 = 80676 um.
#Total wire length on LAYER met3 = 36376 um.
#Total wire length on LAYER met4 = 33255 um.
#Total wire length on LAYER met5 = 5560 um.
#Total number of vias = 44095
#Up-Via Summary (total 44095):
#           
#-----------------------
# li1             22394
# met1            16434
# met2             3021
# met3             2010
# met4              236
#-----------------------
#                 44095 
#
#cpu time = 00:00:00, elapsed time = 00:00:00, memory = 1733.60 (MB), peak = 1889.57 (MB)
#
#number of short segments in preferred routing layers
#	
#	
#
#Routing data preparation, pin analysis, global routing and track assignment statistics:
#Cpu time = 00:00:01
#Elapsed time = 00:00:01
#Increased memory = 7.19 (MB)
#Total memory = 1733.60 (MB)
#Peak memory = 1889.57 (MB)
#
#Start Detail Routing..
#start initial detail routing ...
# ECO: 3.1% of the total area was rechecked for DRC, and 90.6% required routing.
#   number of violations = 58
#
#    By Layer and Type :
#	         MetSpc    Short   Totals
#	li1           0        1        1
#	met1          3       22       25
#	met2          2       12       14
#	met3         14        1       15
#	met4          0        3        3
#	Totals       19       39       58
#617 out of 6921 instances (8.9%) need to be verified(marked ipoed), dirty area = 5.4%.
#0.0% of the total area is being checked for drcs
#0.0% of the total area was checked
#   number of violations = 58
#
#    By Layer and Type :
#	         MetSpc    Short   Totals
#	li1           0        1        1
#	met1          3       22       25
#	met2          2       12       14
#	met3         14        1       15
#	met4          0        3        3
#	Totals       19       39       58
#cpu time = 00:00:07, elapsed time = 00:00:07, memory = 1733.11 (MB), peak = 1889.57 (MB)
#start 1st optimization iteration ...
#   number of violations = 2
#
#    By Layer and Type :
#	         MetSpc    Short   Totals
#	li1           0        0        0
#	met1          0        1        1
#	met2          0        0        0
#	met3          0        0        0
#	met4          1        0        1
#	Totals        1        1        2
#    number of process antenna violations = 3
#cpu time = 00:00:01, elapsed time = 00:00:01, memory = 1733.30 (MB), peak = 1889.57 (MB)
#start 2nd optimization iteration ...
#   number of violations = 1
#
#    By Layer and Type :
#	          Short   Totals
#	li1           0        0
#	met1          1        1
#	Totals        1        1
#cpu time = 00:00:00, elapsed time = 00:00:00, memory = 1734.22 (MB), peak = 1889.57 (MB)
#start 3rd optimization iteration ...
#   number of violations = 1
#
#    By Layer and Type :
#	          Short   Totals
#	li1           0        0
#	met1          1        1
#	Totals        1        1
#cpu time = 00:00:00, elapsed time = 00:00:00, memory = 1734.01 (MB), peak = 1889.57 (MB)
#start 4th optimization iteration ...
#   number of violations = 0
#cpu time = 00:00:00, elapsed time = 00:00:00, memory = 1733.18 (MB), peak = 1889.57 (MB)
#Complete Detail Routing.
#Total number of nets with non-default rule or having extra spacing = 129
#Total wire length = 248045 um.
#Total half perimeter of net bounding box = 199451 um.
#Total wire length on LAYER li1 = 15654 um.
#Total wire length on LAYER met1 = 75127 um.
#Total wire length on LAYER met2 = 81526 um.
#Total wire length on LAYER met3 = 36776 um.
#Total wire length on LAYER met4 = 33411 um.
#Total wire length on LAYER met5 = 5551 um.
#Total number of vias = 45996
#Up-Via Summary (total 45996):
#           
#-----------------------
# li1             23039
# met1            17427
# met2             3223
# met3             2067
# met4              240
#-----------------------
#                 45996 
#
#Total number of DRC violations = 0
#Cpu time = 00:00:09
#Elapsed time = 00:00:09
#Increased memory = -0.42 (MB)
#Total memory = 1733.18 (MB)
#Peak memory = 1889.57 (MB)
#
#start routing for process antenna violation fix ...
#cpu time = 00:00:00, elapsed time = 00:00:00, memory = 1733.91 (MB), peak = 1889.57 (MB)
#
#Total number of nets with non-default rule or having extra spacing = 129
#Total wire length = 248050 um.
#Total half perimeter of net bounding box = 199451 um.
#Total wire length on LAYER li1 = 15654 um.
#Total wire length on LAYER met1 = 75127 um.
#Total wire length on LAYER met2 = 81526 um.
#Total wire length on LAYER met3 = 36776 um.
#Total wire length on LAYER met4 = 33416 um.
#Total wire length on LAYER met5 = 5551 um.
#Total number of vias = 46004
#Up-Via Summary (total 46004):
#           
#-----------------------
# li1             23039
# met1            17427
# met2             3223
# met3             2075
# met4              240
#-----------------------
#                 46004 
#
#Total number of DRC violations = 0
#Total number of process antenna violations = 0
#Total number of net violated process antenna rule = 0
#
#
#Total number of nets with non-default rule or having extra spacing = 129
#Total wire length = 248050 um.
#Total half perimeter of net bounding box = 199451 um.
#Total wire length on LAYER li1 = 15654 um.
#Total wire length on LAYER met1 = 75127 um.
#Total wire length on LAYER met2 = 81526 um.
#Total wire length on LAYER met3 = 36776 um.
#Total wire length on LAYER met4 = 33416 um.
#Total wire length on LAYER met5 = 5551 um.
#Total number of vias = 46004
#Up-Via Summary (total 46004):
#           
#-----------------------
# li1             23039
# met1            17427
# met2             3223
# met3             2075
# met4              240
#-----------------------
#                 46004 
#
#Total number of DRC violations = 0
#Total number of process antenna violations = 0
#Total number of net violated process antenna rule = 0
#
#
#Start Post Route wire spreading..
#
#Start data preparation for wire spreading...
#
#Data preparation is done on Thu Sep 24 16:28:58 2026
#
#
#Start Post Route Wire Spread.
#Done with 462 horizontal wires in 3 hboxes and 683 vertical wires in 3 hboxes.
#Complete Post Route Wire Spread.
#
#Total number of nets with non-default rule or having extra spacing = 129
#Total wire length = 248459 um.
#Total half perimeter of net bounding box = 199451 um.
#Total wire length on LAYER li1 = 15683 um.
#Total wire length on LAYER met1 = 75196 um.
#Total wire length on LAYER met2 = 81707 um.
#Total wire length on LAYER met3 = 36823 um.
#Total wire length on LAYER met4 = 33485 um.
#Total wire length on LAYER met5 = 5565 um.
#Total number of vias = 46004
#Up-Via Summary (total 46004):
#           
#-----------------------
# li1             23039
# met1            17427
# met2             3223
# met3             2075
# met4              240
#-----------------------
#                 46004 
#
#   number of violations = 0
#cpu time = 00:00:01, elapsed time = 00:00:01, memory = 1734.30 (MB), peak = 1889.57 (MB)
#CELL_VIEW coprocessor,init has no DRC violation.
#Total number of DRC violations = 0
#Total number of process antenna violations = 0
#Total number of net violated process antenna rule = 0
#Post Route wire spread is done.
#Total number of nets with non-default rule or having extra spacing = 129
#Total wire length = 248459 um.
#Total half perimeter of net bounding box = 199451 um.
#Total wire length on LAYER li1 = 15683 um.
#Total wire length on LAYER met1 = 75196 um.
#Total wire length on LAYER met2 = 81707 um.
#Total wire length on LAYER met3 = 36823 um.
#Total wire length on LAYER met4 = 33485 um.
#Total wire length on LAYER met5 = 5565 um.
#Total number of vias = 46004
#Up-Via Summary (total 46004):
#           
#-----------------------
# li1             23039
# met1            17427
# met2             3223
# met3             2075
# met4              240
#-----------------------
#                 46004 
#
#detailRoute Statistics:
#Cpu time = 00:00:10
#Elapsed time = 00:00:10
#Increased memory = 0.70 (MB)
#Total memory = 1734.30 (MB)
#Peak memory = 1889.57 (MB)
#Skip updating routing design signature in db-snapshot flow
#	no debugging net set
#
#globalDetailRoute statistics:
#Cpu time = 00:00:11
#Elapsed time = 00:00:12
#Increased memory = -53.37 (MB)
#Total memory = 1687.34 (MB)
#Peak memory = 1889.57 (MB)
#Number of warnings = 0
#Total number of warnings = 6
#Number of fails = 0
#Total number of fails = 0
#Complete globalDetailRoute on Thu Sep 24 16:28:59 2026
#
*** EcoRoute #1 [finish] (optDesign #1) : cpu/real = 0:00:11.5/0:00:11.5 (1.0), totSession cpu/real = 0:03:14.5/0:03:21.7 (1.0), mem = 1924.1M
**optDesign ... cpu = 0:00:36, real = 0:00:37, mem = 1687.0M, totSessionCpu=0:03:15 **
New Signature Flow (restoreNanoRouteOptions) ....
**INFO: flowCheckPoint #5 PostEcoSummary
Extraction called for design 'coprocessor' of instances=6921 and nets=6962 using extraction engine 'postRoute' at effort level 'low' .
**WARN: (IMPEXT-3530):	The process node is not set. Use the command setDesignMode -process <process node> prior to extraction for maximum accuracy and optimal automatic threshold setting.
Type 'man IMPEXT-3530' for more detail.
PostRoute (effortLevel low) RC Extraction called for design coprocessor.
RC Extraction called in multi-corner(1) mode.
**WARN: (IMPEXT-6197):	The Cap table file is not specified. This will result in lower parasitic accuracy when using preRoute extraction or postRoute extraction with effort level 'low'. It is recommended to generate the Cap table file using the 'generateCapTbl' command and specify it before extraction using 'create_rc_corner/update_rc_corner -cap_table'.
Type 'man IMPEXT-6197' for more detail.
**WARN: (IMPEXT-3032):	Because the cap table file was not provided, it will be created internally with the following process info:
* Layer Id             : 1 - M1
      Thickness        : 0.1
      Min Width        : 0.17
      Layer Dielectric : 4.1
* Layer Id             : 2 - M2
      Thickness        : 0.35
      Min Width        : 0.14
      Layer Dielectric : 4.1
* Layer Id             : 3 - M3
      Thickness        : 0.35
      Min Width        : 0.14
      Layer Dielectric : 4.1
* Layer Id             : 4 - M4
      Thickness        : 0.8
      Min Width        : 0.3
      Layer Dielectric : 4.1
* Layer Id             : 5 - M5
      Thickness        : 0.8
      Min Width        : 0.3
      Layer Dielectric : 4.1
* Layer Id             : 6 - M6
      Thickness        : 1.2
      Min Width        : 1.6
      Layer Dielectric : 4.1
extractDetailRC Option : -outfile /tmp/innovus_temp_2252142_vlsiece24.iitr.ac.in_root_J7Qe2d/coprocessor_2252142_MVMY14.rcdb.d -maxResLength 200  -basic
RC Mode: PostRoute -effortLevel low [Basic CapTable, LEF Resistances]
      RC Corner Indexes            0   
Capacitance Scaling Factor   : 1.00000 
Coupling Cap. Scaling Factor : 1.00000 
Resistance Scaling Factor    : 1.00000 
Clock Cap. Scaling Factor    : 1.00000 
Clock Res. Scaling Factor    : 1.00000 
Shrink Factor                : 1.00000
Initializing multi-corner resistance tables ...
Checking LVS Completed (CPU Time= 0:00:00.0  MEM= 1924.1M)
Extracted 10.0024% (CPU Time= 0:00:00.1  MEM= 1980.1M)
Extracted 20.0024% (CPU Time= 0:00:00.1  MEM= 1980.1M)
Extracted 30.0024% (CPU Time= 0:00:00.1  MEM= 1980.1M)
Extracted 40.0024% (CPU Time= 0:00:00.1  MEM= 1980.1M)
Extracted 50.0024% (CPU Time= 0:00:00.2  MEM= 1980.1M)
Extracted 60.0024% (CPU Time= 0:00:00.2  MEM= 1980.1M)
Extracted 70.0024% (CPU Time= 0:00:00.2  MEM= 1980.1M)
Extracted 80.0024% (CPU Time= 0:00:00.3  MEM= 1980.1M)
Extracted 90.0024% (CPU Time= 0:00:00.3  MEM= 1980.1M)
Extracted 100% (CPU Time= 0:00:00.4  MEM= 1984.1M)
Number of Extracted Resistors     : 129982
Number of Extracted Ground Cap.   : 136378
Number of Extracted Coupling Cap. : 311068
Filtering XCap in 'relativeOnly' mode using values relative_c_threshold=0.03 and total_c_threshold=5fF.
Checking LVS Completed (CPU Time= 0:00:00.0  MEM= 1952.9M)
PostRoute (effortLevel low) RC Extraction DONE (CPU Time: 0:00:00.7  Real Time: 0:00:01.0  MEM: 1952.887M)
**optDesign ... cpu = 0:00:37, real = 0:00:38, mem = 1689.2M, totSessionCpu=0:03:15 **
Starting delay calculation for Setup views
AAE_INFO: opIsDesignInPostRouteState() is 1
AAE_INFO: resetNetProps viewIdx 0 
Starting SI iteration 1 using Infinite Timing Windows
#################################################################################
# Design Stage: PostRoute
# Design Name: coprocessor
# Design Mode: 90nm
# Analysis Mode: MMMC OCV 
# Parasitics Mode: SPEF/RCDB 
# Signoff Settings: SI On 
#################################################################################
AAE_INFO: 1 threads acquired from CTE.
Start delay calculation (fullDC) (1 T). (MEM=1918.9)
Initializing multi-corner resistance tables ...
Total number of fetched objects 6955
AAE_INFO-618: Total number of nets in the design is 6962,  99.9 percent of the nets selected for SI analysis
End delay calculation. (MEM=1946.21 CPU=0:00:01.2 REAL=0:00:01.0)
End delay calculation (fullDC). (MEM=1946.21 CPU=0:00:01.3 REAL=0:00:01.0)
Loading CTE timing window with TwFlowType 0...(CPU = 0:00:00.0, REAL = 0:00:00.0, MEM = 1954.2M)
Add other clocks and setupCteToAAEClockMapping during iter 1
Loading CTE timing window is completed (CPU = 0:00:00.0, REAL = 0:00:00.0, MEM = 1954.2M)
Starting SI iteration 2
Start delay calculation (fullDC) (1 T). (MEM=1909.32)
Glitch Analysis: View VIEW_TYP -- Total Number of Nets Skipped = 0. 
Glitch Analysis: View VIEW_TYP -- Total Number of Nets Analyzed = 6955. 
Total number of fetched objects 6955
AAE_INFO-618: Total number of nets in the design is 6962,  28.8 percent of the nets selected for SI analysis
End delay calculation. (MEM=1952 CPU=0:00:01.2 REAL=0:00:01.0)
End delay calculation (fullDC). (MEM=1952 CPU=0:00:01.2 REAL=0:00:01.0)
*** Done Building Timing Graph (cpu=0:00:03.1 real=0:00:03.0 totSessionCpu=0:03:18 mem=1960.0M)

------------------------------------------------------------------
       Post-ecoRoute Summary
------------------------------------------------------------------

Setup views included:
 VIEW_TYP 

+--------------------+---------+---------+---------+
|     Setup mode     |   all   | reg2reg | default |
+--------------------+---------+---------+---------+
|           WNS (ns):| -0.142  | -0.142  |  7.274  |
|           TNS (ns):| -1.532  | -1.532  |  0.000  |
|    Violating Paths:|   15    |   15    |    0    |
|          All Paths:|   345   |   224   |   121   |
+--------------------+---------+---------+---------+

+----------------+-------------------------------+------------------+
|                |              Real             |       Total      |
|    DRVs        +------------------+------------+------------------|
|                |  Nr nets(terms)  | Worst Vio  |  Nr nets(terms)  |
+----------------+------------------+------------+------------------+
|   max_cap      |      0 (0)       |   0.000    |      0 (0)       |
|   max_tran     |      0 (0)       |   0.000    |      0 (0)       |
|   max_fanout   |      0 (0)       |     0      |      0 (0)       |
|   max_length   |      0 (0)       |     0      |      0 (0)       |
+----------------+------------------+------------+------------------+

Density: 42.799%
------------------------------------------------------------------
**optDesign ... cpu = 0:00:40, real = 0:00:41, mem = 1732.7M, totSessionCpu=0:03:19 **
Executing marking Critical Nets1
**INFO: flowCheckPoint #6 OptimizationRecovery
*** Timing NOT met, worst failing slack is -0.142
*** Check timing (0:00:00.0)
Begin: GigaOpt Optimization in post-eco TNS mode (Recovery)
Info: 4 clock nets excluded from IPO operation.
*** TnsOpt #1 [begin] (optDesign #1) : totSession cpu/real = 0:03:18.6/0:03:26.1 (1.0), mem = 1962.0M
*info: 4 clock nets excluded
*info: 7 no-driver nets excluded.
** GigaOpt Optimizer WNS Slack -0.142 TNS Slack -1.532 Density 42.80
OptDebug: Start of Optimizer TNS Pass:
+----------+------+------+
|Path Group|   WNS|   TNS|
+----------+------+------+
|default   | 7.274| 0.000|
|reg2reg   |-0.142|-1.532|
|HEPG      |-0.142|-1.532|
|All Paths |-0.142|-1.532|
+----------+------+------+

Active Path Group: reg2reg  
+--------+---------+--------+---------+---------+------------+--------+----------+---------+--------------------------------------------------+
|  WNS   | All WNS |  TNS   | All TNS | Density |    Real    |  Mem   |Worst View|Pathgroup|                    End Point                     |
+--------+---------+--------+---------+---------+------------+--------+----------+---------+--------------------------------------------------+
|  -0.142|   -0.142|  -1.532|   -1.532|   42.80%|   0:00:00.0| 2106.4M|  VIEW_TYP|  reg2reg| result_r_reg[7]/D                                |
|  -0.142|   -0.142|  -1.532|   -1.532|   42.80%|   0:00:00.0| 2106.4M|  VIEW_TYP|  reg2reg| result_r_reg[7]/D                                |
+--------+---------+--------+---------+---------+------------+--------+----------+---------+--------------------------------------------------+

*** Finish Core Optimize Step (cpu=0:00:00.1 real=0:00:00.0 mem=2106.4M) ***
Checking setup slack degradation ...

*** Finished Optimize Step Cumulative (cpu=0:00:00.1 real=0:00:01.0 mem=2106.4M) ***
OptDebug: End of Optimizer TNS Pass:
+----------+------+------+
|Path Group|   WNS|   TNS|
+----------+------+------+
|default   | 7.274| 0.000|
|reg2reg   |-0.142|-1.532|
|HEPG      |-0.142|-1.532|
|All Paths |-0.142|-1.532|
+----------+------+------+

OptDebug: End of Setup Fixing:
+----------+------+------+
|Path Group|   WNS|   TNS|
+----------+------+------+
|default   | 7.274| 0.000|
|reg2reg   |-0.142|-1.532|
|HEPG      |-0.142|-1.532|
|All Paths |-0.142|-1.532|
+----------+------+------+

Bottom Preferred Layer:
+-------------+------------+------------+----------+
|    Layer    |  UNKNOWN   |    CLK     |   Rule   |
+-------------+------------+------------+----------+
| met2 (z=3)  |          0 |          4 | default  |
| met4 (z=5)  |          1 |          0 | default  |
+-------------+------------+------------+----------+
Via Pillar Rule:
    None

*** Finish Post Route Setup Fixing (cpu=0:00:00.2 real=0:00:01.0 mem=2106.4M) ***
*** TnsOpt #1 [finish] (optDesign #1) : cpu/real = 0:00:00.4/0:00:00.4 (1.0), totSession cpu/real = 0:03:19.0/0:03:26.6 (1.0), mem = 2031.3M
End: GigaOpt Optimization in post-eco TNS mode
Running postRoute recovery in postEcoRoute mode
**optDesign ... cpu = 0:00:41, real = 0:00:42, mem = 1787.0M, totSessionCpu=0:03:19 **
Checking setup slack degradation ...
Checking DRV degradation...
**INFO: Skipping DRV recovery as drv did not degrade beyond margin
Begin: GigaOpt WNS recovery
Begin: GigaOpt Optimization in WNS mode (Recovery)
Info: 4 clock nets excluded from IPO operation.
*** WnsOpt #2 [begin] (optDesign #1) : totSession cpu/real = 0:03:19.1/0:03:26.7 (1.0), mem = 2069.5M
*info: 4 clock nets excluded
*info: 7 no-driver nets excluded.
** GigaOpt Optimizer WNS Slack -0.142 TNS Slack -1.532 Density 42.80
OptDebug: Start of Optimizer WNS Pass 0:
+----------+------+------+
|Path Group|   WNS|   TNS|
+----------+------+------+
|default   | 7.274| 0.000|
|reg2reg   |-0.142|-1.532|
|HEPG      |-0.142|-1.532|
|All Paths |-0.142|-1.532|
+----------+------+------+

Active Path Group: reg2reg  
+--------+---------+--------+---------+---------+------------+--------+----------+---------+--------------------------------------------------+
|  WNS   | All WNS |  TNS   | All TNS | Density |    Real    |  Mem   |Worst View|Pathgroup|                    End Point                     |
+--------+---------+--------+---------+---------+------------+--------+----------+---------+--------------------------------------------------+
|  -0.142|   -0.142|  -1.532|   -1.532|   42.80%|   0:00:00.0| 2107.6M|  VIEW_TYP|  reg2reg| result_r_reg[7]/D                                |
|  -0.080|   -0.080|  -0.723|   -0.723|   42.85%|   0:00:00.0| 2126.7M|  VIEW_TYP|  reg2reg| result_r_reg[7]/D                                |
|  -0.060|   -0.060|  -0.452|   -0.452|   42.90%|   0:00:01.0| 2134.7M|  VIEW_TYP|  reg2reg| result_r_reg[14]/D                               |
|  -0.053|   -0.053|  -0.340|   -0.340|   42.99%|   0:00:00.0| 2134.7M|  VIEW_TYP|  reg2reg| result_r_reg[14]/D                               |
|  -0.031|   -0.031|  -0.150|   -0.150|   43.01%|   0:00:01.0| 2134.7M|  VIEW_TYP|  reg2reg| result_r_reg[14]/D                               |
|  -0.005|   -0.005|  -0.005|   -0.005|   43.16%|   0:00:01.0| 2134.7M|  VIEW_TYP|  reg2reg| result_r_reg[14]/D                               |
|  -0.001|   -0.001|  -0.001|   -0.001|   43.19%|   0:00:00.0| 2134.7M|  VIEW_TYP|  reg2reg| result_r_reg[14]/D                               |
|   0.000|    0.001|   0.000|    0.000|   43.19%|   0:00:00.0| 2134.7M|        NA|       NA| NA                                               |
|   0.000|    0.001|   0.000|    0.000|   43.19%|   0:00:00.0| 2134.7M|  VIEW_TYP|       NA| NA                                               |
+--------+---------+--------+---------+---------+------------+--------+----------+---------+--------------------------------------------------+

*** Finish Core Optimize Step (cpu=0:00:03.1 real=0:00:03.0 mem=2134.7M) ***
Checking setup slack degradation ...

*** Finished Optimize Step Cumulative (cpu=0:00:03.2 real=0:00:03.0 mem=2134.7M) ***
OptDebug: End of Optimizer WNS Pass 0:
+----------+-----+-----+
|Path Group|  WNS|  TNS|
+----------+-----+-----+
|default   |7.274|0.000|
|reg2reg   |0.001|0.000|
|HEPG      |0.001|0.000|
|All Paths |0.001|0.000|
+----------+-----+-----+

** GigaOpt Optimizer WNS Slack 0.000 TNS Slack 0.000 Density 43.19
Update Timing Windows (Threshold 0.043) ...
Re Calculate Delays on 61 Nets
OptDebug: End of Setup Fixing:
+----------+-----+-----+
|Path Group|  WNS|  TNS|
+----------+-----+-----+
|default   |7.274|0.000|
|reg2reg   |0.001|0.000|
|HEPG      |0.001|0.000|
|All Paths |0.001|0.000|
+----------+-----+-----+

Bottom Preferred Layer:
+-------------+------------+------------+----------+
|    Layer    |  UNKNOWN   |    CLK     |   Rule   |
+-------------+------------+------------+----------+
| met2 (z=3)  |          0 |          4 | default  |
| met4 (z=5)  |          1 |          0 | default  |
+-------------+------------+------------+----------+
Via Pillar Rule:
    None

*** Finish Post Route Setup Fixing (cpu=0:00:03.3 real=0:00:03.0 mem=2134.7M) ***
*** WnsOpt #2 [finish] (optDesign #1) : cpu/real = 0:00:03.5/0:00:03.5 (1.0), totSession cpu/real = 0:03:22.6/0:03:30.2 (1.0), mem = 2042.6M
**INFO: Skipping refine place as no non-legal commits were detected
End: GigaOpt Optimization in WNS mode
End: GigaOpt WNS recovery
Running post route harden opt
Begin: GigaOpt harden opt (Recovery)
Info: 4 clock nets excluded from IPO operation.
*** HardenOpt #1 [begin] (optDesign #1) : totSession cpu/real = 0:03:22.6/0:03:30.2 (1.0), mem = 2042.6M
*info: 4 clock nets excluded
*info: 7 no-driver nets excluded.
Active Path Group: reg2reg  
+--------+---------+--------+---------+---------+------------+--------+----------+---------+--------------------------------------------------+
|  WNS   | All WNS |  TNS   | All TNS | Density |    Real    |  Mem   |Worst View|Pathgroup|                    End Point                     |
+--------+---------+--------+---------+---------+------------+--------+----------+---------+--------------------------------------------------+
|   0.001|    0.001|   0.000|    0.000|   43.19%|   0:00:00.0| 2101.9M|  VIEW_TYP|  reg2reg| result_r_reg[14]/D                               |
|   0.006|    0.006|   0.000|    0.000|   43.83%|   0:00:06.0| 2150.1M|  VIEW_TYP|  reg2reg| result_r_reg[14]/D                               |
|   0.030|    0.030|   0.000|    0.000|   44.21%|   0:00:01.0| 2153.2M|  VIEW_TYP|  reg2reg| result_r_reg[14]/D                               |
|   0.030|    0.030|   0.000|    0.000|   44.69%|   0:00:03.0| 2172.3M|  VIEW_TYP|  reg2reg| result_r_reg[14]/D                               |
+--------+---------+--------+---------+---------+------------+--------+----------+---------+--------------------------------------------------+

*** Finish post-Route Optimize Step (cpu=0:00:09.7 real=0:00:10.0 mem=2172.3M) ***

*** Finish post-Route Setup Fixing (cpu=0:00:09.8 real=0:00:10.0 mem=2172.3M) ***
Bottom Preferred Layer:
+-------------+------------+------------+----------+
|    Layer    |   OPT_LA   |    CLK     |   Rule   |
+-------------+------------+------------+----------+
| met2 (z=3)  |          0 |          4 | default  |
| met4 (z=5)  |          2 |          0 | default  |
+-------------+------------+------------+----------+
Via Pillar Rule:
    None
*** HardenOpt #1 [finish] (optDesign #1) : cpu/real = 0:00:10.0/0:00:10.0 (1.0), totSession cpu/real = 0:03:32.6/0:03:40.2 (1.0), mem = 2044.2M
**INFO: Skipping refine place as no non-legal commits were detected
End: GigaOpt harden opt
GigaOpt: Skipping TNS recovery
Skipping pre eco harden opt
Running refinePlace -preserveRouting true -hardFence false
*** Starting refinePlace (0:03:33 mem=2044.2M) ***
**WARN: (IMPSP-5140):	Global net connect rules have not been created. Added  insts would have no supply connectivity, and would fail DRC.
Type 'man IMPSP-5140' for more detail.
**WARN: (IMPSP-315):	Found 7014 instances insts with no PG Term connections.
Type 'man IMPSP-315' for more detail.
Move report: Detail placement moves 0 insts, mean move: 0.00 um, max move: 0.00 um 
	Runtime: CPU: 0:00:00.1 REAL: 0:00:00.0 MEM: 2044.2MB
Summary Report:
Instances move: 0 (out of 7011 movable)
Instances flipped: 0
Mean displacement: 0.00 um
Max displacement: 0.00 um 
Runtime: CPU: 0:00:00.1 REAL: 0:00:00.0 MEM: 2044.2MB
*** Finished refinePlace (0:03:33 mem=2044.2M) ***
Default Rule : ""
Non Default Rules :
Worst Slack : 0.030 ns

Start Assign Priority Nets ...
TargetSlk(0.200ns) MaxAssign(3%) minLen(50um)
Existing Priority Nets 0 (0.0%)
Total Assign Priority Nets 211 (3.0%)

Set Prefer Layer Routing Effort ...
Total Net(7055) IPOed(183) PreferLayer(2) -> MediumEffort(2)

Default Rule : ""
Non Default Rules :
Worst Slack : 0.030 ns

Start Assign Priority Nets ...
TargetSlk(0.200ns) MaxAssign(3%) minLen(50um)
Existing Priority Nets 0 (0.0%)
Total Assign Priority Nets 211 (3.0%)

------------------------------------------------------------------
     Pre-ecoRoute Summary (Recovery)
------------------------------------------------------------------

Setup views included:
 VIEW_TYP 

+--------------------+---------+---------+---------+
|     Setup mode     |   all   | reg2reg | default |
+--------------------+---------+---------+---------+
|           WNS (ns):|  0.030  |  0.030  |  7.274  |
|           TNS (ns):|  0.000  |  0.000  |  0.000  |
|    Violating Paths:|    0    |    0    |    0    |
|          All Paths:|   345   |   224   |   121   |
+--------------------+---------+---------+---------+

+----------------+-------------------------------+------------------+
|                |              Real             |       Total      |
|    DRVs        +------------------+------------+------------------|
|                |  Nr nets(terms)  | Worst Vio  |  Nr nets(terms)  |
+----------------+------------------+------------+------------------+
|   max_cap      |      0 (0)       |   0.000    |      0 (0)       |
|   max_tran     |      0 (0)       |   0.000    |      0 (0)       |
|   max_fanout   |      0 (0)       |     0      |      0 (0)       |
|   max_length   |      0 (0)       |     0      |      0 (0)       |
+----------------+------------------+------------+------------------+

Density: 44.757%
------------------------------------------------------------------
**optDesign ... cpu = 0:00:55, real = 0:00:55, mem = 1736.7M, totSessionCpu=0:03:33 **
**INFO: flowCheckPoint #7 GlobalDetailRoute
-routeWithEco false                       # bool, default=false
-routeSelectedNetOnly false               # bool, default=false
-routeWithTimingDriven false              # bool, default=false
-routeWithSiDriven false                  # bool, default=false
Existing Dirty Nets : 185
New Signature Flow (saveAndSetNanoRouteOptions) ....
Reset Dirty Nets : 185
*** EcoRoute #2 [begin] (optDesign #1) : totSession cpu/real = 0:03:32.9/0:03:40.5 (1.0), mem = 1986.5M

globalDetailRoute

#Start globalDetailRoute on Thu Sep 24 16:29:17 2026
#
#Invoke dbWirePreImport deleteTR=1 convert_unrouted=0 selected_only=0 (nr_selected_net=0)
#num needed restored net=0
#need_extraction net=0 (total=7055)
#WARNING (NRIG-100) Ignoring auto generated timing constraints when routeWithTimingDriven set to false.
#NanoRoute Version 21.15-s110_1 NR220912-2004/21_15-UB
#Skip comparing routing design signature in db-snapshot flow
#Total number of trivial nets (e.g. < 2 pins) = 13 (skipped).
#Total number of routable nets = 7042.
#Total number of nets in the design = 7055.
#580 routable nets do not have any wires.
#6462 routable nets have routed wires.
#580 nets will be global routed.
#79 global routed or unrouted (routable) nets have been constrained (e.g. have preferred extra spacing, require shielding etc.)
#74 detail routed (routable) nets have been constrained (e.g. have preferred extra spacing, require shielding etc.)
#Start routing data preparation on Thu Sep 24 16:29:18 2026
#
#Minimum voltage of a net in the design = 0.000.
#Maximum voltage of a net in the design = 1.800.
#Voltage range [0.000 - 1.800] has 7055 nets.
#Build and mark too close pins for the same net.
#Initial pin access analysis.
#Detail pin access analysis.
# li1          V   Track-Pitch = 0.4600    Line-2-Via Pitch = 0.3400
# met1         H   Track-Pitch = 0.3400    Line-2-Via Pitch = 0.3250
# met2         V   Track-Pitch = 0.4600    Line-2-Via Pitch = 0.3400
# met3         H   Track-Pitch = 0.6100    Line-2-Via Pitch = 0.6100
# met4         V   Track-Pitch = 0.6900    Line-2-Via Pitch = 0.6150
# met5         H   Track-Pitch = 3.6600    Line-2-Via Pitch = 3.2000
#Processed 385/0 dirty instances, 573/105 dirty terms, 0/0 dirty fterms, 0/0 dirty pgterms, 0/0 misc dirty regions(327 insts marked dirty, reset pre-exisiting dirty flag on 330 insts, 0 nets marked need extraction)
#cpu time = 00:00:00, elapsed time = 00:00:00, memory = 1733.24 (MB), peak = 1889.57 (MB)
#Regenerating Ggrids automatically.
#Auto generating G-grids with size=15 tracks, using layer met2's pitch = 0.4600.
#Using automatically generated G-grids.
#(check_and_prepare_match_target_file) no match_target_file in constraint. quit
#Done routing data preparation.
#cpu time = 00:00:00, elapsed time = 00:00:00, memory = 1735.81 (MB), peak = 1889.57 (MB)
#Found 0 nets for post-route si or timing fixing.
#
#Finished routing data preparation on Thu Sep 24 16:29:18 2026
#
#Cpu time = 00:00:00
#Elapsed time = 00:00:00
#Increased memory = 6.79 (MB)
#Total memory = 1735.81 (MB)
#Peak memory = 1889.57 (MB)
#
#
#Start global routing on Thu Sep 24 16:29:18 2026
#
#
#Start global routing initialization on Thu Sep 24 16:29:18 2026
#
#Number of eco nets is 576
#
#Start global routing data preparation on Thu Sep 24 16:29:18 2026
#
#Start routing resource analysis on Thu Sep 24 16:29:18 2026
#
#Routing resource analysis is done on Thu Sep 24 16:29:18 2026
#
#  Resource Analysis:
#
#               Routing  #Avail      #Track     #Total     %Gcell
#  Layer      Direction   Track     Blocked      Gcell    Blocked
#  --------------------------------------------------------------
#  li1            V         217         500        2256    44.06%
#  met1           H         378         578        2256     0.00%
#  met2           V         351         366        2256     0.00%
#  met3           H         332         185        2256     0.00%
#  met4           V         360         117        2256     0.00%
#  met5           H          71          17        2256     1.51%
#  --------------------------------------------------------------
#  Total                   1711      43.42%       13536     7.59%
#
#  152 nets (2.15%) with 1 preferred extra spacing.
#
#
#
#Global routing data preparation is done on Thu Sep 24 16:29:18 2026
#
#cpu time = 00:00:00, elapsed time = 00:00:00, memory = 1736.07 (MB), peak = 1889.57 (MB)
#
#
#Global routing initialization is done on Thu Sep 24 16:29:18 2026
#
#cpu time = 00:00:00, elapsed time = 00:00:00, memory = 1736.07 (MB), peak = 1889.57 (MB)
#
#start global routing iteration 1...
#cpu time = 00:00:00, elapsed time = 00:00:00, memory = 1736.59 (MB), peak = 1889.57 (MB)
#
#start global routing iteration 2...
#cpu time = 00:00:00, elapsed time = 00:00:00, memory = 1736.59 (MB), peak = 1889.57 (MB)
#
#
#Total number of trivial nets (e.g. < 2 pins) = 13 (skipped).
#Total number of routable nets = 7042.
#Total number of nets in the design = 7055.
#
#7042 routable nets have routed wires.
#79 global routed or unrouted (routable) nets have been constrained (e.g. have preferred extra spacing, require shielding etc.)
#74 detail routed (routable) nets have been constrained (e.g. have preferred extra spacing, require shielding etc.)
#
#Routed nets constraints summary:
#-------------------------------------------------------------------------------
#        Rules   Pref Extra Space   Pref Layer   Expansion Ratio   Unconstrained  
#-------------------------------------------------------------------------------
#      Default                 77            2                 1             501  
#-------------------------------------------------------------------------------
#        Total                 77            2                 1             501  
#-------------------------------------------------------------------------------
#
#Routing constraints summary of the whole design:
#-------------------------------------------------------------------------------
#        Rules   Pref Extra Space   Pref Layer   Expansion Ratio   Unconstrained  
#-------------------------------------------------------------------------------
#      Default                151            2                 1            6889  
#-------------------------------------------------------------------------------
#        Total                151            2                 1            6889  
#-------------------------------------------------------------------------------
#
#
#  Congestion Analysis: (blocked Gcells are excluded)
#
#                 OverCon       OverCon          
#                  #Gcell        #Gcell    %Gcell
#     Layer           (1)           (2)   OverCon
#  ----------------------------------------------
#  li1           1(0.06%)      0(0.00%)   (0.06%)
#  met1         19(0.84%)      1(0.04%)   (0.89%)
#  met2          6(0.27%)      0(0.00%)   (0.27%)
#  met3          0(0.00%)      0(0.00%)   (0.00%)
#  met4          0(0.00%)      0(0.00%)   (0.00%)
#  met5          0(0.00%)      0(0.00%)   (0.00%)
#  ----------------------------------------------
#     Total     26(0.20%)      1(0.01%)   (0.21%)
#
#  The worst congested Gcell overcon (routing demand over resource in number of tracks) = 2
#  Overflow after GR: 0.16% H + 0.05% V
#
#Complete Global Routing.
#Total number of nets with non-default rule or having extra spacing = 152
#Total wire length = 248866 um.
#Total half perimeter of net bounding box = 201697 um.
#Total wire length on LAYER li1 = 15561 um.
#Total wire length on LAYER met1 = 75324 um.
#Total wire length on LAYER met2 = 81972 um.
#Total wire length on LAYER met3 = 36925 um.
#Total wire length on LAYER met4 = 33519 um.
#Total wire length on LAYER met5 = 5565 um.
#Total number of vias = 46118
#Up-Via Summary (total 46118):
#           
#-----------------------
# li1             23080
# met1            17465
# met2             3252
# met3             2081
# met4              240
#-----------------------
#                 46118 
#
#Total number of involved priority nets 1
#Maximum src to sink distance for priority net 76.2
#Average of max src_to_sink distance for priority net 76.2
#Average of ave src_to_sink distance for priority net 39.0
#Max overcon = 2 tracks.
#Total overcon = 0.24%.
#Worst layer Gcell overcon rate = 0.31%.
#
#Global routing statistics:
#Cpu time = 00:00:00
#Elapsed time = 00:00:00
#Increased memory = 0.91 (MB)
#Total memory = 1736.72 (MB)
#Peak memory = 1889.57 (MB)
#
#Finished global routing on Thu Sep 24 16:29:18 2026
#
#
#cpu time = 00:00:00, elapsed time = 00:00:00, memory = 1736.41 (MB), peak = 1889.57 (MB)
#Start Track Assignment.
#Done with 85 horizontal wires in 2 hboxes and 60 vertical wires in 2 hboxes.
#Done with 10 horizontal wires in 2 hboxes and 7 vertical wires in 2 hboxes.
#Complete Track Assignment.
#Total number of nets with non-default rule or having extra spacing = 152
#Total wire length = 248875 um.
#Total half perimeter of net bounding box = 201697 um.
#Total wire length on LAYER li1 = 15561 um.
#Total wire length on LAYER met1 = 75337 um.
#Total wire length on LAYER met2 = 81981 um.
#Total wire length on LAYER met3 = 36920 um.
#Total wire length on LAYER met4 = 33511 um.
#Total wire length on LAYER met5 = 5565 um.
#Total number of vias = 46118
#Up-Via Summary (total 46118):
#           
#-----------------------
# li1             23080
# met1            17465
# met2             3252
# met3             2081
# met4              240
#-----------------------
#                 46118 
#
#cpu time = 00:00:00, elapsed time = 00:00:00, memory = 1735.54 (MB), peak = 1889.57 (MB)
#
#number of short segments in preferred routing layers
#	
#	
#
#Routing data preparation, pin analysis, global routing and track assignment statistics:
#Cpu time = 00:00:01
#Elapsed time = 00:00:01
#Increased memory = 6.52 (MB)
#Total memory = 1735.54 (MB)
#Peak memory = 1889.57 (MB)
#
#Start Detail Routing..
#start initial detail routing ...
# ECO: 12.5% of the total area was rechecked for DRC, and 79.7% required routing.
#   number of violations = 120
#
#    By Layer and Type :
#	         MetSpc    Short   CutSpc   Totals
#	li1           4       12        2       18
#	met1          4       29        0       33
#	met2          3       30        0       33
#	met3         25        6        0       31
#	met4          1        4        0        5
#	Totals       37       81        2      120
#327 out of 7014 instances (4.7%) need to be verified(marked ipoed), dirty area = 3.9%.
#0.0% of the total area is being checked for drcs
#0.0% of the total area was checked
#   number of violations = 120
#
#    By Layer and Type :
#	         MetSpc    Short   CutSpc   Totals
#	li1           4       12        2       18
#	met1          4       29        0       33
#	met2          3       30        0       33
#	met3         25        6        0       31
#	met4          1        4        0        5
#	Totals       37       81        2      120
#cpu time = 00:00:07, elapsed time = 00:00:07, memory = 1734.88 (MB), peak = 1889.57 (MB)
#start 1st optimization iteration ...
#   number of violations = 5
#
#    By Layer and Type :
#	         MetSpc    Short   Totals
#	li1           0        0        0
#	met1          0        0        0
#	met2          0        4        4
#	met3          1        0        1
#	Totals        1        4        5
#    number of process antenna violations = 3
#cpu time = 00:00:02, elapsed time = 00:00:02, memory = 1734.04 (MB), peak = 1889.57 (MB)
#start 2nd optimization iteration ...
#   number of violations = 1
#
#    By Layer and Type :
#	          Short   Totals
#	li1           0        0
#	met1          0        0
#	met2          1        1
#	Totals        1        1
#    number of process antenna violations = 3
#cpu time = 00:00:00, elapsed time = 00:00:00, memory = 1734.22 (MB), peak = 1889.57 (MB)
#start 3rd optimization iteration ...
#   number of violations = 0
#    number of process antenna violations = 3
#cpu time = 00:00:00, elapsed time = 00:00:00, memory = 1735.02 (MB), peak = 1889.57 (MB)
#Complete Detail Routing.
#Total number of nets with non-default rule or having extra spacing = 152
#Total wire length = 250103 um.
#Total half perimeter of net bounding box = 201697 um.
#Total wire length on LAYER li1 = 15181 um.
#Total wire length on LAYER met1 = 75667 um.
#Total wire length on LAYER met2 = 82459 um.
#Total wire length on LAYER met3 = 37288 um.
#Total wire length on LAYER met4 = 33953 um.
#Total wire length on LAYER met5 = 5555 um.
#Total number of vias = 47570
#Up-Via Summary (total 47570):
#           
#-----------------------
# li1             23474
# met1            18256
# met2             3397
# met3             2203
# met4              240
#-----------------------
#                 47570 
#
#Total number of DRC violations = 0
#Cpu time = 00:00:10
#Elapsed time = 00:00:10
#Increased memory = -0.52 (MB)
#Total memory = 1735.02 (MB)
#Peak memory = 1889.57 (MB)
#
#start routing for process antenna violation fix ...
#cpu time = 00:00:00, elapsed time = 00:00:00, memory = 1735.50 (MB), peak = 1889.57 (MB)
#
#Total number of nets with non-default rule or having extra spacing = 152
#Total wire length = 250111 um.
#Total half perimeter of net bounding box = 201697 um.
#Total wire length on LAYER li1 = 15181 um.
#Total wire length on LAYER met1 = 75667 um.
#Total wire length on LAYER met2 = 82459 um.
#Total wire length on LAYER met3 = 37289 um.
#Total wire length on LAYER met4 = 33961 um.
#Total wire length on LAYER met5 = 5555 um.
#Total number of vias = 47576
#Up-Via Summary (total 47576):
#           
#-----------------------
# li1             23474
# met1            18256
# met2             3397
# met3             2209
# met4              240
#-----------------------
#                 47576 
#
#Total number of DRC violations = 0
#Total number of process antenna violations = 0
#Total number of net violated process antenna rule = 0
#
#
#Total number of nets with non-default rule or having extra spacing = 152
#Total wire length = 250111 um.
#Total half perimeter of net bounding box = 201697 um.
#Total wire length on LAYER li1 = 15181 um.
#Total wire length on LAYER met1 = 75667 um.
#Total wire length on LAYER met2 = 82459 um.
#Total wire length on LAYER met3 = 37289 um.
#Total wire length on LAYER met4 = 33961 um.
#Total wire length on LAYER met5 = 5555 um.
#Total number of vias = 47576
#Up-Via Summary (total 47576):
#           
#-----------------------
# li1             23474
# met1            18256
# met2             3397
# met3             2209
# met4              240
#-----------------------
#                 47576 
#
#Total number of DRC violations = 0
#Total number of process antenna violations = 0
#Total number of net violated process antenna rule = 0
#
#detailRoute Statistics:
#Cpu time = 00:00:10
#Elapsed time = 00:00:10
#Increased memory = -0.04 (MB)
#Total memory = 1735.50 (MB)
#Peak memory = 1889.57 (MB)
#Skip updating routing design signature in db-snapshot flow
#	no debugging net set
#
#globalDetailRoute statistics:
#Cpu time = 00:00:12
#Elapsed time = 00:00:12
#Increased memory = -47.14 (MB)
#Total memory = 1689.59 (MB)
#Peak memory = 1889.57 (MB)
#Number of warnings = 1
#Total number of warnings = 7
#Number of fails = 0
#Total number of fails = 0
#Complete globalDetailRoute on Thu Sep 24 16:29:29 2026
#
*** EcoRoute #2 [finish] (optDesign #1) : cpu/real = 0:00:11.8/0:00:11.8 (1.0), totSession cpu/real = 0:03:44.7/0:03:52.3 (1.0), mem = 1939.9M
**optDesign ... cpu = 0:01:07, real = 0:01:07, mem = 1689.5M, totSessionCpu=0:03:45 **
New Signature Flow (restoreNanoRouteOptions) ....
**INFO: flowCheckPoint #8 PostEcoSummary
Extraction called for design 'coprocessor' of instances=7014 and nets=7055 using extraction engine 'postRoute' at effort level 'low' .
**WARN: (IMPEXT-3530):	The process node is not set. Use the command setDesignMode -process <process node> prior to extraction for maximum accuracy and optimal automatic threshold setting.
Type 'man IMPEXT-3530' for more detail.
PostRoute (effortLevel low) RC Extraction called for design coprocessor.
RC Extraction called in multi-corner(1) mode.
**WARN: (IMPEXT-6197):	The Cap table file is not specified. This will result in lower parasitic accuracy when using preRoute extraction or postRoute extraction with effort level 'low'. It is recommended to generate the Cap table file using the 'generateCapTbl' command and specify it before extraction using 'create_rc_corner/update_rc_corner -cap_table'.
Type 'man IMPEXT-6197' for more detail.
**WARN: (IMPEXT-3032):	Because the cap table file was not provided, it will be created internally with the following process info:
* Layer Id             : 1 - M1
      Thickness        : 0.1
      Min Width        : 0.17
      Layer Dielectric : 4.1
* Layer Id             : 2 - M2
      Thickness        : 0.35
      Min Width        : 0.14
      Layer Dielectric : 4.1
* Layer Id             : 3 - M3
      Thickness        : 0.35
      Min Width        : 0.14
      Layer Dielectric : 4.1
* Layer Id             : 4 - M4
      Thickness        : 0.8
      Min Width        : 0.3
      Layer Dielectric : 4.1
* Layer Id             : 5 - M5
      Thickness        : 0.8
      Min Width        : 0.3
      Layer Dielectric : 4.1
* Layer Id             : 6 - M6
      Thickness        : 1.2
      Min Width        : 1.6
      Layer Dielectric : 4.1
extractDetailRC Option : -outfile /tmp/innovus_temp_2252142_vlsiece24.iitr.ac.in_root_J7Qe2d/coprocessor_2252142_MVMY14.rcdb.d -maxResLength 200  -basic
RC Mode: PostRoute -effortLevel low [Basic CapTable, LEF Resistances]
      RC Corner Indexes            0   
Capacitance Scaling Factor   : 1.00000 
Coupling Cap. Scaling Factor : 1.00000 
Resistance Scaling Factor    : 1.00000 
Clock Cap. Scaling Factor    : 1.00000 
Clock Res. Scaling Factor    : 1.00000 
Shrink Factor                : 1.00000
Initializing multi-corner resistance tables ...
Checking LVS Completed (CPU Time= 0:00:00.0  MEM= 1939.9M)
Extracted 10.0014% (CPU Time= 0:00:00.1  MEM= 1995.9M)
Extracted 20.0017% (CPU Time= 0:00:00.1  MEM= 1995.9M)
Extracted 30.0019% (CPU Time= 0:00:00.1  MEM= 1995.9M)
Extracted 40.0022% (CPU Time= 0:00:00.2  MEM= 1995.9M)
Extracted 50.0024% (CPU Time= 0:00:00.2  MEM= 1995.9M)
Extracted 60.0014% (CPU Time= 0:00:00.2  MEM= 1995.9M)
Extracted 70.0017% (CPU Time= 0:00:00.2  MEM= 1995.9M)
Extracted 80.0019% (CPU Time= 0:00:00.3  MEM= 1995.9M)
Extracted 90.0022% (CPU Time= 0:00:00.3  MEM= 1995.9M)
Extracted 100% (CPU Time= 0:00:00.4  MEM= 1999.9M)
Number of Extracted Resistors     : 131784
Number of Extracted Ground Cap.   : 138252
Number of Extracted Coupling Cap. : 314540
Filtering XCap in 'relativeOnly' mode using values relative_c_threshold=0.03 and total_c_threshold=5fF.
Checking LVS Completed (CPU Time= 0:00:00.0  MEM= 1968.6M)
PostRoute (effortLevel low) RC Extraction DONE (CPU Time: 0:00:00.8  Real Time: 0:00:01.0  MEM: 1968.629M)
Starting delay calculation for Setup views
AAE_INFO: opIsDesignInPostRouteState() is 1
AAE_INFO: resetNetProps viewIdx 0 
Starting SI iteration 1 using Infinite Timing Windows
#################################################################################
# Design Stage: PostRoute
# Design Name: coprocessor
# Design Mode: 90nm
# Analysis Mode: MMMC OCV 
# Parasitics Mode: SPEF/RCDB 
# Signoff Settings: SI On 
#################################################################################
AAE_INFO: 1 threads acquired from CTE.
Start delay calculation (fullDC) (1 T). (MEM=1958.63)
Initializing multi-corner resistance tables ...
Total number of fetched objects 7048
AAE_INFO-618: Total number of nets in the design is 7055,  99.9 percent of the nets selected for SI analysis
End delay calculation. (MEM=1985.93 CPU=0:00:01.3 REAL=0:00:01.0)
End delay calculation (fullDC). (MEM=1985.93 CPU=0:00:01.4 REAL=0:00:01.0)
Loading CTE timing window with TwFlowType 0...(CPU = 0:00:00.0, REAL = 0:00:00.0, MEM = 1993.9M)
Add other clocks and setupCteToAAEClockMapping during iter 1
Loading CTE timing window is completed (CPU = 0:00:00.0, REAL = 0:00:00.0, MEM = 1993.9M)
Starting SI iteration 2
Start delay calculation (fullDC) (1 T). (MEM=1927.05)
Glitch Analysis: View VIEW_TYP -- Total Number of Nets Skipped = 0. 
Glitch Analysis: View VIEW_TYP -- Total Number of Nets Analyzed = 7048. 
Total number of fetched objects 7048
AAE_INFO-618: Total number of nets in the design is 7055,  24.3 percent of the nets selected for SI analysis
End delay calculation. (MEM=1969.73 CPU=0:00:00.9 REAL=0:00:01.0)
End delay calculation (fullDC). (MEM=1969.73 CPU=0:00:01.0 REAL=0:00:01.0)
*** Done Building Timing Graph (cpu=0:00:03.0 real=0:00:03.0 totSessionCpu=0:03:48 mem=1977.7M)

------------------------------------------------------------------
     Post-ecoRoute Summary (Recovery)
------------------------------------------------------------------

Setup views included:
 VIEW_TYP 

+--------------------+---------+---------+---------+
|     Setup mode     |   all   | reg2reg | default |
+--------------------+---------+---------+---------+
|           WNS (ns):|  0.023  |  0.023  |  7.273  |
|           TNS (ns):|  0.000  |  0.000  |  0.000  |
|    Violating Paths:|    0    |    0    |    0    |
|          All Paths:|   345   |   224   |   121   |
+--------------------+---------+---------+---------+

+----------------+-------------------------------+------------------+
|                |              Real             |       Total      |
|    DRVs        +------------------+------------+------------------|
|                |  Nr nets(terms)  | Worst Vio  |  Nr nets(terms)  |
+----------------+------------------+------------+------------------+
|   max_cap      |      0 (0)       |   0.000    |      0 (0)       |
|   max_tran     |      0 (0)       |   0.000    |      0 (0)       |
|   max_fanout   |      0 (0)       |     0      |      0 (0)       |
|   max_length   |      0 (0)       |     0      |      0 (0)       |
+----------------+------------------+------------+------------------+

Density: 44.757%
------------------------------------------------------------------
**optDesign ... cpu = 0:01:10, real = 0:01:11, mem = 1740.9M, totSessionCpu=0:03:49 **
**INFO: flowCheckPoint #9 OptimizationRecovery
Finish postRoute recovery in postEcoRoute mode (cpu=0:00:30, real=0:00:29, mem=1951.07M, totSessionCpu=0:03:49).
**optDesign ... cpu = 0:01:10, real = 0:01:11, mem = 1737.0M, totSessionCpu=0:03:49 **

Latch borrow mode reset to max_borrow
**INFO: flowCheckPoint #10 FinalSummary
Reported timing to dir ./timingReports
**optDesign ... cpu = 0:01:11, real = 0:01:12, mem = 1735.1M, totSessionCpu=0:03:49 **

------------------------------------------------------------------
     optDesign Final SI Timing Summary
------------------------------------------------------------------

Setup views included:
 VIEW_TYP 

+--------------------+---------+---------+---------+
|     Setup mode     |   all   | reg2reg | default |
+--------------------+---------+---------+---------+
|           WNS (ns):|  0.023  |  0.023  |  7.273  |
|           TNS (ns):|  0.000  |  0.000  |  0.000  |
|    Violating Paths:|    0    |    0    |    0    |
|          All Paths:|   345   |   224   |   121   |
+--------------------+---------+---------+---------+

+----------------+-------------------------------+------------------+
|                |              Real             |       Total      |
|    DRVs        +------------------+------------+------------------|
|                |  Nr nets(terms)  | Worst Vio  |  Nr nets(terms)  |
+----------------+------------------+------------+------------------+
|   max_cap      |      0 (0)       |   0.000    |      0 (0)       |
|   max_tran     |      0 (0)       |   0.000    |      0 (0)       |
|   max_fanout   |      0 (0)       |     0      |      0 (0)       |
|   max_length   |      0 (0)       |     0      |      0 (0)       |
+----------------+------------------+------------+------------------+

Density: 44.757%
------------------------------------------------------------------
**optDesign ... cpu = 0:01:11, real = 0:01:13, mem = 1737.2M, totSessionCpu=0:03:49 **
 ReSet Options after AAE Based Opt flow 
Opt: RC extraction mode changed to 'detail'
*** Finished optDesign ***
Info: Destroy the CCOpt slew target map.
*** optDesign #1 [finish] : cpu/real = 0:01:11.1/0:01:13.1 (1.0), totSession cpu/real = 0:03:49.2/0:03:57.9 (1.0), mem = 1943.4M
<CMD> saveDesign ./runD/route.enc
The in-memory database contained RC information but was not saved. To save 
the RC information, use saveDesign's -rc option. Note: Saving RC information can be quite large, 
so it should only be saved when it is really desired.
#% Begin save design ... (date=09/24 16:29:35, mem=1730.7M)
% Begin Save ccopt configuration ... (date=09/24 16:29:35, mem=1730.7M)
% End Save ccopt configuration ... (date=09/24 16:29:35, total cpu=0:00:00.0, real=0:00:00.0, peak res=1730.9M, current mem=1730.9M)
% Begin Save netlist data ... (date=09/24 16:29:35, mem=1730.9M)
Writing Binary DB to ./runD/route.enc.dat/coprocessor.v.bin in single-threaded mode...
% End Save netlist data ... (date=09/24 16:29:35, total cpu=0:00:00.0, real=0:00:00.0, peak res=1731.0M, current mem=1731.0M)
Saving symbol-table file ...
Saving congestion map file ./runD/route.enc.dat/coprocessor.route.congmap.gz ...
% Begin Save AAE data ... (date=09/24 16:29:35, mem=1731.0M)
Saving AAE Data ...
% End Save AAE data ... (date=09/24 16:29:35, total cpu=0:00:00.0, real=0:00:00.0, peak res=1731.0M, current mem=1731.0M)
Saving preference file ./runD/route.enc.dat/gui.pref.tcl ...
Saving mode setting ...
Saving global file ...
% Begin Save floorplan data ... (date=09/24 16:29:35, mem=1731.4M)
Saving floorplan file ...
% End Save floorplan data ... (date=09/24 16:29:35, total cpu=0:00:00.0, real=0:00:00.0, peak res=1731.4M, current mem=1731.4M)
Saving Drc markers ...
... No Drc file written since there is no markers found.
% Begin Save placement data ... (date=09/24 16:29:35, mem=1731.4M)
** Saving stdCellPlacement_binary (version# 2) ...
Save Adaptive View Pruning View Names to Binary file
% End Save placement data ... (date=09/24 16:29:35, total cpu=0:00:00.0, real=0:00:00.0, peak res=1731.4M, current mem=1731.4M)
% Begin Save routing data ... (date=09/24 16:29:35, mem=1731.4M)
Saving route file ...
*** Completed saveRoute (cpu=0:00:00.0 real=0:00:01.0 mem=1937.9M) ***
% End Save routing data ... (date=09/24 16:29:36, total cpu=0:00:00.1, real=0:00:01.0, peak res=1731.5M, current mem=1731.5M)
Saving property file ./runD/route.enc.dat/coprocessor.prop
*** Completed saveProperty (cpu=0:00:00.0 real=0:00:00.0 mem=1940.9M) ***
#Saving pin access data to file ./runD/route.enc.dat/coprocessor.apa ...
#
% Begin Save power constraints data ... (date=09/24 16:29:36, mem=1731.5M)
% End Save power constraints data ... (date=09/24 16:29:36, total cpu=0:00:00.0, real=0:00:00.0, peak res=1731.5M, current mem=1731.5M)
RC_TYP
Generated self-contained design route.enc.dat
#% End save design ... (date=09/24 16:29:36, total cpu=0:00:00.5, real=0:00:01.0, peak res=1731.7M, current mem=1731.7M)
*** Message Summary: 0 warning(s), 0 error(s)

<CMD> verify_drc -report ./runD/drc.rpt
#-check_same_via_cell true               # bool, default=false, user setting
#-report ./runD/drc.rpt                  # string, default="", user setting
 *** Starting Verify DRC (MEM: 1937.9) ***

  VERIFY DRC ...... Starting Verification
  VERIFY DRC ...... Initializing
  VERIFY DRC ...... Deleting Existing Violations
  VERIFY DRC ...... Creating Sub-Areas
  VERIFY DRC ...... Using new threading

  Verification Complete : 0 Viols.

 *** End Verify DRC (CPU: 0:00:00.8  ELAPSED TIME: 1.00  MEM: 256.1M) ***

<CMD> report_timing -path_type full_clock -late  -max_paths 10 > ./$RUN/timing_setup.rpt
<CMD> report_timing -path_type full_clock -early -max_paths 5  > ./$RUN/timing_hold.rpt
AAE_INFO: opIsDesignInPostRouteState() is 1
AAE_INFO: resetNetProps viewIdx 0 
Starting SI iteration 1 using Infinite Timing Windows
#################################################################################
# Design Stage: PostRoute
# Design Name: coprocessor
# Design Mode: 90nm
# Analysis Mode: MMMC OCV 
# Parasitics Mode: SPEF/RCDB 
# Signoff Settings: SI On 
#################################################################################
AAE_INFO: 1 threads acquired from CTE.
Start delay calculation (fullDC) (1 T). (MEM=2174.26)
Total number of fetched objects 7048
AAE_INFO-618: Total number of nets in the design is 7055,  99.9 percent of the nets selected for SI analysis
End delay calculation. (MEM=2185.87 CPU=0:00:01.2 REAL=0:00:02.0)
End delay calculation (fullDC). (MEM=2185.87 CPU=0:00:01.2 REAL=0:00:02.0)
Loading CTE timing window with TwFlowType 0...(CPU = 0:00:00.0, REAL = 0:00:00.0, MEM = 2193.9M)
Add other clocks and setupCteToAAEClockMapping during iter 1
Loading CTE timing window is completed (CPU = 0:00:00.0, REAL = 0:00:00.0, MEM = 2193.9M)
Starting SI iteration 2
Start delay calculation (fullDC) (1 T). (MEM=1937.98)
Glitch Analysis: View VIEW_TYP -- Total Number of Nets Skipped = 0. 
Glitch Analysis: View VIEW_TYP -- Total Number of Nets Analyzed = 7048. 
Total number of fetched objects 7048
AAE_INFO-618: Total number of nets in the design is 7055,  0.2 percent of the nets selected for SI analysis
End delay calculation. (MEM=1992.84 CPU=0:00:00.0 REAL=0:00:00.0)
End delay calculation (fullDC). (MEM=1992.84 CPU=0:00:00.0 REAL=0:00:00.0)
<CMD> report_area > ./runD/area.rpt
<CMD> report_power > ./runD/power.rpt
env CDS_WORKAREA is set to /home/harshit/Desktop/rtltogds6/synth/.testing_pluto/PositCoprocessor_UART/gds/innovus_workflow
Using Power View: VIEW_TYP.
AAE_INFO: opIsDesignInPostRouteState() is 1
AAE_INFO: resetNetProps viewIdx 0 
Starting SI iteration 1 using Infinite Timing Windows
#################################################################################
# Design Stage: PostRoute
# Design Name: coprocessor
# Design Mode: 90nm
# Analysis Mode: MMMC OCV 
# Parasitics Mode: SPEF/RCDB 
# Signoff Settings: SI On 
#################################################################################
AAE_INFO: 1 threads acquired from CTE.
Start delay calculation (fullDC) (1 T). (MEM=1973.12)
Total number of fetched objects 7048
AAE_INFO-618: Total number of nets in the design is 7055,  99.9 percent of the nets selected for SI analysis
End delay calculation. (MEM=1984.73 CPU=0:00:01.2 REAL=0:00:01.0)
End delay calculation (fullDC). (MEM=1984.73 CPU=0:00:01.3 REAL=0:00:01.0)
Loading CTE timing window with TwFlowType 0...(CPU = 0:00:00.0, REAL = 0:00:00.0, MEM = 1992.7M)
Add other clocks and setupCteToAAEClockMapping during iter 1
Loading CTE timing window is completed (CPU = 0:00:00.0, REAL = 0:00:00.0, MEM = 1992.7M)
Starting SI iteration 2
Start delay calculation (fullDC) (1 T). (MEM=1938.84)
Glitch Analysis: View VIEW_TYP -- Total Number of Nets Skipped = 0. 
Glitch Analysis: View VIEW_TYP -- Total Number of Nets Analyzed = 7048. 
Total number of fetched objects 7048
AAE_INFO-618: Total number of nets in the design is 7055,  24.3 percent of the nets selected for SI analysis
End delay calculation. (MEM=1984.54 CPU=0:00:00.9 REAL=0:00:01.0)
End delay calculation (fullDC). (MEM=1984.54 CPU=0:00:01.0 REAL=0:00:01.0)

Begin Power Analysis


Begin Processing Timing Library for Power Calculation

Begin Processing Timing Library for Power Calculation



Begin Processing Power Net/Grid for Power Calculation

Ended Processing Power Net/Grid for Power Calculation: (cpu=0:00:00, real=0:00:00, mem(process/total/peak)=1746.64MB/3338.48MB/1842.53MB)

Begin Processing Timing Window Data for Power Calculation

clk(107.527MHz) Ended Processing Timing Window Data for Power Calculation: (cpu=0:00:00, real=0:00:00, mem(process/total/peak)=1747.26MB/3338.48MB/1842.53MB)

Begin Processing User Attributes

Ended Processing User Attributes: (cpu=0:00:00, real=0:00:00, mem(process/total/peak)=1747.50MB/3338.48MB/1842.53MB)

Begin Processing Signal Activity


Starting Levelizing
2026-Sep-24 16:29:42 (2026-Sep-24 10:59:42 GMT)
2026-Sep-24 16:29:42 (2026-Sep-24 10:59:42 GMT): 10%
2026-Sep-24 16:29:42 (2026-Sep-24 10:59:42 GMT): 20%
2026-Sep-24 16:29:42 (2026-Sep-24 10:59:42 GMT): 30%
2026-Sep-24 16:29:42 (2026-Sep-24 10:59:42 GMT): 40%
2026-Sep-24 16:29:42 (2026-Sep-24 10:59:42 GMT): 50%
2026-Sep-24 16:29:42 (2026-Sep-24 10:59:42 GMT): 60%
2026-Sep-24 16:29:42 (2026-Sep-24 10:59:42 GMT): 70%
2026-Sep-24 16:29:42 (2026-Sep-24 10:59:42 GMT): 80%
2026-Sep-24 16:29:42 (2026-Sep-24 10:59:42 GMT): 90%

Finished Levelizing
2026-Sep-24 16:29:42 (2026-Sep-24 10:59:42 GMT)

Starting Activity Propagation
2026-Sep-24 16:29:42 (2026-Sep-24 10:59:42 GMT)
** INFO:  (VOLTUS_POWR-1356): No default input activity has been set. Defaulting to 0.2.
Use 'set_default_switching_activity -input_activity' command to change the default activity value.

2026-Sep-24 16:29:42 (2026-Sep-24 10:59:42 GMT): 10%
2026-Sep-24 16:29:42 (2026-Sep-24 10:59:42 GMT): 20%
2026-Sep-24 16:29:42 (2026-Sep-24 10:59:42 GMT): 30%

Finished Activity Propagation
2026-Sep-24 16:29:42 (2026-Sep-24 10:59:42 GMT)
Ended Processing Signal Activity: (cpu=0:00:00, real=0:00:00, mem(process/total/peak)=1747.50MB/3338.48MB/1842.53MB)

Begin Power Computation

      ----------------------------------------------------------
      # of cell(s) missing both power/leakage table: 0
      # of cell(s) missing power table: 0
      # of cell(s) missing leakage table: 0
      ----------------------------------------------------------



Starting Calculating power
2026-Sep-24 16:29:42 (2026-Sep-24 10:59:42 GMT)
 ... Calculating switching power
  Cannot locate supply power rail for net 'FE_COEN1921_FE_OFN13688_n_7333'
of instance FE_COEC1921_FE_OFN13688_n_7333
  Cannot locate supply power rail for net 'FE_COEN1920_n_3812' of instance
FE_COEC1920_n_3812
  Cannot locate supply power rail for net 'FE_COEN1919_n_16049' of instance
FE_COEC1919_n_16049
  Cannot locate supply power rail for net 'FE_COEN1918_n_4382' of instance
FE_COEC1918_n_4382
  Cannot locate supply power rail for net 'FE_COEN1917_n_7347' of instance
FE_COEC1917_n_7347
  only first five unconnected nets are listed...
2026-Sep-24 16:29:42 (2026-Sep-24 10:59:42 GMT): 10%
2026-Sep-24 16:29:42 (2026-Sep-24 10:59:42 GMT): 20%
2026-Sep-24 16:29:42 (2026-Sep-24 10:59:42 GMT): 30%
2026-Sep-24 16:29:42 (2026-Sep-24 10:59:42 GMT): 40%
2026-Sep-24 16:29:42 (2026-Sep-24 10:59:42 GMT): 50%
 ... Calculating internal and leakage power
2026-Sep-24 16:29:42 (2026-Sep-24 10:59:42 GMT): 60%
2026-Sep-24 16:29:42 (2026-Sep-24 10:59:42 GMT): 70%
2026-Sep-24 16:29:43 (2026-Sep-24 10:59:43 GMT): 80%
2026-Sep-24 16:29:43 (2026-Sep-24 10:59:43 GMT): 90%

Finished Calculating power
2026-Sep-24 16:29:43 (2026-Sep-24 10:59:43 GMT)
      # of MSMV cell(s) missing power_level: 0
Ended Power Computation: (cpu=0:00:00, real=0:00:00, mem(process/total/peak)=1749.17MB/3346.48MB/1842.53MB)

Begin Processing User Attributes

Ended Processing User Attributes: (cpu=0:00:00, real=0:00:00, mem(process/total/peak)=1749.17MB/3346.48MB/1842.53MB)

Ended Power Analysis: (cpu=0:00:00, real=0:00:00, mem(process/total/peak)=1749.17MB/3346.48MB/1842.53MB)

Begin Boundary Leakage Calculation
Ended Boundary Leakage Calculation: (cpu=0:00:00, real=0:00:00,
mem(process/total/peak)=1749.17MB/3346.48MB/1842.53MB)
Begin Static Power Report Generation
*----------------------------------------------------------------------------------------
*	Innovus 21.15-s110_1 (64bit) 09/23/2022 13:08 (Linux 3.10.0-693.el7.x86_64)
*	
*
* 	Date & Time:	2026-Sep-24 16:29:43 (2026-Sep-24 10:59:43 GMT)
*
*----------------------------------------------------------------------------------------
*
*	Design: coprocessor
*
*	Liberty Libraries used:
*	        VIEW_TYP: ../lib/sky130_fd_sc_hd__tt_025C_1v80.lib
*
*	Parasitic Files used:
*
*	Power Units = 1mW
*
*	Time Units = 1e-09 secs
*
*       report_power
*
-----------------------------------------------------------------------------------------
*



Total Power
-----------------------------------------------------------------------------------------
Total Internal Power:        5.07463955 	   32.7745%
Total Switching Power:      10.40885864 	   67.2254%
Total Leakage Power:         0.00002082 	    0.0001%
Total Power:                15.48351902
-----------------------------------------------------------------------------------------


Group                           Internal   Switching     Leakage       Total  Percentage 
                                Power      Power         Power         Power  (%)        
-----------------------------------------------------------------------------------------
Sequential                        0.6171     0.06899   1.519e-06      0.6861       4.431
Macro                                  0           0           0           0           0
IO                                     0           0           0           0           0
Combinational                      4.433       10.19   1.927e-05       14.62       94.45
Clock (Combinational)            0.02453      0.1493   3.423e-08      0.1738       1.123
Clock (Sequential)                     0           0           0           0           0
-----------------------------------------------------------------------------------------
Total                              5.075       10.41   2.082e-05       15.48         100
-----------------------------------------------------------------------------------------


Rail                  Voltage   Internal   Switching     Leakage       Total  Percentage 
                                Power      Power         Power         Power  (%)        
-----------------------------------------------------------------------------------------
Default                   1.8      5.075       10.41   2.082e-05       15.48         100


Clock                           Internal   Switching     Leakage       Total  Percentage 
                                Power      Power         Power         Power  (%)        
-----------------------------------------------------------------------------------------
clk                              0.02453      0.1493   3.423e-08      0.1738       1.123
-----------------------------------------------------------------------------------------
Total                            0.02453      0.1493   3.423e-08      0.1738       1.123
-----------------------------------------------------------------------------------------
Clock: clk
Clock Period: 0.009300 usec 
Clock Toggle Rate:   215.0538 Mhz 
Clock Static Probability:  0.5000
  
 
 
-----------------------------------------------------------------------------------------
*	Power Distribution Summary: 
*              Highest Average Power:       CTS_ccl_a_inv_00002 (sky130_fd_sc_hd__clkinv_16):           0.0714
*              Highest Leakage Power: alu_inst_muldiv_inst_mul_349_24_g9355 (sky130_fd_sc_hd__fah_1):        1.919e-08
*                Total Cap:      9.12507e-11 F
*                Total instances in design:  7014
*                Total instances in design with no power:     0
*                Total instances in design with no activty:     0

*                Total Fillers and Decap:     0
-----------------------------------------------------------------------------------------
 
** INFO:  (VOLTUS_POWR-3465): There are 0 decaps and 0 fillers in the design

Ended Static Power Report Generation: (cpu=0:00:00, real=0:00:00,
mem(process/total/peak)=1751.78MB/3346.48MB/1842.53MB)

<CMD> summaryReport -noHtml -outfile ./runD/summary.rpt
Start to collect the design information.
Build netlist information for Cell coprocessor.
Finished collecting the design information.
Generating standard cells used in the design report.
Analyze library ... 
Analyze netlist ... 
Generate no-driven nets information report.
Analyze timing ... 
Analyze floorplan/placement ... 
Analysis Routing ...
Report saved in file ./runD/summary.rpt

*** Memory Usage v#1 (Current mem = 1926.812M, initial mem = 483.887M) ***
*** Message Summary: 124 warning(s), 3 error(s)

--- Ending "Innovus" (totcpu=0:03:56, real=0:04:08, mem=1926.8M) ---
