###############################################################
#  Generated by:      Cadence Innovus 21.15-s110_1
#  OS:                Linux x86_64(Host ID vlsiece24.iitr.ac.in)
#  Generated on:      Thu Sep 24 16:28:20 2026
#  Design:            coprocessor
#  Command:           report_timing -path_type full_clock -late -max_paths 10 > ./$RUN/timing_setup_preopt.rpt
###############################################################
Path 1: VIOLATED Setup Check with Pin result_r_reg[14]/CLK 
Endpoint:   result_r_reg[14]/D (v) checked with  leading edge of 'clk'
Beginpoint: in2_r_reg[3]/Q     (^) triggered by  leading edge of 'clk'
Path Groups: {clk}
Analysis View: VIEW_TYP
Other End Arrival Time         -0.001
- Setup                         0.120
+ Phase Shift                   9.300
= Required Time                 9.179
- Arrival Time                  9.513
= Slack Time                   -0.334
     Clock Rise Edge                      0.000
     + Source Insertion Delay            -0.181
     = Beginpoint Arrival Time           -0.181
     Timing Path:
     +----------------------------------------------------------------------------------------------------------------+ 
     |               Instance                |     Arc      |            Cell            | Delay | Arrival | Required | 
     |                                       |              |                            |       |  Time   |   Time   | 
     |---------------------------------------+--------------+----------------------------+-------+---------+----------| 
     |                                       | clk ^        |                            |       |  -0.181 |   -0.515 | 
     | CTS_ccl_a_inv_00003                   | A ^ -> Y v   | sky130_fd_sc_hd__clkinv_16 | 0.060 |  -0.121 |   -0.455 | 
     | CTS_ccl_a_inv_00001                   | A v -> Y ^   | sky130_fd_sc_hd__clkinv_16 | 0.113 |  -0.008 |   -0.342 | 
     | in2_r_reg[3]                          | CLK ^ -> Q ^ | sky130_fd_sc_hd__sdfrtp_2  | 0.466 |   0.458 |    0.124 | 
     | FE_OFC1695_in2_r_3                    | A ^ -> Y v   | sky130_fd_sc_hd__clkinv_1  | 0.111 |   0.569 |    0.234 | 
     | g114707                               | A v -> Y ^   | sky130_fd_sc_hd__nand2_1   | 0.079 |   0.648 |    0.314 | 
     | g114696                               | A ^ -> Y v   | sky130_fd_sc_hd__inv_2     | 0.057 |   0.705 |    0.371 | 
     | g121090                               | D v -> Y ^   | sky130_fd_sc_hd__nand4_1   | 0.080 |   0.784 |    0.450 | 
     | g119622                               | A ^ -> Y v   | sky130_fd_sc_hd__nand2_1   | 0.060 |   0.845 |    0.511 | 
     | g128542                               | A_N v -> Y v | sky130_fd_sc_hd__nand2b_1  | 0.142 |   0.987 |    0.653 | 
     | g124605                               | A v -> Y ^   | sky130_fd_sc_hd__nand2_1   | 0.143 |   1.130 |    0.795 | 
     | g124609                               | A ^ -> Y v   | sky130_fd_sc_hd__nand2_1   | 0.072 |   1.201 |    0.867 | 
     | g114389                               | A v -> Y ^   | sky130_fd_sc_hd__nand2_1   | 0.057 |   1.259 |    0.925 | 
     | g124754                               | A ^ -> Y v   | sky130_fd_sc_hd__nand2_1   | 0.060 |   1.318 |    0.984 | 
     | FE_RC_29_0                            | B1 v -> Y ^  | sky130_fd_sc_hd__a21oi_2   | 0.115 |   1.434 |    1.100 | 
     | g124752                               | A ^ -> Y v   | sky130_fd_sc_hd__nand2_2   | 0.080 |   1.514 |    1.180 | 
     | FE_OFC1320_n_17344                    | A v -> Y ^   | sky130_fd_sc_hd__clkinv_4  | 0.082 |   1.596 |    1.262 | 
     | FE_OFC1321_n_17344                    | A ^ -> X ^   | sky130_fd_sc_hd__buf_2     | 0.171 |   1.767 |    1.433 | 
     | g207_0                                | A1 ^ -> X ^  | sky130_fd_sc_hd__a21o_1    | 0.186 |   1.954 |    1.620 | 
     | g121664                               | A ^ -> Y v   | sky130_fd_sc_hd__nor2_1    | 0.056 |   2.010 |    1.676 | 
     | g121663                               | A_N v -> Y v | sky130_fd_sc_hd__nand3b_1  | 0.159 |   2.169 |    1.835 | 
     | g124798                               | A v -> Y ^   | sky130_fd_sc_hd__nand2_2   | 0.095 |   2.264 |    1.930 | 
     | g122388                               | A ^ -> Y v   | sky130_fd_sc_hd__nand2_4   | 0.110 |   2.374 |    2.040 | 
     | FE_OFC944_n_14738                     | A v -> X v   | sky130_fd_sc_hd__buf_6     | 0.212 |   2.586 |    2.252 | 
     | g112714                               | B v -> Y ^   | sky130_fd_sc_hd__nand2_1   | 0.194 |   2.780 |    2.446 | 
     | FE_OFC1592_n_2660                     | A ^ -> Y v   | sky130_fd_sc_hd__inv_2     | 0.196 |   2.976 |    2.642 | 
     | g111295                               | B v -> Y ^   | sky130_fd_sc_hd__nand2b_2  | 0.399 |   3.375 |    3.041 | 
     | g110164__7098                         | A3 ^ -> Y v  | sky130_fd_sc_hd__o32ai_1   | 0.183 |   3.557 |    3.223 | 
     | g109960__2802                         | C v -> Y ^   | sky130_fd_sc_hd__nor3_2    | 0.527 |   4.084 |    3.750 | 
     | g109859__2346                         | A ^ -> Y v   | sky130_fd_sc_hd__nand4_1   | 0.226 |   4.310 |    3.976 | 
     | g122551                               | A v -> Y ^   | sky130_fd_sc_hd__nor2_2    | 0.363 |   4.673 |    4.339 | 
     | g122547                               | D ^ -> Y v   | sky130_fd_sc_hd__nand4_1   | 0.165 |   4.837 |    4.503 | 
     | g122546                               | A v -> Y ^   | sky130_fd_sc_hd__nand2_1   | 0.101 |   4.938 |    4.604 | 
     | g119688                               | A ^ -> Y v   | sky130_fd_sc_hd__nand2_2   | 0.116 |   5.054 |    4.720 | 
     | FE_DBTC47_n_11506                     | A v -> Y ^   | sky130_fd_sc_hd__clkinv_1  | 0.073 |   5.127 |    4.793 | 
     | g125011                               | A ^ -> Y v   | sky130_fd_sc_hd__nand2_1   | 0.054 |   5.181 |    4.847 | 
     | g122378                               | B v -> Y ^   | sky130_fd_sc_hd__nand2_2   | 0.100 |   5.281 |    4.947 | 
     | FE_OFC35_n_14732                      | A ^ -> X ^   | sky130_fd_sc_hd__buf_6     | 0.159 |   5.440 |    5.106 | 
     | alu_inst_muldiv_inst_mul_349_24_g9638 | A1 ^ -> X ^  | sky130_fd_sc_hd__o21a_2    | 0.175 |   5.615 |    5.281 | 
     | g127700                               | A ^ -> X v   | sky130_fd_sc_hd__xor3_2    | 0.466 |   6.081 |    5.747 | 
     | g120326                               | A v -> Y ^   | sky130_fd_sc_hd__inv_2     | 0.059 |   6.140 |    5.806 | 
     | g279                                  | A ^ -> Y v   | sky130_fd_sc_hd__nand3_1   | 0.056 |   6.196 |    5.862 | 
     | g127270                               | A v -> Y ^   | sky130_fd_sc_hd__nand2_1   | 0.087 |   6.283 |    5.949 | 
     | FE_RC_44_0                            | A ^ -> Y v   | sky130_fd_sc_hd__nand2_1   | 0.068 |   6.350 |    6.016 | 
     | FE_RC_43_0                            | B1 v -> Y ^  | sky130_fd_sc_hd__o21ai_2   | 0.071 |   6.421 |    6.087 | 
     | g127268                               | A ^ -> Y v   | sky130_fd_sc_hd__nand2_2   | 0.091 |   6.512 |    6.178 | 
     | g126008                               | D v -> Y ^   | sky130_fd_sc_hd__nand4_2   | 0.120 |   6.632 |    6.298 | 
     | FE_RC_5_0                             | A ^ -> Y v   | sky130_fd_sc_hd__nand3_4   | 0.107 |   6.739 |    6.405 | 
     | FE_RC_6_0                             | A v -> Y ^   | sky130_fd_sc_hd__nand3_4   | 0.099 |   6.838 |    6.504 | 
     | FE_RC_30_0                            | B ^ -> Y v   | sky130_fd_sc_hd__nand4_4   | 0.135 |   6.973 |    6.639 | 
     | g125512                               | B v -> Y ^   | sky130_fd_sc_hd__nand2_4   | 0.113 |   7.086 |    6.752 | 
     | g125516                               | A ^ -> Y v   | sky130_fd_sc_hd__nand2_2   | 0.048 |   7.134 |    6.800 | 
     | g125187                               | A v -> Y ^   | sky130_fd_sc_hd__nand3_2   | 0.090 |   7.224 |    6.890 | 
     | g108191                               | A ^ -> Y v   | sky130_fd_sc_hd__nand2_2   | 0.065 |   7.290 |    6.956 | 
     | g126298                               | A v -> Y ^   | sky130_fd_sc_hd__nand2_2   | 0.078 |   7.368 |    7.034 | 
     | g126297                               | A ^ -> Y v   | sky130_fd_sc_hd__nand2_4   | 0.057 |   7.425 |    7.091 | 
     | g126296                               | A v -> Y ^   | sky130_fd_sc_hd__nand2_2   | 0.054 |   7.479 |    7.145 | 
     | g134                                  | A ^ -> Y v   | sky130_fd_sc_hd__nand2_2   | 0.060 |   7.538 |    7.204 | 
     | g120067                               | A v -> Y ^   | sky130_fd_sc_hd__nand2_2   | 0.069 |   7.607 |    7.273 | 
     | g126773                               | A ^ -> Y v   | sky130_fd_sc_hd__nand2_2   | 0.058 |   7.665 |    7.331 | 
     | g126246                               | A v -> Y ^   | sky130_fd_sc_hd__nand2_2   | 0.055 |   7.719 |    7.385 | 
     | g126245                               | A ^ -> Y v   | sky130_fd_sc_hd__nand2_2   | 0.060 |   7.779 |    7.445 | 
     | g103                                  | A v -> Y ^   | sky130_fd_sc_hd__nand2_2   | 0.070 |   7.849 |    7.515 | 
     | g126826                               | A ^ -> Y v   | sky130_fd_sc_hd__nand2_1   | 0.060 |   7.909 |    7.575 | 
     | g126825                               | A v -> Y ^   | sky130_fd_sc_hd__nand2_2   | 0.091 |   8.000 |    7.666 | 
     | g126824                               | A ^ -> Y v   | sky130_fd_sc_hd__nand2_4   | 0.076 |   8.076 |    7.742 | 
     | FE_RC_25_0                            | A2 v -> Y ^  | sky130_fd_sc_hd__o21ai_1   | 0.222 |   8.298 |    7.964 | 
     | g127847                               | A ^ -> Y v   | sky130_fd_sc_hd__nand2_1   | 0.076 |   8.375 |    8.041 | 
     | g127840                               | B1 v -> Y ^  | sky130_fd_sc_hd__o21ai_1   | 0.104 |   8.479 |    8.145 | 
     | g127839                               | A ^ -> Y v   | sky130_fd_sc_hd__nand2_1   | 0.077 |   8.556 |    8.221 | 
     | g234                                  | B v -> Y ^   | sky130_fd_sc_hd__nand2b_1  | 0.158 |   8.714 |    8.379 | 
     | g125108                               | A_N ^ -> Y ^ | sky130_fd_sc_hd__nand2b_1  | 0.130 |   8.843 |    8.509 | 
     | g125106                               | B ^ -> Y v   | sky130_fd_sc_hd__nor2_1    | 0.040 |   8.883 |    8.549 | 
     | g424                                  | A v -> Y ^   | sky130_fd_sc_hd__nand2_1   | 0.060 |   8.943 |    8.609 | 
     | FE_OFC1099_n_17480                    | A ^ -> Y v   | sky130_fd_sc_hd__inv_2     | 0.044 |   8.987 |    8.653 | 
     | g128278                               | A v -> Y ^   | sky130_fd_sc_hd__nand3_1   | 0.072 |   9.059 |    8.725 | 
     | FE_OFC1096_n_21636                    | A ^ -> Y v   | sky130_fd_sc_hd__inv_2     | 0.055 |   9.114 |    8.780 | 
     | g128260                               | B v -> Y ^   | sky130_fd_sc_hd__nand2_1   | 0.070 |   9.184 |    8.850 | 
     | FE_RC_10_0                            | D1 ^ -> Y v  | sky130_fd_sc_hd__o2111ai_2 | 0.123 |   9.307 |    8.973 | 
     | g124409                               | B v -> Y ^   | sky130_fd_sc_hd__nor2_1    | 0.138 |   9.445 |    9.111 | 
     | FE_RC_15_0                            | A2 ^ -> Y v  | sky130_fd_sc_hd__o21ai_1   | 0.068 |   9.513 |    9.179 | 
     | result_r_reg[14]                      | D v          | sky130_fd_sc_hd__dfrtp_1   | 0.000 |   9.513 |    9.179 | 
     +----------------------------------------------------------------------------------------------------------------+ 
     Clock Rise Edge                      0.000
     + Source Insertion Delay            -0.181
     = Beginpoint Arrival Time           -0.181
     Other End Path:
     +--------------------------------------------------------------------------------------------+ 
     |      Instance       |    Arc     |            Cell            | Delay | Arrival | Required | 
     |                     |            |                            |       |  Time   |   Time   | 
     |---------------------+------------+----------------------------+-------+---------+----------| 
     |                     | clk ^      |                            |       |  -0.181 |    0.153 | 
     | CTS_ccl_a_inv_00003 | A ^ -> Y v | sky130_fd_sc_hd__clkinv_16 | 0.060 |  -0.121 |    0.213 | 
     | CTS_ccl_a_inv_00002 | A v -> Y ^ | sky130_fd_sc_hd__clkinv_16 | 0.118 |  -0.003 |    0.331 | 
     | result_r_reg[14]    | CLK ^      | sky130_fd_sc_hd__dfrtp_1   | 0.002 |  -0.001 |    0.333 | 
     +--------------------------------------------------------------------------------------------+ 
Path 2: VIOLATED Setup Check with Pin result_r_reg[12]/CLK 
Endpoint:   result_r_reg[12]/D (v) checked with  leading edge of 'clk'
Beginpoint: in2_r_reg[3]/Q     (^) triggered by  leading edge of 'clk'
Path Groups: {clk}
Analysis View: VIEW_TYP
Other End Arrival Time          0.000
- Setup                         0.099
+ Phase Shift                   9.300
= Required Time                 9.201
- Arrival Time                  9.522
= Slack Time                   -0.321
     Clock Rise Edge                      0.000
     + Source Insertion Delay            -0.181
     = Beginpoint Arrival Time           -0.181
     Timing Path:
     +----------------------------------------------------------------------------------------------------------------+ 
     |               Instance                |     Arc      |            Cell            | Delay | Arrival | Required | 
     |                                       |              |                            |       |  Time   |   Time   | 
     |---------------------------------------+--------------+----------------------------+-------+---------+----------| 
     |                                       | clk ^        |                            |       |  -0.181 |   -0.502 | 
     | CTS_ccl_a_inv_00003                   | A ^ -> Y v   | sky130_fd_sc_hd__clkinv_16 | 0.060 |  -0.121 |   -0.442 | 
     | CTS_ccl_a_inv_00001                   | A v -> Y ^   | sky130_fd_sc_hd__clkinv_16 | 0.113 |  -0.008 |   -0.329 | 
     | in2_r_reg[3]                          | CLK ^ -> Q ^ | sky130_fd_sc_hd__sdfrtp_2  | 0.466 |   0.458 |    0.137 | 
     | FE_OFC1695_in2_r_3                    | A ^ -> Y v   | sky130_fd_sc_hd__clkinv_1  | 0.111 |   0.569 |    0.247 | 
     | g114707                               | A v -> Y ^   | sky130_fd_sc_hd__nand2_1   | 0.079 |   0.648 |    0.327 | 
     | g114696                               | A ^ -> Y v   | sky130_fd_sc_hd__inv_2     | 0.057 |   0.705 |    0.384 | 
     | g121090                               | D v -> Y ^   | sky130_fd_sc_hd__nand4_1   | 0.080 |   0.784 |    0.463 | 
     | g119622                               | A ^ -> Y v   | sky130_fd_sc_hd__nand2_1   | 0.060 |   0.845 |    0.524 | 
     | g128542                               | A_N v -> Y v | sky130_fd_sc_hd__nand2b_1  | 0.142 |   0.987 |    0.666 | 
     | g124605                               | A v -> Y ^   | sky130_fd_sc_hd__nand2_1   | 0.143 |   1.130 |    0.808 | 
     | g124609                               | A ^ -> Y v   | sky130_fd_sc_hd__nand2_1   | 0.072 |   1.201 |    0.880 | 
     | g114389                               | A v -> Y ^   | sky130_fd_sc_hd__nand2_1   | 0.057 |   1.259 |    0.938 | 
     | g124754                               | A ^ -> Y v   | sky130_fd_sc_hd__nand2_1   | 0.060 |   1.318 |    0.997 | 
     | FE_RC_29_0                            | B1 v -> Y ^  | sky130_fd_sc_hd__a21oi_2   | 0.115 |   1.434 |    1.113 | 
     | g124752                               | A ^ -> Y v   | sky130_fd_sc_hd__nand2_2   | 0.080 |   1.514 |    1.193 | 
     | FE_OFC1320_n_17344                    | A v -> Y ^   | sky130_fd_sc_hd__clkinv_4  | 0.082 |   1.596 |    1.275 | 
     | FE_OFC1321_n_17344                    | A ^ -> X ^   | sky130_fd_sc_hd__buf_2     | 0.171 |   1.767 |    1.446 | 
     | g207_0                                | A1 ^ -> X ^  | sky130_fd_sc_hd__a21o_1    | 0.186 |   1.954 |    1.633 | 
     | g121664                               | A ^ -> Y v   | sky130_fd_sc_hd__nor2_1    | 0.056 |   2.010 |    1.689 | 
     | g121663                               | A_N v -> Y v | sky130_fd_sc_hd__nand3b_1  | 0.159 |   2.169 |    1.848 | 
     | g124798                               | A v -> Y ^   | sky130_fd_sc_hd__nand2_2   | 0.095 |   2.264 |    1.943 | 
     | g122388                               | A ^ -> Y v   | sky130_fd_sc_hd__nand2_4   | 0.110 |   2.374 |    2.053 | 
     | FE_OFC944_n_14738                     | A v -> X v   | sky130_fd_sc_hd__buf_6     | 0.212 |   2.586 |    2.265 | 
     | g112714                               | B v -> Y ^   | sky130_fd_sc_hd__nand2_1   | 0.194 |   2.780 |    2.459 | 
     | FE_OFC1592_n_2660                     | A ^ -> Y v   | sky130_fd_sc_hd__inv_2     | 0.196 |   2.976 |    2.655 | 
     | g111295                               | B v -> Y ^   | sky130_fd_sc_hd__nand2b_2  | 0.399 |   3.375 |    3.054 | 
     | g110164__7098                         | A3 ^ -> Y v  | sky130_fd_sc_hd__o32ai_1   | 0.183 |   3.557 |    3.236 | 
     | g109960__2802                         | C v -> Y ^   | sky130_fd_sc_hd__nor3_2    | 0.527 |   4.084 |    3.763 | 
     | g109859__2346                         | A ^ -> Y v   | sky130_fd_sc_hd__nand4_1   | 0.226 |   4.310 |    3.989 | 
     | g122551                               | A v -> Y ^   | sky130_fd_sc_hd__nor2_2    | 0.363 |   4.673 |    4.352 | 
     | g122547                               | D ^ -> Y v   | sky130_fd_sc_hd__nand4_1   | 0.165 |   4.837 |    4.516 | 
     | g122546                               | A v -> Y ^   | sky130_fd_sc_hd__nand2_1   | 0.101 |   4.938 |    4.617 | 
     | g119688                               | A ^ -> Y v   | sky130_fd_sc_hd__nand2_2   | 0.116 |   5.054 |    4.733 | 
     | FE_DBTC47_n_11506                     | A v -> Y ^   | sky130_fd_sc_hd__clkinv_1  | 0.073 |   5.127 |    4.806 | 
     | g125011                               | A ^ -> Y v   | sky130_fd_sc_hd__nand2_1   | 0.054 |   5.181 |    4.860 | 
     | g122378                               | B v -> Y ^   | sky130_fd_sc_hd__nand2_2   | 0.100 |   5.281 |    4.960 | 
     | FE_OFC35_n_14732                      | A ^ -> X ^   | sky130_fd_sc_hd__buf_6     | 0.159 |   5.440 |    5.119 | 
     | alu_inst_muldiv_inst_mul_349_24_g9638 | A1 ^ -> X ^  | sky130_fd_sc_hd__o21a_2    | 0.175 |   5.615 |    5.294 | 
     | g127700                               | A ^ -> X v   | sky130_fd_sc_hd__xor3_2    | 0.466 |   6.081 |    5.760 | 
     | g120326                               | A v -> Y ^   | sky130_fd_sc_hd__inv_2     | 0.059 |   6.140 |    5.819 | 
     | g279                                  | A ^ -> Y v   | sky130_fd_sc_hd__nand3_1   | 0.056 |   6.196 |    5.875 | 
     | g127270                               | A v -> Y ^   | sky130_fd_sc_hd__nand2_1   | 0.087 |   6.283 |    5.962 | 
     | FE_RC_44_0                            | A ^ -> Y v   | sky130_fd_sc_hd__nand2_1   | 0.068 |   6.350 |    6.029 | 
     | FE_RC_43_0                            | B1 v -> Y ^  | sky130_fd_sc_hd__o21ai_2   | 0.071 |   6.421 |    6.100 | 
     | g127268                               | A ^ -> Y v   | sky130_fd_sc_hd__nand2_2   | 0.091 |   6.512 |    6.191 | 
     | g126008                               | D v -> Y ^   | sky130_fd_sc_hd__nand4_2   | 0.120 |   6.632 |    6.311 | 
     | FE_RC_5_0                             | A ^ -> Y v   | sky130_fd_sc_hd__nand3_4   | 0.107 |   6.739 |    6.418 | 
     | FE_RC_6_0                             | A v -> Y ^   | sky130_fd_sc_hd__nand3_4   | 0.099 |   6.838 |    6.517 | 
     | FE_RC_30_0                            | B ^ -> Y v   | sky130_fd_sc_hd__nand4_4   | 0.135 |   6.973 |    6.652 | 
     | g125512                               | B v -> Y ^   | sky130_fd_sc_hd__nand2_4   | 0.113 |   7.086 |    6.765 | 
     | g125516                               | A ^ -> Y v   | sky130_fd_sc_hd__nand2_2   | 0.048 |   7.134 |    6.813 | 
     | g125187                               | A v -> Y ^   | sky130_fd_sc_hd__nand3_2   | 0.090 |   7.224 |    6.903 | 
     | g108191                               | A ^ -> Y v   | sky130_fd_sc_hd__nand2_2   | 0.065 |   7.290 |    6.969 | 
     | g126298                               | A v -> Y ^   | sky130_fd_sc_hd__nand2_2   | 0.078 |   7.368 |    7.047 | 
     | g126297                               | A ^ -> Y v   | sky130_fd_sc_hd__nand2_4   | 0.057 |   7.425 |    7.104 | 
     | g126296                               | A v -> Y ^   | sky130_fd_sc_hd__nand2_2   | 0.054 |   7.479 |    7.158 | 
     | g134                                  | A ^ -> Y v   | sky130_fd_sc_hd__nand2_2   | 0.060 |   7.538 |    7.217 | 
     | g120067                               | A v -> Y ^   | sky130_fd_sc_hd__nand2_2   | 0.069 |   7.607 |    7.286 | 
     | g126773                               | A ^ -> Y v   | sky130_fd_sc_hd__nand2_2   | 0.058 |   7.665 |    7.344 | 
     | g126246                               | A v -> Y ^   | sky130_fd_sc_hd__nand2_2   | 0.055 |   7.719 |    7.398 | 
     | g126245                               | A ^ -> Y v   | sky130_fd_sc_hd__nand2_2   | 0.060 |   7.779 |    7.458 | 
     | g103                                  | A v -> Y ^   | sky130_fd_sc_hd__nand2_2   | 0.070 |   7.849 |    7.528 | 
     | g126826                               | A ^ -> Y v   | sky130_fd_sc_hd__nand2_1   | 0.060 |   7.909 |    7.588 | 
     | g126825                               | A v -> Y ^   | sky130_fd_sc_hd__nand2_2   | 0.091 |   8.000 |    7.679 | 
     | g126824                               | A ^ -> Y v   | sky130_fd_sc_hd__nand2_4   | 0.076 |   8.076 |    7.755 | 
     | FE_RC_25_0                            | A2 v -> Y ^  | sky130_fd_sc_hd__o21ai_1   | 0.222 |   8.298 |    7.977 | 
     | g127847                               | A ^ -> Y v   | sky130_fd_sc_hd__nand2_1   | 0.076 |   8.375 |    8.054 | 
     | g127840                               | B1 v -> Y ^  | sky130_fd_sc_hd__o21ai_1   | 0.104 |   8.479 |    8.158 | 
     | g127839                               | A ^ -> Y v   | sky130_fd_sc_hd__nand2_1   | 0.077 |   8.556 |    8.234 | 
     | g234                                  | B v -> Y ^   | sky130_fd_sc_hd__nand2b_1  | 0.158 |   8.714 |    8.392 | 
     | g125108                               | A_N ^ -> Y ^ | sky130_fd_sc_hd__nand2b_1  | 0.130 |   8.843 |    8.522 | 
     | g125106                               | B ^ -> Y v   | sky130_fd_sc_hd__nor2_1    | 0.040 |   8.883 |    8.562 | 
     | g424                                  | A v -> Y ^   | sky130_fd_sc_hd__nand2_1   | 0.060 |   8.943 |    8.622 | 
     | FE_OFC1099_n_17480                    | A ^ -> Y v   | sky130_fd_sc_hd__inv_2     | 0.044 |   8.987 |    8.666 | 
     | g126362                               | A v -> Y ^   | sky130_fd_sc_hd__nand4_1   | 0.081 |   9.069 |    8.748 | 
     | g125177                               | B ^ -> Y v   | sky130_fd_sc_hd__nor2_1    | 0.060 |   9.128 |    8.807 | 
     | g128275                               | A2 v -> Y ^  | sky130_fd_sc_hd__o21ai_2   | 0.197 |   9.326 |    9.004 | 
     | g127000                               | A ^ -> Y v   | sky130_fd_sc_hd__nand2_1   | 0.074 |   9.399 |    9.078 | 
     | g126309                               | A v -> Y ^   | sky130_fd_sc_hd__nand2_1   | 0.061 |   9.460 |    9.139 | 
     | g126307                               | A2 ^ -> Y v  | sky130_fd_sc_hd__o21ai_1   | 0.062 |   9.522 |    9.201 | 
     | result_r_reg[12]                      | D v          | sky130_fd_sc_hd__dfrtp_1   | 0.000 |   9.522 |    9.201 | 
     +----------------------------------------------------------------------------------------------------------------+ 
     Clock Rise Edge                      0.000
     + Source Insertion Delay            -0.181
     = Beginpoint Arrival Time           -0.181
     Other End Path:
     +--------------------------------------------------------------------------------------------+ 
     |      Instance       |    Arc     |            Cell            | Delay | Arrival | Required | 
     |                     |            |                            |       |  Time   |   Time   | 
     |---------------------+------------+----------------------------+-------+---------+----------| 
     |                     | clk ^      |                            |       |  -0.181 |    0.140 | 
     | CTS_ccl_a_inv_00003 | A ^ -> Y v | sky130_fd_sc_hd__clkinv_16 | 0.060 |  -0.121 |    0.200 | 
     | CTS_ccl_a_inv_00002 | A v -> Y ^ | sky130_fd_sc_hd__clkinv_16 | 0.118 |  -0.003 |    0.318 | 
     | result_r_reg[12]    | CLK ^      | sky130_fd_sc_hd__dfrtp_1   | 0.003 |   0.000 |    0.321 | 
     +--------------------------------------------------------------------------------------------+ 
Path 3: VIOLATED Setup Check with Pin result_r_reg[11]/CLK 
Endpoint:   result_r_reg[11]/D (^) checked with  leading edge of 'clk'
Beginpoint: in2_r_reg[3]/Q     (^) triggered by  leading edge of 'clk'
Path Groups: {clk}
Analysis View: VIEW_TYP
Other End Arrival Time         -0.001
- Setup                         0.057
+ Phase Shift                   9.300
= Required Time                 9.243
- Arrival Time                  9.558
= Slack Time                   -0.316
     Clock Rise Edge                      0.000
     + Source Insertion Delay            -0.181
     = Beginpoint Arrival Time           -0.181
     Timing Path:
     +----------------------------------------------------------------------------------------------------------------+ 
     |               Instance                |     Arc      |            Cell            | Delay | Arrival | Required | 
     |                                       |              |                            |       |  Time   |   Time   | 
     |---------------------------------------+--------------+----------------------------+-------+---------+----------| 
     |                                       | clk ^        |                            |       |  -0.181 |   -0.497 | 
     | CTS_ccl_a_inv_00003                   | A ^ -> Y v   | sky130_fd_sc_hd__clkinv_16 | 0.060 |  -0.121 |   -0.437 | 
     | CTS_ccl_a_inv_00001                   | A v -> Y ^   | sky130_fd_sc_hd__clkinv_16 | 0.113 |  -0.008 |   -0.324 | 
     | in2_r_reg[3]                          | CLK ^ -> Q ^ | sky130_fd_sc_hd__sdfrtp_2  | 0.466 |   0.458 |    0.142 | 
     | FE_OFC1695_in2_r_3                    | A ^ -> Y v   | sky130_fd_sc_hd__clkinv_1  | 0.111 |   0.569 |    0.253 | 
     | g114707                               | A v -> Y ^   | sky130_fd_sc_hd__nand2_1   | 0.079 |   0.648 |    0.332 | 
     | g114696                               | A ^ -> Y v   | sky130_fd_sc_hd__inv_2     | 0.057 |   0.705 |    0.389 | 
     | g121090                               | D v -> Y ^   | sky130_fd_sc_hd__nand4_1   | 0.080 |   0.784 |    0.469 | 
     | g119622                               | A ^ -> Y v   | sky130_fd_sc_hd__nand2_1   | 0.060 |   0.845 |    0.529 | 
     | g128542                               | A_N v -> Y v | sky130_fd_sc_hd__nand2b_1  | 0.142 |   0.987 |    0.671 | 
     | g124605                               | A v -> Y ^   | sky130_fd_sc_hd__nand2_1   | 0.143 |   1.130 |    0.814 | 
     | g124609                               | A ^ -> Y v   | sky130_fd_sc_hd__nand2_1   | 0.072 |   1.201 |    0.885 | 
     | g114389                               | A v -> Y ^   | sky130_fd_sc_hd__nand2_1   | 0.057 |   1.259 |    0.943 | 
     | g124754                               | A ^ -> Y v   | sky130_fd_sc_hd__nand2_1   | 0.060 |   1.318 |    1.002 | 
     | FE_RC_29_0                            | B1 v -> Y ^  | sky130_fd_sc_hd__a21oi_2   | 0.115 |   1.434 |    1.118 | 
     | g124752                               | A ^ -> Y v   | sky130_fd_sc_hd__nand2_2   | 0.080 |   1.514 |    1.198 | 
     | FE_OFC1320_n_17344                    | A v -> Y ^   | sky130_fd_sc_hd__clkinv_4  | 0.082 |   1.596 |    1.280 | 
     | FE_OFC1321_n_17344                    | A ^ -> X ^   | sky130_fd_sc_hd__buf_2     | 0.171 |   1.767 |    1.452 | 
     | g207_0                                | A1 ^ -> X ^  | sky130_fd_sc_hd__a21o_1    | 0.186 |   1.954 |    1.638 | 
     | g121664                               | A ^ -> Y v   | sky130_fd_sc_hd__nor2_1    | 0.056 |   2.010 |    1.694 | 
     | g121663                               | A_N v -> Y v | sky130_fd_sc_hd__nand3b_1  | 0.159 |   2.169 |    1.853 | 
     | g124798                               | A v -> Y ^   | sky130_fd_sc_hd__nand2_2   | 0.095 |   2.264 |    1.948 | 
     | g122388                               | A ^ -> Y v   | sky130_fd_sc_hd__nand2_4   | 0.110 |   2.374 |    2.058 | 
     | FE_OFC944_n_14738                     | A v -> X v   | sky130_fd_sc_hd__buf_6     | 0.212 |   2.586 |    2.270 | 
     | g112714                               | B v -> Y ^   | sky130_fd_sc_hd__nand2_1   | 0.194 |   2.780 |    2.464 | 
     | FE_OFC1592_n_2660                     | A ^ -> Y v   | sky130_fd_sc_hd__inv_2     | 0.196 |   2.976 |    2.660 | 
     | g111295                               | B v -> Y ^   | sky130_fd_sc_hd__nand2b_2  | 0.399 |   3.375 |    3.059 | 
     | g110164__7098                         | A3 ^ -> Y v  | sky130_fd_sc_hd__o32ai_1   | 0.183 |   3.557 |    3.241 | 
     | g109960__2802                         | C v -> Y ^   | sky130_fd_sc_hd__nor3_2    | 0.527 |   4.084 |    3.768 | 
     | g109859__2346                         | A ^ -> Y v   | sky130_fd_sc_hd__nand4_1   | 0.226 |   4.310 |    3.994 | 
     | g122551                               | A v -> Y ^   | sky130_fd_sc_hd__nor2_2    | 0.363 |   4.673 |    4.357 | 
     | g122547                               | D ^ -> Y v   | sky130_fd_sc_hd__nand4_1   | 0.165 |   4.837 |    4.521 | 
     | g122546                               | A v -> Y ^   | sky130_fd_sc_hd__nand2_1   | 0.101 |   4.938 |    4.622 | 
     | g119688                               | A ^ -> Y v   | sky130_fd_sc_hd__nand2_2   | 0.116 |   5.054 |    4.738 | 
     | FE_DBTC47_n_11506                     | A v -> Y ^   | sky130_fd_sc_hd__clkinv_1  | 0.073 |   5.127 |    4.811 | 
     | g125011                               | A ^ -> Y v   | sky130_fd_sc_hd__nand2_1   | 0.054 |   5.181 |    4.865 | 
     | g122378                               | B v -> Y ^   | sky130_fd_sc_hd__nand2_2   | 0.100 |   5.281 |    4.965 | 
     | FE_OFC35_n_14732                      | A ^ -> X ^   | sky130_fd_sc_hd__buf_6     | 0.159 |   5.440 |    5.124 | 
     | alu_inst_muldiv_inst_mul_349_24_g9638 | A1 ^ -> X ^  | sky130_fd_sc_hd__o21a_2    | 0.175 |   5.615 |    5.299 | 
     | g127700                               | A ^ -> X v   | sky130_fd_sc_hd__xor3_2    | 0.466 |   6.081 |    5.765 | 
     | g120326                               | A v -> Y ^   | sky130_fd_sc_hd__inv_2     | 0.059 |   6.140 |    5.824 | 
     | g279                                  | A ^ -> Y v   | sky130_fd_sc_hd__nand3_1   | 0.056 |   6.196 |    5.880 | 
     | g127270                               | A v -> Y ^   | sky130_fd_sc_hd__nand2_1   | 0.087 |   6.283 |    5.967 | 
     | FE_RC_44_0                            | A ^ -> Y v   | sky130_fd_sc_hd__nand2_1   | 0.068 |   6.350 |    6.034 | 
     | FE_RC_43_0                            | B1 v -> Y ^  | sky130_fd_sc_hd__o21ai_2   | 0.071 |   6.421 |    6.105 | 
     | g127268                               | A ^ -> Y v   | sky130_fd_sc_hd__nand2_2   | 0.091 |   6.512 |    6.196 | 
     | g126008                               | D v -> Y ^   | sky130_fd_sc_hd__nand4_2   | 0.120 |   6.632 |    6.316 | 
     | FE_RC_5_0                             | A ^ -> Y v   | sky130_fd_sc_hd__nand3_4   | 0.107 |   6.739 |    6.423 | 
     | FE_RC_6_0                             | A v -> Y ^   | sky130_fd_sc_hd__nand3_4   | 0.099 |   6.838 |    6.522 | 
     | alu_inst_muldiv_inst_mul_349_24_g8901 | B ^ -> Y v   | sky130_fd_sc_hd__nand3_2   | 0.099 |   6.937 |    6.621 | 
     | g119435                               | A v -> Y ^   | sky130_fd_sc_hd__nand2_4   | 0.096 |   7.033 |    6.717 | 
     | g125512                               | A ^ -> Y v   | sky130_fd_sc_hd__nand2_4   | 0.059 |   7.092 |    6.776 | 
     | g125516                               | A v -> Y ^   | sky130_fd_sc_hd__nand2_2   | 0.053 |   7.145 |    6.829 | 
     | g125187                               | A ^ -> Y v   | sky130_fd_sc_hd__nand3_2   | 0.072 |   7.217 |    6.901 | 
     | g108191                               | A v -> Y ^   | sky130_fd_sc_hd__nand2_2   | 0.084 |   7.301 |    6.985 | 
     | g126298                               | A ^ -> Y v   | sky130_fd_sc_hd__nand2_2   | 0.068 |   7.369 |    7.053 | 
     | g126297                               | A v -> Y ^   | sky130_fd_sc_hd__nand2_4   | 0.069 |   7.438 |    7.122 | 
     | g126296                               | A ^ -> Y v   | sky130_fd_sc_hd__nand2_2   | 0.048 |   7.487 |    7.171 | 
     | g134                                  | A v -> Y ^   | sky130_fd_sc_hd__nand2_2   | 0.072 |   7.558 |    7.242 | 
     | g120067                               | A ^ -> Y v   | sky130_fd_sc_hd__nand2_2   | 0.060 |   7.619 |    7.303 | 
     | g126773                               | A v -> Y ^   | sky130_fd_sc_hd__nand2_2   | 0.067 |   7.686 |    7.370 | 
     | g126246                               | A ^ -> Y v   | sky130_fd_sc_hd__nand2_2   | 0.049 |   7.734 |    7.419 | 
     | g126245                               | A v -> Y ^   | sky130_fd_sc_hd__nand2_2   | 0.072 |   7.806 |    7.490 | 
     | fopt124279                            | A ^ -> Y v   | sky130_fd_sc_hd__inv_1     | 0.043 |   7.849 |    7.533 | 
     | g126258                               | A v -> Y ^   | sky130_fd_sc_hd__nand2_1   | 0.064 |   7.913 |    7.597 | 
     | g126257                               | A ^ -> Y v   | sky130_fd_sc_hd__nand2_1   | 0.049 |   7.962 |    7.646 | 
     | g127453                               | A v -> Y ^   | sky130_fd_sc_hd__nand2_1   | 0.092 |   8.054 |    7.738 | 
     | g127452                               | A ^ -> Y v   | sky130_fd_sc_hd__nand2_4   | 0.081 |   8.135 |    7.819 | 
     | g127459                               | B v -> Y ^   | sky130_fd_sc_hd__nand2_1   | 0.103 |   8.238 |    7.922 | 
     | FE_OFC1490_n_20562                    | A ^ -> Y v   | sky130_fd_sc_hd__inv_2     | 0.092 |   8.330 |    8.014 | 
     | g107275                               | A v -> Y ^   | sky130_fd_sc_hd__nand2_1   | 0.061 |   8.390 |    8.074 | 
     | g128424                               | B ^ -> X ^   | sky130_fd_sc_hd__and2_1    | 0.156 |   8.546 |    8.230 | 
     | g127822                               | B ^ -> Y v   | sky130_fd_sc_hd__nand2_1   | 0.125 |   8.671 |    8.355 | 
     | g127826                               | A v -> Y ^   | sky130_fd_sc_hd__nor2_2    | 0.139 |   8.810 |    8.494 | 
     | g127825                               | A ^ -> Y v   | sky130_fd_sc_hd__inv_2     | 0.051 |   8.861 |    8.545 | 
     | g124888                               | A v -> Y ^   | sky130_fd_sc_hd__nor2_1    | 0.120 |   8.981 |    8.666 | 
     | g121825                               | B ^ -> X ^   | sky130_fd_sc_hd__and2_1    | 0.141 |   9.122 |    8.807 | 
     | g121824                               | A2 ^ -> Y v  | sky130_fd_sc_hd__o21ai_1   | 0.054 |   9.176 |    8.860 | 
     | g128234                               | A2 v -> Y ^  | sky130_fd_sc_hd__o21ai_1   | 0.146 |   9.322 |    9.006 | 
     | g128232                               | B ^ -> Y v   | sky130_fd_sc_hd__nand2_1   | 0.108 |   9.429 |    9.113 | 
     | g128231                               | A v -> Y ^   | sky130_fd_sc_hd__nand3_1   | 0.129 |   9.558 |    9.242 | 
     | result_r_reg[11]                      | D ^          | sky130_fd_sc_hd__dfrtp_1   | 0.000 |   9.558 |    9.243 | 
     +----------------------------------------------------------------------------------------------------------------+ 
     Clock Rise Edge                      0.000
     + Source Insertion Delay            -0.181
     = Beginpoint Arrival Time           -0.181
     Other End Path:
     +--------------------------------------------------------------------------------------------+ 
     |      Instance       |    Arc     |            Cell            | Delay | Arrival | Required | 
     |                     |            |                            |       |  Time   |   Time   | 
     |---------------------+------------+----------------------------+-------+---------+----------| 
     |                     | clk ^      |                            |       |  -0.181 |    0.135 | 
     | CTS_ccl_a_inv_00003 | A ^ -> Y v | sky130_fd_sc_hd__clkinv_16 | 0.060 |  -0.121 |    0.195 | 
     | CTS_ccl_a_inv_00002 | A v -> Y ^ | sky130_fd_sc_hd__clkinv_16 | 0.118 |  -0.003 |    0.313 | 
     | result_r_reg[11]    | CLK ^      | sky130_fd_sc_hd__dfrtp_1   | 0.002 |  -0.001 |    0.315 | 
     +--------------------------------------------------------------------------------------------+ 
Path 4: VIOLATED Setup Check with Pin result_r_reg[10]/CLK 
Endpoint:   result_r_reg[10]/D (v) checked with  leading edge of 'clk'
Beginpoint: in2_r_reg[3]/Q     (^) triggered by  leading edge of 'clk'
Path Groups: {clk}
Analysis View: VIEW_TYP
Other End Arrival Time         -0.001
- Setup                         0.098
+ Phase Shift                   9.300
= Required Time                 9.201
- Arrival Time                  9.514
= Slack Time                   -0.313
     Clock Rise Edge                      0.000
     + Source Insertion Delay            -0.181
     = Beginpoint Arrival Time           -0.181
     Timing Path:
     +----------------------------------------------------------------------------------------------------------------+ 
     |               Instance                |     Arc      |            Cell            | Delay | Arrival | Required | 
     |                                       |              |                            |       |  Time   |   Time   | 
     |---------------------------------------+--------------+----------------------------+-------+---------+----------| 
     |                                       | clk ^        |                            |       |  -0.181 |   -0.494 | 
     | CTS_ccl_a_inv_00003                   | A ^ -> Y v   | sky130_fd_sc_hd__clkinv_16 | 0.060 |  -0.121 |   -0.433 | 
     | CTS_ccl_a_inv_00001                   | A v -> Y ^   | sky130_fd_sc_hd__clkinv_16 | 0.113 |  -0.008 |   -0.320 | 
     | in2_r_reg[3]                          | CLK ^ -> Q ^ | sky130_fd_sc_hd__sdfrtp_2  | 0.466 |   0.458 |    0.145 | 
     | FE_OFC1695_in2_r_3                    | A ^ -> Y v   | sky130_fd_sc_hd__clkinv_1  | 0.111 |   0.569 |    0.256 | 
     | g114707                               | A v -> Y ^   | sky130_fd_sc_hd__nand2_1   | 0.079 |   0.648 |    0.335 | 
     | g114696                               | A ^ -> Y v   | sky130_fd_sc_hd__inv_2     | 0.057 |   0.705 |    0.392 | 
     | g121090                               | D v -> Y ^   | sky130_fd_sc_hd__nand4_1   | 0.080 |   0.784 |    0.472 | 
     | g119622                               | A ^ -> Y v   | sky130_fd_sc_hd__nand2_1   | 0.060 |   0.845 |    0.532 | 
     | g128542                               | A_N v -> Y v | sky130_fd_sc_hd__nand2b_1  | 0.142 |   0.987 |    0.674 | 
     | g124605                               | A v -> Y ^   | sky130_fd_sc_hd__nand2_1   | 0.143 |   1.130 |    0.817 | 
     | g124609                               | A ^ -> Y v   | sky130_fd_sc_hd__nand2_1   | 0.072 |   1.201 |    0.889 | 
     | g114389                               | A v -> Y ^   | sky130_fd_sc_hd__nand2_1   | 0.057 |   1.259 |    0.946 | 
     | g124754                               | A ^ -> Y v   | sky130_fd_sc_hd__nand2_1   | 0.060 |   1.318 |    1.006 | 
     | FE_RC_29_0                            | B1 v -> Y ^  | sky130_fd_sc_hd__a21oi_2   | 0.115 |   1.434 |    1.121 | 
     | g124752                               | A ^ -> Y v   | sky130_fd_sc_hd__nand2_2   | 0.080 |   1.514 |    1.201 | 
     | FE_OFC1320_n_17344                    | A v -> Y ^   | sky130_fd_sc_hd__clkinv_4  | 0.082 |   1.596 |    1.284 | 
     | FE_OFC1321_n_17344                    | A ^ -> X ^   | sky130_fd_sc_hd__buf_2     | 0.171 |   1.767 |    1.455 | 
     | g207_0                                | A1 ^ -> X ^  | sky130_fd_sc_hd__a21o_1    | 0.186 |   1.954 |    1.641 | 
     | g121664                               | A ^ -> Y v   | sky130_fd_sc_hd__nor2_1    | 0.056 |   2.010 |    1.697 | 
     | g121663                               | A_N v -> Y v | sky130_fd_sc_hd__nand3b_1  | 0.159 |   2.169 |    1.856 | 
     | g124798                               | A v -> Y ^   | sky130_fd_sc_hd__nand2_2   | 0.095 |   2.264 |    1.951 | 
     | g122388                               | A ^ -> Y v   | sky130_fd_sc_hd__nand2_4   | 0.110 |   2.374 |    2.061 | 
     | FE_OFC944_n_14738                     | A v -> X v   | sky130_fd_sc_hd__buf_6     | 0.212 |   2.586 |    2.274 | 
     | g112714                               | B v -> Y ^   | sky130_fd_sc_hd__nand2_1   | 0.194 |   2.780 |    2.468 | 
     | FE_OFC1592_n_2660                     | A ^ -> Y v   | sky130_fd_sc_hd__inv_2     | 0.196 |   2.976 |    2.664 | 
     | g111295                               | B v -> Y ^   | sky130_fd_sc_hd__nand2b_2  | 0.399 |   3.375 |    3.062 | 
     | g110164__7098                         | A3 ^ -> Y v  | sky130_fd_sc_hd__o32ai_1   | 0.183 |   3.557 |    3.245 | 
     | g109960__2802                         | C v -> Y ^   | sky130_fd_sc_hd__nor3_2    | 0.527 |   4.084 |    3.772 | 
     | g109859__2346                         | A ^ -> Y v   | sky130_fd_sc_hd__nand4_1   | 0.226 |   4.310 |    3.997 | 
     | g122551                               | A v -> Y ^   | sky130_fd_sc_hd__nor2_2    | 0.363 |   4.673 |    4.360 | 
     | g122547                               | D ^ -> Y v   | sky130_fd_sc_hd__nand4_1   | 0.165 |   4.837 |    4.525 | 
     | g122546                               | A v -> Y ^   | sky130_fd_sc_hd__nand2_1   | 0.101 |   4.938 |    4.625 | 
     | g119688                               | A ^ -> Y v   | sky130_fd_sc_hd__nand2_2   | 0.116 |   5.054 |    4.741 | 
     | FE_DBTC47_n_11506                     | A v -> Y ^   | sky130_fd_sc_hd__clkinv_1  | 0.073 |   5.127 |    4.814 | 
     | g125011                               | A ^ -> Y v   | sky130_fd_sc_hd__nand2_1   | 0.054 |   5.181 |    4.868 | 
     | g122378                               | B v -> Y ^   | sky130_fd_sc_hd__nand2_2   | 0.100 |   5.281 |    4.969 | 
     | FE_OFC35_n_14732                      | A ^ -> X ^   | sky130_fd_sc_hd__buf_6     | 0.159 |   5.440 |    5.127 | 
     | alu_inst_muldiv_inst_mul_349_24_g9638 | A1 ^ -> X ^  | sky130_fd_sc_hd__o21a_2    | 0.175 |   5.615 |    5.302 | 
     | g127700                               | A ^ -> X v   | sky130_fd_sc_hd__xor3_2    | 0.466 |   6.081 |    5.768 | 
     | g120326                               | A v -> Y ^   | sky130_fd_sc_hd__inv_2     | 0.059 |   6.140 |    5.827 | 
     | g279                                  | A ^ -> Y v   | sky130_fd_sc_hd__nand3_1   | 0.056 |   6.196 |    5.883 | 
     | g127270                               | A v -> Y ^   | sky130_fd_sc_hd__nand2_1   | 0.087 |   6.283 |    5.970 | 
     | FE_RC_44_0                            | A ^ -> Y v   | sky130_fd_sc_hd__nand2_1   | 0.068 |   6.350 |    6.038 | 
     | FE_RC_43_0                            | B1 v -> Y ^  | sky130_fd_sc_hd__o21ai_2   | 0.071 |   6.421 |    6.109 | 
     | g127268                               | A ^ -> Y v   | sky130_fd_sc_hd__nand2_2   | 0.091 |   6.512 |    6.199 | 
     | g126008                               | D v -> Y ^   | sky130_fd_sc_hd__nand4_2   | 0.120 |   6.632 |    6.319 | 
     | FE_RC_5_0                             | A ^ -> Y v   | sky130_fd_sc_hd__nand3_4   | 0.107 |   6.739 |    6.427 | 
     | FE_RC_6_0                             | A v -> Y ^   | sky130_fd_sc_hd__nand3_4   | 0.099 |   6.838 |    6.525 | 
     | alu_inst_muldiv_inst_mul_349_24_g8901 | B ^ -> Y v   | sky130_fd_sc_hd__nand3_2   | 0.099 |   6.937 |    6.624 | 
     | g119435                               | A v -> Y ^   | sky130_fd_sc_hd__nand2_4   | 0.096 |   7.033 |    6.720 | 
     | g125512                               | A ^ -> Y v   | sky130_fd_sc_hd__nand2_4   | 0.059 |   7.092 |    6.779 | 
     | g125516                               | A v -> Y ^   | sky130_fd_sc_hd__nand2_2   | 0.053 |   7.145 |    6.832 | 
     | g125187                               | A ^ -> Y v   | sky130_fd_sc_hd__nand3_2   | 0.072 |   7.217 |    6.904 | 
     | g108191                               | A v -> Y ^   | sky130_fd_sc_hd__nand2_2   | 0.084 |   7.301 |    6.988 | 
     | g126298                               | A ^ -> Y v   | sky130_fd_sc_hd__nand2_2   | 0.068 |   7.369 |    7.057 | 
     | g126297                               | A v -> Y ^   | sky130_fd_sc_hd__nand2_4   | 0.069 |   7.438 |    7.126 | 
     | g126296                               | A ^ -> Y v   | sky130_fd_sc_hd__nand2_2   | 0.048 |   7.487 |    7.174 | 
     | g134                                  | A v -> Y ^   | sky130_fd_sc_hd__nand2_2   | 0.072 |   7.558 |    7.246 | 
     | g120067                               | A ^ -> Y v   | sky130_fd_sc_hd__nand2_2   | 0.060 |   7.619 |    7.306 | 
     | g126773                               | A v -> Y ^   | sky130_fd_sc_hd__nand2_2   | 0.067 |   7.686 |    7.373 | 
     | g126246                               | A ^ -> Y v   | sky130_fd_sc_hd__nand2_2   | 0.049 |   7.734 |    7.422 | 
     | g126245                               | A v -> Y ^   | sky130_fd_sc_hd__nand2_2   | 0.072 |   7.806 |    7.493 | 
     | fopt124279                            | A ^ -> Y v   | sky130_fd_sc_hd__inv_1     | 0.043 |   7.849 |    7.536 | 
     | g126258                               | A v -> Y ^   | sky130_fd_sc_hd__nand2_1   | 0.064 |   7.913 |    7.600 | 
     | g127454                               | B ^ -> Y v   | sky130_fd_sc_hd__nand3_1   | 0.118 |   8.031 |    7.718 | 
     | g127452                               | B v -> Y ^   | sky130_fd_sc_hd__nand2_4   | 0.124 |   8.154 |    7.842 | 
     | FE_OFC1115_n_20559                    | A ^ -> Y v   | sky130_fd_sc_hd__inv_4     | 0.063 |   8.217 |    7.905 | 
     | g125386                               | B v -> Y ^   | sky130_fd_sc_hd__nand3_2   | 0.126 |   8.344 |    8.031 | 
     | g128421                               | B ^ -> X ^   | sky130_fd_sc_hd__and2_4    | 0.170 |   8.514 |    8.201 | 
     | g123730                               | A ^ -> Y v   | sky130_fd_sc_hd__nand3_4   | 0.084 |   8.597 |    8.285 | 
     | FE_DBTC74_n_16273                     | A v -> Y ^   | sky130_fd_sc_hd__clkinv_1  | 0.076 |   8.673 |    8.360 | 
     | g122806                               | B ^ -> Y v   | sky130_fd_sc_hd__nand2b_1  | 0.052 |   8.725 |    8.412 | 
     | g122805                               | A v -> Y ^   | sky130_fd_sc_hd__nor2_1    | 0.123 |   8.848 |    8.535 | 
     | g127820                               | A ^ -> Y v   | sky130_fd_sc_hd__nand2_2   | 0.091 |   8.939 |    8.626 | 
     | FE_OFC1479_n_21131                    | A v -> Y ^   | sky130_fd_sc_hd__inv_2     | 0.064 |   9.002 |    8.690 | 
     | g128352                               | A ^ -> Y v   | sky130_fd_sc_hd__nand2_1   | 0.054 |   9.056 |    8.744 | 
     | FE_OFC1477_21719                      | A v -> Y ^   | sky130_fd_sc_hd__inv_2     | 0.094 |   9.150 |    8.838 | 
     | g125572                               | A ^ -> Y v   | sky130_fd_sc_hd__nand2_1   | 0.059 |   9.209 |    8.897 | 
     | g125169                               | A v -> Y ^   | sky130_fd_sc_hd__nand3_1   | 0.073 |   9.283 |    8.970 | 
     | g123438                               | A ^ -> Y v   | sky130_fd_sc_hd__nand3_2   | 0.071 |   9.353 |    9.041 | 
     | g127238                               | A v -> Y ^   | sky130_fd_sc_hd__nand2_2   | 0.085 |   9.439 |    9.126 | 
     | g127235                               | B ^ -> Y v   | sky130_fd_sc_hd__nand3_2   | 0.075 |   9.514 |    9.201 | 
     | result_r_reg[10]                      | D v          | sky130_fd_sc_hd__dfrtp_1   | 0.000 |   9.514 |    9.201 | 
     +----------------------------------------------------------------------------------------------------------------+ 
     Clock Rise Edge                      0.000
     + Source Insertion Delay            -0.181
     = Beginpoint Arrival Time           -0.181
     Other End Path:
     +--------------------------------------------------------------------------------------------+ 
     |      Instance       |    Arc     |            Cell            | Delay | Arrival | Required | 
     |                     |            |                            |       |  Time   |   Time   | 
     |---------------------+------------+----------------------------+-------+---------+----------| 
     |                     | clk ^      |                            |       |  -0.181 |    0.131 | 
     | CTS_ccl_a_inv_00003 | A ^ -> Y v | sky130_fd_sc_hd__clkinv_16 | 0.060 |  -0.121 |    0.192 | 
     | CTS_ccl_a_inv_00002 | A v -> Y ^ | sky130_fd_sc_hd__clkinv_16 | 0.118 |  -0.003 |    0.310 | 
     | result_r_reg[10]    | CLK ^      | sky130_fd_sc_hd__dfrtp_1   | 0.002 |  -0.001 |    0.312 | 
     +--------------------------------------------------------------------------------------------+ 
Path 5: VIOLATED Setup Check with Pin result_r_reg[4]/CLK 
Endpoint:   result_r_reg[4]/D (v) checked with  leading edge of 'clk'
Beginpoint: in2_r_reg[3]/Q    (^) triggered by  leading edge of 'clk'
Path Groups: {clk}
Analysis View: VIEW_TYP
Other End Arrival Time          0.000
- Setup                         0.119
+ Phase Shift                   9.300
= Required Time                 9.182
- Arrival Time                  9.491
= Slack Time                   -0.309
     Clock Rise Edge                      0.000
     + Source Insertion Delay            -0.181
     = Beginpoint Arrival Time           -0.181
     Timing Path:
     +----------------------------------------------------------------------------------------------------------------+ 
     |               Instance                |     Arc      |            Cell            | Delay | Arrival | Required | 
     |                                       |              |                            |       |  Time   |   Time   | 
     |---------------------------------------+--------------+----------------------------+-------+---------+----------| 
     |                                       | clk ^        |                            |       |  -0.181 |   -0.490 | 
     | CTS_ccl_a_inv_00003                   | A ^ -> Y v   | sky130_fd_sc_hd__clkinv_16 | 0.060 |  -0.121 |   -0.430 | 
     | CTS_ccl_a_inv_00001                   | A v -> Y ^   | sky130_fd_sc_hd__clkinv_16 | 0.113 |  -0.008 |   -0.317 | 
     | in2_r_reg[3]                          | CLK ^ -> Q ^ | sky130_fd_sc_hd__sdfrtp_2  | 0.466 |   0.458 |    0.149 | 
     | FE_OFC1695_in2_r_3                    | A ^ -> Y v   | sky130_fd_sc_hd__clkinv_1  | 0.111 |   0.569 |    0.259 | 
     | g114707                               | A v -> Y ^   | sky130_fd_sc_hd__nand2_1   | 0.079 |   0.648 |    0.339 | 
     | g114696                               | A ^ -> Y v   | sky130_fd_sc_hd__inv_2     | 0.057 |   0.705 |    0.395 | 
     | g121090                               | D v -> Y ^   | sky130_fd_sc_hd__nand4_1   | 0.080 |   0.784 |    0.475 | 
     | g119622                               | A ^ -> Y v   | sky130_fd_sc_hd__nand2_1   | 0.060 |   0.845 |    0.536 | 
     | g128542                               | A_N v -> Y v | sky130_fd_sc_hd__nand2b_1  | 0.142 |   0.987 |    0.678 | 
     | g124605                               | A v -> Y ^   | sky130_fd_sc_hd__nand2_1   | 0.143 |   1.130 |    0.820 | 
     | g124609                               | A ^ -> Y v   | sky130_fd_sc_hd__nand2_1   | 0.072 |   1.201 |    0.892 | 
     | g114389                               | A v -> Y ^   | sky130_fd_sc_hd__nand2_1   | 0.057 |   1.259 |    0.949 | 
     | g124754                               | A ^ -> Y v   | sky130_fd_sc_hd__nand2_1   | 0.060 |   1.318 |    1.009 | 
     | FE_RC_29_0                            | B1 v -> Y ^  | sky130_fd_sc_hd__a21oi_2   | 0.115 |   1.434 |    1.124 | 
     | g124752                               | A ^ -> Y v   | sky130_fd_sc_hd__nand2_2   | 0.080 |   1.514 |    1.205 | 
     | FE_OFC1320_n_17344                    | A v -> Y ^   | sky130_fd_sc_hd__clkinv_4  | 0.082 |   1.596 |    1.287 | 
     | FE_OFC1321_n_17344                    | A ^ -> X ^   | sky130_fd_sc_hd__buf_2     | 0.171 |   1.767 |    1.458 | 
     | g207_0                                | A1 ^ -> X ^  | sky130_fd_sc_hd__a21o_1    | 0.186 |   1.954 |    1.644 | 
     | g121664                               | A ^ -> Y v   | sky130_fd_sc_hd__nor2_1    | 0.056 |   2.010 |    1.700 | 
     | g121663                               | A_N v -> Y v | sky130_fd_sc_hd__nand3b_1  | 0.159 |   2.169 |    1.859 | 
     | g124798                               | A v -> Y ^   | sky130_fd_sc_hd__nand2_2   | 0.095 |   2.264 |    1.955 | 
     | g122388                               | A ^ -> Y v   | sky130_fd_sc_hd__nand2_4   | 0.110 |   2.374 |    2.065 | 
     | FE_OFC944_n_14738                     | A v -> X v   | sky130_fd_sc_hd__buf_6     | 0.212 |   2.586 |    2.277 | 
     | g112714                               | B v -> Y ^   | sky130_fd_sc_hd__nand2_1   | 0.194 |   2.780 |    2.471 | 
     | FE_OFC1592_n_2660                     | A ^ -> Y v   | sky130_fd_sc_hd__inv_2     | 0.196 |   2.976 |    2.667 | 
     | g111295                               | B v -> Y ^   | sky130_fd_sc_hd__nand2b_2  | 0.399 |   3.375 |    3.066 | 
     | g110164__7098                         | A3 ^ -> Y v  | sky130_fd_sc_hd__o32ai_1   | 0.183 |   3.557 |    3.248 | 
     | g109960__2802                         | C v -> Y ^   | sky130_fd_sc_hd__nor3_2    | 0.527 |   4.084 |    3.775 | 
     | g109859__2346                         | A ^ -> Y v   | sky130_fd_sc_hd__nand4_1   | 0.226 |   4.310 |    4.001 | 
     | g122551                               | A v -> Y ^   | sky130_fd_sc_hd__nor2_2    | 0.363 |   4.673 |    4.363 | 
     | g122547                               | D ^ -> Y v   | sky130_fd_sc_hd__nand4_1   | 0.165 |   4.837 |    4.528 | 
     | g122546                               | A v -> Y ^   | sky130_fd_sc_hd__nand2_1   | 0.101 |   4.938 |    4.629 | 
     | g119688                               | A ^ -> Y v   | sky130_fd_sc_hd__nand2_2   | 0.116 |   5.054 |    4.744 | 
     | FE_DBTC47_n_11506                     | A v -> Y ^   | sky130_fd_sc_hd__clkinv_1  | 0.073 |   5.127 |    4.818 | 
     | g125011                               | A ^ -> Y v   | sky130_fd_sc_hd__nand2_1   | 0.054 |   5.181 |    4.871 | 
     | g122378                               | B v -> Y ^   | sky130_fd_sc_hd__nand2_2   | 0.100 |   5.281 |    4.972 | 
     | FE_OFC35_n_14732                      | A ^ -> X ^   | sky130_fd_sc_hd__buf_6     | 0.159 |   5.440 |    5.131 | 
     | alu_inst_muldiv_inst_mul_349_24_g9638 | A1 ^ -> X ^  | sky130_fd_sc_hd__o21a_2    | 0.175 |   5.615 |    5.305 | 
     | g127700                               | A ^ -> X v   | sky130_fd_sc_hd__xor3_2    | 0.466 |   6.081 |    5.772 | 
     | g120326                               | A v -> Y ^   | sky130_fd_sc_hd__inv_2     | 0.059 |   6.140 |    5.831 | 
     | g279                                  | A ^ -> Y v   | sky130_fd_sc_hd__nand3_1   | 0.056 |   6.196 |    5.886 | 
     | g127270                               | A v -> Y ^   | sky130_fd_sc_hd__nand2_1   | 0.087 |   6.283 |    5.973 | 
     | FE_RC_44_0                            | A ^ -> Y v   | sky130_fd_sc_hd__nand2_1   | 0.068 |   6.350 |    6.041 | 
     | FE_RC_43_0                            | B1 v -> Y ^  | sky130_fd_sc_hd__o21ai_2   | 0.071 |   6.421 |    6.112 | 
     | g127268                               | A ^ -> Y v   | sky130_fd_sc_hd__nand2_2   | 0.091 |   6.512 |    6.202 | 
     | g126008                               | D v -> Y ^   | sky130_fd_sc_hd__nand4_2   | 0.120 |   6.632 |    6.322 | 
     | FE_RC_5_0                             | A ^ -> Y v   | sky130_fd_sc_hd__nand3_4   | 0.107 |   6.739 |    6.430 | 
     | FE_RC_6_0                             | A v -> Y ^   | sky130_fd_sc_hd__nand3_4   | 0.099 |   6.838 |    6.529 | 
     | alu_inst_muldiv_inst_mul_349_24_g8901 | B ^ -> Y v   | sky130_fd_sc_hd__nand3_2   | 0.099 |   6.937 |    6.628 | 
     | g119435                               | A v -> Y ^   | sky130_fd_sc_hd__nand2_4   | 0.096 |   7.033 |    6.724 | 
     | g125512                               | A ^ -> Y v   | sky130_fd_sc_hd__nand2_4   | 0.059 |   7.092 |    6.782 | 
     | g125516                               | A v -> Y ^   | sky130_fd_sc_hd__nand2_2   | 0.053 |   7.145 |    6.836 | 
     | g125187                               | A ^ -> Y v   | sky130_fd_sc_hd__nand3_2   | 0.072 |   7.217 |    6.908 | 
     | g108191                               | A v -> Y ^   | sky130_fd_sc_hd__nand2_2   | 0.084 |   7.301 |    6.992 | 
     | g126298                               | A ^ -> Y v   | sky130_fd_sc_hd__nand2_2   | 0.068 |   7.369 |    7.060 | 
     | g126297                               | A v -> Y ^   | sky130_fd_sc_hd__nand2_4   | 0.069 |   7.438 |    7.129 | 
     | g126296                               | A ^ -> Y v   | sky130_fd_sc_hd__nand2_2   | 0.048 |   7.487 |    7.177 | 
     | g134                                  | A v -> Y ^   | sky130_fd_sc_hd__nand2_2   | 0.072 |   7.558 |    7.249 | 
     | g120067                               | A ^ -> Y v   | sky130_fd_sc_hd__nand2_2   | 0.060 |   7.619 |    7.309 | 
     | g126773                               | A v -> Y ^   | sky130_fd_sc_hd__nand2_2   | 0.067 |   7.686 |    7.376 | 
     | g126770                               | B ^ -> Y v   | sky130_fd_sc_hd__nand2_1   | 0.064 |   7.749 |    7.440 | 
     | g126769                               | A v -> Y ^   | sky130_fd_sc_hd__nand2_2   | 0.086 |   7.835 |    7.526 | 
     | FE_OFC488_n_19787                     | A ^ -> Y v   | sky130_fd_sc_hd__inv_2     | 0.045 |   7.880 |    7.571 | 
     | g119389                               | B v -> Y ^   | sky130_fd_sc_hd__nand2_1   | 0.087 |   7.967 |    7.658 | 
     | g217                                  | A ^ -> Y v   | sky130_fd_sc_hd__nand2_1   | 0.151 |   8.118 |    7.809 | 
     | g125358                               | A v -> Y ^   | sky130_fd_sc_hd__nor2_1    | 0.295 |   8.413 |    8.104 | 
     | g123151                               | B ^ -> Y v   | sky130_fd_sc_hd__nand2_1   | 0.142 |   8.555 |    8.246 | 
     | g123730                               | B v -> Y ^   | sky130_fd_sc_hd__nand3_4   | 0.123 |   8.678 |    8.369 | 
     | FE_DBTC74_n_16273                     | A ^ -> Y v   | sky130_fd_sc_hd__clkinv_1  | 0.091 |   8.769 |    8.459 | 
     | FE_OFC1483_FE_DBTN74_n_16273          | A v -> X v   | sky130_fd_sc_hd__clkbuf_1  | 0.156 |   8.924 |    8.615 | 
     | g124870                               | A v -> Y ^   | sky130_fd_sc_hd__nand2_1   | 0.077 |   9.002 |    8.692 | 
     | g124869                               | A1 ^ -> Y v  | sky130_fd_sc_hd__o21bai_1  | 0.073 |   9.074 |    8.765 | 
     | g124868                               | B v -> Y ^   | sky130_fd_sc_hd__nand2b_1  | 0.070 |   9.144 |    8.835 | 
     | g124862                               | C1 ^ -> Y v  | sky130_fd_sc_hd__o211ai_1  | 0.128 |   9.273 |    8.963 | 
     | g105879                               | A v -> Y ^   | sky130_fd_sc_hd__nor2_1    | 0.151 |   9.424 |    9.115 | 
     | g105857                               | B2 ^ -> Y v  | sky130_fd_sc_hd__o2bb2ai_1 | 0.067 |   9.491 |    9.182 | 
     | result_r_reg[4]                       | D v          | sky130_fd_sc_hd__dfrtp_1   | 0.000 |   9.491 |    9.182 | 
     +----------------------------------------------------------------------------------------------------------------+ 
     Clock Rise Edge                      0.000
     + Source Insertion Delay            -0.181
     = Beginpoint Arrival Time           -0.181
     Other End Path:
     +--------------------------------------------------------------------------------------------+ 
     |      Instance       |    Arc     |            Cell            | Delay | Arrival | Required | 
     |                     |            |                            |       |  Time   |   Time   | 
     |---------------------+------------+----------------------------+-------+---------+----------| 
     |                     | clk ^      |                            |       |  -0.181 |    0.128 | 
     | CTS_ccl_a_inv_00003 | A ^ -> Y v | sky130_fd_sc_hd__clkinv_16 | 0.060 |  -0.121 |    0.188 | 
     | CTS_ccl_a_inv_00002 | A v -> Y ^ | sky130_fd_sc_hd__clkinv_16 | 0.118 |  -0.003 |    0.306 | 
     | result_r_reg[4]     | CLK ^      | sky130_fd_sc_hd__dfrtp_1   | 0.003 |   0.000 |    0.309 | 
     +--------------------------------------------------------------------------------------------+ 
Path 6: VIOLATED Setup Check with Pin result_r_reg[6]/CLK 
Endpoint:   result_r_reg[6]/D (v) checked with  leading edge of 'clk'
Beginpoint: in2_r_reg[3]/Q    (^) triggered by  leading edge of 'clk'
Path Groups: {clk}
Analysis View: VIEW_TYP
Other End Arrival Time          0.000
- Setup                         0.120
+ Phase Shift                   9.300
= Required Time                 9.181
- Arrival Time                  9.473
= Slack Time                   -0.292
     Clock Rise Edge                      0.000
     + Source Insertion Delay            -0.181
     = Beginpoint Arrival Time           -0.181
     Timing Path:
     +----------------------------------------------------------------------------------------------------------------+ 
     |               Instance                |     Arc      |            Cell            | Delay | Arrival | Required | 
     |                                       |              |                            |       |  Time   |   Time   | 
     |---------------------------------------+--------------+----------------------------+-------+---------+----------| 
     |                                       | clk ^        |                            |       |  -0.181 |   -0.473 | 
     | CTS_ccl_a_inv_00003                   | A ^ -> Y v   | sky130_fd_sc_hd__clkinv_16 | 0.060 |  -0.121 |   -0.413 | 
     | CTS_ccl_a_inv_00001                   | A v -> Y ^   | sky130_fd_sc_hd__clkinv_16 | 0.113 |  -0.008 |   -0.299 | 
     | in2_r_reg[3]                          | CLK ^ -> Q ^ | sky130_fd_sc_hd__sdfrtp_2  | 0.466 |   0.458 |    0.166 | 
     | FE_OFC1695_in2_r_3                    | A ^ -> Y v   | sky130_fd_sc_hd__clkinv_1  | 0.111 |   0.569 |    0.277 | 
     | g114707                               | A v -> Y ^   | sky130_fd_sc_hd__nand2_1   | 0.079 |   0.648 |    0.356 | 
     | g114696                               | A ^ -> Y v   | sky130_fd_sc_hd__inv_2     | 0.057 |   0.705 |    0.413 | 
     | g121090                               | D v -> Y ^   | sky130_fd_sc_hd__nand4_1   | 0.080 |   0.784 |    0.493 | 
     | g119622                               | A ^ -> Y v   | sky130_fd_sc_hd__nand2_1   | 0.060 |   0.845 |    0.553 | 
     | g128542                               | A_N v -> Y v | sky130_fd_sc_hd__nand2b_1  | 0.142 |   0.987 |    0.695 | 
     | g124605                               | A v -> Y ^   | sky130_fd_sc_hd__nand2_1   | 0.143 |   1.130 |    0.838 | 
     | g124609                               | A ^ -> Y v   | sky130_fd_sc_hd__nand2_1   | 0.072 |   1.201 |    0.910 | 
     | g114389                               | A v -> Y ^   | sky130_fd_sc_hd__nand2_1   | 0.057 |   1.259 |    0.967 | 
     | g124754                               | A ^ -> Y v   | sky130_fd_sc_hd__nand2_1   | 0.060 |   1.318 |    1.027 | 
     | FE_RC_29_0                            | B1 v -> Y ^  | sky130_fd_sc_hd__a21oi_2   | 0.115 |   1.434 |    1.142 | 
     | g124752                               | A ^ -> Y v   | sky130_fd_sc_hd__nand2_2   | 0.080 |   1.514 |    1.222 | 
     | FE_OFC1320_n_17344                    | A v -> Y ^   | sky130_fd_sc_hd__clkinv_4  | 0.082 |   1.596 |    1.304 | 
     | FE_OFC1321_n_17344                    | A ^ -> X ^   | sky130_fd_sc_hd__buf_2     | 0.171 |   1.767 |    1.476 | 
     | g207_0                                | A1 ^ -> X ^  | sky130_fd_sc_hd__a21o_1    | 0.186 |   1.954 |    1.662 | 
     | g121664                               | A ^ -> Y v   | sky130_fd_sc_hd__nor2_1    | 0.056 |   2.010 |    1.718 | 
     | g121663                               | A_N v -> Y v | sky130_fd_sc_hd__nand3b_1  | 0.159 |   2.169 |    1.877 | 
     | g124798                               | A v -> Y ^   | sky130_fd_sc_hd__nand2_2   | 0.095 |   2.264 |    1.972 | 
     | g122388                               | A ^ -> Y v   | sky130_fd_sc_hd__nand2_4   | 0.110 |   2.374 |    2.082 | 
     | FE_OFC944_n_14738                     | A v -> X v   | sky130_fd_sc_hd__buf_6     | 0.212 |   2.586 |    2.294 | 
     | g112714                               | B v -> Y ^   | sky130_fd_sc_hd__nand2_1   | 0.194 |   2.780 |    2.488 | 
     | FE_OFC1592_n_2660                     | A ^ -> Y v   | sky130_fd_sc_hd__inv_2     | 0.196 |   2.976 |    2.684 | 
     | g111295                               | B v -> Y ^   | sky130_fd_sc_hd__nand2b_2  | 0.399 |   3.375 |    3.083 | 
     | g110164__7098                         | A3 ^ -> Y v  | sky130_fd_sc_hd__o32ai_1   | 0.183 |   3.557 |    3.266 | 
     | g109960__2802                         | C v -> Y ^   | sky130_fd_sc_hd__nor3_2    | 0.527 |   4.084 |    3.792 | 
     | g109859__2346                         | A ^ -> Y v   | sky130_fd_sc_hd__nand4_1   | 0.226 |   4.310 |    4.018 | 
     | g122551                               | A v -> Y ^   | sky130_fd_sc_hd__nor2_2    | 0.363 |   4.673 |    4.381 | 
     | g122547                               | D ^ -> Y v   | sky130_fd_sc_hd__nand4_1   | 0.165 |   4.837 |    4.546 | 
     | g122546                               | A v -> Y ^   | sky130_fd_sc_hd__nand2_1   | 0.101 |   4.938 |    4.646 | 
     | g119688                               | A ^ -> Y v   | sky130_fd_sc_hd__nand2_2   | 0.116 |   5.054 |    4.762 | 
     | FE_DBTC47_n_11506                     | A v -> Y ^   | sky130_fd_sc_hd__clkinv_1  | 0.073 |   5.127 |    4.835 | 
     | g125011                               | A ^ -> Y v   | sky130_fd_sc_hd__nand2_1   | 0.054 |   5.181 |    4.889 | 
     | g122378                               | B v -> Y ^   | sky130_fd_sc_hd__nand2_2   | 0.100 |   5.281 |    4.989 | 
     | FE_OFC35_n_14732                      | A ^ -> X ^   | sky130_fd_sc_hd__buf_6     | 0.159 |   5.440 |    5.148 | 
     | alu_inst_muldiv_inst_mul_349_24_g9638 | A1 ^ -> X ^  | sky130_fd_sc_hd__o21a_2    | 0.175 |   5.615 |    5.323 | 
     | g127700                               | A ^ -> X v   | sky130_fd_sc_hd__xor3_2    | 0.466 |   6.081 |    5.789 | 
     | g120326                               | A v -> Y ^   | sky130_fd_sc_hd__inv_2     | 0.059 |   6.140 |    5.848 | 
     | g279                                  | A ^ -> Y v   | sky130_fd_sc_hd__nand3_1   | 0.056 |   6.196 |    5.904 | 
     | g127270                               | A v -> Y ^   | sky130_fd_sc_hd__nand2_1   | 0.087 |   6.283 |    5.991 | 
     | FE_RC_44_0                            | A ^ -> Y v   | sky130_fd_sc_hd__nand2_1   | 0.068 |   6.350 |    6.058 | 
     | FE_RC_43_0                            | B1 v -> Y ^  | sky130_fd_sc_hd__o21ai_2   | 0.071 |   6.421 |    6.129 | 
     | g127268                               | A ^ -> Y v   | sky130_fd_sc_hd__nand2_2   | 0.091 |   6.512 |    6.220 | 
     | g126008                               | D v -> Y ^   | sky130_fd_sc_hd__nand4_2   | 0.120 |   6.632 |    6.340 | 
     | FE_RC_5_0                             | A ^ -> Y v   | sky130_fd_sc_hd__nand3_4   | 0.107 |   6.739 |    6.447 | 
     | FE_RC_6_0                             | A v -> Y ^   | sky130_fd_sc_hd__nand3_4   | 0.099 |   6.838 |    6.546 | 
     | alu_inst_muldiv_inst_mul_349_24_g8901 | B ^ -> Y v   | sky130_fd_sc_hd__nand3_2   | 0.099 |   6.937 |    6.645 | 
     | g119435                               | A v -> Y ^   | sky130_fd_sc_hd__nand2_4   | 0.096 |   7.033 |    6.741 | 
     | g125512                               | A ^ -> Y v   | sky130_fd_sc_hd__nand2_4   | 0.059 |   7.092 |    6.800 | 
     | g125516                               | A v -> Y ^   | sky130_fd_sc_hd__nand2_2   | 0.053 |   7.145 |    6.853 | 
     | g125187                               | A ^ -> Y v   | sky130_fd_sc_hd__nand3_2   | 0.072 |   7.217 |    6.925 | 
     | g108191                               | A v -> Y ^   | sky130_fd_sc_hd__nand2_2   | 0.084 |   7.301 |    7.009 | 
     | g126298                               | A ^ -> Y v   | sky130_fd_sc_hd__nand2_2   | 0.068 |   7.369 |    7.077 | 
     | g126297                               | A v -> Y ^   | sky130_fd_sc_hd__nand2_4   | 0.069 |   7.438 |    7.146 | 
     | g126296                               | A ^ -> Y v   | sky130_fd_sc_hd__nand2_2   | 0.048 |   7.487 |    7.195 | 
     | g134                                  | A v -> Y ^   | sky130_fd_sc_hd__nand2_2   | 0.072 |   7.558 |    7.266 | 
     | g120067                               | A ^ -> Y v   | sky130_fd_sc_hd__nand2_2   | 0.060 |   7.619 |    7.327 | 
     | g126773                               | A v -> Y ^   | sky130_fd_sc_hd__nand2_2   | 0.067 |   7.686 |    7.394 | 
     | g126770                               | B ^ -> Y v   | sky130_fd_sc_hd__nand2_1   | 0.064 |   7.749 |    7.458 | 
     | g126769                               | A v -> Y ^   | sky130_fd_sc_hd__nand2_2   | 0.086 |   7.835 |    7.543 | 
     | FE_OFC488_n_19787                     | A ^ -> Y v   | sky130_fd_sc_hd__inv_2     | 0.045 |   7.880 |    7.588 | 
     | g119389                               | B v -> Y ^   | sky130_fd_sc_hd__nand2_1   | 0.087 |   7.967 |    7.675 | 
     | g217                                  | A ^ -> Y v   | sky130_fd_sc_hd__nand2_1   | 0.151 |   8.118 |    7.827 | 
     | g125358                               | A v -> Y ^   | sky130_fd_sc_hd__nor2_1    | 0.295 |   8.413 |    8.121 | 
     | g123151                               | B ^ -> Y v   | sky130_fd_sc_hd__nand2_1   | 0.142 |   8.555 |    8.264 | 
     | g123730                               | B v -> Y ^   | sky130_fd_sc_hd__nand3_4   | 0.123 |   8.678 |    8.386 | 
     | FE_DBTC74_n_16273                     | A ^ -> Y v   | sky130_fd_sc_hd__clkinv_1  | 0.091 |   8.769 |    8.477 | 
     | g122806                               | B v -> Y ^   | sky130_fd_sc_hd__nand2b_1  | 0.074 |   8.843 |    8.551 | 
     | g122805                               | A ^ -> Y v   | sky130_fd_sc_hd__nor2_1    | 0.050 |   8.893 |    8.601 | 
     | g127820                               | A v -> Y ^   | sky130_fd_sc_hd__nand2_2   | 0.089 |   8.982 |    8.690 | 
     | FE_OFC1479_n_21131                    | A ^ -> Y v   | sky130_fd_sc_hd__inv_2     | 0.045 |   9.027 |    8.735 | 
     | g128352                               | A v -> Y ^   | sky130_fd_sc_hd__nand2_1   | 0.063 |   9.090 |    8.798 | 
     | FE_OFC1477_21719                      | A ^ -> Y v   | sky130_fd_sc_hd__inv_2     | 0.061 |   9.151 |    8.860 | 
     | g127999                               | A v -> Y ^   | sky130_fd_sc_hd__nand3_1   | 0.061 |   9.212 |    8.921 | 
     | FE_RC_20_0                            | A ^ -> Y v   | sky130_fd_sc_hd__nand2_1   | 0.065 |   9.278 |    8.986 | 
     | g127634                               | A v -> Y ^   | sky130_fd_sc_hd__nor2_1    | 0.124 |   9.402 |    9.110 | 
     | g105861                               | B2 ^ -> Y v  | sky130_fd_sc_hd__o2bb2ai_1 | 0.071 |   9.472 |    9.181 | 
     | result_r_reg[6]                       | D v          | sky130_fd_sc_hd__dfrtp_1   | 0.000 |   9.473 |    9.181 | 
     +----------------------------------------------------------------------------------------------------------------+ 
     Clock Rise Edge                      0.000
     + Source Insertion Delay            -0.181
     = Beginpoint Arrival Time           -0.181
     Other End Path:
     +--------------------------------------------------------------------------------------------+ 
     |      Instance       |    Arc     |            Cell            | Delay | Arrival | Required | 
     |                     |            |                            |       |  Time   |   Time   | 
     |---------------------+------------+----------------------------+-------+---------+----------| 
     |                     | clk ^      |                            |       |  -0.181 |    0.111 | 
     | CTS_ccl_a_inv_00003 | A ^ -> Y v | sky130_fd_sc_hd__clkinv_16 | 0.060 |  -0.121 |    0.171 | 
     | CTS_ccl_a_inv_00002 | A v -> Y ^ | sky130_fd_sc_hd__clkinv_16 | 0.118 |  -0.003 |    0.289 | 
     | result_r_reg[6]     | CLK ^      | sky130_fd_sc_hd__dfrtp_1   | 0.003 |   0.000 |    0.292 | 
     +--------------------------------------------------------------------------------------------+ 
Path 7: VIOLATED Setup Check with Pin result_r_reg[7]/CLK 
Endpoint:   result_r_reg[7]/D (^) checked with  leading edge of 'clk'
Beginpoint: in2_r_reg[3]/Q    (^) triggered by  leading edge of 'clk'
Path Groups: {clk}
Analysis View: VIEW_TYP
Other End Arrival Time          0.000
- Setup                         0.053
+ Phase Shift                   9.300
= Required Time                 9.247
- Arrival Time                  9.535
= Slack Time                   -0.288
     Clock Rise Edge                      0.000
     + Source Insertion Delay            -0.181
     = Beginpoint Arrival Time           -0.181
     Timing Path:
     +----------------------------------------------------------------------------------------------------------------+ 
     |               Instance                |     Arc      |            Cell            | Delay | Arrival | Required | 
     |                                       |              |                            |       |  Time   |   Time   | 
     |---------------------------------------+--------------+----------------------------+-------+---------+----------| 
     |                                       | clk ^        |                            |       |  -0.181 |   -0.469 | 
     | CTS_ccl_a_inv_00003                   | A ^ -> Y v   | sky130_fd_sc_hd__clkinv_16 | 0.060 |  -0.121 |   -0.409 | 
     | CTS_ccl_a_inv_00001                   | A v -> Y ^   | sky130_fd_sc_hd__clkinv_16 | 0.113 |  -0.008 |   -0.296 | 
     | in2_r_reg[3]                          | CLK ^ -> Q ^ | sky130_fd_sc_hd__sdfrtp_2  | 0.466 |   0.458 |    0.170 | 
     | FE_OFC1695_in2_r_3                    | A ^ -> Y v   | sky130_fd_sc_hd__clkinv_1  | 0.111 |   0.569 |    0.281 | 
     | g114707                               | A v -> Y ^   | sky130_fd_sc_hd__nand2_1   | 0.079 |   0.648 |    0.360 | 
     | g114696                               | A ^ -> Y v   | sky130_fd_sc_hd__inv_2     | 0.057 |   0.705 |    0.417 | 
     | g121090                               | D v -> Y ^   | sky130_fd_sc_hd__nand4_1   | 0.080 |   0.784 |    0.497 | 
     | g119622                               | A ^ -> Y v   | sky130_fd_sc_hd__nand2_1   | 0.060 |   0.845 |    0.557 | 
     | g128542                               | A_N v -> Y v | sky130_fd_sc_hd__nand2b_1  | 0.142 |   0.987 |    0.699 | 
     | g124605                               | A v -> Y ^   | sky130_fd_sc_hd__nand2_1   | 0.143 |   1.130 |    0.842 | 
     | g124609                               | A ^ -> Y v   | sky130_fd_sc_hd__nand2_1   | 0.072 |   1.201 |    0.913 | 
     | g114389                               | A v -> Y ^   | sky130_fd_sc_hd__nand2_1   | 0.057 |   1.259 |    0.971 | 
     | g124754                               | A ^ -> Y v   | sky130_fd_sc_hd__nand2_1   | 0.060 |   1.318 |    1.030 | 
     | FE_RC_29_0                            | B1 v -> Y ^  | sky130_fd_sc_hd__a21oi_2   | 0.115 |   1.434 |    1.146 | 
     | g124752                               | A ^ -> Y v   | sky130_fd_sc_hd__nand2_2   | 0.080 |   1.514 |    1.226 | 
     | FE_OFC1320_n_17344                    | A v -> Y ^   | sky130_fd_sc_hd__clkinv_4  | 0.082 |   1.596 |    1.308 | 
     | FE_OFC1321_n_17344                    | A ^ -> X ^   | sky130_fd_sc_hd__buf_2     | 0.171 |   1.767 |    1.480 | 
     | g207_0                                | A1 ^ -> X ^  | sky130_fd_sc_hd__a21o_1    | 0.186 |   1.954 |    1.666 | 
     | g121664                               | A ^ -> Y v   | sky130_fd_sc_hd__nor2_1    | 0.056 |   2.010 |    1.722 | 
     | g121663                               | A_N v -> Y v | sky130_fd_sc_hd__nand3b_1  | 0.159 |   2.169 |    1.881 | 
     | g124798                               | A v -> Y ^   | sky130_fd_sc_hd__nand2_2   | 0.095 |   2.264 |    1.976 | 
     | g122388                               | A ^ -> Y v   | sky130_fd_sc_hd__nand2_4   | 0.110 |   2.374 |    2.086 | 
     | FE_OFC944_n_14738                     | A v -> X v   | sky130_fd_sc_hd__buf_6     | 0.212 |   2.586 |    2.298 | 
     | g112714                               | B v -> Y ^   | sky130_fd_sc_hd__nand2_1   | 0.194 |   2.780 |    2.492 | 
     | FE_OFC1592_n_2660                     | A ^ -> Y v   | sky130_fd_sc_hd__inv_2     | 0.196 |   2.976 |    2.688 | 
     | g111295                               | B v -> Y ^   | sky130_fd_sc_hd__nand2b_2  | 0.399 |   3.375 |    3.087 | 
     | g110164__7098                         | A3 ^ -> Y v  | sky130_fd_sc_hd__o32ai_1   | 0.183 |   3.557 |    3.269 | 
     | g109960__2802                         | C v -> Y ^   | sky130_fd_sc_hd__nor3_2    | 0.527 |   4.084 |    3.796 | 
     | g109859__2346                         | A ^ -> Y v   | sky130_fd_sc_hd__nand4_1   | 0.226 |   4.310 |    4.022 | 
     | g122551                               | A v -> Y ^   | sky130_fd_sc_hd__nor2_2    | 0.363 |   4.673 |    4.385 | 
     | g122547                               | D ^ -> Y v   | sky130_fd_sc_hd__nand4_1   | 0.165 |   4.837 |    4.549 | 
     | g122546                               | A v -> Y ^   | sky130_fd_sc_hd__nand2_1   | 0.101 |   4.938 |    4.650 | 
     | g119688                               | A ^ -> Y v   | sky130_fd_sc_hd__nand2_2   | 0.116 |   5.054 |    4.766 | 
     | FE_DBTC47_n_11506                     | A v -> Y ^   | sky130_fd_sc_hd__clkinv_1  | 0.073 |   5.127 |    4.839 | 
     | g125011                               | A ^ -> Y v   | sky130_fd_sc_hd__nand2_1   | 0.054 |   5.181 |    4.893 | 
     | g122378                               | B v -> Y ^   | sky130_fd_sc_hd__nand2_2   | 0.100 |   5.281 |    4.993 | 
     | FE_OFC35_n_14732                      | A ^ -> X ^   | sky130_fd_sc_hd__buf_6     | 0.159 |   5.440 |    5.152 | 
     | alu_inst_muldiv_inst_mul_349_24_g9638 | A1 ^ -> X ^  | sky130_fd_sc_hd__o21a_2    | 0.175 |   5.615 |    5.327 | 
     | g127700                               | A ^ -> X v   | sky130_fd_sc_hd__xor3_2    | 0.466 |   6.081 |    5.793 | 
     | g120326                               | A v -> Y ^   | sky130_fd_sc_hd__inv_2     | 0.059 |   6.140 |    5.852 | 
     | g279                                  | A ^ -> Y v   | sky130_fd_sc_hd__nand3_1   | 0.056 |   6.196 |    5.908 | 
     | g127270                               | A v -> Y ^   | sky130_fd_sc_hd__nand2_1   | 0.087 |   6.283 |    5.995 | 
     | FE_RC_44_0                            | A ^ -> Y v   | sky130_fd_sc_hd__nand2_1   | 0.068 |   6.350 |    6.062 | 
     | FE_RC_43_0                            | B1 v -> Y ^  | sky130_fd_sc_hd__o21ai_2   | 0.071 |   6.421 |    6.133 | 
     | g127268                               | A ^ -> Y v   | sky130_fd_sc_hd__nand2_2   | 0.091 |   6.512 |    6.224 | 
     | g126008                               | D v -> Y ^   | sky130_fd_sc_hd__nand4_2   | 0.120 |   6.632 |    6.344 | 
     | FE_RC_5_0                             | A ^ -> Y v   | sky130_fd_sc_hd__nand3_4   | 0.107 |   6.739 |    6.451 | 
     | FE_RC_6_0                             | A v -> Y ^   | sky130_fd_sc_hd__nand3_4   | 0.099 |   6.838 |    6.550 | 
     | alu_inst_muldiv_inst_mul_349_24_g8901 | B ^ -> Y v   | sky130_fd_sc_hd__nand3_2   | 0.099 |   6.937 |    6.649 | 
     | g119435                               | A v -> Y ^   | sky130_fd_sc_hd__nand2_4   | 0.096 |   7.033 |    6.745 | 
     | g125512                               | A ^ -> Y v   | sky130_fd_sc_hd__nand2_4   | 0.059 |   7.092 |    6.804 | 
     | g125516                               | A v -> Y ^   | sky130_fd_sc_hd__nand2_2   | 0.053 |   7.145 |    6.857 | 
     | g125187                               | A ^ -> Y v   | sky130_fd_sc_hd__nand3_2   | 0.072 |   7.217 |    6.929 | 
     | g108191                               | A v -> Y ^   | sky130_fd_sc_hd__nand2_2   | 0.084 |   7.301 |    7.013 | 
     | g126298                               | A ^ -> Y v   | sky130_fd_sc_hd__nand2_2   | 0.068 |   7.369 |    7.081 | 
     | g126297                               | A v -> Y ^   | sky130_fd_sc_hd__nand2_4   | 0.069 |   7.438 |    7.150 | 
     | g126296                               | A ^ -> Y v   | sky130_fd_sc_hd__nand2_2   | 0.048 |   7.487 |    7.199 | 
     | g134                                  | A v -> Y ^   | sky130_fd_sc_hd__nand2_2   | 0.072 |   7.558 |    7.270 | 
     | g120067                               | A ^ -> Y v   | sky130_fd_sc_hd__nand2_2   | 0.060 |   7.619 |    7.331 | 
     | g126773                               | A v -> Y ^   | sky130_fd_sc_hd__nand2_2   | 0.067 |   7.686 |    7.398 | 
     | g126770                               | B ^ -> Y v   | sky130_fd_sc_hd__nand2_1   | 0.064 |   7.749 |    7.462 | 
     | g126769                               | A v -> Y ^   | sky130_fd_sc_hd__nand2_2   | 0.086 |   7.835 |    7.547 | 
     | FE_OFC488_n_19787                     | A ^ -> Y v   | sky130_fd_sc_hd__inv_2     | 0.045 |   7.880 |    7.592 | 
     | g119389                               | B v -> Y ^   | sky130_fd_sc_hd__nand2_1   | 0.087 |   7.967 |    7.679 | 
     | g217                                  | A ^ -> Y v   | sky130_fd_sc_hd__nand2_1   | 0.151 |   8.118 |    7.830 | 
     | g125358                               | A v -> Y ^   | sky130_fd_sc_hd__nor2_1    | 0.295 |   8.413 |    8.125 | 
     | g123151                               | B ^ -> Y v   | sky130_fd_sc_hd__nand2_1   | 0.142 |   8.555 |    8.268 | 
     | g123730                               | B v -> Y ^   | sky130_fd_sc_hd__nand3_4   | 0.123 |   8.678 |    8.390 | 
     | FE_DBTC74_n_16273                     | A ^ -> Y v   | sky130_fd_sc_hd__clkinv_1  | 0.091 |   8.769 |    8.481 | 
     | g122806                               | B v -> Y ^   | sky130_fd_sc_hd__nand2b_1  | 0.074 |   8.843 |    8.555 | 
     | g122805                               | A ^ -> Y v   | sky130_fd_sc_hd__nor2_1    | 0.050 |   8.893 |    8.605 | 
     | g127820                               | A v -> Y ^   | sky130_fd_sc_hd__nand2_2   | 0.089 |   8.982 |    8.694 | 
     | FE_OFC1479_n_21131                    | A ^ -> Y v   | sky130_fd_sc_hd__inv_2     | 0.045 |   9.027 |    8.739 | 
     | g128352                               | A v -> Y ^   | sky130_fd_sc_hd__nand2_1   | 0.063 |   9.090 |    8.802 | 
     | FE_OFC1477_21719                      | A ^ -> Y v   | sky130_fd_sc_hd__inv_2     | 0.061 |   9.151 |    8.863 | 
     | g128774                               | B v -> Y ^   | sky130_fd_sc_hd__nand3b_1  | 0.075 |   9.226 |    8.938 | 
     | g126335                               | A ^ -> Y v   | sky130_fd_sc_hd__nand2_1   | 0.064 |   9.290 |    9.002 | 
     | g128689                               | A2 v -> X v  | sky130_fd_sc_hd__a21o_1    | 0.172 |   9.462 |    9.174 | 
     | g126435                               | B v -> Y ^   | sky130_fd_sc_hd__nand3_1   | 0.073 |   9.535 |    9.247 | 
     | result_r_reg[7]                       | D ^          | sky130_fd_sc_hd__dfrtp_1   | 0.000 |   9.535 |    9.247 | 
     +----------------------------------------------------------------------------------------------------------------+ 
     Clock Rise Edge                      0.000
     + Source Insertion Delay            -0.181
     = Beginpoint Arrival Time           -0.181
     Other End Path:
     +--------------------------------------------------------------------------------------------+ 
     |      Instance       |    Arc     |            Cell            | Delay | Arrival | Required | 
     |                     |            |                            |       |  Time   |   Time   | 
     |---------------------+------------+----------------------------+-------+---------+----------| 
     |                     | clk ^      |                            |       |  -0.181 |    0.107 | 
     | CTS_ccl_a_inv_00003 | A ^ -> Y v | sky130_fd_sc_hd__clkinv_16 | 0.060 |  -0.121 |    0.167 | 
     | CTS_ccl_a_inv_00002 | A v -> Y ^ | sky130_fd_sc_hd__clkinv_16 | 0.118 |  -0.003 |    0.285 | 
     | result_r_reg[7]     | CLK ^      | sky130_fd_sc_hd__dfrtp_1   | 0.003 |   0.000 |    0.288 | 
     +--------------------------------------------------------------------------------------------+ 
Path 8: VIOLATED Setup Check with Pin result_r_reg[3]/CLK 
Endpoint:   result_r_reg[3]/D (v) checked with  leading edge of 'clk'
Beginpoint: in2_r_reg[3]/Q    (^) triggered by  leading edge of 'clk'
Path Groups: {clk}
Analysis View: VIEW_TYP
Other End Arrival Time         -0.001
- Setup                         0.119
+ Phase Shift                   9.300
= Required Time                 9.180
- Arrival Time                  9.467
= Slack Time                   -0.286
     Clock Rise Edge                      0.000
     + Source Insertion Delay            -0.181
     = Beginpoint Arrival Time           -0.181
     Timing Path:
     +----------------------------------------------------------------------------------------------------------------+ 
     |               Instance                |     Arc      |            Cell            | Delay | Arrival | Required | 
     |                                       |              |                            |       |  Time   |   Time   | 
     |---------------------------------------+--------------+----------------------------+-------+---------+----------| 
     |                                       | clk ^        |                            |       |  -0.181 |   -0.467 | 
     | CTS_ccl_a_inv_00003                   | A ^ -> Y v   | sky130_fd_sc_hd__clkinv_16 | 0.060 |  -0.121 |   -0.407 | 
     | CTS_ccl_a_inv_00001                   | A v -> Y ^   | sky130_fd_sc_hd__clkinv_16 | 0.113 |  -0.008 |   -0.294 | 
     | in2_r_reg[3]                          | CLK ^ -> Q ^ | sky130_fd_sc_hd__sdfrtp_2  | 0.466 |   0.458 |    0.172 | 
     | FE_OFC1695_in2_r_3                    | A ^ -> Y v   | sky130_fd_sc_hd__clkinv_1  | 0.111 |   0.569 |    0.282 | 
     | g114707                               | A v -> Y ^   | sky130_fd_sc_hd__nand2_1   | 0.079 |   0.648 |    0.362 | 
     | g114696                               | A ^ -> Y v   | sky130_fd_sc_hd__inv_2     | 0.057 |   0.705 |    0.419 | 
     | g121090                               | D v -> Y ^   | sky130_fd_sc_hd__nand4_1   | 0.080 |   0.784 |    0.498 | 
     | g119622                               | A ^ -> Y v   | sky130_fd_sc_hd__nand2_1   | 0.060 |   0.845 |    0.559 | 
     | g128542                               | A_N v -> Y v | sky130_fd_sc_hd__nand2b_1  | 0.142 |   0.987 |    0.701 | 
     | g124605                               | A v -> Y ^   | sky130_fd_sc_hd__nand2_1   | 0.143 |   1.130 |    0.843 | 
     | g124609                               | A ^ -> Y v   | sky130_fd_sc_hd__nand2_1   | 0.072 |   1.201 |    0.915 | 
     | g114389                               | A v -> Y ^   | sky130_fd_sc_hd__nand2_1   | 0.057 |   1.259 |    0.973 | 
     | g124754                               | A ^ -> Y v   | sky130_fd_sc_hd__nand2_1   | 0.060 |   1.318 |    1.032 | 
     | FE_RC_29_0                            | B1 v -> Y ^  | sky130_fd_sc_hd__a21oi_2   | 0.115 |   1.434 |    1.148 | 
     | g124752                               | A ^ -> Y v   | sky130_fd_sc_hd__nand2_2   | 0.080 |   1.514 |    1.228 | 
     | FE_OFC1320_n_17344                    | A v -> Y ^   | sky130_fd_sc_hd__clkinv_4  | 0.082 |   1.596 |    1.310 | 
     | FE_OFC1321_n_17344                    | A ^ -> X ^   | sky130_fd_sc_hd__buf_2     | 0.171 |   1.767 |    1.481 | 
     | g207_0                                | A1 ^ -> X ^  | sky130_fd_sc_hd__a21o_1    | 0.186 |   1.954 |    1.668 | 
     | g121664                               | A ^ -> Y v   | sky130_fd_sc_hd__nor2_1    | 0.056 |   2.010 |    1.724 | 
     | g121663                               | A_N v -> Y v | sky130_fd_sc_hd__nand3b_1  | 0.159 |   2.169 |    1.883 | 
     | g124798                               | A v -> Y ^   | sky130_fd_sc_hd__nand2_2   | 0.095 |   2.264 |    1.978 | 
     | g122388                               | A ^ -> Y v   | sky130_fd_sc_hd__nand2_4   | 0.110 |   2.374 |    2.088 | 
     | FE_OFC944_n_14738                     | A v -> X v   | sky130_fd_sc_hd__buf_6     | 0.212 |   2.586 |    2.300 | 
     | g112714                               | B v -> Y ^   | sky130_fd_sc_hd__nand2_1   | 0.194 |   2.780 |    2.494 | 
     | FE_OFC1592_n_2660                     | A ^ -> Y v   | sky130_fd_sc_hd__inv_2     | 0.196 |   2.976 |    2.690 | 
     | g111295                               | B v -> Y ^   | sky130_fd_sc_hd__nand2b_2  | 0.399 |   3.375 |    3.089 | 
     | g110164__7098                         | A3 ^ -> Y v  | sky130_fd_sc_hd__o32ai_1   | 0.183 |   3.557 |    3.271 | 
     | g109960__2802                         | C v -> Y ^   | sky130_fd_sc_hd__nor3_2    | 0.527 |   4.084 |    3.798 | 
     | g109859__2346                         | A ^ -> Y v   | sky130_fd_sc_hd__nand4_1   | 0.226 |   4.310 |    4.024 | 
     | g122551                               | A v -> Y ^   | sky130_fd_sc_hd__nor2_2    | 0.363 |   4.673 |    4.387 | 
     | g122547                               | D ^ -> Y v   | sky130_fd_sc_hd__nand4_1   | 0.165 |   4.837 |    4.551 | 
     | g122546                               | A v -> Y ^   | sky130_fd_sc_hd__nand2_1   | 0.101 |   4.938 |    4.652 | 
     | g119688                               | A ^ -> Y v   | sky130_fd_sc_hd__nand2_2   | 0.116 |   5.054 |    4.768 | 
     | FE_DBTC47_n_11506                     | A v -> Y ^   | sky130_fd_sc_hd__clkinv_1  | 0.073 |   5.127 |    4.841 | 
     | g125011                               | A ^ -> Y v   | sky130_fd_sc_hd__nand2_1   | 0.054 |   5.181 |    4.895 | 
     | g122378                               | B v -> Y ^   | sky130_fd_sc_hd__nand2_2   | 0.100 |   5.281 |    4.995 | 
     | FE_OFC35_n_14732                      | A ^ -> X ^   | sky130_fd_sc_hd__buf_6     | 0.159 |   5.440 |    5.154 | 
     | alu_inst_muldiv_inst_mul_349_24_g9638 | A1 ^ -> X ^  | sky130_fd_sc_hd__o21a_2    | 0.175 |   5.615 |    5.329 | 
     | g127700                               | A ^ -> X v   | sky130_fd_sc_hd__xor3_2    | 0.466 |   6.081 |    5.795 | 
     | g120326                               | A v -> Y ^   | sky130_fd_sc_hd__inv_2     | 0.059 |   6.140 |    5.854 | 
     | g279                                  | A ^ -> Y v   | sky130_fd_sc_hd__nand3_1   | 0.056 |   6.196 |    5.910 | 
     | g127270                               | A v -> Y ^   | sky130_fd_sc_hd__nand2_1   | 0.087 |   6.283 |    5.997 | 
     | FE_RC_44_0                            | A ^ -> Y v   | sky130_fd_sc_hd__nand2_1   | 0.068 |   6.350 |    6.064 | 
     | FE_RC_43_0                            | B1 v -> Y ^  | sky130_fd_sc_hd__o21ai_2   | 0.071 |   6.421 |    6.135 | 
     | g127268                               | A ^ -> Y v   | sky130_fd_sc_hd__nand2_2   | 0.091 |   6.512 |    6.226 | 
     | g126008                               | D v -> Y ^   | sky130_fd_sc_hd__nand4_2   | 0.120 |   6.632 |    6.346 | 
     | FE_RC_5_0                             | A ^ -> Y v   | sky130_fd_sc_hd__nand3_4   | 0.107 |   6.739 |    6.453 | 
     | FE_RC_6_0                             | A v -> Y ^   | sky130_fd_sc_hd__nand3_4   | 0.099 |   6.838 |    6.552 | 
     | alu_inst_muldiv_inst_mul_349_24_g8901 | B ^ -> Y v   | sky130_fd_sc_hd__nand3_2   | 0.099 |   6.937 |    6.651 | 
     | g119435                               | A v -> Y ^   | sky130_fd_sc_hd__nand2_4   | 0.096 |   7.033 |    6.747 | 
     | g125512                               | A ^ -> Y v   | sky130_fd_sc_hd__nand2_4   | 0.059 |   7.092 |    6.805 | 
     | g125516                               | A v -> Y ^   | sky130_fd_sc_hd__nand2_2   | 0.053 |   7.145 |    6.859 | 
     | g125187                               | A ^ -> Y v   | sky130_fd_sc_hd__nand3_2   | 0.072 |   7.217 |    6.931 | 
     | g108191                               | A v -> Y ^   | sky130_fd_sc_hd__nand2_2   | 0.084 |   7.301 |    7.015 | 
     | g126298                               | A ^ -> Y v   | sky130_fd_sc_hd__nand2_2   | 0.068 |   7.369 |    7.083 | 
     | g126297                               | A v -> Y ^   | sky130_fd_sc_hd__nand2_4   | 0.069 |   7.438 |    7.152 | 
     | g126296                               | A ^ -> Y v   | sky130_fd_sc_hd__nand2_2   | 0.048 |   7.487 |    7.201 | 
     | g134                                  | A v -> Y ^   | sky130_fd_sc_hd__nand2_2   | 0.072 |   7.558 |    7.272 | 
     | g120067                               | A ^ -> Y v   | sky130_fd_sc_hd__nand2_2   | 0.060 |   7.619 |    7.333 | 
     | g126773                               | A v -> Y ^   | sky130_fd_sc_hd__nand2_2   | 0.067 |   7.686 |    7.399 | 
     | g126770                               | B ^ -> Y v   | sky130_fd_sc_hd__nand2_1   | 0.064 |   7.749 |    7.463 | 
     | g126769                               | A v -> Y ^   | sky130_fd_sc_hd__nand2_2   | 0.086 |   7.835 |    7.549 | 
     | FE_OFC488_n_19787                     | A ^ -> Y v   | sky130_fd_sc_hd__inv_2     | 0.045 |   7.880 |    7.594 | 
     | g119389                               | B v -> Y ^   | sky130_fd_sc_hd__nand2_1   | 0.087 |   7.967 |    7.681 | 
     | g217                                  | A ^ -> Y v   | sky130_fd_sc_hd__nand2_1   | 0.151 |   8.118 |    7.832 | 
     | g125358                               | A v -> Y ^   | sky130_fd_sc_hd__nor2_1    | 0.295 |   8.413 |    8.127 | 
     | g123151                               | B ^ -> Y v   | sky130_fd_sc_hd__nand2_1   | 0.142 |   8.555 |    8.269 | 
     | g123730                               | B v -> Y ^   | sky130_fd_sc_hd__nand3_4   | 0.123 |   8.678 |    8.392 | 
     | FE_DBTC74_n_16273                     | A ^ -> Y v   | sky130_fd_sc_hd__clkinv_1  | 0.091 |   8.769 |    8.483 | 
     | FE_OFC1483_FE_DBTN74_n_16273          | A v -> X v   | sky130_fd_sc_hd__clkbuf_1  | 0.156 |   8.924 |    8.638 | 
     | g107009                               | A2 v -> Y ^  | sky130_fd_sc_hd__a31oi_1   | 0.218 |   9.143 |    8.856 | 
     | g106987                               | B1 ^ -> Y v  | sky130_fd_sc_hd__o21ai_2   | 0.114 |   9.256 |    8.970 | 
     | g118714                               | B1 v -> Y ^  | sky130_fd_sc_hd__a21oi_2   | 0.138 |   9.395 |    9.109 | 
     | g105881                               | B2 ^ -> Y v  | sky130_fd_sc_hd__o2bb2ai_1 | 0.072 |   9.467 |    9.180 | 
     | result_r_reg[3]                       | D v          | sky130_fd_sc_hd__dfrtp_1   | 0.000 |   9.467 |    9.180 | 
     +----------------------------------------------------------------------------------------------------------------+ 
     Clock Rise Edge                      0.000
     + Source Insertion Delay            -0.181
     = Beginpoint Arrival Time           -0.181
     Other End Path:
     +--------------------------------------------------------------------------------------------+ 
     |      Instance       |    Arc     |            Cell            | Delay | Arrival | Required | 
     |                     |            |                            |       |  Time   |   Time   | 
     |---------------------+------------+----------------------------+-------+---------+----------| 
     |                     | clk ^      |                            |       |  -0.181 |    0.105 | 
     | CTS_ccl_a_inv_00003 | A ^ -> Y v | sky130_fd_sc_hd__clkinv_16 | 0.060 |  -0.121 |    0.165 | 
     | CTS_ccl_a_inv_00002 | A v -> Y ^ | sky130_fd_sc_hd__clkinv_16 | 0.118 |  -0.003 |    0.283 | 
     | result_r_reg[3]     | CLK ^      | sky130_fd_sc_hd__dfrtp_1   | 0.002 |  -0.001 |    0.285 | 
     +--------------------------------------------------------------------------------------------+ 
Path 9: VIOLATED Setup Check with Pin result_r_reg[9]/CLK 
Endpoint:   result_r_reg[9]/D (v) checked with  leading edge of 'clk'
Beginpoint: in2_r_reg[3]/Q    (^) triggered by  leading edge of 'clk'
Path Groups: {clk}
Analysis View: VIEW_TYP
Other End Arrival Time          0.000
- Setup                         0.097
+ Phase Shift                   9.300
= Required Time                 9.204
- Arrival Time                  9.489
= Slack Time                   -0.286
     Clock Rise Edge                      0.000
     + Source Insertion Delay            -0.181
     = Beginpoint Arrival Time           -0.181
     Timing Path:
     +----------------------------------------------------------------------------------------------------------------+ 
     |               Instance                |     Arc      |            Cell            | Delay | Arrival | Required | 
     |                                       |              |                            |       |  Time   |   Time   | 
     |---------------------------------------+--------------+----------------------------+-------+---------+----------| 
     |                                       | clk ^        |                            |       |  -0.181 |   -0.467 | 
     | CTS_ccl_a_inv_00003                   | A ^ -> Y v   | sky130_fd_sc_hd__clkinv_16 | 0.060 |  -0.121 |   -0.406 | 
     | CTS_ccl_a_inv_00001                   | A v -> Y ^   | sky130_fd_sc_hd__clkinv_16 | 0.113 |  -0.008 |   -0.293 | 
     | in2_r_reg[3]                          | CLK ^ -> Q ^ | sky130_fd_sc_hd__sdfrtp_2  | 0.466 |   0.458 |    0.172 | 
     | FE_OFC1695_in2_r_3                    | A ^ -> Y v   | sky130_fd_sc_hd__clkinv_1  | 0.111 |   0.569 |    0.283 | 
     | g114707                               | A v -> Y ^   | sky130_fd_sc_hd__nand2_1   | 0.079 |   0.648 |    0.362 | 
     | g114696                               | A ^ -> Y v   | sky130_fd_sc_hd__inv_2     | 0.057 |   0.705 |    0.419 | 
     | g121090                               | D v -> Y ^   | sky130_fd_sc_hd__nand4_1   | 0.080 |   0.784 |    0.499 | 
     | g119622                               | A ^ -> Y v   | sky130_fd_sc_hd__nand2_1   | 0.060 |   0.845 |    0.559 | 
     | g128542                               | A_N v -> Y v | sky130_fd_sc_hd__nand2b_1  | 0.142 |   0.987 |    0.701 | 
     | g124605                               | A v -> Y ^   | sky130_fd_sc_hd__nand2_1   | 0.143 |   1.130 |    0.844 | 
     | g124609                               | A ^ -> Y v   | sky130_fd_sc_hd__nand2_1   | 0.072 |   1.201 |    0.916 | 
     | g114389                               | A v -> Y ^   | sky130_fd_sc_hd__nand2_1   | 0.057 |   1.259 |    0.973 | 
     | g124754                               | A ^ -> Y v   | sky130_fd_sc_hd__nand2_1   | 0.060 |   1.318 |    1.033 | 
     | FE_RC_29_0                            | B1 v -> Y ^  | sky130_fd_sc_hd__a21oi_2   | 0.115 |   1.434 |    1.148 | 
     | g124752                               | A ^ -> Y v   | sky130_fd_sc_hd__nand2_2   | 0.080 |   1.514 |    1.228 | 
     | FE_OFC1320_n_17344                    | A v -> Y ^   | sky130_fd_sc_hd__clkinv_4  | 0.082 |   1.596 |    1.311 | 
     | FE_OFC1321_n_17344                    | A ^ -> X ^   | sky130_fd_sc_hd__buf_2     | 0.171 |   1.767 |    1.482 | 
     | g207_0                                | A1 ^ -> X ^  | sky130_fd_sc_hd__a21o_1    | 0.186 |   1.954 |    1.668 | 
     | g121664                               | A ^ -> Y v   | sky130_fd_sc_hd__nor2_1    | 0.056 |   2.010 |    1.724 | 
     | g121663                               | A_N v -> Y v | sky130_fd_sc_hd__nand3b_1  | 0.159 |   2.169 |    1.883 | 
     | g124798                               | A v -> Y ^   | sky130_fd_sc_hd__nand2_2   | 0.095 |   2.264 |    1.978 | 
     | g122388                               | A ^ -> Y v   | sky130_fd_sc_hd__nand2_4   | 0.110 |   2.374 |    2.088 | 
     | FE_OFC944_n_14738                     | A v -> X v   | sky130_fd_sc_hd__buf_6     | 0.212 |   2.586 |    2.301 | 
     | g112714                               | B v -> Y ^   | sky130_fd_sc_hd__nand2_1   | 0.194 |   2.780 |    2.495 | 
     | FE_OFC1592_n_2660                     | A ^ -> Y v   | sky130_fd_sc_hd__inv_2     | 0.196 |   2.976 |    2.691 | 
     | g111295                               | B v -> Y ^   | sky130_fd_sc_hd__nand2b_2  | 0.399 |   3.375 |    3.089 | 
     | g110164__7098                         | A3 ^ -> Y v  | sky130_fd_sc_hd__o32ai_1   | 0.183 |   3.557 |    3.272 | 
     | g109960__2802                         | C v -> Y ^   | sky130_fd_sc_hd__nor3_2    | 0.527 |   4.084 |    3.799 | 
     | g109859__2346                         | A ^ -> Y v   | sky130_fd_sc_hd__nand4_1   | 0.226 |   4.310 |    4.024 | 
     | g122551                               | A v -> Y ^   | sky130_fd_sc_hd__nor2_2    | 0.363 |   4.673 |    4.387 | 
     | g122547                               | D ^ -> Y v   | sky130_fd_sc_hd__nand4_1   | 0.165 |   4.837 |    4.552 | 
     | g122546                               | A v -> Y ^   | sky130_fd_sc_hd__nand2_1   | 0.101 |   4.938 |    4.652 | 
     | g119688                               | A ^ -> Y v   | sky130_fd_sc_hd__nand2_2   | 0.116 |   5.054 |    4.768 | 
     | FE_DBTC47_n_11506                     | A v -> Y ^   | sky130_fd_sc_hd__clkinv_1  | 0.073 |   5.127 |    4.841 | 
     | g125011                               | A ^ -> Y v   | sky130_fd_sc_hd__nand2_1   | 0.054 |   5.181 |    4.895 | 
     | g122378                               | B v -> Y ^   | sky130_fd_sc_hd__nand2_2   | 0.100 |   5.281 |    4.996 | 
     | FE_OFC35_n_14732                      | A ^ -> X ^   | sky130_fd_sc_hd__buf_6     | 0.159 |   5.440 |    5.154 | 
     | alu_inst_muldiv_inst_mul_349_24_g9638 | A1 ^ -> X ^  | sky130_fd_sc_hd__o21a_2    | 0.175 |   5.615 |    5.329 | 
     | g127700                               | A ^ -> X v   | sky130_fd_sc_hd__xor3_2    | 0.466 |   6.081 |    5.795 | 
     | g120326                               | A v -> Y ^   | sky130_fd_sc_hd__inv_2     | 0.059 |   6.140 |    5.854 | 
     | g279                                  | A ^ -> Y v   | sky130_fd_sc_hd__nand3_1   | 0.056 |   6.196 |    5.910 | 
     | g127270                               | A v -> Y ^   | sky130_fd_sc_hd__nand2_1   | 0.087 |   6.283 |    5.997 | 
     | FE_RC_44_0                            | A ^ -> Y v   | sky130_fd_sc_hd__nand2_1   | 0.068 |   6.350 |    6.065 | 
     | FE_RC_43_0                            | B1 v -> Y ^  | sky130_fd_sc_hd__o21ai_2   | 0.071 |   6.421 |    6.136 | 
     | g127268                               | A ^ -> Y v   | sky130_fd_sc_hd__nand2_2   | 0.091 |   6.512 |    6.226 | 
     | g126008                               | D v -> Y ^   | sky130_fd_sc_hd__nand4_2   | 0.120 |   6.632 |    6.346 | 
     | FE_RC_5_0                             | A ^ -> Y v   | sky130_fd_sc_hd__nand3_4   | 0.107 |   6.739 |    6.454 | 
     | FE_RC_6_0                             | A v -> Y ^   | sky130_fd_sc_hd__nand3_4   | 0.099 |   6.838 |    6.552 | 
     | FE_RC_30_0                            | B ^ -> Y v   | sky130_fd_sc_hd__nand4_4   | 0.135 |   6.973 |    6.687 | 
     | g125512                               | B v -> Y ^   | sky130_fd_sc_hd__nand2_4   | 0.113 |   7.086 |    6.800 | 
     | g125516                               | A ^ -> Y v   | sky130_fd_sc_hd__nand2_2   | 0.048 |   7.134 |    6.848 | 
     | g125187                               | A v -> Y ^   | sky130_fd_sc_hd__nand3_2   | 0.090 |   7.224 |    6.939 | 
     | g108191                               | A ^ -> Y v   | sky130_fd_sc_hd__nand2_2   | 0.065 |   7.290 |    7.004 | 
     | g126298                               | A v -> Y ^   | sky130_fd_sc_hd__nand2_2   | 0.078 |   7.368 |    7.082 | 
     | g126297                               | A ^ -> Y v   | sky130_fd_sc_hd__nand2_4   | 0.057 |   7.425 |    7.139 | 
     | g125465                               | A v -> Y ^   | sky130_fd_sc_hd__nand2_1   | 0.120 |   7.545 |    7.260 | 
     | g125556                               | A ^ -> Y v   | sky130_fd_sc_hd__nand2_2   | 0.103 |   7.649 |    7.363 | 
     | g116724                               | A v -> X v   | sky130_fd_sc_hd__and2_4    | 0.190 |   7.839 |    7.553 | 
     | g107658                               | A v -> Y ^   | sky130_fd_sc_hd__nand2_1   | 0.062 |   7.901 |    7.615 | 
     | g107639                               | B ^ -> Y v   | sky130_fd_sc_hd__nand2_1   | 0.050 |   7.951 |    7.666 | 
     | g116311                               | B1 v -> Y ^  | sky130_fd_sc_hd__a21oi_1   | 0.162 |   8.113 |    7.827 | 
     | g116313                               | A2 ^ -> Y v  | sky130_fd_sc_hd__o21ai_1   | 0.111 |   8.224 |    7.938 | 
     | g116520                               | A v -> Y ^   | sky130_fd_sc_hd__inv_1     | 0.063 |   8.287 |    8.001 | 
     | g120139                               | A ^ -> Y v   | sky130_fd_sc_hd__nand2_1   | 0.066 |   8.353 |    8.068 | 
     | g126547                               | A2 v -> Y ^  | sky130_fd_sc_hd__a31oi_1   | 0.286 |   8.639 |    8.353 | 
     | FE_OFC1108_n_17755                    | A ^ -> X ^   | sky130_fd_sc_hd__clkbuf_1  | 0.225 |   8.864 |    8.579 | 
     | g125564                               | C ^ -> Y v   | sky130_fd_sc_hd__nand3_1   | 0.115 |   8.979 |    8.694 | 
     | g125563                               | B v -> Y ^   | sky130_fd_sc_hd__nor3_2    | 0.193 |   9.172 |    8.886 | 
     | g128684                               | A_N ^ -> Y ^ | sky130_fd_sc_hd__nand3b_1  | 0.145 |   9.317 |    9.031 | 
     | g301                                  | A2 ^ -> X ^  | sky130_fd_sc_hd__a21o_1    | 0.121 |   9.437 |    9.152 | 
     | g299                                  | B ^ -> Y v   | sky130_fd_sc_hd__nand2b_1  | 0.052 |   9.489 |    9.204 | 
     | result_r_reg[9]                       | D v          | sky130_fd_sc_hd__dfrtp_1   | 0.000 |   9.489 |    9.204 | 
     +----------------------------------------------------------------------------------------------------------------+ 
     Clock Rise Edge                      0.000
     + Source Insertion Delay            -0.181
     = Beginpoint Arrival Time           -0.181
     Other End Path:
     +--------------------------------------------------------------------------------------------+ 
     |      Instance       |    Arc     |            Cell            | Delay | Arrival | Required | 
     |                     |            |                            |       |  Time   |   Time   | 
     |---------------------+------------+----------------------------+-------+---------+----------| 
     |                     | clk ^      |                            |       |  -0.181 |    0.104 | 
     | CTS_ccl_a_inv_00003 | A ^ -> Y v | sky130_fd_sc_hd__clkinv_16 | 0.060 |  -0.121 |    0.165 | 
     | CTS_ccl_a_inv_00002 | A v -> Y ^ | sky130_fd_sc_hd__clkinv_16 | 0.118 |  -0.003 |    0.283 | 
     | result_r_reg[9]     | CLK ^      | sky130_fd_sc_hd__dfrtp_1   | 0.003 |   0.000 |    0.286 | 
     +--------------------------------------------------------------------------------------------+ 
Path 10: VIOLATED Setup Check with Pin result_r_reg[8]/CLK 
Endpoint:   result_r_reg[8]/D (v) checked with  leading edge of 'clk'
Beginpoint: in2_r_reg[3]/Q    (^) triggered by  leading edge of 'clk'
Path Groups: {clk}
Analysis View: VIEW_TYP
Other End Arrival Time          0.000
- Setup                         0.130
+ Phase Shift                   9.300
= Required Time                 9.170
- Arrival Time                  9.454
= Slack Time                   -0.284
     Clock Rise Edge                      0.000
     + Source Insertion Delay            -0.181
     = Beginpoint Arrival Time           -0.181
     Timing Path:
     +----------------------------------------------------------------------------------------------------------------+ 
     |               Instance                |     Arc      |            Cell            | Delay | Arrival | Required | 
     |                                       |              |                            |       |  Time   |   Time   | 
     |---------------------------------------+--------------+----------------------------+-------+---------+----------| 
     |                                       | clk ^        |                            |       |  -0.181 |   -0.465 | 
     | CTS_ccl_a_inv_00003                   | A ^ -> Y v   | sky130_fd_sc_hd__clkinv_16 | 0.060 |  -0.121 |   -0.405 | 
     | CTS_ccl_a_inv_00001                   | A v -> Y ^   | sky130_fd_sc_hd__clkinv_16 | 0.113 |  -0.008 |   -0.291 | 
     | in2_r_reg[3]                          | CLK ^ -> Q ^ | sky130_fd_sc_hd__sdfrtp_2  | 0.466 |   0.458 |    0.174 | 
     | FE_OFC1695_in2_r_3                    | A ^ -> Y v   | sky130_fd_sc_hd__clkinv_1  | 0.111 |   0.569 |    0.285 | 
     | g114707                               | A v -> Y ^   | sky130_fd_sc_hd__nand2_1   | 0.079 |   0.648 |    0.364 | 
     | g114696                               | A ^ -> Y v   | sky130_fd_sc_hd__inv_2     | 0.057 |   0.705 |    0.421 | 
     | g121090                               | D v -> Y ^   | sky130_fd_sc_hd__nand4_1   | 0.080 |   0.784 |    0.501 | 
     | g119622                               | A ^ -> Y v   | sky130_fd_sc_hd__nand2_1   | 0.060 |   0.845 |    0.561 | 
     | g128542                               | A_N v -> Y v | sky130_fd_sc_hd__nand2b_1  | 0.142 |   0.987 |    0.703 | 
     | g124605                               | A v -> Y ^   | sky130_fd_sc_hd__nand2_1   | 0.143 |   1.130 |    0.846 | 
     | g124609                               | A ^ -> Y v   | sky130_fd_sc_hd__nand2_1   | 0.072 |   1.201 |    0.918 | 
     | g114389                               | A v -> Y ^   | sky130_fd_sc_hd__nand2_1   | 0.057 |   1.259 |    0.975 | 
     | g124754                               | A ^ -> Y v   | sky130_fd_sc_hd__nand2_1   | 0.060 |   1.318 |    1.035 | 
     | FE_RC_29_0                            | B1 v -> Y ^  | sky130_fd_sc_hd__a21oi_2   | 0.115 |   1.434 |    1.150 | 
     | g124752                               | A ^ -> Y v   | sky130_fd_sc_hd__nand2_2   | 0.080 |   1.514 |    1.230 | 
     | FE_OFC1320_n_17344                    | A v -> Y ^   | sky130_fd_sc_hd__clkinv_4  | 0.082 |   1.596 |    1.312 | 
     | FE_OFC1321_n_17344                    | A ^ -> X ^   | sky130_fd_sc_hd__buf_2     | 0.171 |   1.767 |    1.484 | 
     | g207_0                                | A1 ^ -> X ^  | sky130_fd_sc_hd__a21o_1    | 0.186 |   1.954 |    1.670 | 
     | g121664                               | A ^ -> Y v   | sky130_fd_sc_hd__nor2_1    | 0.056 |   2.010 |    1.726 | 
     | g121663                               | A_N v -> Y v | sky130_fd_sc_hd__nand3b_1  | 0.159 |   2.169 |    1.885 | 
     | g124798                               | A v -> Y ^   | sky130_fd_sc_hd__nand2_2   | 0.095 |   2.264 |    1.980 | 
     | g122388                               | A ^ -> Y v   | sky130_fd_sc_hd__nand2_4   | 0.110 |   2.374 |    2.090 | 
     | FE_OFC944_n_14738                     | A v -> X v   | sky130_fd_sc_hd__buf_6     | 0.212 |   2.586 |    2.302 | 
     | g112714                               | B v -> Y ^   | sky130_fd_sc_hd__nand2_1   | 0.194 |   2.780 |    2.496 | 
     | FE_OFC1592_n_2660                     | A ^ -> Y v   | sky130_fd_sc_hd__inv_2     | 0.196 |   2.976 |    2.692 | 
     | g111295                               | B v -> Y ^   | sky130_fd_sc_hd__nand2b_2  | 0.399 |   3.375 |    3.091 | 
     | g110164__7098                         | A3 ^ -> Y v  | sky130_fd_sc_hd__o32ai_1   | 0.183 |   3.557 |    3.274 | 
     | g109960__2802                         | C v -> Y ^   | sky130_fd_sc_hd__nor3_2    | 0.527 |   4.084 |    3.800 | 
     | g109859__2346                         | A ^ -> Y v   | sky130_fd_sc_hd__nand4_1   | 0.226 |   4.310 |    4.026 | 
     | g122551                               | A v -> Y ^   | sky130_fd_sc_hd__nor2_2    | 0.363 |   4.673 |    4.389 | 
     | g122547                               | D ^ -> Y v   | sky130_fd_sc_hd__nand4_1   | 0.165 |   4.837 |    4.554 | 
     | g122546                               | A v -> Y ^   | sky130_fd_sc_hd__nand2_1   | 0.101 |   4.938 |    4.654 | 
     | g119688                               | A ^ -> Y v   | sky130_fd_sc_hd__nand2_2   | 0.116 |   5.054 |    4.770 | 
     | FE_DBTC47_n_11506                     | A v -> Y ^   | sky130_fd_sc_hd__clkinv_1  | 0.073 |   5.127 |    4.843 | 
     | g125011                               | A ^ -> Y v   | sky130_fd_sc_hd__nand2_1   | 0.054 |   5.181 |    4.897 | 
     | g122378                               | B v -> Y ^   | sky130_fd_sc_hd__nand2_2   | 0.100 |   5.281 |    4.997 | 
     | FE_OFC35_n_14732                      | A ^ -> X ^   | sky130_fd_sc_hd__buf_6     | 0.159 |   5.440 |    5.156 | 
     | alu_inst_muldiv_inst_mul_349_24_g9638 | A1 ^ -> X ^  | sky130_fd_sc_hd__o21a_2    | 0.175 |   5.615 |    5.331 | 
     | g127700                               | A ^ -> X v   | sky130_fd_sc_hd__xor3_2    | 0.466 |   6.081 |    5.797 | 
     | g120326                               | A v -> Y ^   | sky130_fd_sc_hd__inv_2     | 0.059 |   6.140 |    5.856 | 
     | g279                                  | A ^ -> Y v   | sky130_fd_sc_hd__nand3_1   | 0.056 |   6.196 |    5.912 | 
     | g127270                               | A v -> Y ^   | sky130_fd_sc_hd__nand2_1   | 0.087 |   6.283 |    5.999 | 
     | FE_RC_44_0                            | A ^ -> Y v   | sky130_fd_sc_hd__nand2_1   | 0.068 |   6.350 |    6.066 | 
     | FE_RC_43_0                            | B1 v -> Y ^  | sky130_fd_sc_hd__o21ai_2   | 0.071 |   6.421 |    6.137 | 
     | g127268                               | A ^ -> Y v   | sky130_fd_sc_hd__nand2_2   | 0.091 |   6.512 |    6.228 | 
     | g126008                               | D v -> Y ^   | sky130_fd_sc_hd__nand4_2   | 0.120 |   6.632 |    6.348 | 
     | FE_RC_5_0                             | A ^ -> Y v   | sky130_fd_sc_hd__nand3_4   | 0.107 |   6.739 |    6.455 | 
     | FE_RC_6_0                             | A v -> Y ^   | sky130_fd_sc_hd__nand3_4   | 0.099 |   6.838 |    6.554 | 
     | alu_inst_muldiv_inst_mul_349_24_g8901 | B ^ -> Y v   | sky130_fd_sc_hd__nand3_2   | 0.099 |   6.937 |    6.653 | 
     | g119435                               | A v -> Y ^   | sky130_fd_sc_hd__nand2_4   | 0.096 |   7.033 |    6.749 | 
     | g125512                               | A ^ -> Y v   | sky130_fd_sc_hd__nand2_4   | 0.059 |   7.092 |    6.808 | 
     | g125516                               | A v -> Y ^   | sky130_fd_sc_hd__nand2_2   | 0.053 |   7.145 |    6.861 | 
     | g125187                               | A ^ -> Y v   | sky130_fd_sc_hd__nand3_2   | 0.072 |   7.217 |    6.933 | 
     | g108191                               | A v -> Y ^   | sky130_fd_sc_hd__nand2_2   | 0.084 |   7.301 |    7.017 | 
     | g126298                               | A ^ -> Y v   | sky130_fd_sc_hd__nand2_2   | 0.068 |   7.369 |    7.085 | 
     | g126297                               | A v -> Y ^   | sky130_fd_sc_hd__nand2_4   | 0.069 |   7.438 |    7.154 | 
     | g126296                               | A ^ -> Y v   | sky130_fd_sc_hd__nand2_2   | 0.048 |   7.487 |    7.203 | 
     | g134                                  | A v -> Y ^   | sky130_fd_sc_hd__nand2_2   | 0.072 |   7.558 |    7.274 | 
     | g120067                               | A ^ -> Y v   | sky130_fd_sc_hd__nand2_2   | 0.060 |   7.619 |    7.335 | 
     | g126773                               | A v -> Y ^   | sky130_fd_sc_hd__nand2_2   | 0.067 |   7.686 |    7.402 | 
     | g126246                               | A ^ -> Y v   | sky130_fd_sc_hd__nand2_2   | 0.049 |   7.734 |    7.451 | 
     | g126245                               | A v -> Y ^   | sky130_fd_sc_hd__nand2_2   | 0.072 |   7.806 |    7.522 | 
     | fopt124279                            | A ^ -> Y v   | sky130_fd_sc_hd__inv_1     | 0.043 |   7.849 |    7.565 | 
     | g126258                               | A v -> Y ^   | sky130_fd_sc_hd__nand2_1   | 0.064 |   7.913 |    7.629 | 
     | g127454                               | B ^ -> Y v   | sky130_fd_sc_hd__nand3_1   | 0.118 |   8.031 |    7.747 | 
     | g127452                               | B v -> Y ^   | sky130_fd_sc_hd__nand2_4   | 0.124 |   8.154 |    7.871 | 
     | FE_OFC1115_n_20559                    | A ^ -> Y v   | sky130_fd_sc_hd__inv_4     | 0.063 |   8.217 |    7.934 | 
     | g125386                               | B v -> Y ^   | sky130_fd_sc_hd__nand3_2   | 0.126 |   8.344 |    8.060 | 
     | g128421                               | B ^ -> X ^   | sky130_fd_sc_hd__and2_4    | 0.170 |   8.514 |    8.230 | 
     | g123730                               | A ^ -> Y v   | sky130_fd_sc_hd__nand3_4   | 0.084 |   8.597 |    8.313 | 
     | FE_DBTC74_n_16273                     | A v -> Y ^   | sky130_fd_sc_hd__clkinv_1  | 0.076 |   8.673 |    8.389 | 
     | g122806                               | B ^ -> Y v   | sky130_fd_sc_hd__nand2b_1  | 0.052 |   8.725 |    8.441 | 
     | g122805                               | A v -> Y ^   | sky130_fd_sc_hd__nor2_1    | 0.123 |   8.848 |    8.564 | 
     | g127820                               | A ^ -> Y v   | sky130_fd_sc_hd__nand2_2   | 0.091 |   8.939 |    8.655 | 
     | FE_OFC1479_n_21131                    | A v -> Y ^   | sky130_fd_sc_hd__inv_2     | 0.064 |   9.002 |    8.718 | 
     | g128352                               | A ^ -> Y v   | sky130_fd_sc_hd__nand2_1   | 0.054 |   9.056 |    8.772 | 
     | FE_OFC1477_21719                      | A v -> Y ^   | sky130_fd_sc_hd__inv_2     | 0.094 |   9.150 |    8.867 | 
     | g718                                  | A ^ -> Y v   | sky130_fd_sc_hd__nand2_1   | 0.057 |   9.207 |    8.923 | 
     | g715                                  | A1 v -> Y ^  | sky130_fd_sc_hd__a21oi_1   | 0.131 |   9.338 |    9.054 | 
     | g714                                  | D1 ^ -> Y v  | sky130_fd_sc_hd__o2111ai_1 | 0.116 |   9.454 |    9.170 | 
     | result_r_reg[8]                       | D v          | sky130_fd_sc_hd__dfrtp_1   | 0.000 |   9.454 |    9.170 | 
     +----------------------------------------------------------------------------------------------------------------+ 
     Clock Rise Edge                      0.000
     + Source Insertion Delay            -0.181
     = Beginpoint Arrival Time           -0.181
     Other End Path:
     +--------------------------------------------------------------------------------------------+ 
     |      Instance       |    Arc     |            Cell            | Delay | Arrival | Required | 
     |                     |            |                            |       |  Time   |   Time   | 
     |---------------------+------------+----------------------------+-------+---------+----------| 
     |                     | clk ^      |                            |       |  -0.181 |    0.103 | 
     | CTS_ccl_a_inv_00003 | A ^ -> Y v | sky130_fd_sc_hd__clkinv_16 | 0.060 |  -0.121 |    0.163 | 
     | CTS_ccl_a_inv_00002 | A v -> Y ^ | sky130_fd_sc_hd__clkinv_16 | 0.118 |  -0.003 |    0.281 | 
     | result_r_reg[8]     | CLK ^      | sky130_fd_sc_hd__dfrtp_1   | 0.003 |   0.000 |    0.284 | 
     +--------------------------------------------------------------------------------------------+ 

