###############################################################
#  Generated by:      Cadence Innovus 21.15-s110_1
#  OS:                Linux x86_64(Host ID vlsiece24.iitr.ac.in)
#  Generated on:      Thu Sep 24 16:29:37 2026
#  Design:            coprocessor
#  Command:           report_timing -path_type full_clock -late  -max_paths 10 > ./$RUN/timing_setup.rpt
###############################################################
Path 1: MET Setup Check with Pin result_r_reg[14]/CLK 
Endpoint:   result_r_reg[14]/D (v) checked with  leading edge of 'clk'
Beginpoint: in2_r_reg[5]/Q     (v) triggered by  leading edge of 'clk'
Path Groups: {clk}
Analysis View: VIEW_TYP
Other End Arrival Time          0.613
- Setup                         0.123
+ Phase Shift                   9.300
+ CPPR Adjustment               0.000
= Required Time                 9.790
- Arrival Time                  9.767
= Slack Time                    0.023
     Clock Rise Edge                      0.000
     + Source Insertion Delay            -0.181
     = Beginpoint Arrival Time           -0.181
     Timing Path:
     +------------------------------------------------------------------------------------------------------------------+ 
     |                Instance                 |     Arc      |            Cell            | Delay | Arrival | Required | 
     |                                         |              |                            |       |  Time   |   Time   | 
     |-----------------------------------------+--------------+----------------------------+-------+---------+----------| 
     |                                         | clk ^        |                            |       |  -0.181 |   -0.158 | 
     | CTS_ccl_a_inv_00003                     | A ^ -> Y v   | sky130_fd_sc_hd__clkinv_16 | 0.445 |   0.264 |    0.287 | 
     | CTS_ccl_a_inv_00001                     | A v -> Y ^   | sky130_fd_sc_hd__clkinv_16 | 0.158 |   0.422 |    0.445 | 
     | in2_r_reg[5]                            | CLK ^ -> Q v | sky130_fd_sc_hd__sdfrtp_2  | 0.441 |   0.863 |    0.887 | 
     | FE_OFC1696_in2_r_5                      | A v -> Y ^   | sky130_fd_sc_hd__clkinv_2  | 0.090 |   0.953 |    0.977 | 
     | g116652                                 | B ^ -> Y v   | sky130_fd_sc_hd__nand2_1   | 0.064 |   1.017 |    1.040 | 
     | g114663                                 | A v -> Y ^   | sky130_fd_sc_hd__nor2_2    | 0.135 |   1.152 |    1.175 | 
     | FE_RC_46_0                              | B ^ -> Y v   | sky130_fd_sc_hd__nand4_1   | 0.132 |   1.284 |    1.307 | 
     | g119610                                 | B v -> Y ^   | sky130_fd_sc_hd__nor2_1    | 0.138 |   1.422 |    1.445 | 
     | g119606                                 | B ^ -> Y v   | sky130_fd_sc_hd__nor2_2    | 0.055 |   1.477 |    1.500 | 
     | g124513                                 | A v -> Y ^   | sky130_fd_sc_hd__nand2_2   | 0.078 |   1.555 |    1.578 | 
     | g124514                                 | A ^ -> Y v   | sky130_fd_sc_hd__inv_2     | 0.053 |   1.608 |    1.631 | 
     | g123797                                 | B v -> Y ^   | sky130_fd_sc_hd__nand2_2   | 0.063 |   1.671 |    1.694 | 
     | g123796                                 | B ^ -> Y v   | sky130_fd_sc_hd__nand2_2   | 0.068 |   1.739 |    1.762 | 
     | g123795                                 | A v -> Y ^   | sky130_fd_sc_hd__nor2_2    | 0.117 |   1.856 |    1.879 | 
     | g124752                                 | B ^ -> Y v   | sky130_fd_sc_hd__nand2_2   | 0.081 |   1.937 |    1.960 | 
     | FE_OFC1320_n_17344                      | A v -> Y ^   | sky130_fd_sc_hd__clkinv_4  | 0.086 |   2.023 |    2.046 | 
     | FE_RC_13_0                              | A ^ -> Y v   | sky130_fd_sc_hd__nand2_2   | 0.065 |   2.088 |    2.111 | 
     | FE_RC_11_0                              | A v -> Y ^   | sky130_fd_sc_hd__nand2_4   | 0.105 |   2.193 |    2.217 | 
     | FE_OFC1317_n_13609                      | A ^ -> X ^   | sky130_fd_sc_hd__buf_2     | 0.150 |   2.343 |    2.366 | 
     | g125264                                 | B ^ -> Y v   | sky130_fd_sc_hd__nand3_1   | 0.087 |   2.430 |    2.454 | 
     | g125263                                 | A v -> Y ^   | sky130_fd_sc_hd__nand2_2   | 0.093 |   2.524 |    2.547 | 
     | g127502                                 | A ^ -> Y v   | sky130_fd_sc_hd__nand2_1   | 0.091 |   2.615 |    2.638 | 
     | g127496                                 | B v -> Y ^   | sky130_fd_sc_hd__nand2_4   | 0.224 |   2.839 |    2.863 | 
     | g113138                                 | A ^ -> Y v   | sky130_fd_sc_hd__nor2_1    | 0.077 |   2.917 |    2.940 | 
     | FE_OCPC1078_n_3345                      | A v -> X v   | sky130_fd_sc_hd__buf_2     | 0.172 |   3.089 |    3.112 | 
     | g120778                                 | A v -> Y ^   | sky130_fd_sc_hd__nand2_2   | 0.088 |   3.177 |    3.200 | 
     | FE_OFC1589_n_12829                      | A ^ -> X ^   | sky130_fd_sc_hd__buf_12    | 0.271 |   3.448 |    3.471 | 
     | FE_OFC1590_n_12829                      | A ^ -> Y v   | sky130_fd_sc_hd__inv_12    | 0.152 |   3.600 |    3.623 | 
     | g120784                                 | C v -> Y ^   | sky130_fd_sc_hd__nand3_2   | 0.106 |   3.706 |    3.729 | 
     | g120781                                 | B1 ^ -> Y v  | sky130_fd_sc_hd__o21ai_1   | 0.060 |   3.766 |    3.789 | 
     | g1815                                   | C v -> Y ^   | sky130_fd_sc_hd__nor3_1    | 0.189 |   3.956 |    3.979 | 
     | FE_OFC1529_n_14913                      | A ^ -> X ^   | sky130_fd_sc_hd__buf_6     | 0.146 |   4.102 |    4.125 | 
     | FE_PSC1704_FE_OCPN19816_n_14913         | A ^ -> X ^   | sky130_fd_sc_hd__buf_2     | 0.379 |   4.481 |    4.504 | 
     | g128809                                 | C ^ -> Y v   | sky130_fd_sc_hd__nand3b_2  | 0.186 |   4.667 |    4.691 | 
     | g1808                                   | A v -> Y ^   | sky130_fd_sc_hd__nor2_4    | 0.153 |   4.821 |    4.844 | 
     | g127234                                 | A1 ^ -> Y v  | sky130_fd_sc_hd__a31oi_1   | 0.107 |   4.928 |    4.951 | 
     | g127233                                 | B v -> Y ^   | sky130_fd_sc_hd__nor2_2    | 0.222 |   5.150 |    5.173 | 
     | g127324                                 | B ^ -> Y v   | sky130_fd_sc_hd__nand3_4   | 0.162 |   5.312 |    5.335 | 
     | FE_OFC693_n_20380                       | A v -> Y ^   | sky130_fd_sc_hd__inv_4     | 0.192 |   5.504 |    5.527 | 
     | alu_inst_muldiv_inst_mul_349_24_g10108  | A ^ -> Y v   | sky130_fd_sc_hd__nand2_2   | 0.068 |   5.571 |    5.595 | 
     | g123520                                 | A v -> Y ^   | sky130_fd_sc_hd__nand2_4   | 0.063 |   5.635 |    5.658 | 
     | FE_OFC63_n_16054                        | A ^ -> Y v   | sky130_fd_sc_hd__inv_4     | 0.054 |   5.689 |    5.712 | 
     | g125128                                 | A v -> Y ^   | sky130_fd_sc_hd__nand2_4   | 0.086 |   5.776 |    5.799 | 
     | FE_DBTC82_n_17781                       | A ^ -> Y v   | sky130_fd_sc_hd__inv_6     | 0.062 |   5.838 |    5.861 | 
     | g125130                                 | A v -> Y ^   | sky130_fd_sc_hd__nand2_1   | 0.097 |   5.935 |    5.958 | 
     | g125132                                 | B ^ -> Y v   | sky130_fd_sc_hd__nand2_1   | 0.079 |   6.014 |    6.037 | 
     | g127582                                 | A v -> Y ^   | sky130_fd_sc_hd__nand2_2   | 0.087 |   6.101 |    6.124 | 
     | g124219                                 | B ^ -> Y v   | sky130_fd_sc_hd__nand2_2   | 0.065 |   6.166 |    6.190 | 
     | g124255                                 | A v -> Y ^   | sky130_fd_sc_hd__nand2_1   | 0.073 |   6.240 |    6.263 | 
     | alu_inst_muldiv_inst_mul_349_24_g9202   | A ^ -> Y v   | sky130_fd_sc_hd__nand2_1   | 0.054 |   6.294 |    6.317 | 
     | g119366                                 | A v -> Y ^   | sky130_fd_sc_hd__nand2_1   | 0.065 |   6.359 |    6.382 | 
     | g402                                    | A ^ -> Y v   | sky130_fd_sc_hd__nand2_2   | 0.061 |   6.419 |    6.443 | 
     | g401                                    | A v -> Y ^   | sky130_fd_sc_hd__inv_2     | 0.059 |   6.478 |    6.502 | 
     | alu_inst_muldiv_inst_mul_349_24_g10407  | A_N ^ -> Y ^ | sky130_fd_sc_hd__nand2b_1  | 0.108 |   6.586 |    6.610 | 
     | g7048                                   | A ^ -> Y v   | sky130_fd_sc_hd__nand2_2   | 0.063 |   6.650 |    6.673 | 
     | g127354                                 | B v -> Y ^   | sky130_fd_sc_hd__nand2_2   | 0.101 |   6.750 |    6.774 | 
     | alu_inst_muldiv_inst_mul_349_24_g125976 | A ^ -> Y v   | sky130_fd_sc_hd__nand2_2   | 0.059 |   6.809 |    6.833 | 
     | alu_inst_muldiv_inst_mul_349_24_g125975 | A v -> Y ^   | sky130_fd_sc_hd__nand2_2   | 0.067 |   6.876 |    6.899 | 
     | alu_inst_muldiv_inst_mul_349_24_g125974 | A1 ^ -> Y v  | sky130_fd_sc_hd__a21oi_2   | 0.054 |   6.930 |    6.953 | 
     | alu_inst_muldiv_inst_mul_349_24_g8914   | B v -> Y ^   | sky130_fd_sc_hd__nor2_2    | 0.159 |   7.089 |    7.112 | 
     | FE_RC_30_0                              | C ^ -> Y v   | sky130_fd_sc_hd__nand4_4   | 0.172 |   7.261 |    7.284 | 
     | g125512                                 | B v -> Y ^   | sky130_fd_sc_hd__nand2_4   | 0.114 |   7.374 |    7.398 | 
     | g125515                                 | A ^ -> Y v   | sky130_fd_sc_hd__nand2_1   | 0.086 |   7.461 |    7.484 | 
     | g108109                                 | A v -> Y ^   | sky130_fd_sc_hd__nand2_2   | 0.129 |   7.589 |    7.613 | 
     | g126298                                 | B ^ -> Y v   | sky130_fd_sc_hd__nand2_2   | 0.071 |   7.660 |    7.684 | 
     | g126297                                 | A v -> Y ^   | sky130_fd_sc_hd__nand2_4   | 0.076 |   7.736 |    7.759 | 
     | g126296                                 | A ^ -> Y v   | sky130_fd_sc_hd__nand2_2   | 0.052 |   7.788 |    7.811 | 
     | g134                                    | A v -> Y ^   | sky130_fd_sc_hd__nand2_2   | 0.073 |   7.861 |    7.884 | 
     | g120067                                 | A ^ -> Y v   | sky130_fd_sc_hd__nand2_2   | 0.062 |   7.922 |    7.946 | 
     | g126773                                 | A v -> Y ^   | sky130_fd_sc_hd__nand2_2   | 0.067 |   7.989 |    8.012 | 
     | g126246                                 | A ^ -> Y v   | sky130_fd_sc_hd__nand2_2   | 0.050 |   8.039 |    8.062 | 
     | g126245                                 | A v -> Y ^   | sky130_fd_sc_hd__nand2_2   | 0.081 |   8.119 |    8.143 | 
     | g103                                    | A ^ -> Y v   | sky130_fd_sc_hd__nand2_2   | 0.072 |   8.191 |    8.215 | 
     | g126828                                 | A v -> Y ^   | sky130_fd_sc_hd__nand2_2   | 0.100 |   8.292 |    8.315 | 
     | g126824                                 | B ^ -> Y v   | sky130_fd_sc_hd__nand2_4   | 0.083 |   8.375 |    8.398 | 
     | g121684                                 | A v -> Y ^   | sky130_fd_sc_hd__nand2_2   | 0.065 |   8.439 |    8.463 | 
     | g122405                                 | A ^ -> Y v   | sky130_fd_sc_hd__nand2_1   | 0.045 |   8.484 |    8.508 | 
     | g124272                                 | A v -> Y ^   | sky130_fd_sc_hd__nand2_1   | 0.070 |   8.555 |    8.578 | 
     | g125385                                 | A ^ -> Y v   | sky130_fd_sc_hd__nand2_2   | 0.079 |   8.633 |    8.657 | 
     | g126939                                 | A v -> Y ^   | sky130_fd_sc_hd__nand2_2   | 0.064 |   8.697 |    8.721 | 
     | g126938                                 | A ^ -> Y v   | sky130_fd_sc_hd__nand2_2   | 0.066 |   8.763 |    8.786 | 
     | g126937                                 | A v -> Y ^   | sky130_fd_sc_hd__nand2_1   | 0.153 |   8.916 |    8.939 | 
     | g125108                                 | B ^ -> Y v   | sky130_fd_sc_hd__nand2b_1  | 0.073 |   8.990 |    9.013 | 
     | g125106                                 | B v -> Y ^   | sky130_fd_sc_hd__nor2_1    | 0.096 |   9.085 |    9.109 | 
     | g424                                    | B ^ -> Y v   | sky130_fd_sc_hd__nand2_1   | 0.073 |   9.158 |    9.181 | 
     | FE_OFC1099_n_17480                      | A v -> Y ^   | sky130_fd_sc_hd__inv_2     | 0.074 |   9.232 |    9.255 | 
     | g128278                                 | B ^ -> Y v   | sky130_fd_sc_hd__nand3_1   | 0.086 |   9.318 |    9.341 | 
     | FE_OFC1096_n_21636                      | A v -> Y ^   | sky130_fd_sc_hd__inv_2     | 0.095 |   9.413 |    9.436 | 
     | FE_RC_10_0                              | A2 ^ -> Y v  | sky130_fd_sc_hd__o2111ai_2 | 0.158 |   9.571 |    9.594 | 
     | g124409                                 | B v -> Y ^   | sky130_fd_sc_hd__nor2_2    | 0.130 |   9.701 |    9.724 | 
     | FE_RC_15_0                              | A2 ^ -> Y v  | sky130_fd_sc_hd__o21ai_1   | 0.066 |   9.767 |    9.790 | 
     | result_r_reg[14]                        | D v          | sky130_fd_sc_hd__dfrtp_1   | 0.000 |   9.767 |    9.790 | 
     +------------------------------------------------------------------------------------------------------------------+ 
     Clock Rise Edge                      0.000
     = Beginpoint Arrival Time            0.000
     Other End Path:
     +--------------------------------------------------------------------------------------------+ 
     |      Instance       |    Arc     |            Cell            | Delay | Arrival | Required | 
     |                     |            |                            |       |  Time   |   Time   | 
     |---------------------+------------+----------------------------+-------+---------+----------| 
     |                     | clk ^      |                            |       |   0.000 |   -0.023 | 
     | CTS_ccl_a_inv_00003 | A ^ -> Y v | sky130_fd_sc_hd__clkinv_16 | 0.445 |   0.445 |    0.422 | 
     | CTS_ccl_a_inv_00002 | A v -> Y ^ | sky130_fd_sc_hd__clkinv_16 | 0.166 |   0.610 |    0.587 | 
     | result_r_reg[14]    | CLK ^      | sky130_fd_sc_hd__dfrtp_1   | 0.002 |   0.613 |    0.590 | 
     +--------------------------------------------------------------------------------------------+ 
Path 2: MET Setup Check with Pin result_r_reg[2]/CLK 
Endpoint:   result_r_reg[2]/D (^) checked with  leading edge of 'clk'
Beginpoint: in2_r_reg[5]/Q    (v) triggered by  leading edge of 'clk'
Path Groups: {clk}
Analysis View: VIEW_TYP
Other End Arrival Time          0.613
- Setup                         0.064
+ Phase Shift                   9.300
+ CPPR Adjustment               0.000
= Required Time                 9.848
- Arrival Time                  9.823
= Slack Time                    0.026
     Clock Rise Edge                      0.000
     + Source Insertion Delay            -0.181
     = Beginpoint Arrival Time           -0.181
     Timing Path:
     +------------------------------------------------------------------------------------------------------------------+ 
     |                Instance                 |     Arc      |            Cell            | Delay | Arrival | Required | 
     |                                         |              |                            |       |  Time   |   Time   | 
     |-----------------------------------------+--------------+----------------------------+-------+---------+----------| 
     |                                         | clk ^        |                            |       |  -0.181 |   -0.155 | 
     | CTS_ccl_a_inv_00003                     | A ^ -> Y v   | sky130_fd_sc_hd__clkinv_16 | 0.445 |   0.264 |    0.290 | 
     | CTS_ccl_a_inv_00001                     | A v -> Y ^   | sky130_fd_sc_hd__clkinv_16 | 0.158 |   0.422 |    0.448 | 
     | in2_r_reg[5]                            | CLK ^ -> Q v | sky130_fd_sc_hd__sdfrtp_2  | 0.441 |   0.863 |    0.889 | 
     | FE_OFC1696_in2_r_5                      | A v -> Y ^   | sky130_fd_sc_hd__clkinv_2  | 0.090 |   0.953 |    0.979 | 
     | g116652                                 | B ^ -> Y v   | sky130_fd_sc_hd__nand2_1   | 0.064 |   1.017 |    1.043 | 
     | g114663                                 | A v -> Y ^   | sky130_fd_sc_hd__nor2_2    | 0.135 |   1.152 |    1.178 | 
     | FE_RC_46_0                              | B ^ -> Y v   | sky130_fd_sc_hd__nand4_1   | 0.132 |   1.284 |    1.310 | 
     | g119610                                 | B v -> Y ^   | sky130_fd_sc_hd__nor2_1    | 0.138 |   1.422 |    1.448 | 
     | g119606                                 | B ^ -> Y v   | sky130_fd_sc_hd__nor2_2    | 0.055 |   1.477 |    1.503 | 
     | g124513                                 | A v -> Y ^   | sky130_fd_sc_hd__nand2_2   | 0.078 |   1.555 |    1.580 | 
     | g124514                                 | A ^ -> Y v   | sky130_fd_sc_hd__inv_2     | 0.053 |   1.608 |    1.634 | 
     | g123797                                 | B v -> Y ^   | sky130_fd_sc_hd__nand2_2   | 0.063 |   1.671 |    1.697 | 
     | g123796                                 | B ^ -> Y v   | sky130_fd_sc_hd__nand2_2   | 0.068 |   1.739 |    1.765 | 
     | g123795                                 | A v -> Y ^   | sky130_fd_sc_hd__nor2_2    | 0.117 |   1.856 |    1.882 | 
     | g124752                                 | B ^ -> Y v   | sky130_fd_sc_hd__nand2_2   | 0.081 |   1.937 |    1.962 | 
     | FE_OFC1320_n_17344                      | A v -> Y ^   | sky130_fd_sc_hd__clkinv_4  | 0.086 |   2.023 |    2.049 | 
     | FE_RC_13_0                              | A ^ -> Y v   | sky130_fd_sc_hd__nand2_2   | 0.065 |   2.088 |    2.114 | 
     | FE_RC_11_0                              | A v -> Y ^   | sky130_fd_sc_hd__nand2_4   | 0.105 |   2.193 |    2.219 | 
     | FE_OFC1317_n_13609                      | A ^ -> X ^   | sky130_fd_sc_hd__buf_2     | 0.150 |   2.343 |    2.369 | 
     | g125264                                 | B ^ -> Y v   | sky130_fd_sc_hd__nand3_1   | 0.087 |   2.430 |    2.456 | 
     | g125263                                 | A v -> Y ^   | sky130_fd_sc_hd__nand2_2   | 0.093 |   2.524 |    2.550 | 
     | g127502                                 | A ^ -> Y v   | sky130_fd_sc_hd__nand2_1   | 0.091 |   2.615 |    2.641 | 
     | g127496                                 | B v -> Y ^   | sky130_fd_sc_hd__nand2_4   | 0.224 |   2.839 |    2.865 | 
     | g113138                                 | A ^ -> Y v   | sky130_fd_sc_hd__nor2_1    | 0.077 |   2.917 |    2.943 | 
     | FE_OCPC1078_n_3345                      | A v -> X v   | sky130_fd_sc_hd__buf_2     | 0.172 |   3.089 |    3.115 | 
     | g120778                                 | A v -> Y ^   | sky130_fd_sc_hd__nand2_2   | 0.088 |   3.177 |    3.203 | 
     | FE_OFC1589_n_12829                      | A ^ -> X ^   | sky130_fd_sc_hd__buf_12    | 0.271 |   3.448 |    3.474 | 
     | FE_OFC1590_n_12829                      | A ^ -> Y v   | sky130_fd_sc_hd__inv_12    | 0.152 |   3.600 |    3.625 | 
     | g120784                                 | C v -> Y ^   | sky130_fd_sc_hd__nand3_2   | 0.106 |   3.706 |    3.732 | 
     | g120781                                 | B1 ^ -> Y v  | sky130_fd_sc_hd__o21ai_1   | 0.060 |   3.766 |    3.792 | 
     | g1815                                   | C v -> Y ^   | sky130_fd_sc_hd__nor3_1    | 0.189 |   3.956 |    3.981 | 
     | FE_OFC1529_n_14913                      | A ^ -> X ^   | sky130_fd_sc_hd__buf_6     | 0.146 |   4.102 |    4.127 | 
     | FE_PSC1704_FE_OCPN19816_n_14913         | A ^ -> X ^   | sky130_fd_sc_hd__buf_2     | 0.379 |   4.481 |    4.507 | 
     | g128809                                 | C ^ -> Y v   | sky130_fd_sc_hd__nand3b_2  | 0.186 |   4.667 |    4.693 | 
     | g1808                                   | A v -> Y ^   | sky130_fd_sc_hd__nor2_4    | 0.153 |   4.821 |    4.846 | 
     | g127234                                 | A1 ^ -> Y v  | sky130_fd_sc_hd__a31oi_1   | 0.107 |   4.928 |    4.953 | 
     | g127233                                 | B v -> Y ^   | sky130_fd_sc_hd__nor2_2    | 0.222 |   5.150 |    5.175 | 
     | g127324                                 | B ^ -> Y v   | sky130_fd_sc_hd__nand3_4   | 0.162 |   5.312 |    5.338 | 
     | FE_OFC693_n_20380                       | A v -> Y ^   | sky130_fd_sc_hd__inv_4     | 0.192 |   5.504 |    5.529 | 
     | alu_inst_muldiv_inst_mul_349_24_g10108  | A ^ -> Y v   | sky130_fd_sc_hd__nand2_2   | 0.068 |   5.571 |    5.597 | 
     | g123520                                 | A v -> Y ^   | sky130_fd_sc_hd__nand2_4   | 0.063 |   5.635 |    5.661 | 
     | FE_OFC63_n_16054                        | A ^ -> Y v   | sky130_fd_sc_hd__inv_4     | 0.054 |   5.689 |    5.715 | 
     | g125128                                 | A v -> Y ^   | sky130_fd_sc_hd__nand2_4   | 0.086 |   5.776 |    5.801 | 
     | FE_DBTC82_n_17781                       | A ^ -> Y v   | sky130_fd_sc_hd__inv_6     | 0.062 |   5.838 |    5.863 | 
     | g125130                                 | A v -> Y ^   | sky130_fd_sc_hd__nand2_1   | 0.097 |   5.935 |    5.960 | 
     | g125132                                 | B ^ -> Y v   | sky130_fd_sc_hd__nand2_1   | 0.079 |   6.014 |    6.040 | 
     | g127582                                 | A v -> Y ^   | sky130_fd_sc_hd__nand2_2   | 0.087 |   6.101 |    6.127 | 
     | g124219                                 | B ^ -> Y v   | sky130_fd_sc_hd__nand2_2   | 0.065 |   6.166 |    6.192 | 
     | g124255                                 | A v -> Y ^   | sky130_fd_sc_hd__nand2_1   | 0.073 |   6.240 |    6.266 | 
     | alu_inst_muldiv_inst_mul_349_24_g9202   | A ^ -> Y v   | sky130_fd_sc_hd__nand2_1   | 0.054 |   6.294 |    6.320 | 
     | g119366                                 | A v -> Y ^   | sky130_fd_sc_hd__nand2_1   | 0.065 |   6.359 |    6.384 | 
     | g402                                    | A ^ -> Y v   | sky130_fd_sc_hd__nand2_2   | 0.061 |   6.419 |    6.445 | 
     | g401                                    | A v -> Y ^   | sky130_fd_sc_hd__inv_2     | 0.059 |   6.478 |    6.504 | 
     | alu_inst_muldiv_inst_mul_349_24_g10407  | A_N ^ -> Y ^ | sky130_fd_sc_hd__nand2b_1  | 0.108 |   6.586 |    6.612 | 
     | g7048                                   | A ^ -> Y v   | sky130_fd_sc_hd__nand2_2   | 0.063 |   6.650 |    6.676 | 
     | g127354                                 | B v -> Y ^   | sky130_fd_sc_hd__nand2_2   | 0.101 |   6.750 |    6.776 | 
     | alu_inst_muldiv_inst_mul_349_24_g125976 | A ^ -> Y v   | sky130_fd_sc_hd__nand2_2   | 0.059 |   6.809 |    6.835 | 
     | alu_inst_muldiv_inst_mul_349_24_g125975 | A v -> Y ^   | sky130_fd_sc_hd__nand2_2   | 0.067 |   6.876 |    6.902 | 
     | alu_inst_muldiv_inst_mul_349_24_g125974 | A1 ^ -> Y v  | sky130_fd_sc_hd__a21oi_2   | 0.054 |   6.930 |    6.956 | 
     | alu_inst_muldiv_inst_mul_349_24_g8914   | B v -> Y ^   | sky130_fd_sc_hd__nor2_2    | 0.159 |   7.089 |    7.114 | 
     | FE_RC_30_0                              | C ^ -> Y v   | sky130_fd_sc_hd__nand4_4   | 0.172 |   7.261 |    7.286 | 
     | g125512                                 | B v -> Y ^   | sky130_fd_sc_hd__nand2_4   | 0.114 |   7.374 |    7.400 | 
     | g125515                                 | A ^ -> Y v   | sky130_fd_sc_hd__nand2_1   | 0.086 |   7.461 |    7.486 | 
     | g108109                                 | A v -> Y ^   | sky130_fd_sc_hd__nand2_2   | 0.129 |   7.589 |    7.615 | 
     | g126298                                 | B ^ -> Y v   | sky130_fd_sc_hd__nand2_2   | 0.071 |   7.660 |    7.686 | 
     | g126297                                 | A v -> Y ^   | sky130_fd_sc_hd__nand2_4   | 0.076 |   7.736 |    7.762 | 
     | g126296                                 | A ^ -> Y v   | sky130_fd_sc_hd__nand2_2   | 0.052 |   7.788 |    7.813 | 
     | g134                                    | A v -> Y ^   | sky130_fd_sc_hd__nand2_2   | 0.073 |   7.861 |    7.886 | 
     | fopt123998                              | A ^ -> Y v   | sky130_fd_sc_hd__inv_1     | 0.042 |   7.903 |    7.929 | 
     | g123997                                 | A v -> Y ^   | sky130_fd_sc_hd__nand2_1   | 0.061 |   7.964 |    7.989 | 
     | g125554                                 | A ^ -> Y v   | sky130_fd_sc_hd__nand2_2   | 0.088 |   8.051 |    8.077 | 
     | g125553                                 | B v -> Y ^   | sky130_fd_sc_hd__nor2_1    | 0.097 |   8.148 |    8.174 | 
     | g128559                                 | A_N ^ -> Y ^ | sky130_fd_sc_hd__nand2b_4  | 0.202 |   8.350 |    8.375 | 
     | g239                                    | A_N ^ -> Y ^ | sky130_fd_sc_hd__nand2b_1  | 0.131 |   8.480 |    8.506 | 
     | g128411                                 | B ^ -> X ^   | sky130_fd_sc_hd__and2_4    | 0.153 |   8.633 |    8.659 | 
     | g126511                                 | A ^ -> Y v   | sky130_fd_sc_hd__nand3_2   | 0.077 |   8.710 |    8.736 | 
     | g125908                                 | A v -> Y ^   | sky130_fd_sc_hd__nand3_1   | 0.098 |   8.808 |    8.834 | 
     | g127819                                 | B ^ -> Y v   | sky130_fd_sc_hd__nand2_1   | 0.070 |   8.878 |    8.904 | 
     | g127818                                 | A v -> Y ^   | sky130_fd_sc_hd__inv_2     | 0.064 |   8.943 |    8.968 | 
     | g127823                                 | A ^ -> Y v   | sky130_fd_sc_hd__nand2_2   | 0.078 |   9.020 |    9.046 | 
     | g127826                                 | B v -> Y ^   | sky130_fd_sc_hd__nor2_2    | 0.107 |   9.127 |    9.153 | 
     | g127825                                 | A ^ -> Y v   | sky130_fd_sc_hd__inv_2     | 0.056 |   9.183 |    9.209 | 
     | g107053                                 | B v -> Y ^   | sky130_fd_sc_hd__nor2_1    | 0.079 |   9.262 |    9.288 | 
     | g107042                                 | B ^ -> Y v   | sky130_fd_sc_hd__nor2_1    | 0.054 |   9.316 |    9.342 | 
     | g116577                                 | A2 v -> Y ^  | sky130_fd_sc_hd__o21ai_1   | 0.239 |   9.555 |    9.580 | 
     | g118719                                 | B1 ^ -> Y v  | sky130_fd_sc_hd__a21oi_2   | 0.107 |   9.662 |    9.688 | 
     | g105902                                 | B2 v -> Y ^  | sky130_fd_sc_hd__o2bb2ai_4 | 0.161 |   9.823 |    9.848 | 
     | result_r_reg[2]                         | D ^          | sky130_fd_sc_hd__dfrtp_1   | 0.000 |   9.823 |    9.848 | 
     +------------------------------------------------------------------------------------------------------------------+ 
     Clock Rise Edge                      0.000
     = Beginpoint Arrival Time            0.000
     Other End Path:
     +--------------------------------------------------------------------------------------------+ 
     |      Instance       |    Arc     |            Cell            | Delay | Arrival | Required | 
     |                     |            |                            |       |  Time   |   Time   | 
     |---------------------+------------+----------------------------+-------+---------+----------| 
     |                     | clk ^      |                            |       |   0.000 |   -0.026 | 
     | CTS_ccl_a_inv_00003 | A ^ -> Y v | sky130_fd_sc_hd__clkinv_16 | 0.445 |   0.445 |    0.419 | 
     | CTS_ccl_a_inv_00002 | A v -> Y ^ | sky130_fd_sc_hd__clkinv_16 | 0.166 |   0.610 |    0.585 | 
     | result_r_reg[2]     | CLK ^      | sky130_fd_sc_hd__dfrtp_1   | 0.002 |   0.613 |    0.587 | 
     +--------------------------------------------------------------------------------------------+ 
Path 3: MET Setup Check with Pin result_r_reg[12]/CLK 
Endpoint:   result_r_reg[12]/D (^) checked with  leading edge of 'clk'
Beginpoint: in2_r_reg[5]/Q     (v) triggered by  leading edge of 'clk'
Path Groups: {clk}
Analysis View: VIEW_TYP
Other End Arrival Time          0.614
- Setup                         0.060
+ Phase Shift                   9.300
+ CPPR Adjustment               0.000
= Required Time                 9.854
- Arrival Time                  9.826
= Slack Time                    0.029
     Clock Rise Edge                      0.000
     + Source Insertion Delay            -0.181
     = Beginpoint Arrival Time           -0.181
     Timing Path:
     +------------------------------------------------------------------------------------------------------------------+ 
     |                Instance                 |     Arc      |            Cell            | Delay | Arrival | Required | 
     |                                         |              |                            |       |  Time   |   Time   | 
     |-----------------------------------------+--------------+----------------------------+-------+---------+----------| 
     |                                         | clk ^        |                            |       |  -0.181 |   -0.152 | 
     | CTS_ccl_a_inv_00003                     | A ^ -> Y v   | sky130_fd_sc_hd__clkinv_16 | 0.445 |   0.264 |    0.292 | 
     | CTS_ccl_a_inv_00001                     | A v -> Y ^   | sky130_fd_sc_hd__clkinv_16 | 0.158 |   0.422 |    0.451 | 
     | in2_r_reg[5]                            | CLK ^ -> Q v | sky130_fd_sc_hd__sdfrtp_2  | 0.441 |   0.863 |    0.892 | 
     | FE_OFC1696_in2_r_5                      | A v -> Y ^   | sky130_fd_sc_hd__clkinv_2  | 0.090 |   0.953 |    0.982 | 
     | g116652                                 | B ^ -> Y v   | sky130_fd_sc_hd__nand2_1   | 0.064 |   1.017 |    1.046 | 
     | g114663                                 | A v -> Y ^   | sky130_fd_sc_hd__nor2_2    | 0.135 |   1.152 |    1.181 | 
     | FE_RC_46_0                              | B ^ -> Y v   | sky130_fd_sc_hd__nand4_1   | 0.132 |   1.284 |    1.313 | 
     | g119610                                 | B v -> Y ^   | sky130_fd_sc_hd__nor2_1    | 0.138 |   1.422 |    1.451 | 
     | g119606                                 | B ^ -> Y v   | sky130_fd_sc_hd__nor2_2    | 0.055 |   1.477 |    1.506 | 
     | g124513                                 | A v -> Y ^   | sky130_fd_sc_hd__nand2_2   | 0.078 |   1.555 |    1.583 | 
     | g124514                                 | A ^ -> Y v   | sky130_fd_sc_hd__inv_2     | 0.053 |   1.608 |    1.636 | 
     | g123797                                 | B v -> Y ^   | sky130_fd_sc_hd__nand2_2   | 0.063 |   1.671 |    1.700 | 
     | g123796                                 | B ^ -> Y v   | sky130_fd_sc_hd__nand2_2   | 0.068 |   1.739 |    1.768 | 
     | g123795                                 | A v -> Y ^   | sky130_fd_sc_hd__nor2_2    | 0.117 |   1.856 |    1.885 | 
     | g124752                                 | B ^ -> Y v   | sky130_fd_sc_hd__nand2_2   | 0.081 |   1.937 |    1.965 | 
     | FE_OFC1320_n_17344                      | A v -> Y ^   | sky130_fd_sc_hd__clkinv_4  | 0.086 |   2.023 |    2.052 | 
     | FE_RC_13_0                              | A ^ -> Y v   | sky130_fd_sc_hd__nand2_2   | 0.065 |   2.088 |    2.116 | 
     | FE_RC_11_0                              | A v -> Y ^   | sky130_fd_sc_hd__nand2_4   | 0.105 |   2.193 |    2.222 | 
     | FE_OFC1317_n_13609                      | A ^ -> X ^   | sky130_fd_sc_hd__buf_2     | 0.150 |   2.343 |    2.372 | 
     | g125264                                 | B ^ -> Y v   | sky130_fd_sc_hd__nand3_1   | 0.087 |   2.430 |    2.459 | 
     | g125263                                 | A v -> Y ^   | sky130_fd_sc_hd__nand2_2   | 0.093 |   2.524 |    2.552 | 
     | g127502                                 | A ^ -> Y v   | sky130_fd_sc_hd__nand2_1   | 0.091 |   2.615 |    2.644 | 
     | g127496                                 | B v -> Y ^   | sky130_fd_sc_hd__nand2_4   | 0.224 |   2.839 |    2.868 | 
     | g113138                                 | A ^ -> Y v   | sky130_fd_sc_hd__nor2_1    | 0.077 |   2.917 |    2.945 | 
     | FE_OCPC1078_n_3345                      | A v -> X v   | sky130_fd_sc_hd__buf_2     | 0.172 |   3.089 |    3.118 | 
     | g120778                                 | A v -> Y ^   | sky130_fd_sc_hd__nand2_2   | 0.088 |   3.177 |    3.206 | 
     | FE_OFC1589_n_12829                      | A ^ -> X ^   | sky130_fd_sc_hd__buf_12    | 0.271 |   3.448 |    3.477 | 
     | FE_OFC1590_n_12829                      | A ^ -> Y v   | sky130_fd_sc_hd__inv_12    | 0.152 |   3.600 |    3.628 | 
     | g120784                                 | C v -> Y ^   | sky130_fd_sc_hd__nand3_2   | 0.106 |   3.706 |    3.734 | 
     | g120781                                 | B1 ^ -> Y v  | sky130_fd_sc_hd__o21ai_1   | 0.060 |   3.766 |    3.795 | 
     | g1815                                   | C v -> Y ^   | sky130_fd_sc_hd__nor3_1    | 0.189 |   3.956 |    3.984 | 
     | FE_OFC1529_n_14913                      | A ^ -> X ^   | sky130_fd_sc_hd__buf_6     | 0.146 |   4.102 |    4.130 | 
     | FE_PSC1704_FE_OCPN19816_n_14913         | A ^ -> X ^   | sky130_fd_sc_hd__buf_2     | 0.379 |   4.481 |    4.510 | 
     | g128809                                 | C ^ -> Y v   | sky130_fd_sc_hd__nand3b_2  | 0.186 |   4.667 |    4.696 | 
     | g1808                                   | A v -> Y ^   | sky130_fd_sc_hd__nor2_4    | 0.153 |   4.821 |    4.849 | 
     | g127234                                 | A1 ^ -> Y v  | sky130_fd_sc_hd__a31oi_1   | 0.107 |   4.928 |    4.956 | 
     | g127233                                 | B v -> Y ^   | sky130_fd_sc_hd__nor2_2    | 0.222 |   5.150 |    5.178 | 
     | g127324                                 | B ^ -> Y v   | sky130_fd_sc_hd__nand3_4   | 0.162 |   5.312 |    5.341 | 
     | FE_OFC693_n_20380                       | A v -> Y ^   | sky130_fd_sc_hd__inv_4     | 0.192 |   5.504 |    5.532 | 
     | alu_inst_muldiv_inst_mul_349_24_g10108  | A ^ -> Y v   | sky130_fd_sc_hd__nand2_2   | 0.068 |   5.571 |    5.600 | 
     | g123520                                 | A v -> Y ^   | sky130_fd_sc_hd__nand2_4   | 0.063 |   5.635 |    5.664 | 
     | FE_OFC63_n_16054                        | A ^ -> Y v   | sky130_fd_sc_hd__inv_4     | 0.054 |   5.689 |    5.718 | 
     | g125128                                 | A v -> Y ^   | sky130_fd_sc_hd__nand2_4   | 0.086 |   5.776 |    5.804 | 
     | FE_DBTC82_n_17781                       | A ^ -> Y v   | sky130_fd_sc_hd__inv_6     | 0.062 |   5.838 |    5.866 | 
     | g125130                                 | A v -> Y ^   | sky130_fd_sc_hd__nand2_1   | 0.097 |   5.935 |    5.963 | 
     | g125132                                 | B ^ -> Y v   | sky130_fd_sc_hd__nand2_1   | 0.079 |   6.014 |    6.043 | 
     | g127582                                 | A v -> Y ^   | sky130_fd_sc_hd__nand2_2   | 0.087 |   6.101 |    6.130 | 
     | g124219                                 | B ^ -> Y v   | sky130_fd_sc_hd__nand2_2   | 0.065 |   6.166 |    6.195 | 
     | g124255                                 | A v -> Y ^   | sky130_fd_sc_hd__nand2_1   | 0.073 |   6.240 |    6.268 | 
     | alu_inst_muldiv_inst_mul_349_24_g9202   | A ^ -> Y v   | sky130_fd_sc_hd__nand2_1   | 0.054 |   6.294 |    6.322 | 
     | g119366                                 | A v -> Y ^   | sky130_fd_sc_hd__nand2_1   | 0.065 |   6.359 |    6.387 | 
     | g402                                    | A ^ -> Y v   | sky130_fd_sc_hd__nand2_2   | 0.061 |   6.419 |    6.448 | 
     | g401                                    | A v -> Y ^   | sky130_fd_sc_hd__inv_2     | 0.059 |   6.478 |    6.507 | 
     | alu_inst_muldiv_inst_mul_349_24_g10407  | A_N ^ -> Y ^ | sky130_fd_sc_hd__nand2b_1  | 0.108 |   6.586 |    6.615 | 
     | g7048                                   | A ^ -> Y v   | sky130_fd_sc_hd__nand2_2   | 0.063 |   6.650 |    6.678 | 
     | g127354                                 | B v -> Y ^   | sky130_fd_sc_hd__nand2_2   | 0.101 |   6.750 |    6.779 | 
     | alu_inst_muldiv_inst_mul_349_24_g125976 | A ^ -> Y v   | sky130_fd_sc_hd__nand2_2   | 0.059 |   6.809 |    6.838 | 
     | alu_inst_muldiv_inst_mul_349_24_g125975 | A v -> Y ^   | sky130_fd_sc_hd__nand2_2   | 0.067 |   6.876 |    6.905 | 
     | alu_inst_muldiv_inst_mul_349_24_g125974 | A1 ^ -> Y v  | sky130_fd_sc_hd__a21oi_2   | 0.054 |   6.930 |    6.958 | 
     | alu_inst_muldiv_inst_mul_349_24_g8914   | B v -> Y ^   | sky130_fd_sc_hd__nor2_2    | 0.159 |   7.089 |    7.117 | 
     | FE_RC_30_0                              | C ^ -> Y v   | sky130_fd_sc_hd__nand4_4   | 0.172 |   7.261 |    7.289 | 
     | g125512                                 | B v -> Y ^   | sky130_fd_sc_hd__nand2_4   | 0.114 |   7.374 |    7.403 | 
     | g125515                                 | A ^ -> Y v   | sky130_fd_sc_hd__nand2_1   | 0.086 |   7.461 |    7.489 | 
     | g108109                                 | A v -> Y ^   | sky130_fd_sc_hd__nand2_2   | 0.129 |   7.589 |    7.618 | 
     | g126298                                 | B ^ -> Y v   | sky130_fd_sc_hd__nand2_2   | 0.071 |   7.660 |    7.689 | 
     | g126297                                 | A v -> Y ^   | sky130_fd_sc_hd__nand2_4   | 0.076 |   7.736 |    7.765 | 
     | g126296                                 | A ^ -> Y v   | sky130_fd_sc_hd__nand2_2   | 0.052 |   7.788 |    7.816 | 
     | g134                                    | A v -> Y ^   | sky130_fd_sc_hd__nand2_2   | 0.073 |   7.861 |    7.889 | 
     | g120067                                 | A ^ -> Y v   | sky130_fd_sc_hd__nand2_2   | 0.062 |   7.922 |    7.951 | 
     | g126773                                 | A v -> Y ^   | sky130_fd_sc_hd__nand2_2   | 0.067 |   7.989 |    8.018 | 
     | g126246                                 | A ^ -> Y v   | sky130_fd_sc_hd__nand2_2   | 0.050 |   8.039 |    8.067 | 
     | g126245                                 | A v -> Y ^   | sky130_fd_sc_hd__nand2_2   | 0.081 |   8.119 |    8.148 | 
     | g103                                    | A ^ -> Y v   | sky130_fd_sc_hd__nand2_2   | 0.072 |   8.191 |    8.220 | 
     | g126828                                 | A v -> Y ^   | sky130_fd_sc_hd__nand2_2   | 0.100 |   8.292 |    8.320 | 
     | g126824                                 | B ^ -> Y v   | sky130_fd_sc_hd__nand2_4   | 0.083 |   8.375 |    8.404 | 
     | g121684                                 | A v -> Y ^   | sky130_fd_sc_hd__nand2_2   | 0.065 |   8.439 |    8.468 | 
     | g122405                                 | A ^ -> Y v   | sky130_fd_sc_hd__nand2_1   | 0.045 |   8.484 |    8.513 | 
     | g124272                                 | A v -> Y ^   | sky130_fd_sc_hd__nand2_1   | 0.070 |   8.555 |    8.583 | 
     | g125385                                 | A ^ -> Y v   | sky130_fd_sc_hd__nand2_2   | 0.079 |   8.633 |    8.662 | 
     | g126939                                 | A v -> Y ^   | sky130_fd_sc_hd__nand2_2   | 0.064 |   8.697 |    8.726 | 
     | g126938                                 | A ^ -> Y v   | sky130_fd_sc_hd__nand2_2   | 0.066 |   8.763 |    8.792 | 
     | g126937                                 | A v -> Y ^   | sky130_fd_sc_hd__nand2_1   | 0.153 |   8.916 |    8.945 | 
     | g125108                                 | B ^ -> Y v   | sky130_fd_sc_hd__nand2b_1  | 0.073 |   8.990 |    9.018 | 
     | g125106                                 | B v -> Y ^   | sky130_fd_sc_hd__nor2_1    | 0.096 |   9.085 |    9.114 | 
     | g424                                    | B ^ -> Y v   | sky130_fd_sc_hd__nand2_1   | 0.073 |   9.158 |    9.187 | 
     | FE_OFC1099_n_17480                      | A v -> Y ^   | sky130_fd_sc_hd__inv_2     | 0.074 |   9.232 |    9.261 | 
     | g126362                                 | B ^ -> Y v   | sky130_fd_sc_hd__nand4_2   | 0.120 |   9.352 |    9.381 | 
     | g125177                                 | B v -> Y ^   | sky130_fd_sc_hd__nor2_2    | 0.117 |   9.469 |    9.498 | 
     | g128275                                 | A2 ^ -> Y v  | sky130_fd_sc_hd__o21ai_2   | 0.098 |   9.567 |    9.596 | 
     | g127000                                 | A v -> Y ^   | sky130_fd_sc_hd__nand2_2   | 0.065 |   9.632 |    9.660 | 
     | g126309                                 | A ^ -> Y v   | sky130_fd_sc_hd__nand2_1   | 0.050 |   9.681 |    9.710 | 
     | g126307                                 | A2 v -> Y ^  | sky130_fd_sc_hd__o21ai_1   | 0.144 |   9.826 |    9.854 | 
     | result_r_reg[12]                        | D ^          | sky130_fd_sc_hd__dfrtp_1   | 0.000 |   9.826 |    9.854 | 
     +------------------------------------------------------------------------------------------------------------------+ 
     Clock Rise Edge                      0.000
     = Beginpoint Arrival Time            0.000
     Other End Path:
     +--------------------------------------------------------------------------------------------+ 
     |      Instance       |    Arc     |            Cell            | Delay | Arrival | Required | 
     |                     |            |                            |       |  Time   |   Time   | 
     |---------------------+------------+----------------------------+-------+---------+----------| 
     |                     | clk ^      |                            |       |   0.000 |   -0.029 | 
     | CTS_ccl_a_inv_00003 | A ^ -> Y v | sky130_fd_sc_hd__clkinv_16 | 0.445 |   0.445 |    0.416 | 
     | CTS_ccl_a_inv_00002 | A v -> Y ^ | sky130_fd_sc_hd__clkinv_16 | 0.166 |   0.610 |    0.582 | 
     | result_r_reg[12]    | CLK ^      | sky130_fd_sc_hd__dfrtp_1   | 0.004 |   0.614 |    0.585 | 
     +--------------------------------------------------------------------------------------------+ 
Path 4: MET Setup Check with Pin result_r_reg[7]/CLK 
Endpoint:   result_r_reg[7]/D (v) checked with  leading edge of 'clk'
Beginpoint: in2_r_reg[5]/Q    (v) triggered by  leading edge of 'clk'
Path Groups: {clk}
Analysis View: VIEW_TYP
Other End Arrival Time          0.614
- Setup                         0.100
+ Phase Shift                   9.300
+ CPPR Adjustment               0.000
= Required Time                 9.814
- Arrival Time                  9.783
= Slack Time                    0.031
     Clock Rise Edge                      0.000
     + Source Insertion Delay            -0.181
     = Beginpoint Arrival Time           -0.181
     Timing Path:
     +------------------------------------------------------------------------------------------------------------------+ 
     |                Instance                 |     Arc      |            Cell            | Delay | Arrival | Required | 
     |                                         |              |                            |       |  Time   |   Time   | 
     |-----------------------------------------+--------------+----------------------------+-------+---------+----------| 
     |                                         | clk ^        |                            |       |  -0.181 |   -0.150 | 
     | CTS_ccl_a_inv_00003                     | A ^ -> Y v   | sky130_fd_sc_hd__clkinv_16 | 0.445 |   0.264 |    0.295 | 
     | CTS_ccl_a_inv_00001                     | A v -> Y ^   | sky130_fd_sc_hd__clkinv_16 | 0.158 |   0.422 |    0.453 | 
     | in2_r_reg[5]                            | CLK ^ -> Q v | sky130_fd_sc_hd__sdfrtp_2  | 0.441 |   0.863 |    0.894 | 
     | FE_OFC1696_in2_r_5                      | A v -> Y ^   | sky130_fd_sc_hd__clkinv_2  | 0.090 |   0.953 |    0.984 | 
     | g116652                                 | B ^ -> Y v   | sky130_fd_sc_hd__nand2_1   | 0.064 |   1.017 |    1.048 | 
     | g114663                                 | A v -> Y ^   | sky130_fd_sc_hd__nor2_2    | 0.135 |   1.152 |    1.183 | 
     | FE_RC_46_0                              | B ^ -> Y v   | sky130_fd_sc_hd__nand4_1   | 0.132 |   1.284 |    1.315 | 
     | g119610                                 | B v -> Y ^   | sky130_fd_sc_hd__nor2_1    | 0.138 |   1.422 |    1.453 | 
     | g119606                                 | B ^ -> Y v   | sky130_fd_sc_hd__nor2_2    | 0.055 |   1.477 |    1.508 | 
     | g124513                                 | A v -> Y ^   | sky130_fd_sc_hd__nand2_2   | 0.078 |   1.555 |    1.585 | 
     | g124514                                 | A ^ -> Y v   | sky130_fd_sc_hd__inv_2     | 0.053 |   1.608 |    1.639 | 
     | g123797                                 | B v -> Y ^   | sky130_fd_sc_hd__nand2_2   | 0.063 |   1.671 |    1.702 | 
     | g123796                                 | B ^ -> Y v   | sky130_fd_sc_hd__nand2_2   | 0.068 |   1.739 |    1.770 | 
     | g123795                                 | A v -> Y ^   | sky130_fd_sc_hd__nor2_2    | 0.117 |   1.856 |    1.887 | 
     | g124752                                 | B ^ -> Y v   | sky130_fd_sc_hd__nand2_2   | 0.081 |   1.937 |    1.967 | 
     | FE_OFC1320_n_17344                      | A v -> Y ^   | sky130_fd_sc_hd__clkinv_4  | 0.086 |   2.023 |    2.054 | 
     | FE_RC_13_0                              | A ^ -> Y v   | sky130_fd_sc_hd__nand2_2   | 0.065 |   2.088 |    2.119 | 
     | FE_RC_11_0                              | A v -> Y ^   | sky130_fd_sc_hd__nand2_4   | 0.105 |   2.193 |    2.224 | 
     | FE_OFC1317_n_13609                      | A ^ -> X ^   | sky130_fd_sc_hd__buf_2     | 0.150 |   2.343 |    2.374 | 
     | g125264                                 | B ^ -> Y v   | sky130_fd_sc_hd__nand3_1   | 0.087 |   2.430 |    2.461 | 
     | g125263                                 | A v -> Y ^   | sky130_fd_sc_hd__nand2_2   | 0.093 |   2.524 |    2.555 | 
     | g127502                                 | A ^ -> Y v   | sky130_fd_sc_hd__nand2_1   | 0.091 |   2.615 |    2.646 | 
     | g127496                                 | B v -> Y ^   | sky130_fd_sc_hd__nand2_4   | 0.224 |   2.839 |    2.870 | 
     | g113138                                 | A ^ -> Y v   | sky130_fd_sc_hd__nor2_1    | 0.077 |   2.917 |    2.948 | 
     | FE_OCPC1078_n_3345                      | A v -> X v   | sky130_fd_sc_hd__buf_2     | 0.172 |   3.089 |    3.120 | 
     | g120778                                 | A v -> Y ^   | sky130_fd_sc_hd__nand2_2   | 0.088 |   3.177 |    3.208 | 
     | FE_OFC1589_n_12829                      | A ^ -> X ^   | sky130_fd_sc_hd__buf_12    | 0.271 |   3.448 |    3.479 | 
     | FE_OFC1590_n_12829                      | A ^ -> Y v   | sky130_fd_sc_hd__inv_12    | 0.152 |   3.600 |    3.630 | 
     | g120784                                 | C v -> Y ^   | sky130_fd_sc_hd__nand3_2   | 0.106 |   3.706 |    3.737 | 
     | g120781                                 | B1 ^ -> Y v  | sky130_fd_sc_hd__o21ai_1   | 0.060 |   3.766 |    3.797 | 
     | g1815                                   | C v -> Y ^   | sky130_fd_sc_hd__nor3_1    | 0.189 |   3.956 |    3.986 | 
     | FE_OFC1529_n_14913                      | A ^ -> X ^   | sky130_fd_sc_hd__buf_6     | 0.146 |   4.102 |    4.132 | 
     | FE_PSC1704_FE_OCPN19816_n_14913         | A ^ -> X ^   | sky130_fd_sc_hd__buf_2     | 0.379 |   4.481 |    4.512 | 
     | g128809                                 | C ^ -> Y v   | sky130_fd_sc_hd__nand3b_2  | 0.186 |   4.667 |    4.698 | 
     | g1808                                   | A v -> Y ^   | sky130_fd_sc_hd__nor2_4    | 0.153 |   4.821 |    4.851 | 
     | g127234                                 | A1 ^ -> Y v  | sky130_fd_sc_hd__a31oi_1   | 0.107 |   4.928 |    4.958 | 
     | g127233                                 | B v -> Y ^   | sky130_fd_sc_hd__nor2_2    | 0.222 |   5.150 |    5.180 | 
     | g127324                                 | B ^ -> Y v   | sky130_fd_sc_hd__nand3_4   | 0.162 |   5.312 |    5.343 | 
     | FE_OFC693_n_20380                       | A v -> Y ^   | sky130_fd_sc_hd__inv_4     | 0.192 |   5.504 |    5.534 | 
     | alu_inst_muldiv_inst_mul_349_24_g10108  | A ^ -> Y v   | sky130_fd_sc_hd__nand2_2   | 0.068 |   5.571 |    5.602 | 
     | g123520                                 | A v -> Y ^   | sky130_fd_sc_hd__nand2_4   | 0.063 |   5.635 |    5.666 | 
     | FE_OFC63_n_16054                        | A ^ -> Y v   | sky130_fd_sc_hd__inv_4     | 0.054 |   5.689 |    5.720 | 
     | g125128                                 | A v -> Y ^   | sky130_fd_sc_hd__nand2_4   | 0.086 |   5.776 |    5.806 | 
     | FE_DBTC82_n_17781                       | A ^ -> Y v   | sky130_fd_sc_hd__inv_6     | 0.062 |   5.838 |    5.868 | 
     | g125130                                 | A v -> Y ^   | sky130_fd_sc_hd__nand2_1   | 0.097 |   5.935 |    5.965 | 
     | g125132                                 | B ^ -> Y v   | sky130_fd_sc_hd__nand2_1   | 0.079 |   6.014 |    6.045 | 
     | g127582                                 | A v -> Y ^   | sky130_fd_sc_hd__nand2_2   | 0.087 |   6.101 |    6.132 | 
     | g124219                                 | B ^ -> Y v   | sky130_fd_sc_hd__nand2_2   | 0.065 |   6.166 |    6.197 | 
     | g124255                                 | A v -> Y ^   | sky130_fd_sc_hd__nand2_1   | 0.073 |   6.240 |    6.271 | 
     | alu_inst_muldiv_inst_mul_349_24_g9202   | A ^ -> Y v   | sky130_fd_sc_hd__nand2_1   | 0.054 |   6.294 |    6.325 | 
     | g119366                                 | A v -> Y ^   | sky130_fd_sc_hd__nand2_1   | 0.065 |   6.359 |    6.389 | 
     | g402                                    | A ^ -> Y v   | sky130_fd_sc_hd__nand2_2   | 0.061 |   6.419 |    6.450 | 
     | g401                                    | A v -> Y ^   | sky130_fd_sc_hd__inv_2     | 0.059 |   6.478 |    6.509 | 
     | alu_inst_muldiv_inst_mul_349_24_g10407  | A_N ^ -> Y ^ | sky130_fd_sc_hd__nand2b_1  | 0.108 |   6.586 |    6.617 | 
     | g7048                                   | A ^ -> Y v   | sky130_fd_sc_hd__nand2_2   | 0.063 |   6.650 |    6.681 | 
     | g127354                                 | B v -> Y ^   | sky130_fd_sc_hd__nand2_2   | 0.101 |   6.750 |    6.781 | 
     | alu_inst_muldiv_inst_mul_349_24_g125976 | A ^ -> Y v   | sky130_fd_sc_hd__nand2_2   | 0.059 |   6.809 |    6.840 | 
     | alu_inst_muldiv_inst_mul_349_24_g125975 | A v -> Y ^   | sky130_fd_sc_hd__nand2_2   | 0.067 |   6.876 |    6.907 | 
     | alu_inst_muldiv_inst_mul_349_24_g125974 | A1 ^ -> Y v  | sky130_fd_sc_hd__a21oi_2   | 0.054 |   6.930 |    6.961 | 
     | alu_inst_muldiv_inst_mul_349_24_g8914   | B v -> Y ^   | sky130_fd_sc_hd__nor2_2    | 0.159 |   7.089 |    7.119 | 
     | FE_RC_30_0                              | C ^ -> Y v   | sky130_fd_sc_hd__nand4_4   | 0.172 |   7.261 |    7.291 | 
     | g125512                                 | B v -> Y ^   | sky130_fd_sc_hd__nand2_4   | 0.114 |   7.374 |    7.405 | 
     | g125515                                 | A ^ -> Y v   | sky130_fd_sc_hd__nand2_1   | 0.086 |   7.461 |    7.491 | 
     | g108109                                 | A v -> Y ^   | sky130_fd_sc_hd__nand2_2   | 0.129 |   7.589 |    7.620 | 
     | g126298                                 | B ^ -> Y v   | sky130_fd_sc_hd__nand2_2   | 0.071 |   7.660 |    7.691 | 
     | g126297                                 | A v -> Y ^   | sky130_fd_sc_hd__nand2_4   | 0.076 |   7.736 |    7.767 | 
     | g126296                                 | A ^ -> Y v   | sky130_fd_sc_hd__nand2_2   | 0.052 |   7.788 |    7.818 | 
     | g134                                    | A v -> Y ^   | sky130_fd_sc_hd__nand2_2   | 0.073 |   7.861 |    7.891 | 
     | fopt123998                              | A ^ -> Y v   | sky130_fd_sc_hd__inv_1     | 0.042 |   7.903 |    7.934 | 
     | g123997                                 | A v -> Y ^   | sky130_fd_sc_hd__nand2_1   | 0.061 |   7.964 |    7.994 | 
     | g125554                                 | A ^ -> Y v   | sky130_fd_sc_hd__nand2_2   | 0.088 |   8.051 |    8.082 | 
     | g125553                                 | B v -> Y ^   | sky130_fd_sc_hd__nor2_1    | 0.097 |   8.148 |    8.179 | 
     | g128559                                 | A_N ^ -> Y ^ | sky130_fd_sc_hd__nand2b_4  | 0.202 |   8.350 |    8.380 | 
     | g239                                    | A_N ^ -> Y ^ | sky130_fd_sc_hd__nand2b_1  | 0.131 |   8.480 |    8.511 | 
     | g128411                                 | B ^ -> X ^   | sky130_fd_sc_hd__and2_4    | 0.153 |   8.633 |    8.664 | 
     | g126511                                 | A ^ -> Y v   | sky130_fd_sc_hd__nand3_2   | 0.077 |   8.710 |    8.741 | 
     | g125908                                 | A v -> Y ^   | sky130_fd_sc_hd__nand3_1   | 0.098 |   8.808 |    8.839 | 
     | g127819                                 | B ^ -> Y v   | sky130_fd_sc_hd__nand2_1   | 0.070 |   8.878 |    8.909 | 
     | g127818                                 | A v -> Y ^   | sky130_fd_sc_hd__inv_2     | 0.064 |   8.943 |    8.973 | 
     | g127823                                 | A ^ -> Y v   | sky130_fd_sc_hd__nand2_2   | 0.078 |   9.020 |    9.051 | 
     | g127821                                 | B v -> Y ^   | sky130_fd_sc_hd__nor2_2    | 0.115 |   9.135 |    9.166 | 
     | g127820                                 | B ^ -> Y v   | sky130_fd_sc_hd__nand2_2   | 0.097 |   9.232 |    9.263 | 
     | FE_OFC1479_n_21131                      | A v -> Y ^   | sky130_fd_sc_hd__inv_2     | 0.073 |   9.305 |    9.336 | 
     | g128352                                 | A ^ -> Y v   | sky130_fd_sc_hd__nand2_2   | 0.058 |   9.363 |    9.394 | 
     | FE_OFC1477_21719                        | A v -> Y ^   | sky130_fd_sc_hd__inv_4     | 0.076 |   9.439 |    9.470 | 
     | g128774                                 | B ^ -> Y v   | sky130_fd_sc_hd__nand3b_1  | 0.075 |   9.515 |    9.545 | 
     | g126335                                 | A v -> Y ^   | sky130_fd_sc_hd__nand2_1   | 0.082 |   9.597 |    9.628 | 
     | g128689                                 | A2 ^ -> X ^  | sky130_fd_sc_hd__a21o_1    | 0.115 |   9.712 |    9.742 | 
     | g126435                                 | B ^ -> Y v   | sky130_fd_sc_hd__nand3_1   | 0.071 |   9.783 |    9.814 | 
     | result_r_reg[7]                         | D v          | sky130_fd_sc_hd__dfrtp_1   | 0.000 |   9.783 |    9.814 | 
     +------------------------------------------------------------------------------------------------------------------+ 
     Clock Rise Edge                      0.000
     = Beginpoint Arrival Time            0.000
     Other End Path:
     +--------------------------------------------------------------------------------------------+ 
     |      Instance       |    Arc     |            Cell            | Delay | Arrival | Required | 
     |                     |            |                            |       |  Time   |   Time   | 
     |---------------------+------------+----------------------------+-------+---------+----------| 
     |                     | clk ^      |                            |       |   0.000 |   -0.031 | 
     | CTS_ccl_a_inv_00003 | A ^ -> Y v | sky130_fd_sc_hd__clkinv_16 | 0.445 |   0.445 |    0.414 | 
     | CTS_ccl_a_inv_00002 | A v -> Y ^ | sky130_fd_sc_hd__clkinv_16 | 0.166 |   0.610 |    0.580 | 
     | result_r_reg[7]     | CLK ^      | sky130_fd_sc_hd__dfrtp_1   | 0.004 |   0.614 |    0.583 | 
     +--------------------------------------------------------------------------------------------+ 
Path 5: MET Setup Check with Pin result_r_reg[11]/CLK 
Endpoint:   result_r_reg[11]/D (^) checked with  leading edge of 'clk'
Beginpoint: in2_r_reg[5]/Q     (v) triggered by  leading edge of 'clk'
Path Groups: {clk}
Analysis View: VIEW_TYP
Other End Arrival Time          0.613
- Setup                         0.051
+ Phase Shift                   9.300
+ CPPR Adjustment               0.000
= Required Time                 9.862
- Arrival Time                  9.831
= Slack Time                    0.031
     Clock Rise Edge                      0.000
     + Source Insertion Delay            -0.181
     = Beginpoint Arrival Time           -0.181
     Timing Path:
     +------------------------------------------------------------------------------------------------------------------+ 
     |                Instance                 |     Arc      |            Cell            | Delay | Arrival | Required | 
     |                                         |              |                            |       |  Time   |   Time   | 
     |-----------------------------------------+--------------+----------------------------+-------+---------+----------| 
     |                                         | clk ^        |                            |       |  -0.181 |   -0.150 | 
     | CTS_ccl_a_inv_00003                     | A ^ -> Y v   | sky130_fd_sc_hd__clkinv_16 | 0.445 |   0.264 |    0.295 | 
     | CTS_ccl_a_inv_00001                     | A v -> Y ^   | sky130_fd_sc_hd__clkinv_16 | 0.158 |   0.422 |    0.453 | 
     | in2_r_reg[5]                            | CLK ^ -> Q v | sky130_fd_sc_hd__sdfrtp_2  | 0.441 |   0.863 |    0.895 | 
     | FE_OFC1696_in2_r_5                      | A v -> Y ^   | sky130_fd_sc_hd__clkinv_2  | 0.090 |   0.953 |    0.985 | 
     | g116652                                 | B ^ -> Y v   | sky130_fd_sc_hd__nand2_1   | 0.064 |   1.017 |    1.048 | 
     | g114663                                 | A v -> Y ^   | sky130_fd_sc_hd__nor2_2    | 0.135 |   1.152 |    1.183 | 
     | FE_RC_46_0                              | B ^ -> Y v   | sky130_fd_sc_hd__nand4_1   | 0.132 |   1.284 |    1.315 | 
     | g119610                                 | B v -> Y ^   | sky130_fd_sc_hd__nor2_1    | 0.138 |   1.422 |    1.453 | 
     | g119606                                 | B ^ -> Y v   | sky130_fd_sc_hd__nor2_2    | 0.055 |   1.477 |    1.508 | 
     | g124513                                 | A v -> Y ^   | sky130_fd_sc_hd__nand2_2   | 0.078 |   1.555 |    1.586 | 
     | g124514                                 | A ^ -> Y v   | sky130_fd_sc_hd__inv_2     | 0.053 |   1.608 |    1.639 | 
     | g123797                                 | B v -> Y ^   | sky130_fd_sc_hd__nand2_2   | 0.063 |   1.671 |    1.702 | 
     | g123796                                 | B ^ -> Y v   | sky130_fd_sc_hd__nand2_2   | 0.068 |   1.739 |    1.770 | 
     | g123795                                 | A v -> Y ^   | sky130_fd_sc_hd__nor2_2    | 0.117 |   1.856 |    1.887 | 
     | g124752                                 | B ^ -> Y v   | sky130_fd_sc_hd__nand2_2   | 0.081 |   1.937 |    1.968 | 
     | FE_OFC1320_n_17344                      | A v -> Y ^   | sky130_fd_sc_hd__clkinv_4  | 0.086 |   2.023 |    2.054 | 
     | FE_RC_13_0                              | A ^ -> Y v   | sky130_fd_sc_hd__nand2_2   | 0.065 |   2.088 |    2.119 | 
     | FE_RC_11_0                              | A v -> Y ^   | sky130_fd_sc_hd__nand2_4   | 0.105 |   2.193 |    2.225 | 
     | FE_OFC1317_n_13609                      | A ^ -> X ^   | sky130_fd_sc_hd__buf_2     | 0.150 |   2.343 |    2.374 | 
     | g125264                                 | B ^ -> Y v   | sky130_fd_sc_hd__nand3_1   | 0.087 |   2.430 |    2.462 | 
     | g125263                                 | A v -> Y ^   | sky130_fd_sc_hd__nand2_2   | 0.093 |   2.524 |    2.555 | 
     | g127502                                 | A ^ -> Y v   | sky130_fd_sc_hd__nand2_1   | 0.091 |   2.615 |    2.646 | 
     | g127496                                 | B v -> Y ^   | sky130_fd_sc_hd__nand2_4   | 0.224 |   2.839 |    2.871 | 
     | g113138                                 | A ^ -> Y v   | sky130_fd_sc_hd__nor2_1    | 0.077 |   2.917 |    2.948 | 
     | FE_OCPC1078_n_3345                      | A v -> X v   | sky130_fd_sc_hd__buf_2     | 0.172 |   3.089 |    3.120 | 
     | g120778                                 | A v -> Y ^   | sky130_fd_sc_hd__nand2_2   | 0.088 |   3.177 |    3.208 | 
     | FE_OFC1589_n_12829                      | A ^ -> X ^   | sky130_fd_sc_hd__buf_12    | 0.271 |   3.448 |    3.479 | 
     | FE_OFC1590_n_12829                      | A ^ -> Y v   | sky130_fd_sc_hd__inv_12    | 0.152 |   3.600 |    3.631 | 
     | g120784                                 | C v -> Y ^   | sky130_fd_sc_hd__nand3_2   | 0.106 |   3.706 |    3.737 | 
     | g120781                                 | B1 ^ -> Y v  | sky130_fd_sc_hd__o21ai_1   | 0.060 |   3.766 |    3.797 | 
     | g1815                                   | C v -> Y ^   | sky130_fd_sc_hd__nor3_1    | 0.189 |   3.956 |    3.987 | 
     | FE_OFC1529_n_14913                      | A ^ -> X ^   | sky130_fd_sc_hd__buf_6     | 0.146 |   4.102 |    4.133 | 
     | FE_PSC1704_FE_OCPN19816_n_14913         | A ^ -> X ^   | sky130_fd_sc_hd__buf_2     | 0.379 |   4.481 |    4.512 | 
     | g128809                                 | C ^ -> Y v   | sky130_fd_sc_hd__nand3b_2  | 0.186 |   4.667 |    4.699 | 
     | g1808                                   | A v -> Y ^   | sky130_fd_sc_hd__nor2_4    | 0.153 |   4.821 |    4.852 | 
     | g127234                                 | A1 ^ -> Y v  | sky130_fd_sc_hd__a31oi_1   | 0.107 |   4.928 |    4.959 | 
     | g127233                                 | B v -> Y ^   | sky130_fd_sc_hd__nor2_2    | 0.222 |   5.150 |    5.181 | 
     | g127324                                 | B ^ -> Y v   | sky130_fd_sc_hd__nand3_4   | 0.162 |   5.312 |    5.343 | 
     | FE_OFC693_n_20380                       | A v -> Y ^   | sky130_fd_sc_hd__inv_4     | 0.192 |   5.504 |    5.535 | 
     | alu_inst_muldiv_inst_mul_349_24_g10108  | A ^ -> Y v   | sky130_fd_sc_hd__nand2_2   | 0.068 |   5.571 |    5.603 | 
     | g123520                                 | A v -> Y ^   | sky130_fd_sc_hd__nand2_4   | 0.063 |   5.635 |    5.666 | 
     | FE_OFC63_n_16054                        | A ^ -> Y v   | sky130_fd_sc_hd__inv_4     | 0.054 |   5.689 |    5.720 | 
     | g125128                                 | A v -> Y ^   | sky130_fd_sc_hd__nand2_4   | 0.086 |   5.776 |    5.807 | 
     | FE_DBTC82_n_17781                       | A ^ -> Y v   | sky130_fd_sc_hd__inv_6     | 0.062 |   5.838 |    5.869 | 
     | g125130                                 | A v -> Y ^   | sky130_fd_sc_hd__nand2_1   | 0.097 |   5.935 |    5.966 | 
     | g125132                                 | B ^ -> Y v   | sky130_fd_sc_hd__nand2_1   | 0.079 |   6.014 |    6.045 | 
     | g127582                                 | A v -> Y ^   | sky130_fd_sc_hd__nand2_2   | 0.087 |   6.101 |    6.132 | 
     | g124219                                 | B ^ -> Y v   | sky130_fd_sc_hd__nand2_2   | 0.065 |   6.166 |    6.198 | 
     | g124255                                 | A v -> Y ^   | sky130_fd_sc_hd__nand2_1   | 0.073 |   6.240 |    6.271 | 
     | alu_inst_muldiv_inst_mul_349_24_g9202   | A ^ -> Y v   | sky130_fd_sc_hd__nand2_1   | 0.054 |   6.294 |    6.325 | 
     | g119366                                 | A v -> Y ^   | sky130_fd_sc_hd__nand2_1   | 0.065 |   6.359 |    6.390 | 
     | g402                                    | A ^ -> Y v   | sky130_fd_sc_hd__nand2_2   | 0.061 |   6.419 |    6.451 | 
     | g401                                    | A v -> Y ^   | sky130_fd_sc_hd__inv_2     | 0.059 |   6.478 |    6.510 | 
     | alu_inst_muldiv_inst_mul_349_24_g10407  | A_N ^ -> Y ^ | sky130_fd_sc_hd__nand2b_1  | 0.108 |   6.586 |    6.618 | 
     | g7048                                   | A ^ -> Y v   | sky130_fd_sc_hd__nand2_2   | 0.063 |   6.650 |    6.681 | 
     | g127354                                 | B v -> Y ^   | sky130_fd_sc_hd__nand2_2   | 0.101 |   6.750 |    6.782 | 
     | alu_inst_muldiv_inst_mul_349_24_g125976 | A ^ -> Y v   | sky130_fd_sc_hd__nand2_2   | 0.059 |   6.809 |    6.841 | 
     | alu_inst_muldiv_inst_mul_349_24_g125975 | A v -> Y ^   | sky130_fd_sc_hd__nand2_2   | 0.067 |   6.876 |    6.907 | 
     | alu_inst_muldiv_inst_mul_349_24_g125974 | A1 ^ -> Y v  | sky130_fd_sc_hd__a21oi_2   | 0.054 |   6.930 |    6.961 | 
     | alu_inst_muldiv_inst_mul_349_24_g8914   | B v -> Y ^   | sky130_fd_sc_hd__nor2_2    | 0.159 |   7.089 |    7.120 | 
     | FE_RC_30_0                              | C ^ -> Y v   | sky130_fd_sc_hd__nand4_4   | 0.172 |   7.261 |    7.292 | 
     | g125512                                 | B v -> Y ^   | sky130_fd_sc_hd__nand2_4   | 0.114 |   7.374 |    7.406 | 
     | g125515                                 | A ^ -> Y v   | sky130_fd_sc_hd__nand2_1   | 0.086 |   7.461 |    7.492 | 
     | g108109                                 | A v -> Y ^   | sky130_fd_sc_hd__nand2_2   | 0.129 |   7.589 |    7.621 | 
     | g126298                                 | B ^ -> Y v   | sky130_fd_sc_hd__nand2_2   | 0.071 |   7.660 |    7.692 | 
     | g126297                                 | A v -> Y ^   | sky130_fd_sc_hd__nand2_4   | 0.076 |   7.736 |    7.767 | 
     | g126296                                 | A ^ -> Y v   | sky130_fd_sc_hd__nand2_2   | 0.052 |   7.788 |    7.819 | 
     | g134                                    | A v -> Y ^   | sky130_fd_sc_hd__nand2_2   | 0.073 |   7.861 |    7.892 | 
     | fopt123998                              | A ^ -> Y v   | sky130_fd_sc_hd__inv_1     | 0.042 |   7.903 |    7.934 | 
     | g123997                                 | A v -> Y ^   | sky130_fd_sc_hd__nand2_1   | 0.061 |   7.964 |    7.995 | 
     | g125554                                 | A ^ -> Y v   | sky130_fd_sc_hd__nand2_2   | 0.088 |   8.051 |    8.083 | 
     | g125553                                 | B v -> Y ^   | sky130_fd_sc_hd__nor2_1    | 0.097 |   8.148 |    8.179 | 
     | g128559                                 | A_N ^ -> Y ^ | sky130_fd_sc_hd__nand2b_4  | 0.202 |   8.350 |    8.381 | 
     | g239                                    | A_N ^ -> Y ^ | sky130_fd_sc_hd__nand2b_1  | 0.131 |   8.480 |    8.512 | 
     | g128411                                 | B ^ -> X ^   | sky130_fd_sc_hd__and2_4    | 0.153 |   8.633 |    8.664 | 
     | g126511                                 | A ^ -> Y v   | sky130_fd_sc_hd__nand3_2   | 0.077 |   8.710 |    8.741 | 
     | g125908                                 | A v -> Y ^   | sky130_fd_sc_hd__nand3_1   | 0.098 |   8.808 |    8.840 | 
     | g127819                                 | B ^ -> Y v   | sky130_fd_sc_hd__nand2_1   | 0.070 |   8.878 |    8.910 | 
     | g127818                                 | A v -> Y ^   | sky130_fd_sc_hd__inv_2     | 0.064 |   8.943 |    8.974 | 
     | g127823                                 | A ^ -> Y v   | sky130_fd_sc_hd__nand2_2   | 0.078 |   9.020 |    9.051 | 
     | g127826                                 | B v -> Y ^   | sky130_fd_sc_hd__nor2_2    | 0.107 |   9.127 |    9.158 | 
     | g127825                                 | A ^ -> Y v   | sky130_fd_sc_hd__inv_2     | 0.056 |   9.183 |    9.215 | 
     | g124888                                 | B v -> Y ^   | sky130_fd_sc_hd__nor2_2    | 0.094 |   9.277 |    9.309 | 
     | g121825                                 | A ^ -> X ^   | sky130_fd_sc_hd__and2_1    | 0.139 |   9.416 |    9.447 | 
     | g121824                                 | A2 ^ -> Y v  | sky130_fd_sc_hd__o21ai_1   | 0.067 |   9.482 |    9.514 | 
     | g128234                                 | A2 v -> Y ^  | sky130_fd_sc_hd__o21ai_2   | 0.145 |   9.627 |    9.658 | 
     | g128232                                 | A ^ -> Y v   | sky130_fd_sc_hd__nand2_2   | 0.101 |   9.728 |    9.759 | 
     | g128231                                 | A v -> Y ^   | sky130_fd_sc_hd__nand3_2   | 0.103 |   9.831 |    9.862 | 
     | result_r_reg[11]                        | D ^          | sky130_fd_sc_hd__dfrtp_1   | 0.000 |   9.831 |    9.862 | 
     +------------------------------------------------------------------------------------------------------------------+ 
     Clock Rise Edge                      0.000
     = Beginpoint Arrival Time            0.000
     Other End Path:
     +--------------------------------------------------------------------------------------------+ 
     |      Instance       |    Arc     |            Cell            | Delay | Arrival | Required | 
     |                     |            |                            |       |  Time   |   Time   | 
     |---------------------+------------+----------------------------+-------+---------+----------| 
     |                     | clk ^      |                            |       |   0.000 |   -0.031 | 
     | CTS_ccl_a_inv_00003 | A ^ -> Y v | sky130_fd_sc_hd__clkinv_16 | 0.445 |   0.445 |    0.414 | 
     | CTS_ccl_a_inv_00002 | A v -> Y ^ | sky130_fd_sc_hd__clkinv_16 | 0.166 |   0.610 |    0.579 | 
     | result_r_reg[11]    | CLK ^      | sky130_fd_sc_hd__dfrtp_1   | 0.002 |   0.613 |    0.582 | 
     +--------------------------------------------------------------------------------------------+ 
Path 6: MET Setup Check with Pin result_r_reg[9]/CLK 
Endpoint:   result_r_reg[9]/D (v) checked with  leading edge of 'clk'
Beginpoint: in2_r_reg[5]/Q    (v) triggered by  leading edge of 'clk'
Path Groups: {clk}
Analysis View: VIEW_TYP
Other End Arrival Time          0.614
- Setup                         0.095
+ Phase Shift                   9.300
+ CPPR Adjustment               0.000
= Required Time                 9.819
- Arrival Time                  9.787
= Slack Time                    0.032
     Clock Rise Edge                      0.000
     + Source Insertion Delay            -0.181
     = Beginpoint Arrival Time           -0.181
     Timing Path:
     +------------------------------------------------------------------------------------------------------------------+ 
     |                Instance                 |     Arc      |            Cell            | Delay | Arrival | Required | 
     |                                         |              |                            |       |  Time   |   Time   | 
     |-----------------------------------------+--------------+----------------------------+-------+---------+----------| 
     |                                         | clk ^        |                            |       |  -0.181 |   -0.149 | 
     | CTS_ccl_a_inv_00003                     | A ^ -> Y v   | sky130_fd_sc_hd__clkinv_16 | 0.445 |   0.264 |    0.296 | 
     | CTS_ccl_a_inv_00001                     | A v -> Y ^   | sky130_fd_sc_hd__clkinv_16 | 0.158 |   0.422 |    0.454 | 
     | in2_r_reg[5]                            | CLK ^ -> Q v | sky130_fd_sc_hd__sdfrtp_2  | 0.441 |   0.863 |    0.895 | 
     | FE_OFC1696_in2_r_5                      | A v -> Y ^   | sky130_fd_sc_hd__clkinv_2  | 0.090 |   0.953 |    0.985 | 
     | g116652                                 | B ^ -> Y v   | sky130_fd_sc_hd__nand2_1   | 0.064 |   1.017 |    1.049 | 
     | g114663                                 | A v -> Y ^   | sky130_fd_sc_hd__nor2_2    | 0.135 |   1.152 |    1.184 | 
     | FE_RC_46_0                              | B ^ -> Y v   | sky130_fd_sc_hd__nand4_1   | 0.132 |   1.284 |    1.316 | 
     | g119610                                 | B v -> Y ^   | sky130_fd_sc_hd__nor2_1    | 0.138 |   1.422 |    1.454 | 
     | g119606                                 | B ^ -> Y v   | sky130_fd_sc_hd__nor2_2    | 0.055 |   1.477 |    1.509 | 
     | g124513                                 | A v -> Y ^   | sky130_fd_sc_hd__nand2_2   | 0.078 |   1.555 |    1.586 | 
     | g124514                                 | A ^ -> Y v   | sky130_fd_sc_hd__inv_2     | 0.053 |   1.608 |    1.640 | 
     | g123797                                 | B v -> Y ^   | sky130_fd_sc_hd__nand2_2   | 0.063 |   1.671 |    1.703 | 
     | g123796                                 | B ^ -> Y v   | sky130_fd_sc_hd__nand2_2   | 0.068 |   1.739 |    1.771 | 
     | g123795                                 | A v -> Y ^   | sky130_fd_sc_hd__nor2_2    | 0.117 |   1.856 |    1.888 | 
     | g124752                                 | B ^ -> Y v   | sky130_fd_sc_hd__nand2_2   | 0.081 |   1.937 |    1.968 | 
     | FE_OFC1320_n_17344                      | A v -> Y ^   | sky130_fd_sc_hd__clkinv_4  | 0.086 |   2.023 |    2.055 | 
     | FE_RC_13_0                              | A ^ -> Y v   | sky130_fd_sc_hd__nand2_2   | 0.065 |   2.088 |    2.120 | 
     | FE_RC_11_0                              | A v -> Y ^   | sky130_fd_sc_hd__nand2_4   | 0.105 |   2.193 |    2.225 | 
     | FE_OFC1317_n_13609                      | A ^ -> X ^   | sky130_fd_sc_hd__buf_2     | 0.150 |   2.343 |    2.375 | 
     | g125264                                 | B ^ -> Y v   | sky130_fd_sc_hd__nand3_1   | 0.087 |   2.430 |    2.462 | 
     | g125263                                 | A v -> Y ^   | sky130_fd_sc_hd__nand2_2   | 0.093 |   2.524 |    2.556 | 
     | g127502                                 | A ^ -> Y v   | sky130_fd_sc_hd__nand2_1   | 0.091 |   2.615 |    2.647 | 
     | g127496                                 | B v -> Y ^   | sky130_fd_sc_hd__nand2_4   | 0.224 |   2.839 |    2.871 | 
     | g113138                                 | A ^ -> Y v   | sky130_fd_sc_hd__nor2_1    | 0.077 |   2.917 |    2.949 | 
     | FE_OCPC1078_n_3345                      | A v -> X v   | sky130_fd_sc_hd__buf_2     | 0.172 |   3.089 |    3.121 | 
     | g120778                                 | A v -> Y ^   | sky130_fd_sc_hd__nand2_2   | 0.088 |   3.177 |    3.209 | 
     | FE_OFC1589_n_12829                      | A ^ -> X ^   | sky130_fd_sc_hd__buf_12    | 0.271 |   3.448 |    3.480 | 
     | FE_OFC1590_n_12829                      | A ^ -> Y v   | sky130_fd_sc_hd__inv_12    | 0.152 |   3.600 |    3.631 | 
     | g120784                                 | C v -> Y ^   | sky130_fd_sc_hd__nand3_2   | 0.106 |   3.706 |    3.738 | 
     | g120781                                 | B1 ^ -> Y v  | sky130_fd_sc_hd__o21ai_1   | 0.060 |   3.766 |    3.798 | 
     | g1815                                   | C v -> Y ^   | sky130_fd_sc_hd__nor3_1    | 0.189 |   3.956 |    3.987 | 
     | FE_OFC1529_n_14913                      | A ^ -> X ^   | sky130_fd_sc_hd__buf_6     | 0.146 |   4.102 |    4.133 | 
     | FE_PSC1704_FE_OCPN19816_n_14913         | A ^ -> X ^   | sky130_fd_sc_hd__buf_2     | 0.379 |   4.481 |    4.513 | 
     | g128809                                 | C ^ -> Y v   | sky130_fd_sc_hd__nand3b_2  | 0.186 |   4.667 |    4.699 | 
     | g1808                                   | A v -> Y ^   | sky130_fd_sc_hd__nor2_4    | 0.153 |   4.821 |    4.853 | 
     | g127234                                 | A1 ^ -> Y v  | sky130_fd_sc_hd__a31oi_1   | 0.107 |   4.928 |    4.959 | 
     | g127233                                 | B v -> Y ^   | sky130_fd_sc_hd__nor2_2    | 0.222 |   5.150 |    5.182 | 
     | g127324                                 | B ^ -> Y v   | sky130_fd_sc_hd__nand3_4   | 0.162 |   5.312 |    5.344 | 
     | FE_OFC693_n_20380                       | A v -> Y ^   | sky130_fd_sc_hd__inv_4     | 0.192 |   5.504 |    5.536 | 
     | alu_inst_muldiv_inst_mul_349_24_g10108  | A ^ -> Y v   | sky130_fd_sc_hd__nand2_2   | 0.068 |   5.571 |    5.603 | 
     | g123520                                 | A v -> Y ^   | sky130_fd_sc_hd__nand2_4   | 0.063 |   5.635 |    5.667 | 
     | FE_OFC63_n_16054                        | A ^ -> Y v   | sky130_fd_sc_hd__inv_4     | 0.054 |   5.689 |    5.721 | 
     | g125128                                 | A v -> Y ^   | sky130_fd_sc_hd__nand2_4   | 0.086 |   5.776 |    5.808 | 
     | FE_DBTC82_n_17781                       | A ^ -> Y v   | sky130_fd_sc_hd__inv_6     | 0.062 |   5.838 |    5.869 | 
     | g125130                                 | A v -> Y ^   | sky130_fd_sc_hd__nand2_1   | 0.097 |   5.935 |    5.967 | 
     | g125132                                 | B ^ -> Y v   | sky130_fd_sc_hd__nand2_1   | 0.079 |   6.014 |    6.046 | 
     | g127582                                 | A v -> Y ^   | sky130_fd_sc_hd__nand2_2   | 0.087 |   6.101 |    6.133 | 
     | g124219                                 | B ^ -> Y v   | sky130_fd_sc_hd__nand2_2   | 0.065 |   6.166 |    6.198 | 
     | g124255                                 | A v -> Y ^   | sky130_fd_sc_hd__nand2_1   | 0.073 |   6.240 |    6.272 | 
     | alu_inst_muldiv_inst_mul_349_24_g9202   | A ^ -> Y v   | sky130_fd_sc_hd__nand2_1   | 0.054 |   6.294 |    6.326 | 
     | g119366                                 | A v -> Y ^   | sky130_fd_sc_hd__nand2_1   | 0.065 |   6.359 |    6.391 | 
     | g402                                    | A ^ -> Y v   | sky130_fd_sc_hd__nand2_2   | 0.061 |   6.419 |    6.451 | 
     | g401                                    | A v -> Y ^   | sky130_fd_sc_hd__inv_2     | 0.059 |   6.478 |    6.510 | 
     | alu_inst_muldiv_inst_mul_349_24_g10407  | A_N ^ -> Y ^ | sky130_fd_sc_hd__nand2b_1  | 0.108 |   6.586 |    6.618 | 
     | g7048                                   | A ^ -> Y v   | sky130_fd_sc_hd__nand2_2   | 0.063 |   6.650 |    6.682 | 
     | g127354                                 | B v -> Y ^   | sky130_fd_sc_hd__nand2_2   | 0.101 |   6.750 |    6.782 | 
     | alu_inst_muldiv_inst_mul_349_24_g125976 | A ^ -> Y v   | sky130_fd_sc_hd__nand2_2   | 0.059 |   6.809 |    6.841 | 
     | alu_inst_muldiv_inst_mul_349_24_g125975 | A v -> Y ^   | sky130_fd_sc_hd__nand2_2   | 0.067 |   6.876 |    6.908 | 
     | alu_inst_muldiv_inst_mul_349_24_g125974 | A1 ^ -> Y v  | sky130_fd_sc_hd__a21oi_2   | 0.054 |   6.930 |    6.962 | 
     | alu_inst_muldiv_inst_mul_349_24_g8914   | B v -> Y ^   | sky130_fd_sc_hd__nor2_2    | 0.159 |   7.089 |    7.121 | 
     | FE_RC_30_0                              | C ^ -> Y v   | sky130_fd_sc_hd__nand4_4   | 0.172 |   7.261 |    7.293 | 
     | g125512                                 | B v -> Y ^   | sky130_fd_sc_hd__nand2_4   | 0.114 |   7.374 |    7.406 | 
     | g125515                                 | A ^ -> Y v   | sky130_fd_sc_hd__nand2_1   | 0.086 |   7.461 |    7.492 | 
     | g108109                                 | A v -> Y ^   | sky130_fd_sc_hd__nand2_2   | 0.129 |   7.589 |    7.621 | 
     | g126298                                 | B ^ -> Y v   | sky130_fd_sc_hd__nand2_2   | 0.071 |   7.660 |    7.692 | 
     | g126297                                 | A v -> Y ^   | sky130_fd_sc_hd__nand2_4   | 0.076 |   7.736 |    7.768 | 
     | g126296                                 | A ^ -> Y v   | sky130_fd_sc_hd__nand2_2   | 0.052 |   7.788 |    7.819 | 
     | g134                                    | A v -> Y ^   | sky130_fd_sc_hd__nand2_2   | 0.073 |   7.861 |    7.892 | 
     | g120067                                 | A ^ -> Y v   | sky130_fd_sc_hd__nand2_2   | 0.062 |   7.922 |    7.954 | 
     | g126773                                 | A v -> Y ^   | sky130_fd_sc_hd__nand2_2   | 0.067 |   7.989 |    8.021 | 
     | g126246                                 | A ^ -> Y v   | sky130_fd_sc_hd__nand2_2   | 0.050 |   8.039 |    8.071 | 
     | g126245                                 | A v -> Y ^   | sky130_fd_sc_hd__nand2_2   | 0.081 |   8.119 |    8.151 | 
     | g103                                    | A ^ -> Y v   | sky130_fd_sc_hd__nand2_2   | 0.072 |   8.191 |    8.223 | 
     | g126828                                 | A v -> Y ^   | sky130_fd_sc_hd__nand2_2   | 0.100 |   8.292 |    8.324 | 
     | g126824                                 | B ^ -> Y v   | sky130_fd_sc_hd__nand2_4   | 0.083 |   8.375 |    8.407 | 
     | g121684                                 | A v -> Y ^   | sky130_fd_sc_hd__nand2_2   | 0.065 |   8.439 |    8.471 | 
     | g122405                                 | A ^ -> Y v   | sky130_fd_sc_hd__nand2_1   | 0.045 |   8.484 |    8.516 | 
     | g124272                                 | A v -> Y ^   | sky130_fd_sc_hd__nand2_1   | 0.070 |   8.555 |    8.586 | 
     | g125385                                 | A ^ -> Y v   | sky130_fd_sc_hd__nand2_2   | 0.079 |   8.633 |    8.665 | 
     | g126939                                 | A v -> Y ^   | sky130_fd_sc_hd__nand2_2   | 0.064 |   8.697 |    8.729 | 
     | g126938                                 | A ^ -> Y v   | sky130_fd_sc_hd__nand2_2   | 0.066 |   8.763 |    8.795 | 
     | g126937                                 | A v -> Y ^   | sky130_fd_sc_hd__nand2_1   | 0.153 |   8.916 |    8.948 | 
     | g123430                                 | A ^ -> X ^   | sky130_fd_sc_hd__and2_1    | 0.210 |   9.126 |    9.158 | 
     | g121936                                 | A ^ -> Y v   | sky130_fd_sc_hd__inv_2     | 0.049 |   9.176 |    9.208 | 
     | g123859                                 | B1 v -> Y ^  | sky130_fd_sc_hd__a221oi_1  | 0.247 |   9.423 |    9.455 | 
     | g302                                    | A2 ^ -> X ^  | sky130_fd_sc_hd__o21a_1    | 0.144 |   9.566 |    9.598 | 
     | g300                                    | B1 ^ -> Y v  | sky130_fd_sc_hd__o21ai_1   | 0.056 |   9.623 |    9.655 | 
     | g299                                    | A_N v -> Y v | sky130_fd_sc_hd__nand2b_1  | 0.165 |   9.787 |    9.819 | 
     | result_r_reg[9]                         | D v          | sky130_fd_sc_hd__dfrtp_1   | 0.000 |   9.787 |    9.819 | 
     +------------------------------------------------------------------------------------------------------------------+ 
     Clock Rise Edge                      0.000
     = Beginpoint Arrival Time            0.000
     Other End Path:
     +--------------------------------------------------------------------------------------------+ 
     |      Instance       |    Arc     |            Cell            | Delay | Arrival | Required | 
     |                     |            |                            |       |  Time   |   Time   | 
     |---------------------+------------+----------------------------+-------+---------+----------| 
     |                     | clk ^      |                            |       |   0.000 |   -0.032 | 
     | CTS_ccl_a_inv_00003 | A ^ -> Y v | sky130_fd_sc_hd__clkinv_16 | 0.445 |   0.445 |    0.413 | 
     | CTS_ccl_a_inv_00002 | A v -> Y ^ | sky130_fd_sc_hd__clkinv_16 | 0.166 |   0.610 |    0.579 | 
     | result_r_reg[9]     | CLK ^      | sky130_fd_sc_hd__dfrtp_1   | 0.004 |   0.614 |    0.582 | 
     +--------------------------------------------------------------------------------------------+ 
Path 7: MET Setup Check with Pin result_r_reg[10]/CLK 
Endpoint:   result_r_reg[10]/D (v) checked with  leading edge of 'clk'
Beginpoint: in2_r_reg[5]/Q     (v) triggered by  leading edge of 'clk'
Path Groups: {clk}
Analysis View: VIEW_TYP
Other End Arrival Time          0.613
- Setup                         0.098
+ Phase Shift                   9.300
+ CPPR Adjustment               0.000
= Required Time                 9.815
- Arrival Time                  9.783
= Slack Time                    0.033
     Clock Rise Edge                      0.000
     + Source Insertion Delay            -0.181
     = Beginpoint Arrival Time           -0.181
     Timing Path:
     +------------------------------------------------------------------------------------------------------------------+ 
     |                Instance                 |     Arc      |            Cell            | Delay | Arrival | Required | 
     |                                         |              |                            |       |  Time   |   Time   | 
     |-----------------------------------------+--------------+----------------------------+-------+---------+----------| 
     |                                         | clk ^        |                            |       |  -0.181 |   -0.149 | 
     | CTS_ccl_a_inv_00003                     | A ^ -> Y v   | sky130_fd_sc_hd__clkinv_16 | 0.445 |   0.264 |    0.296 | 
     | CTS_ccl_a_inv_00001                     | A v -> Y ^   | sky130_fd_sc_hd__clkinv_16 | 0.158 |   0.422 |    0.455 | 
     | in2_r_reg[5]                            | CLK ^ -> Q v | sky130_fd_sc_hd__sdfrtp_2  | 0.441 |   0.863 |    0.896 | 
     | FE_OFC1696_in2_r_5                      | A v -> Y ^   | sky130_fd_sc_hd__clkinv_2  | 0.090 |   0.953 |    0.986 | 
     | g116652                                 | B ^ -> Y v   | sky130_fd_sc_hd__nand2_1   | 0.064 |   1.017 |    1.050 | 
     | g114663                                 | A v -> Y ^   | sky130_fd_sc_hd__nor2_2    | 0.135 |   1.152 |    1.185 | 
     | FE_RC_46_0                              | B ^ -> Y v   | sky130_fd_sc_hd__nand4_1   | 0.132 |   1.284 |    1.317 | 
     | g119610                                 | B v -> Y ^   | sky130_fd_sc_hd__nor2_1    | 0.138 |   1.422 |    1.455 | 
     | g119606                                 | B ^ -> Y v   | sky130_fd_sc_hd__nor2_2    | 0.055 |   1.477 |    1.509 | 
     | g124513                                 | A v -> Y ^   | sky130_fd_sc_hd__nand2_2   | 0.078 |   1.555 |    1.587 | 
     | g124514                                 | A ^ -> Y v   | sky130_fd_sc_hd__inv_2     | 0.053 |   1.608 |    1.640 | 
     | g123797                                 | B v -> Y ^   | sky130_fd_sc_hd__nand2_2   | 0.063 |   1.671 |    1.703 | 
     | g123796                                 | B ^ -> Y v   | sky130_fd_sc_hd__nand2_2   | 0.068 |   1.739 |    1.772 | 
     | g123795                                 | A v -> Y ^   | sky130_fd_sc_hd__nor2_2    | 0.117 |   1.856 |    1.888 | 
     | g124752                                 | B ^ -> Y v   | sky130_fd_sc_hd__nand2_2   | 0.081 |   1.937 |    1.969 | 
     | FE_OFC1320_n_17344                      | A v -> Y ^   | sky130_fd_sc_hd__clkinv_4  | 0.086 |   2.023 |    2.055 | 
     | FE_RC_13_0                              | A ^ -> Y v   | sky130_fd_sc_hd__nand2_2   | 0.065 |   2.088 |    2.120 | 
     | FE_RC_11_0                              | A v -> Y ^   | sky130_fd_sc_hd__nand2_4   | 0.105 |   2.193 |    2.226 | 
     | FE_OFC1317_n_13609                      | A ^ -> X ^   | sky130_fd_sc_hd__buf_2     | 0.150 |   2.343 |    2.375 | 
     | g125264                                 | B ^ -> Y v   | sky130_fd_sc_hd__nand3_1   | 0.087 |   2.430 |    2.463 | 
     | g125263                                 | A v -> Y ^   | sky130_fd_sc_hd__nand2_2   | 0.093 |   2.524 |    2.556 | 
     | g127502                                 | A ^ -> Y v   | sky130_fd_sc_hd__nand2_1   | 0.091 |   2.615 |    2.648 | 
     | g127496                                 | B v -> Y ^   | sky130_fd_sc_hd__nand2_4   | 0.224 |   2.839 |    2.872 | 
     | g113138                                 | A ^ -> Y v   | sky130_fd_sc_hd__nor2_1    | 0.077 |   2.917 |    2.949 | 
     | FE_OCPC1078_n_3345                      | A v -> X v   | sky130_fd_sc_hd__buf_2     | 0.172 |   3.089 |    3.121 | 
     | g120778                                 | A v -> Y ^   | sky130_fd_sc_hd__nand2_2   | 0.088 |   3.177 |    3.210 | 
     | FE_OFC1589_n_12829                      | A ^ -> X ^   | sky130_fd_sc_hd__buf_12    | 0.271 |   3.448 |    3.480 | 
     | FE_OFC1590_n_12829                      | A ^ -> Y v   | sky130_fd_sc_hd__inv_12    | 0.152 |   3.600 |    3.632 | 
     | g120784                                 | C v -> Y ^   | sky130_fd_sc_hd__nand3_2   | 0.106 |   3.706 |    3.738 | 
     | g120781                                 | B1 ^ -> Y v  | sky130_fd_sc_hd__o21ai_1   | 0.060 |   3.766 |    3.799 | 
     | g1815                                   | C v -> Y ^   | sky130_fd_sc_hd__nor3_1    | 0.189 |   3.956 |    3.988 | 
     | FE_OFC1529_n_14913                      | A ^ -> X ^   | sky130_fd_sc_hd__buf_6     | 0.146 |   4.102 |    4.134 | 
     | FE_PSC1704_FE_OCPN19816_n_14913         | A ^ -> X ^   | sky130_fd_sc_hd__buf_2     | 0.379 |   4.481 |    4.514 | 
     | g128809                                 | C ^ -> Y v   | sky130_fd_sc_hd__nand3b_2  | 0.186 |   4.667 |    4.700 | 
     | g1808                                   | A v -> Y ^   | sky130_fd_sc_hd__nor2_4    | 0.153 |   4.821 |    4.853 | 
     | g127234                                 | A1 ^ -> Y v  | sky130_fd_sc_hd__a31oi_1   | 0.107 |   4.928 |    4.960 | 
     | g127233                                 | B v -> Y ^   | sky130_fd_sc_hd__nor2_2    | 0.222 |   5.150 |    5.182 | 
     | g127324                                 | B ^ -> Y v   | sky130_fd_sc_hd__nand3_4   | 0.162 |   5.312 |    5.345 | 
     | FE_OFC693_n_20380                       | A v -> Y ^   | sky130_fd_sc_hd__inv_4     | 0.192 |   5.504 |    5.536 | 
     | alu_inst_muldiv_inst_mul_349_24_g10108  | A ^ -> Y v   | sky130_fd_sc_hd__nand2_2   | 0.068 |   5.571 |    5.604 | 
     | g123520                                 | A v -> Y ^   | sky130_fd_sc_hd__nand2_4   | 0.063 |   5.635 |    5.667 | 
     | FE_OFC63_n_16054                        | A ^ -> Y v   | sky130_fd_sc_hd__inv_4     | 0.054 |   5.689 |    5.722 | 
     | g125128                                 | A v -> Y ^   | sky130_fd_sc_hd__nand2_4   | 0.086 |   5.776 |    5.808 | 
     | FE_DBTC82_n_17781                       | A ^ -> Y v   | sky130_fd_sc_hd__inv_6     | 0.062 |   5.838 |    5.870 | 
     | g125130                                 | A v -> Y ^   | sky130_fd_sc_hd__nand2_1   | 0.097 |   5.935 |    5.967 | 
     | g125132                                 | B ^ -> Y v   | sky130_fd_sc_hd__nand2_1   | 0.079 |   6.014 |    6.046 | 
     | g127582                                 | A v -> Y ^   | sky130_fd_sc_hd__nand2_2   | 0.087 |   6.101 |    6.133 | 
     | g124219                                 | B ^ -> Y v   | sky130_fd_sc_hd__nand2_2   | 0.065 |   6.166 |    6.199 | 
     | g124255                                 | A v -> Y ^   | sky130_fd_sc_hd__nand2_1   | 0.073 |   6.240 |    6.272 | 
     | alu_inst_muldiv_inst_mul_349_24_g9202   | A ^ -> Y v   | sky130_fd_sc_hd__nand2_1   | 0.054 |   6.294 |    6.326 | 
     | g119366                                 | A v -> Y ^   | sky130_fd_sc_hd__nand2_1   | 0.065 |   6.359 |    6.391 | 
     | g402                                    | A ^ -> Y v   | sky130_fd_sc_hd__nand2_2   | 0.061 |   6.419 |    6.452 | 
     | g401                                    | A v -> Y ^   | sky130_fd_sc_hd__inv_2     | 0.059 |   6.478 |    6.511 | 
     | alu_inst_muldiv_inst_mul_349_24_g10407  | A_N ^ -> Y ^ | sky130_fd_sc_hd__nand2b_1  | 0.108 |   6.586 |    6.619 | 
     | g7048                                   | A ^ -> Y v   | sky130_fd_sc_hd__nand2_2   | 0.063 |   6.650 |    6.682 | 
     | g127354                                 | B v -> Y ^   | sky130_fd_sc_hd__nand2_2   | 0.101 |   6.750 |    6.783 | 
     | alu_inst_muldiv_inst_mul_349_24_g125976 | A ^ -> Y v   | sky130_fd_sc_hd__nand2_2   | 0.059 |   6.809 |    6.842 | 
     | alu_inst_muldiv_inst_mul_349_24_g125975 | A v -> Y ^   | sky130_fd_sc_hd__nand2_2   | 0.067 |   6.876 |    6.909 | 
     | alu_inst_muldiv_inst_mul_349_24_g125974 | A1 ^ -> Y v  | sky130_fd_sc_hd__a21oi_2   | 0.054 |   6.930 |    6.962 | 
     | alu_inst_muldiv_inst_mul_349_24_g8914   | B v -> Y ^   | sky130_fd_sc_hd__nor2_2    | 0.159 |   7.089 |    7.121 | 
     | FE_RC_30_0                              | C ^ -> Y v   | sky130_fd_sc_hd__nand4_4   | 0.172 |   7.261 |    7.293 | 
     | g125512                                 | B v -> Y ^   | sky130_fd_sc_hd__nand2_4   | 0.114 |   7.374 |    7.407 | 
     | g125515                                 | A ^ -> Y v   | sky130_fd_sc_hd__nand2_1   | 0.086 |   7.461 |    7.493 | 
     | g108109                                 | A v -> Y ^   | sky130_fd_sc_hd__nand2_2   | 0.129 |   7.589 |    7.622 | 
     | g126298                                 | B ^ -> Y v   | sky130_fd_sc_hd__nand2_2   | 0.071 |   7.660 |    7.693 | 
     | g126297                                 | A v -> Y ^   | sky130_fd_sc_hd__nand2_4   | 0.076 |   7.736 |    7.768 | 
     | g126296                                 | A ^ -> Y v   | sky130_fd_sc_hd__nand2_2   | 0.052 |   7.788 |    7.820 | 
     | g134                                    | A v -> Y ^   | sky130_fd_sc_hd__nand2_2   | 0.073 |   7.861 |    7.893 | 
     | fopt123998                              | A ^ -> Y v   | sky130_fd_sc_hd__inv_1     | 0.042 |   7.903 |    7.935 | 
     | g123997                                 | A v -> Y ^   | sky130_fd_sc_hd__nand2_1   | 0.061 |   7.964 |    7.996 | 
     | g125554                                 | A ^ -> Y v   | sky130_fd_sc_hd__nand2_2   | 0.088 |   8.051 |    8.084 | 
     | g125553                                 | B v -> Y ^   | sky130_fd_sc_hd__nor2_1    | 0.097 |   8.148 |    8.181 | 
     | g128559                                 | A_N ^ -> Y ^ | sky130_fd_sc_hd__nand2b_4  | 0.202 |   8.350 |    8.382 | 
     | g239                                    | A_N ^ -> Y ^ | sky130_fd_sc_hd__nand2b_1  | 0.131 |   8.480 |    8.513 | 
     | g128411                                 | B ^ -> X ^   | sky130_fd_sc_hd__and2_4    | 0.153 |   8.633 |    8.666 | 
     | g126511                                 | A ^ -> Y v   | sky130_fd_sc_hd__nand3_2   | 0.077 |   8.710 |    8.742 | 
     | g125908                                 | A v -> Y ^   | sky130_fd_sc_hd__nand3_1   | 0.098 |   8.808 |    8.841 | 
     | g127819                                 | B ^ -> Y v   | sky130_fd_sc_hd__nand2_1   | 0.070 |   8.878 |    8.911 | 
     | g127818                                 | A v -> Y ^   | sky130_fd_sc_hd__inv_2     | 0.064 |   8.943 |    8.975 | 
     | g127823                                 | A ^ -> Y v   | sky130_fd_sc_hd__nand2_2   | 0.078 |   9.020 |    9.053 | 
     | g127821                                 | B v -> Y ^   | sky130_fd_sc_hd__nor2_2    | 0.115 |   9.135 |    9.168 | 
     | g127820                                 | B ^ -> Y v   | sky130_fd_sc_hd__nand2_2   | 0.097 |   9.232 |    9.264 | 
     | FE_OFC1479_n_21131                      | A v -> Y ^   | sky130_fd_sc_hd__inv_2     | 0.073 |   9.305 |    9.338 | 
     | g128352                                 | A ^ -> Y v   | sky130_fd_sc_hd__nand2_2   | 0.058 |   9.363 |    9.396 | 
     | FE_OFC1477_21719                        | A v -> Y ^   | sky130_fd_sc_hd__inv_4     | 0.076 |   9.439 |    9.472 | 
     | g125572                                 | A ^ -> Y v   | sky130_fd_sc_hd__nand2_1   | 0.058 |   9.498 |    9.530 | 
     | g125169                                 | A v -> Y ^   | sky130_fd_sc_hd__nand3_2   | 0.059 |   9.556 |    9.589 | 
     | g123438                                 | A ^ -> Y v   | sky130_fd_sc_hd__nand3_2   | 0.068 |   9.624 |    9.657 | 
     | g127238                                 | A v -> Y ^   | sky130_fd_sc_hd__nand2_2   | 0.092 |   9.716 |    9.748 | 
     | g127235                                 | A ^ -> Y v   | sky130_fd_sc_hd__nand3_2   | 0.067 |   9.783 |    9.815 | 
     | result_r_reg[10]                        | D v          | sky130_fd_sc_hd__dfrtp_1   | 0.000 |   9.783 |    9.815 | 
     +------------------------------------------------------------------------------------------------------------------+ 
     Clock Rise Edge                      0.000
     = Beginpoint Arrival Time            0.000
     Other End Path:
     +--------------------------------------------------------------------------------------------+ 
     |      Instance       |    Arc     |            Cell            | Delay | Arrival | Required | 
     |                     |            |                            |       |  Time   |   Time   | 
     |---------------------+------------+----------------------------+-------+---------+----------| 
     |                     | clk ^      |                            |       |   0.000 |   -0.033 | 
     | CTS_ccl_a_inv_00003 | A ^ -> Y v | sky130_fd_sc_hd__clkinv_16 | 0.445 |   0.445 |    0.412 | 
     | CTS_ccl_a_inv_00002 | A v -> Y ^ | sky130_fd_sc_hd__clkinv_16 | 0.166 |   0.610 |    0.578 | 
     | result_r_reg[10]    | CLK ^      | sky130_fd_sc_hd__dfrtp_1   | 0.002 |   0.613 |    0.580 | 
     +--------------------------------------------------------------------------------------------+ 
Path 8: MET Setup Check with Pin result_r_reg[5]/CLK 
Endpoint:   result_r_reg[5]/D (v) checked with  leading edge of 'clk'
Beginpoint: in2_r_reg[5]/Q    (v) triggered by  leading edge of 'clk'
Path Groups: {clk}
Analysis View: VIEW_TYP
Other End Arrival Time          0.614
- Setup                         0.124
+ Phase Shift                   9.300
+ CPPR Adjustment               0.000
= Required Time                 9.790
- Arrival Time                  9.744
= Slack Time                    0.045
     Clock Rise Edge                      0.000
     + Source Insertion Delay            -0.181
     = Beginpoint Arrival Time           -0.181
     Timing Path:
     +------------------------------------------------------------------------------------------------------------------+ 
     |                Instance                 |     Arc      |            Cell            | Delay | Arrival | Required | 
     |                                         |              |                            |       |  Time   |   Time   | 
     |-----------------------------------------+--------------+----------------------------+-------+---------+----------| 
     |                                         | clk ^        |                            |       |  -0.181 |   -0.136 | 
     | CTS_ccl_a_inv_00003                     | A ^ -> Y v   | sky130_fd_sc_hd__clkinv_16 | 0.445 |   0.264 |    0.309 | 
     | CTS_ccl_a_inv_00001                     | A v -> Y ^   | sky130_fd_sc_hd__clkinv_16 | 0.158 |   0.422 |    0.467 | 
     | in2_r_reg[5]                            | CLK ^ -> Q v | sky130_fd_sc_hd__sdfrtp_2  | 0.441 |   0.863 |    0.909 | 
     | FE_OFC1696_in2_r_5                      | A v -> Y ^   | sky130_fd_sc_hd__clkinv_2  | 0.090 |   0.953 |    0.999 | 
     | g116652                                 | B ^ -> Y v   | sky130_fd_sc_hd__nand2_1   | 0.064 |   1.017 |    1.062 | 
     | g114663                                 | A v -> Y ^   | sky130_fd_sc_hd__nor2_2    | 0.135 |   1.152 |    1.197 | 
     | FE_RC_46_0                              | B ^ -> Y v   | sky130_fd_sc_hd__nand4_1   | 0.132 |   1.284 |    1.329 | 
     | g119610                                 | B v -> Y ^   | sky130_fd_sc_hd__nor2_1    | 0.138 |   1.422 |    1.467 | 
     | g119606                                 | B ^ -> Y v   | sky130_fd_sc_hd__nor2_2    | 0.055 |   1.477 |    1.522 | 
     | g124513                                 | A v -> Y ^   | sky130_fd_sc_hd__nand2_2   | 0.078 |   1.555 |    1.600 | 
     | g124514                                 | A ^ -> Y v   | sky130_fd_sc_hd__inv_2     | 0.053 |   1.608 |    1.653 | 
     | g123797                                 | B v -> Y ^   | sky130_fd_sc_hd__nand2_2   | 0.063 |   1.671 |    1.716 | 
     | g123796                                 | B ^ -> Y v   | sky130_fd_sc_hd__nand2_2   | 0.068 |   1.739 |    1.784 | 
     | g123795                                 | A v -> Y ^   | sky130_fd_sc_hd__nor2_2    | 0.117 |   1.856 |    1.901 | 
     | g124752                                 | B ^ -> Y v   | sky130_fd_sc_hd__nand2_2   | 0.081 |   1.937 |    1.982 | 
     | FE_OFC1320_n_17344                      | A v -> Y ^   | sky130_fd_sc_hd__clkinv_4  | 0.086 |   2.023 |    2.068 | 
     | FE_RC_13_0                              | A ^ -> Y v   | sky130_fd_sc_hd__nand2_2   | 0.065 |   2.088 |    2.133 | 
     | FE_RC_11_0                              | A v -> Y ^   | sky130_fd_sc_hd__nand2_4   | 0.105 |   2.193 |    2.239 | 
     | FE_OFC1317_n_13609                      | A ^ -> X ^   | sky130_fd_sc_hd__buf_2     | 0.150 |   2.343 |    2.388 | 
     | g125264                                 | B ^ -> Y v   | sky130_fd_sc_hd__nand3_1   | 0.087 |   2.430 |    2.476 | 
     | g125263                                 | A v -> Y ^   | sky130_fd_sc_hd__nand2_2   | 0.093 |   2.524 |    2.569 | 
     | g127502                                 | A ^ -> Y v   | sky130_fd_sc_hd__nand2_1   | 0.091 |   2.615 |    2.660 | 
     | g127496                                 | B v -> Y ^   | sky130_fd_sc_hd__nand2_4   | 0.224 |   2.839 |    2.885 | 
     | g113138                                 | A ^ -> Y v   | sky130_fd_sc_hd__nor2_1    | 0.077 |   2.917 |    2.962 | 
     | FE_OCPC1078_n_3345                      | A v -> X v   | sky130_fd_sc_hd__buf_2     | 0.172 |   3.089 |    3.134 | 
     | g120778                                 | A v -> Y ^   | sky130_fd_sc_hd__nand2_2   | 0.088 |   3.177 |    3.222 | 
     | FE_OFC1589_n_12829                      | A ^ -> X ^   | sky130_fd_sc_hd__buf_12    | 0.271 |   3.448 |    3.493 | 
     | FE_OFC1590_n_12829                      | A ^ -> Y v   | sky130_fd_sc_hd__inv_12    | 0.152 |   3.600 |    3.645 | 
     | g120784                                 | C v -> Y ^   | sky130_fd_sc_hd__nand3_2   | 0.106 |   3.706 |    3.751 | 
     | g120781                                 | B1 ^ -> Y v  | sky130_fd_sc_hd__o21ai_1   | 0.060 |   3.766 |    3.811 | 
     | g1815                                   | C v -> Y ^   | sky130_fd_sc_hd__nor3_1    | 0.189 |   3.956 |    4.001 | 
     | FE_OFC1529_n_14913                      | A ^ -> X ^   | sky130_fd_sc_hd__buf_6     | 0.146 |   4.102 |    4.147 | 
     | FE_PSC1704_FE_OCPN19816_n_14913         | A ^ -> X ^   | sky130_fd_sc_hd__buf_2     | 0.379 |   4.481 |    4.526 | 
     | g128809                                 | C ^ -> Y v   | sky130_fd_sc_hd__nand3b_2  | 0.186 |   4.667 |    4.713 | 
     | g1808                                   | A v -> Y ^   | sky130_fd_sc_hd__nor2_4    | 0.153 |   4.821 |    4.866 | 
     | g127234                                 | A1 ^ -> Y v  | sky130_fd_sc_hd__a31oi_1   | 0.107 |   4.928 |    4.973 | 
     | g127233                                 | B v -> Y ^   | sky130_fd_sc_hd__nor2_2    | 0.222 |   5.150 |    5.195 | 
     | g127324                                 | B ^ -> Y v   | sky130_fd_sc_hd__nand3_4   | 0.162 |   5.312 |    5.357 | 
     | FE_OFC693_n_20380                       | A v -> Y ^   | sky130_fd_sc_hd__inv_4     | 0.192 |   5.504 |    5.549 | 
     | alu_inst_muldiv_inst_mul_349_24_g10108  | A ^ -> Y v   | sky130_fd_sc_hd__nand2_2   | 0.068 |   5.571 |    5.617 | 
     | g123520                                 | A v -> Y ^   | sky130_fd_sc_hd__nand2_4   | 0.063 |   5.635 |    5.680 | 
     | FE_OFC63_n_16054                        | A ^ -> Y v   | sky130_fd_sc_hd__inv_4     | 0.054 |   5.689 |    5.734 | 
     | g125128                                 | A v -> Y ^   | sky130_fd_sc_hd__nand2_4   | 0.086 |   5.776 |    5.821 | 
     | FE_DBTC82_n_17781                       | A ^ -> Y v   | sky130_fd_sc_hd__inv_6     | 0.062 |   5.838 |    5.883 | 
     | g125130                                 | A v -> Y ^   | sky130_fd_sc_hd__nand2_1   | 0.097 |   5.935 |    5.980 | 
     | g125132                                 | B ^ -> Y v   | sky130_fd_sc_hd__nand2_1   | 0.079 |   6.014 |    6.059 | 
     | g127582                                 | A v -> Y ^   | sky130_fd_sc_hd__nand2_2   | 0.087 |   6.101 |    6.146 | 
     | g124219                                 | B ^ -> Y v   | sky130_fd_sc_hd__nand2_2   | 0.065 |   6.166 |    6.212 | 
     | g124255                                 | A v -> Y ^   | sky130_fd_sc_hd__nand2_1   | 0.073 |   6.240 |    6.285 | 
     | alu_inst_muldiv_inst_mul_349_24_g9202   | A ^ -> Y v   | sky130_fd_sc_hd__nand2_1   | 0.054 |   6.294 |    6.339 | 
     | g119366                                 | A v -> Y ^   | sky130_fd_sc_hd__nand2_1   | 0.065 |   6.359 |    6.404 | 
     | g402                                    | A ^ -> Y v   | sky130_fd_sc_hd__nand2_2   | 0.061 |   6.419 |    6.465 | 
     | g401                                    | A v -> Y ^   | sky130_fd_sc_hd__inv_2     | 0.059 |   6.478 |    6.524 | 
     | alu_inst_muldiv_inst_mul_349_24_g10407  | A_N ^ -> Y ^ | sky130_fd_sc_hd__nand2b_1  | 0.108 |   6.586 |    6.632 | 
     | g7048                                   | A ^ -> Y v   | sky130_fd_sc_hd__nand2_2   | 0.063 |   6.650 |    6.695 | 
     | g127354                                 | B v -> Y ^   | sky130_fd_sc_hd__nand2_2   | 0.101 |   6.750 |    6.796 | 
     | alu_inst_muldiv_inst_mul_349_24_g125976 | A ^ -> Y v   | sky130_fd_sc_hd__nand2_2   | 0.059 |   6.809 |    6.855 | 
     | alu_inst_muldiv_inst_mul_349_24_g125975 | A v -> Y ^   | sky130_fd_sc_hd__nand2_2   | 0.067 |   6.876 |    6.921 | 
     | alu_inst_muldiv_inst_mul_349_24_g125974 | A1 ^ -> Y v  | sky130_fd_sc_hd__a21oi_2   | 0.054 |   6.930 |    6.975 | 
     | alu_inst_muldiv_inst_mul_349_24_g8914   | B v -> Y ^   | sky130_fd_sc_hd__nor2_2    | 0.159 |   7.089 |    7.134 | 
     | FE_RC_30_0                              | C ^ -> Y v   | sky130_fd_sc_hd__nand4_4   | 0.172 |   7.261 |    7.306 | 
     | g125512                                 | B v -> Y ^   | sky130_fd_sc_hd__nand2_4   | 0.114 |   7.374 |    7.420 | 
     | g125515                                 | A ^ -> Y v   | sky130_fd_sc_hd__nand2_1   | 0.086 |   7.461 |    7.506 | 
     | g108109                                 | A v -> Y ^   | sky130_fd_sc_hd__nand2_2   | 0.129 |   7.589 |    7.635 | 
     | g126298                                 | B ^ -> Y v   | sky130_fd_sc_hd__nand2_2   | 0.071 |   7.660 |    7.706 | 
     | g126297                                 | A v -> Y ^   | sky130_fd_sc_hd__nand2_4   | 0.076 |   7.736 |    7.781 | 
     | g126296                                 | A ^ -> Y v   | sky130_fd_sc_hd__nand2_2   | 0.052 |   7.788 |    7.833 | 
     | g134                                    | A v -> Y ^   | sky130_fd_sc_hd__nand2_2   | 0.073 |   7.861 |    7.906 | 
     | fopt123998                              | A ^ -> Y v   | sky130_fd_sc_hd__inv_1     | 0.042 |   7.903 |    7.948 | 
     | g123997                                 | A v -> Y ^   | sky130_fd_sc_hd__nand2_1   | 0.061 |   7.964 |    8.009 | 
     | g125554                                 | A ^ -> Y v   | sky130_fd_sc_hd__nand2_2   | 0.088 |   8.051 |    8.097 | 
     | g125557                                 | A v -> Y ^   | sky130_fd_sc_hd__nand2_1   | 0.133 |   8.185 |    8.230 | 
     | g128559                                 | B ^ -> Y v   | sky130_fd_sc_hd__nand2b_4  | 0.127 |   8.312 |    8.357 | 
     | g116313                                 | A1 v -> Y ^  | sky130_fd_sc_hd__o21ai_1   | 0.241 |   8.553 |    8.598 | 
     | g116520                                 | A ^ -> Y v   | sky130_fd_sc_hd__inv_1     | 0.067 |   8.619 |    8.665 | 
     | g120139                                 | A v -> Y ^   | sky130_fd_sc_hd__nand2_1   | 0.119 |   8.738 |    8.784 | 
     | g125908                                 | C ^ -> Y v   | sky130_fd_sc_hd__nand3_1   | 0.108 |   8.846 |    8.892 | 
     | g127819                                 | B v -> Y ^   | sky130_fd_sc_hd__nand2_1   | 0.091 |   8.937 |    8.982 | 
     | g127818                                 | A ^ -> Y v   | sky130_fd_sc_hd__inv_2     | 0.046 |   8.983 |    9.028 | 
     | g127823                                 | A v -> Y ^   | sky130_fd_sc_hd__nand2_2   | 0.095 |   9.078 |    9.123 | 
     | FE_OFC1480_n_21129                      | A ^ -> Y v   | sky130_fd_sc_hd__inv_2     | 0.070 |   9.148 |    9.194 | 
     | FE_RC_57_0                              | A v -> Y ^   | sky130_fd_sc_hd__nand3_4   | 0.081 |   9.230 |    9.275 | 
     | FE_OFC1478_n_8111                       | A ^ -> Y v   | sky130_fd_sc_hd__inv_2     | 0.044 |   9.274 |    9.319 | 
     | g126387                                 | B v -> Y ^   | sky130_fd_sc_hd__nand4_1   | 0.073 |   9.347 |    9.392 | 
     | g126386                                 | A ^ -> Y v   | sky130_fd_sc_hd__nand2_1   | 0.058 |   9.405 |    9.450 | 
     | g106963                                 | A v -> Y ^   | sky130_fd_sc_hd__nand2_1   | 0.083 |   9.488 |    9.533 | 
     | g106954                                 | A ^ -> Y v   | sky130_fd_sc_hd__nand3_2   | 0.092 |   9.580 |    9.626 | 
     | g124389                                 | B v -> Y ^   | sky130_fd_sc_hd__nor2_2    | 0.099 |   9.679 |    9.725 | 
     | g105880                                 | B2 ^ -> Y v  | sky130_fd_sc_hd__o2bb2ai_1 | 0.065 |   9.744 |    9.790 | 
     | result_r_reg[5]                         | D v          | sky130_fd_sc_hd__dfrtp_1   | 0.000 |   9.744 |    9.790 | 
     +------------------------------------------------------------------------------------------------------------------+ 
     Clock Rise Edge                      0.000
     = Beginpoint Arrival Time            0.000
     Other End Path:
     +--------------------------------------------------------------------------------------------+ 
     |      Instance       |    Arc     |            Cell            | Delay | Arrival | Required | 
     |                     |            |                            |       |  Time   |   Time   | 
     |---------------------+------------+----------------------------+-------+---------+----------| 
     |                     | clk ^      |                            |       |   0.000 |   -0.045 | 
     | CTS_ccl_a_inv_00003 | A ^ -> Y v | sky130_fd_sc_hd__clkinv_16 | 0.445 |   0.445 |    0.400 | 
     | CTS_ccl_a_inv_00002 | A v -> Y ^ | sky130_fd_sc_hd__clkinv_16 | 0.166 |   0.610 |    0.565 | 
     | result_r_reg[5]     | CLK ^      | sky130_fd_sc_hd__dfrtp_1   | 0.004 |   0.614 |    0.569 | 
     +--------------------------------------------------------------------------------------------+ 
Path 9: MET Setup Check with Pin result_r_reg[3]/CLK 
Endpoint:   result_r_reg[3]/D (^) checked with  leading edge of 'clk'
Beginpoint: in2_r_reg[5]/Q    (v) triggered by  leading edge of 'clk'
Path Groups: {clk}
Analysis View: VIEW_TYP
Other End Arrival Time          0.613
- Setup                         0.068
+ Phase Shift                   9.300
+ CPPR Adjustment               0.000
= Required Time                 9.845
- Arrival Time                  9.799
= Slack Time                    0.046
     Clock Rise Edge                      0.000
     + Source Insertion Delay            -0.181
     = Beginpoint Arrival Time           -0.181
     Timing Path:
     +------------------------------------------------------------------------------------------------------------------+ 
     |                Instance                 |     Arc      |            Cell            | Delay | Arrival | Required | 
     |                                         |              |                            |       |  Time   |   Time   | 
     |-----------------------------------------+--------------+----------------------------+-------+---------+----------| 
     |                                         | clk ^        |                            |       |  -0.181 |   -0.136 | 
     | CTS_ccl_a_inv_00003                     | A ^ -> Y v   | sky130_fd_sc_hd__clkinv_16 | 0.445 |   0.264 |    0.309 | 
     | CTS_ccl_a_inv_00001                     | A v -> Y ^   | sky130_fd_sc_hd__clkinv_16 | 0.158 |   0.422 |    0.468 | 
     | in2_r_reg[5]                            | CLK ^ -> Q v | sky130_fd_sc_hd__sdfrtp_2  | 0.441 |   0.863 |    0.909 | 
     | FE_OFC1696_in2_r_5                      | A v -> Y ^   | sky130_fd_sc_hd__clkinv_2  | 0.090 |   0.953 |    0.999 | 
     | g116652                                 | B ^ -> Y v   | sky130_fd_sc_hd__nand2_1   | 0.064 |   1.017 |    1.063 | 
     | g114663                                 | A v -> Y ^   | sky130_fd_sc_hd__nor2_2    | 0.135 |   1.152 |    1.198 | 
     | FE_RC_46_0                              | B ^ -> Y v   | sky130_fd_sc_hd__nand4_1   | 0.132 |   1.284 |    1.330 | 
     | g119610                                 | B v -> Y ^   | sky130_fd_sc_hd__nor2_1    | 0.138 |   1.422 |    1.468 | 
     | g119606                                 | B ^ -> Y v   | sky130_fd_sc_hd__nor2_2    | 0.055 |   1.477 |    1.523 | 
     | g124513                                 | A v -> Y ^   | sky130_fd_sc_hd__nand2_2   | 0.078 |   1.555 |    1.600 | 
     | g124514                                 | A ^ -> Y v   | sky130_fd_sc_hd__inv_2     | 0.053 |   1.608 |    1.653 | 
     | g123797                                 | B v -> Y ^   | sky130_fd_sc_hd__nand2_2   | 0.063 |   1.671 |    1.716 | 
     | g123796                                 | B ^ -> Y v   | sky130_fd_sc_hd__nand2_2   | 0.068 |   1.739 |    1.785 | 
     | g123795                                 | A v -> Y ^   | sky130_fd_sc_hd__nor2_2    | 0.117 |   1.856 |    1.902 | 
     | g124752                                 | B ^ -> Y v   | sky130_fd_sc_hd__nand2_2   | 0.081 |   1.937 |    1.982 | 
     | FE_OFC1320_n_17344                      | A v -> Y ^   | sky130_fd_sc_hd__clkinv_4  | 0.086 |   2.023 |    2.068 | 
     | FE_RC_13_0                              | A ^ -> Y v   | sky130_fd_sc_hd__nand2_2   | 0.065 |   2.088 |    2.133 | 
     | FE_RC_11_0                              | A v -> Y ^   | sky130_fd_sc_hd__nand2_4   | 0.105 |   2.193 |    2.239 | 
     | FE_OFC1317_n_13609                      | A ^ -> X ^   | sky130_fd_sc_hd__buf_2     | 0.150 |   2.343 |    2.389 | 
     | g125264                                 | B ^ -> Y v   | sky130_fd_sc_hd__nand3_1   | 0.087 |   2.430 |    2.476 | 
     | g125263                                 | A v -> Y ^   | sky130_fd_sc_hd__nand2_2   | 0.093 |   2.524 |    2.569 | 
     | g127502                                 | A ^ -> Y v   | sky130_fd_sc_hd__nand2_1   | 0.091 |   2.615 |    2.661 | 
     | g127496                                 | B v -> Y ^   | sky130_fd_sc_hd__nand2_4   | 0.224 |   2.839 |    2.885 | 
     | g113138                                 | A ^ -> Y v   | sky130_fd_sc_hd__nor2_1    | 0.077 |   2.917 |    2.962 | 
     | FE_OCPC1078_n_3345                      | A v -> X v   | sky130_fd_sc_hd__buf_2     | 0.172 |   3.089 |    3.134 | 
     | g120778                                 | A v -> Y ^   | sky130_fd_sc_hd__nand2_2   | 0.088 |   3.177 |    3.223 | 
     | FE_OFC1589_n_12829                      | A ^ -> X ^   | sky130_fd_sc_hd__buf_12    | 0.271 |   3.448 |    3.494 | 
     | FE_OFC1590_n_12829                      | A ^ -> Y v   | sky130_fd_sc_hd__inv_12    | 0.152 |   3.600 |    3.645 | 
     | g120784                                 | C v -> Y ^   | sky130_fd_sc_hd__nand3_2   | 0.106 |   3.706 |    3.751 | 
     | g120781                                 | B1 ^ -> Y v  | sky130_fd_sc_hd__o21ai_1   | 0.060 |   3.766 |    3.812 | 
     | g1815                                   | C v -> Y ^   | sky130_fd_sc_hd__nor3_1    | 0.189 |   3.956 |    4.001 | 
     | FE_OFC1529_n_14913                      | A ^ -> X ^   | sky130_fd_sc_hd__buf_6     | 0.146 |   4.102 |    4.147 | 
     | FE_PSC1704_FE_OCPN19816_n_14913         | A ^ -> X ^   | sky130_fd_sc_hd__buf_2     | 0.379 |   4.481 |    4.527 | 
     | g128809                                 | C ^ -> Y v   | sky130_fd_sc_hd__nand3b_2  | 0.186 |   4.667 |    4.713 | 
     | g1808                                   | A v -> Y ^   | sky130_fd_sc_hd__nor2_4    | 0.153 |   4.821 |    4.866 | 
     | g127234                                 | A1 ^ -> Y v  | sky130_fd_sc_hd__a31oi_1   | 0.107 |   4.928 |    4.973 | 
     | g127233                                 | B v -> Y ^   | sky130_fd_sc_hd__nor2_2    | 0.222 |   5.150 |    5.195 | 
     | g127324                                 | B ^ -> Y v   | sky130_fd_sc_hd__nand3_4   | 0.162 |   5.312 |    5.358 | 
     | FE_OFC693_n_20380                       | A v -> Y ^   | sky130_fd_sc_hd__inv_4     | 0.192 |   5.504 |    5.549 | 
     | alu_inst_muldiv_inst_mul_349_24_g10108  | A ^ -> Y v   | sky130_fd_sc_hd__nand2_2   | 0.068 |   5.571 |    5.617 | 
     | g123520                                 | A v -> Y ^   | sky130_fd_sc_hd__nand2_4   | 0.063 |   5.635 |    5.680 | 
     | FE_OFC63_n_16054                        | A ^ -> Y v   | sky130_fd_sc_hd__inv_4     | 0.054 |   5.689 |    5.735 | 
     | g125128                                 | A v -> Y ^   | sky130_fd_sc_hd__nand2_4   | 0.086 |   5.776 |    5.821 | 
     | FE_DBTC82_n_17781                       | A ^ -> Y v   | sky130_fd_sc_hd__inv_6     | 0.062 |   5.838 |    5.883 | 
     | g125130                                 | A v -> Y ^   | sky130_fd_sc_hd__nand2_1   | 0.097 |   5.935 |    5.980 | 
     | g125132                                 | B ^ -> Y v   | sky130_fd_sc_hd__nand2_1   | 0.079 |   6.014 |    6.059 | 
     | g127582                                 | A v -> Y ^   | sky130_fd_sc_hd__nand2_2   | 0.087 |   6.101 |    6.147 | 
     | g124219                                 | B ^ -> Y v   | sky130_fd_sc_hd__nand2_2   | 0.065 |   6.166 |    6.212 | 
     | g124255                                 | A v -> Y ^   | sky130_fd_sc_hd__nand2_1   | 0.073 |   6.240 |    6.285 | 
     | alu_inst_muldiv_inst_mul_349_24_g9202   | A ^ -> Y v   | sky130_fd_sc_hd__nand2_1   | 0.054 |   6.294 |    6.339 | 
     | g119366                                 | A v -> Y ^   | sky130_fd_sc_hd__nand2_1   | 0.065 |   6.359 |    6.404 | 
     | g402                                    | A ^ -> Y v   | sky130_fd_sc_hd__nand2_2   | 0.061 |   6.419 |    6.465 | 
     | g401                                    | A v -> Y ^   | sky130_fd_sc_hd__inv_2     | 0.059 |   6.478 |    6.524 | 
     | alu_inst_muldiv_inst_mul_349_24_g10407  | A_N ^ -> Y ^ | sky130_fd_sc_hd__nand2b_1  | 0.108 |   6.586 |    6.632 | 
     | g7048                                   | A ^ -> Y v   | sky130_fd_sc_hd__nand2_2   | 0.063 |   6.650 |    6.695 | 
     | g127354                                 | B v -> Y ^   | sky130_fd_sc_hd__nand2_2   | 0.101 |   6.750 |    6.796 | 
     | alu_inst_muldiv_inst_mul_349_24_g125976 | A ^ -> Y v   | sky130_fd_sc_hd__nand2_2   | 0.059 |   6.809 |    6.855 | 
     | alu_inst_muldiv_inst_mul_349_24_g125975 | A v -> Y ^   | sky130_fd_sc_hd__nand2_2   | 0.067 |   6.876 |    6.922 | 
     | alu_inst_muldiv_inst_mul_349_24_g125974 | A1 ^ -> Y v  | sky130_fd_sc_hd__a21oi_2   | 0.054 |   6.930 |    6.975 | 
     | alu_inst_muldiv_inst_mul_349_24_g8914   | B v -> Y ^   | sky130_fd_sc_hd__nor2_2    | 0.159 |   7.089 |    7.134 | 
     | FE_RC_30_0                              | C ^ -> Y v   | sky130_fd_sc_hd__nand4_4   | 0.172 |   7.261 |    7.306 | 
     | g125512                                 | B v -> Y ^   | sky130_fd_sc_hd__nand2_4   | 0.114 |   7.374 |    7.420 | 
     | g125515                                 | A ^ -> Y v   | sky130_fd_sc_hd__nand2_1   | 0.086 |   7.461 |    7.506 | 
     | g108109                                 | A v -> Y ^   | sky130_fd_sc_hd__nand2_2   | 0.129 |   7.589 |    7.635 | 
     | g126298                                 | B ^ -> Y v   | sky130_fd_sc_hd__nand2_2   | 0.071 |   7.660 |    7.706 | 
     | g126297                                 | A v -> Y ^   | sky130_fd_sc_hd__nand2_4   | 0.076 |   7.736 |    7.781 | 
     | g126296                                 | A ^ -> Y v   | sky130_fd_sc_hd__nand2_2   | 0.052 |   7.788 |    7.833 | 
     | g134                                    | A v -> Y ^   | sky130_fd_sc_hd__nand2_2   | 0.073 |   7.861 |    7.906 | 
     | fopt123998                              | A ^ -> Y v   | sky130_fd_sc_hd__inv_1     | 0.042 |   7.903 |    7.948 | 
     | g123997                                 | A v -> Y ^   | sky130_fd_sc_hd__nand2_1   | 0.061 |   7.964 |    8.009 | 
     | g125554                                 | A ^ -> Y v   | sky130_fd_sc_hd__nand2_2   | 0.088 |   8.051 |    8.097 | 
     | g125553                                 | B v -> Y ^   | sky130_fd_sc_hd__nor2_1    | 0.097 |   8.148 |    8.194 | 
     | g128559                                 | A_N ^ -> Y ^ | sky130_fd_sc_hd__nand2b_4  | 0.202 |   8.350 |    8.395 | 
     | g239                                    | A_N ^ -> Y ^ | sky130_fd_sc_hd__nand2b_1  | 0.131 |   8.480 |    8.526 | 
     | g128411                                 | B ^ -> X ^   | sky130_fd_sc_hd__and2_4    | 0.153 |   8.633 |    8.679 | 
     | g126511                                 | A ^ -> Y v   | sky130_fd_sc_hd__nand3_2   | 0.077 |   8.710 |    8.756 | 
     | g125908                                 | A v -> Y ^   | sky130_fd_sc_hd__nand3_1   | 0.098 |   8.808 |    8.854 | 
     | g127819                                 | B ^ -> Y v   | sky130_fd_sc_hd__nand2_1   | 0.070 |   8.878 |    8.924 | 
     | g127818                                 | A v -> Y ^   | sky130_fd_sc_hd__inv_2     | 0.064 |   8.943 |    8.988 | 
     | g127823                                 | A ^ -> Y v   | sky130_fd_sc_hd__nand2_2   | 0.078 |   9.020 |    9.066 | 
     | FE_OFC1480_n_21129                      | A v -> Y ^   | sky130_fd_sc_hd__inv_2     | 0.094 |   9.114 |    9.160 | 
     | FE_RC_57_0                              | A ^ -> Y v   | sky130_fd_sc_hd__nand3_4   | 0.093 |   9.207 |    9.253 | 
     | g107025                                 | B v -> Y ^   | sky130_fd_sc_hd__nor2_1    | 0.103 |   9.310 |    9.355 | 
     | g107007                                 | B ^ -> Y v   | sky130_fd_sc_hd__nor2_1    | 0.069 |   9.379 |    9.425 | 
     | g106987                                 | A2 v -> Y ^  | sky130_fd_sc_hd__o21ai_2   | 0.195 |   9.574 |    9.620 | 
     | g118714                                 | B1 ^ -> Y v  | sky130_fd_sc_hd__a21oi_2   | 0.068 |   9.642 |    9.688 | 
     | g105881                                 | B2 v -> Y ^  | sky130_fd_sc_hd__o2bb2ai_1 | 0.157 |   9.799 |    9.845 | 
     | result_r_reg[3]                         | D ^          | sky130_fd_sc_hd__dfrtp_1   | 0.000 |   9.799 |    9.845 | 
     +------------------------------------------------------------------------------------------------------------------+ 
     Clock Rise Edge                      0.000
     = Beginpoint Arrival Time            0.000
     Other End Path:
     +--------------------------------------------------------------------------------------------+ 
     |      Instance       |    Arc     |            Cell            | Delay | Arrival | Required | 
     |                     |            |                            |       |  Time   |   Time   | 
     |---------------------+------------+----------------------------+-------+---------+----------| 
     |                     | clk ^      |                            |       |   0.000 |   -0.046 | 
     | CTS_ccl_a_inv_00003 | A ^ -> Y v | sky130_fd_sc_hd__clkinv_16 | 0.445 |   0.445 |    0.399 | 
     | CTS_ccl_a_inv_00002 | A v -> Y ^ | sky130_fd_sc_hd__clkinv_16 | 0.166 |   0.610 |    0.565 | 
     | result_r_reg[3]     | CLK ^      | sky130_fd_sc_hd__dfrtp_1   | 0.002 |   0.613 |    0.567 | 
     +--------------------------------------------------------------------------------------------+ 
Path 10: MET Setup Check with Pin result_r_reg[4]/CLK 
Endpoint:   result_r_reg[4]/D (v) checked with  leading edge of 'clk'
Beginpoint: in2_r_reg[5]/Q    (v) triggered by  leading edge of 'clk'
Path Groups: {clk}
Analysis View: VIEW_TYP
Other End Arrival Time          0.614
- Setup                         0.121
+ Phase Shift                   9.300
+ CPPR Adjustment               0.000
= Required Time                 9.793
- Arrival Time                  9.733
= Slack Time                    0.060
     Clock Rise Edge                      0.000
     + Source Insertion Delay            -0.181
     = Beginpoint Arrival Time           -0.181
     Timing Path:
     +------------------------------------------------------------------------------------------------------------------+ 
     |                Instance                 |     Arc      |            Cell            | Delay | Arrival | Required | 
     |                                         |              |                            |       |  Time   |   Time   | 
     |-----------------------------------------+--------------+----------------------------+-------+---------+----------| 
     |                                         | clk ^        |                            |       |  -0.181 |   -0.121 | 
     | CTS_ccl_a_inv_00003                     | A ^ -> Y v   | sky130_fd_sc_hd__clkinv_16 | 0.445 |   0.264 |    0.324 | 
     | CTS_ccl_a_inv_00001                     | A v -> Y ^   | sky130_fd_sc_hd__clkinv_16 | 0.158 |   0.422 |    0.482 | 
     | in2_r_reg[5]                            | CLK ^ -> Q v | sky130_fd_sc_hd__sdfrtp_2  | 0.441 |   0.863 |    0.923 | 
     | FE_OFC1696_in2_r_5                      | A v -> Y ^   | sky130_fd_sc_hd__clkinv_2  | 0.090 |   0.953 |    1.013 | 
     | g116652                                 | B ^ -> Y v   | sky130_fd_sc_hd__nand2_1   | 0.064 |   1.017 |    1.077 | 
     | g114663                                 | A v -> Y ^   | sky130_fd_sc_hd__nor2_2    | 0.135 |   1.152 |    1.212 | 
     | FE_RC_46_0                              | B ^ -> Y v   | sky130_fd_sc_hd__nand4_1   | 0.132 |   1.284 |    1.344 | 
     | g119610                                 | B v -> Y ^   | sky130_fd_sc_hd__nor2_1    | 0.138 |   1.422 |    1.482 | 
     | g119606                                 | B ^ -> Y v   | sky130_fd_sc_hd__nor2_2    | 0.055 |   1.477 |    1.537 | 
     | g124513                                 | A v -> Y ^   | sky130_fd_sc_hd__nand2_2   | 0.078 |   1.555 |    1.615 | 
     | g124514                                 | A ^ -> Y v   | sky130_fd_sc_hd__inv_2     | 0.053 |   1.608 |    1.668 | 
     | g123797                                 | B v -> Y ^   | sky130_fd_sc_hd__nand2_2   | 0.063 |   1.671 |    1.731 | 
     | g123796                                 | B ^ -> Y v   | sky130_fd_sc_hd__nand2_2   | 0.068 |   1.739 |    1.799 | 
     | g123795                                 | A v -> Y ^   | sky130_fd_sc_hd__nor2_2    | 0.117 |   1.856 |    1.916 | 
     | g124752                                 | B ^ -> Y v   | sky130_fd_sc_hd__nand2_2   | 0.081 |   1.937 |    1.997 | 
     | FE_OFC1320_n_17344                      | A v -> Y ^   | sky130_fd_sc_hd__clkinv_4  | 0.086 |   2.023 |    2.083 | 
     | FE_RC_13_0                              | A ^ -> Y v   | sky130_fd_sc_hd__nand2_2   | 0.065 |   2.088 |    2.148 | 
     | FE_RC_11_0                              | A v -> Y ^   | sky130_fd_sc_hd__nand2_4   | 0.105 |   2.193 |    2.253 | 
     | FE_OFC1317_n_13609                      | A ^ -> X ^   | sky130_fd_sc_hd__buf_2     | 0.150 |   2.343 |    2.403 | 
     | g125264                                 | B ^ -> Y v   | sky130_fd_sc_hd__nand3_1   | 0.087 |   2.430 |    2.490 | 
     | g125263                                 | A v -> Y ^   | sky130_fd_sc_hd__nand2_2   | 0.093 |   2.524 |    2.584 | 
     | g127502                                 | A ^ -> Y v   | sky130_fd_sc_hd__nand2_1   | 0.091 |   2.615 |    2.675 | 
     | g127496                                 | B v -> Y ^   | sky130_fd_sc_hd__nand2_4   | 0.224 |   2.839 |    2.899 | 
     | g113138                                 | A ^ -> Y v   | sky130_fd_sc_hd__nor2_1    | 0.077 |   2.917 |    2.977 | 
     | FE_OCPC1078_n_3345                      | A v -> X v   | sky130_fd_sc_hd__buf_2     | 0.172 |   3.089 |    3.149 | 
     | g120778                                 | A v -> Y ^   | sky130_fd_sc_hd__nand2_2   | 0.088 |   3.177 |    3.237 | 
     | FE_OFC1589_n_12829                      | A ^ -> X ^   | sky130_fd_sc_hd__buf_12    | 0.271 |   3.448 |    3.508 | 
     | FE_OFC1590_n_12829                      | A ^ -> Y v   | sky130_fd_sc_hd__inv_12    | 0.152 |   3.600 |    3.660 | 
     | g120784                                 | C v -> Y ^   | sky130_fd_sc_hd__nand3_2   | 0.106 |   3.706 |    3.766 | 
     | g120781                                 | B1 ^ -> Y v  | sky130_fd_sc_hd__o21ai_1   | 0.060 |   3.766 |    3.826 | 
     | g1815                                   | C v -> Y ^   | sky130_fd_sc_hd__nor3_1    | 0.189 |   3.956 |    4.016 | 
     | FE_OFC1529_n_14913                      | A ^ -> X ^   | sky130_fd_sc_hd__buf_6     | 0.146 |   4.102 |    4.162 | 
     | FE_PSC1704_FE_OCPN19816_n_14913         | A ^ -> X ^   | sky130_fd_sc_hd__buf_2     | 0.379 |   4.481 |    4.541 | 
     | g128809                                 | C ^ -> Y v   | sky130_fd_sc_hd__nand3b_2  | 0.186 |   4.667 |    4.727 | 
     | g1808                                   | A v -> Y ^   | sky130_fd_sc_hd__nor2_4    | 0.153 |   4.821 |    4.881 | 
     | g127234                                 | A1 ^ -> Y v  | sky130_fd_sc_hd__a31oi_1   | 0.107 |   4.928 |    4.988 | 
     | g127233                                 | B v -> Y ^   | sky130_fd_sc_hd__nor2_2    | 0.222 |   5.150 |    5.210 | 
     | g127324                                 | B ^ -> Y v   | sky130_fd_sc_hd__nand3_4   | 0.162 |   5.312 |    5.372 | 
     | FE_OFC693_n_20380                       | A v -> Y ^   | sky130_fd_sc_hd__inv_4     | 0.192 |   5.504 |    5.564 | 
     | alu_inst_muldiv_inst_mul_349_24_g10108  | A ^ -> Y v   | sky130_fd_sc_hd__nand2_2   | 0.068 |   5.571 |    5.631 | 
     | g123520                                 | A v -> Y ^   | sky130_fd_sc_hd__nand2_4   | 0.063 |   5.635 |    5.695 | 
     | FE_OFC63_n_16054                        | A ^ -> Y v   | sky130_fd_sc_hd__inv_4     | 0.054 |   5.689 |    5.749 | 
     | g125128                                 | A v -> Y ^   | sky130_fd_sc_hd__nand2_4   | 0.086 |   5.776 |    5.836 | 
     | FE_DBTC82_n_17781                       | A ^ -> Y v   | sky130_fd_sc_hd__inv_6     | 0.062 |   5.838 |    5.898 | 
     | g125130                                 | A v -> Y ^   | sky130_fd_sc_hd__nand2_1   | 0.097 |   5.935 |    5.995 | 
     | g125132                                 | B ^ -> Y v   | sky130_fd_sc_hd__nand2_1   | 0.079 |   6.014 |    6.074 | 
     | g127582                                 | A v -> Y ^   | sky130_fd_sc_hd__nand2_2   | 0.087 |   6.101 |    6.161 | 
     | g124219                                 | B ^ -> Y v   | sky130_fd_sc_hd__nand2_2   | 0.065 |   6.166 |    6.226 | 
     | g124255                                 | A v -> Y ^   | sky130_fd_sc_hd__nand2_1   | 0.073 |   6.240 |    6.300 | 
     | alu_inst_muldiv_inst_mul_349_24_g9202   | A ^ -> Y v   | sky130_fd_sc_hd__nand2_1   | 0.054 |   6.294 |    6.354 | 
     | g119366                                 | A v -> Y ^   | sky130_fd_sc_hd__nand2_1   | 0.065 |   6.359 |    6.419 | 
     | g402                                    | A ^ -> Y v   | sky130_fd_sc_hd__nand2_2   | 0.061 |   6.419 |    6.479 | 
     | g401                                    | A v -> Y ^   | sky130_fd_sc_hd__inv_2     | 0.059 |   6.478 |    6.538 | 
     | alu_inst_muldiv_inst_mul_349_24_g10407  | A_N ^ -> Y ^ | sky130_fd_sc_hd__nand2b_1  | 0.108 |   6.586 |    6.646 | 
     | g7048                                   | A ^ -> Y v   | sky130_fd_sc_hd__nand2_2   | 0.063 |   6.650 |    6.710 | 
     | g127354                                 | B v -> Y ^   | sky130_fd_sc_hd__nand2_2   | 0.101 |   6.750 |    6.810 | 
     | alu_inst_muldiv_inst_mul_349_24_g125976 | A ^ -> Y v   | sky130_fd_sc_hd__nand2_2   | 0.059 |   6.809 |    6.869 | 
     | alu_inst_muldiv_inst_mul_349_24_g125975 | A v -> Y ^   | sky130_fd_sc_hd__nand2_2   | 0.067 |   6.876 |    6.936 | 
     | alu_inst_muldiv_inst_mul_349_24_g125974 | A1 ^ -> Y v  | sky130_fd_sc_hd__a21oi_2   | 0.054 |   6.930 |    6.990 | 
     | alu_inst_muldiv_inst_mul_349_24_g8914   | B v -> Y ^   | sky130_fd_sc_hd__nor2_2    | 0.159 |   7.089 |    7.149 | 
     | FE_RC_30_0                              | C ^ -> Y v   | sky130_fd_sc_hd__nand4_4   | 0.172 |   7.261 |    7.321 | 
     | g125512                                 | B v -> Y ^   | sky130_fd_sc_hd__nand2_4   | 0.114 |   7.374 |    7.434 | 
     | g125515                                 | A ^ -> Y v   | sky130_fd_sc_hd__nand2_1   | 0.086 |   7.461 |    7.521 | 
     | g108109                                 | A v -> Y ^   | sky130_fd_sc_hd__nand2_2   | 0.129 |   7.589 |    7.649 | 
     | g126298                                 | B ^ -> Y v   | sky130_fd_sc_hd__nand2_2   | 0.071 |   7.660 |    7.720 | 
     | g126297                                 | A v -> Y ^   | sky130_fd_sc_hd__nand2_4   | 0.076 |   7.736 |    7.796 | 
     | g126296                                 | A ^ -> Y v   | sky130_fd_sc_hd__nand2_2   | 0.052 |   7.788 |    7.848 | 
     | g134                                    | A v -> Y ^   | sky130_fd_sc_hd__nand2_2   | 0.073 |   7.861 |    7.921 | 
     | g124000                                 | B ^ -> Y v   | sky130_fd_sc_hd__nand2_1   | 0.067 |   7.928 |    7.988 | 
     | g125554                                 | B v -> Y ^   | sky130_fd_sc_hd__nand2_2   | 0.112 |   8.039 |    8.099 | 
     | g125559                                 | A ^ -> Y v   | sky130_fd_sc_hd__nand2_4   | 0.072 |   8.111 |    8.171 | 
     | g258                                    | A v -> Y ^   | sky130_fd_sc_hd__nor2_1    | 0.127 |   8.238 |    8.298 | 
     | g127454                                 | A ^ -> Y v   | sky130_fd_sc_hd__nand3_2   | 0.098 |   8.336 |    8.396 | 
     | g127452                                 | B v -> Y ^   | sky130_fd_sc_hd__nand2_4   | 0.124 |   8.460 |    8.520 | 
     | g125360                                 | A ^ -> Y v   | sky130_fd_sc_hd__nand2_1   | 0.097 |   8.557 |    8.617 | 
     | FE_OFC1491_n_18029                      | A v -> Y ^   | sky130_fd_sc_hd__inv_2     | 0.113 |   8.670 |    8.730 | 
     | g123154                                 | A ^ -> Y v   | sky130_fd_sc_hd__nand2_2   | 0.056 |   8.725 |    8.785 | 
     | g128421                                 | A v -> X v   | sky130_fd_sc_hd__and2_4    | 0.140 |   8.865 |    8.925 | 
     | g123730                                 | A v -> Y ^   | sky130_fd_sc_hd__nand3_4   | 0.078 |   8.944 |    9.004 | 
     | FE_DBTC74_n_16273                       | A ^ -> Y v   | sky130_fd_sc_hd__clkinv_2  | 0.071 |   9.015 |    9.075 | 
     | FE_OFC1483_FE_DBTN74_n_16273            | A v -> X v   | sky130_fd_sc_hd__buf_2     | 0.154 |   9.169 |    9.229 | 
     | g124870                                 | A v -> Y ^   | sky130_fd_sc_hd__nand2_1   | 0.063 |   9.232 |    9.292 | 
     | g124869                                 | A1 ^ -> Y v  | sky130_fd_sc_hd__o21bai_1  | 0.075 |   9.307 |    9.367 | 
     | g124868                                 | B v -> Y ^   | sky130_fd_sc_hd__nand2b_1  | 0.072 |   9.378 |    9.438 | 
     | g124862                                 | C1 ^ -> Y v  | sky130_fd_sc_hd__o211ai_1  | 0.130 |   9.509 |    9.569 | 
     | g105879                                 | A v -> Y ^   | sky130_fd_sc_hd__nor2_1    | 0.155 |   9.664 |    9.724 | 
     | g105857                                 | B2 ^ -> Y v  | sky130_fd_sc_hd__o2bb2ai_1 | 0.069 |   9.733 |    9.793 | 
     | result_r_reg[4]                         | D v          | sky130_fd_sc_hd__dfrtp_1   | 0.000 |   9.733 |    9.793 | 
     +------------------------------------------------------------------------------------------------------------------+ 
     Clock Rise Edge                      0.000
     = Beginpoint Arrival Time            0.000
     Other End Path:
     +--------------------------------------------------------------------------------------------+ 
     |      Instance       |    Arc     |            Cell            | Delay | Arrival | Required | 
     |                     |            |                            |       |  Time   |   Time   | 
     |---------------------+------------+----------------------------+-------+---------+----------| 
     |                     | clk ^      |                            |       |   0.000 |   -0.060 | 
     | CTS_ccl_a_inv_00003 | A ^ -> Y v | sky130_fd_sc_hd__clkinv_16 | 0.445 |   0.445 |    0.385 | 
     | CTS_ccl_a_inv_00002 | A v -> Y ^ | sky130_fd_sc_hd__clkinv_16 | 0.166 |   0.610 |    0.551 | 
     | result_r_reg[4]     | CLK ^      | sky130_fd_sc_hd__dfrtp_1   | 0.003 |   0.614 |    0.554 | 
     +--------------------------------------------------------------------------------------------+ 

