Cadence Genus(TM) Synthesis Solution.
Copyright 2022 Cadence Design Systems, Inc. All rights reserved worldwide.
Cadence and the Cadence logo are registered trademarks and Genus is a trademark
of Cadence Design Systems, Inc. in the United States and other countries.

[02:50:20.275785] Configured Lic search path (21.01-s002): 5280@14.139.1.126

Version: 21.14-s082_1, built Thu Jun 23 02:02:08 PDT 2022
Options: -files fresh_point.tcl -no_gui -log ./sweep_fresh/genus_124.log 
Date:    Thu Sep 24 02:50:20 2026
Host:    vlsiece24.iitr.ac.in (x86_64 w/Linux 4.18.0-553.105.1.el8_10.x86_64) (8cores*16cpus*1physical cpu*11th Gen Intel(R) Core(TM) i7-11700 @ 2.50GHz 16384KB) (15841608KB)
PID:     1882805
OS:      Red Hat Enterprise Linux release 8.10 (Ootpa)


[02:50:22.414632] Periodic Lic check successful
[02:50:22.414643] Feature usage summary:
[02:50:22.414643] Genus_Synthesis
Checking out license: Genus_Synthesis


***********************************************************************************************************
***********************************************************************************************************



Loading tool scripts...
Finished loading tool scripts (4 seconds elapsed).

#@ Processing -files option
@genus 1> source fresh_point.tcl
#@ Begin verbose source ./fresh_point.tcl
@file(fresh_point.tcl) 8: set FREQ    $::env(FREQ)
@file(fresh_point.tcl) 9: set OUT_DIR $::env(OUT_DIR)
@file(fresh_point.tcl) 11: set TOP_MODULE   "coprocessor"
@file(fresh_point.tcl) 12: set RTL_DIR      "../../rtl"
@file(fresh_point.tcl) 13: set RTL_FILES [list \
    $RTL_DIR/posit_primitives.sv \
    $RTL_DIR/posit_decoder.sv \
    $RTL_DIR/posit_encoder.sv \
    $RTL_DIR/posit_addsub.sv \
    $RTL_DIR/posit_muldiv.sv \
    $RTL_DIR/posit_to_float.sv \
    $RTL_DIR/float_to_posit.sv \
    $RTL_DIR/posit_arithmetic.sv \
    $RTL_DIR/uart_head.sv \
    $RTL_DIR/coprocessor.sv \
]
@file(fresh_point.tcl) 25: set LIB_FILES    "../lib/sky130_fd_sc_hd__tt_025C_1v80.lib"
@file(fresh_point.tcl) 26: set IO_DELAY_FRAC 0.1
@file(fresh_point.tcl) 28: file mkdir $OUT_DIR
@file(fresh_point.tcl) 30: proc parse_wns_ns ...
@file(fresh_point.tcl) 40: proc passes ...
@file(fresh_point.tcl) 44: set_db init_lib_search_path [list [file dirname $LIB_FILES]]
  Setting attribute of root '/': 'init_lib_search_path' = ../lib
@file(fresh_point.tcl) 45: set_db library $LIB_FILES

Threads Configured:3

  Message Summary for Library sky130_fd_sc_hd__tt_025C_1v80.lib:
  **************************************************************
  An unsupported construct was detected in this library. [LBR-40]: 11
  **************************************************************
 
Info    : Created nominal operating condition. [LBR-412]
        : Operating condition '_nominal_' was created for the PVT values (1.000000, 1.800000, 25.000000) in library 'sky130_fd_sc_hd__tt_025C_1v80.lib'.
        : The nominal operating condition is represented, either by the nominal PVT values specified in the library source (via nom_process,nom_voltage and nom_temperature respectively), or by the default PVT values (1.0,1.0,1.0).
Warning : Library cell has no output pins defined. [LBR-9]
        : Library cell 'sky130_fd_sc_hd__decap_12' must have an output pin.
        : Add the missing output pin(s), then reload the library. Else the library cell will be marked as timing model i.e. unusable. Timing_model means that the cell does not have any defined function. If there is no output pin, Genus will mark library cell as unusable i.e. the attribute 'usable' will be marked to 'false' on the libcell. Therefore, the cell is not used for mapping and it will not be picked up from the library for synthesis. If you query the attribute 'unusable_reason' on the libcell; result will be: 'Library cell has no output pins.'Note: The message LBR-9 is only for the logical pins and not for the power_ground pins. Genus will depend upon the output function defined in the pin group (output pin) of the cell, to use it for mapping. The pg_pin will not have any function defined.
Warning : Library cell has no output pins defined. [LBR-9]
        : Library cell 'sky130_fd_sc_hd__decap_12' must have an output pin.
Warning : Library cell has no output pins defined. [LBR-9]
        : Library cell 'sky130_fd_sc_hd__decap_3' must have an output pin.
Warning : Library cell has no output pins defined. [LBR-9]
        : Library cell 'sky130_fd_sc_hd__decap_3' must have an output pin.
Warning : Library cell has no output pins defined. [LBR-9]
        : Library cell 'sky130_fd_sc_hd__decap_4' must have an output pin.
Warning : Library cell has no output pins defined. [LBR-9]
        : Library cell 'sky130_fd_sc_hd__decap_4' must have an output pin.
Warning : Library cell has no output pins defined. [LBR-9]
        : Library cell 'sky130_fd_sc_hd__decap_6' must have an output pin.
Warning : Library cell has no output pins defined. [LBR-9]
        : Library cell 'sky130_fd_sc_hd__decap_6' must have an output pin.
Warning : Library cell has no output pins defined. [LBR-9]
        : Library cell 'sky130_fd_sc_hd__decap_8' must have an output pin.
Warning : Library cell has no output pins defined. [LBR-9]
        : Library cell 'sky130_fd_sc_hd__decap_8' must have an output pin.
Warning : Library cell has no output pins defined. [LBR-9]
        : Library cell 'sky130_fd_sc_hd__diode_2' must have an output pin.
Warning : Library cell has no output pins defined. [LBR-9]
        : Library cell 'sky130_fd_sc_hd__diode_2' must have an output pin.
Warning : Library cell has no output pins defined. [LBR-9]
        : Library cell 'sky130_fd_sc_hd__lpflow_bleeder_1' must have an output pin.
Warning : Library cell has no output pins defined. [LBR-9]
        : Library cell 'sky130_fd_sc_hd__lpflow_bleeder_1' must have an output pin.
Warning : Library cell has no output pins defined. [LBR-9]
        : Library cell 'sky130_fd_sc_hd__lpflow_decapkapwr_12' must have an output pin.
Warning : Library cell has no output pins defined. [LBR-9]
        : Library cell 'sky130_fd_sc_hd__lpflow_decapkapwr_12' must have an output pin.
Warning : Library cell has no output pins defined. [LBR-9]
        : Library cell 'sky130_fd_sc_hd__lpflow_decapkapwr_3' must have an output pin.
Warning : Library cell has no output pins defined. [LBR-9]
        : Library cell 'sky130_fd_sc_hd__lpflow_decapkapwr_3' must have an output pin.
Warning : Library cell has no output pins defined. [LBR-9]
        : Library cell 'sky130_fd_sc_hd__lpflow_decapkapwr_4' must have an output pin.
Warning : Library cell has no output pins defined. [LBR-9]
        : Library cell 'sky130_fd_sc_hd__lpflow_decapkapwr_4' must have an output pin.
Warning : Maximum message print count reached. [MESG-11]
        : Maximum print count of '20' reached for message 'LBR-9'.
  Setting attribute of root '/': 'library' = ../lib/sky130_fd_sc_hd__tt_025C_1v80.lib
@file(fresh_point.tcl) 46: read_hdl -sv $RTL_FILES
@file(fresh_point.tcl) 47: elaborate $TOP_MODULE
  Library has 328 usable logic and 62 usable sequential lib-cells.
Warning : Non-monotonic wireload model found. [LBR-81]
        : 'Length' table in wireload model 'Huge' is non-monotonic.
        : Non-monotonic wireload models can cause problems during synthesis and/or mapping.  Raising some of the points in the curve to give it a monotonic shape.
Warning : Non-monotonic wireload model found. [LBR-81]
        : 'Length' table in wireload model 'Huge' is non-monotonic.
Warning : Non-monotonic wireload model found. [LBR-81]
        : 'Length' table in wireload model 'Huge' is non-monotonic.
Warning : Non-monotonic wireload model found. [LBR-81]
        : 'Length' table in wireload model 'Large' is non-monotonic.
Warning : Non-monotonic wireload model found. [LBR-81]
        : 'Length' table in wireload model 'Large' is non-monotonic.
Warning : Non-monotonic wireload model found. [LBR-81]
        : 'Length' table in wireload model 'Large' is non-monotonic.
Warning : Non-monotonic wireload model found. [LBR-81]
        : 'Length' table in wireload model 'Medium' is non-monotonic.
Warning : Non-monotonic wireload model found. [LBR-81]
        : 'Length' table in wireload model 'Medium' is non-monotonic.
Warning : Non-monotonic wireload model found. [LBR-81]
        : 'Length' table in wireload model 'Medium' is non-monotonic.
Warning : Non-monotonic wireload model found. [LBR-81]
        : 'Length' table in wireload model 'Small' is non-monotonic.
Warning : Non-monotonic wireload model found. [LBR-81]
        : 'Length' table in wireload model 'Small' is non-monotonic.
Warning : Non-monotonic wireload model found. [LBR-81]
        : 'Length' table in wireload model 'Small' is non-monotonic.
Info    : Elaborating Design. [ELAB-1]
        : Elaborating top-level block 'coprocessor' from file '../../rtl/coprocessor.sv'.
Warning : Using default parameter value for module elaboration. [CDFG-818]
        : Elaborating block 'coprocessor' with default parameters value.
Warning : Unreachable statements for case item. [CDFG-472]
        : Case item 'default' in module 'uart_tx_DATA_BITS8_OVER_SAMPLE16' in file '../../rtl/uart_head.sv' on line 91.
Warning : Unreachable statements for case item. [CDFG-472]
        : Case item 'default' in module 'uart_tx_DATA_BITS8_OVER_SAMPLE16' in file '../../rtl/uart_head.sv' on line 139.
Warning : Unreachable statements for case item. [CDFG-472]
        : Case item 'default' in module 'uart_rx_DATA_BITS8_OVER_SAMPLE16' in file '../../rtl/uart_head.sv' on line 202.
Warning : Unreachable statements for case item. [CDFG-472]
        : Case item 'default' in module 'left_shifter' in file '../../rtl/posit_decoder.sv' on line 83.
Warning : Module port is wider than connected signal. [CDFG-465]
        : Signal width (7) does not match width of input port 'exp_o' (8) of instance 'uut_reg_ro' of module 'reg_exp_op_es2_Bs4' in file '../../rtl/posit_encoder.sv' on line 34.
        : This may cause simulation mismatches between the original and synthesized designs.
Warning : Module port is wider than connected signal. [CDFG-465]
        : Signal width (4) does not match width of output port 'r_o' (5) of instance 'uut_reg_ro' of module 'reg_exp_op_es2_Bs4' in file '../../rtl/posit_encoder.sv' on line 34.
Warning : Undriven module input port. [ELABUTL-127]
        : Undriven bits of port 'exp_o' of instance 'uut_reg_ro' of module 'reg_exp_op_es2_Bs4' in file '../../rtl/posit_encoder.sv' on line 34, column 47, hid = 0.
        : Run check_design to check 'Undriven Port(s)/Pin(s)' section for all undriven module input ports. It is better to double confirm with designer if these undriven ports are expected. During syn_gen the undriven ports are controlled by attribute 'hdl_unconnected_value', the default value is 0.
Info    : Done Elaborating Design. [ELAB-3]
        : Done elaborating 'coprocessor'.
Checking for analog nets...
Check completed for analog nets.
Checking for source RTL...
Check completed for source RTL.
Running Unified Mux Engine Tricks...
Completed Unified Mux Engine Tricks

Stage: post_elab
--------------------------------------------------------
| Trick             | Accepts | Rejects | Runtime (ms) | 
--------------------------------------------------------
| ume_constant_bmux |       0 |       0 |         1.00 | 
--------------------------------------------------------
Starting clip mux common data inputs [v1.0] (stage: post_elab, startdef: coprocessor, recur: true)
Completed clip mux common data inputs (accepts: 0, rejects: 0, runtime: 0.000s)
Starting clip the non-user hierarchies [v2.0] (stage: post_elab, startdef: coprocessor, recur: true)
Completed clip the non-user hierarchies (accepts: 1, rejects: 0, runtime: 0.003s)

Stage: post_elab
---------------------------------------------------------
| Transform          | Accepts | Rejects | Runtime (ms) | 
---------------------------------------------------------
| hlo_clip_mux_input |       0 |       0 |         0.00 | 
| hlo_clip           |       1 |       0 |         3.00 | 
---------------------------------------------------------
UM:   flow.cputime  flow.realtime  timing.setup.tns  timing.setup.wns  snapshot
UM:*                                                                   elaborate
@file(fresh_point.tcl) 49: set period [expr {1000.0 / $FREQ}]
@file(fresh_point.tcl) 50: create_clock -name clk -period $period [get_ports clk]
@file(fresh_point.tcl) 51: set_input_delay  [expr {$period * $IO_DELAY_FRAC}] -clock clk [all_inputs -no_clocks]
@file(fresh_point.tcl) 52: set_output_delay [expr {$period * $IO_DELAY_FRAC}] -clock clk [all_outputs]
@file(fresh_point.tcl) 54: set area_val ""; set wns_ns ""; set leak_val ""; set dyn_val ""; set tot_val ""
@file(fresh_point.tcl) 56: if {[catch { syn_generic; syn_map; syn_opt } err]} {
    puts "WARNING: synthesis failed at ${FREQ} MHz: $err"
} else {
    set area_rpt   "$OUT_DIR/area_${FREQ}.rpt"
    set power_rpt  "$OUT_DIR/power_${FREQ}.rpt"
    set timing_rpt "$OUT_DIR/timing_${FREQ}.rpt"
    report_area   > $area_rpt
    report_power  > $power_rpt
    report_timing > $timing_rpt

    set fh [open $area_rpt r]; set area_data [read $fh]; close $fh
    foreach line [split $area_data "\n"] {
        if {[regexp "^${TOP_MODULE}\\s" $line]} {
            set nums [regexp -all -inline {[0-9]+\.[0-9]+} $line]
            if {[llength $nums] >= 3} { set area_val [lindex $nums 2] }
        }
    }

    set wns_ns [parse_wns_ns $timing_rpt]

    set fh [open $power_rpt r]; set power_data [read $fh]; close $fh
    if {[regexp {Subtotal\s+([0-9.eE+-]+)\s+([0-9.eE+-]+)\s+([0-9.eE+-]+)\s+([0-9.eE+-]+)} \
            $power_data -> leak_w int_w sw_w tot_w]} {
        set leak_val [expr {$leak_w * 1.0e6}]
        set dyn_val  [expr {($int_w + $sw_w) * 1.0e6}]
        set tot_val  [expr {$tot_w * 1.0e6}]
    }

    if {[passes $wns_ns]} {
        set pt_dir "$OUT_DIR/pt_${FREQ}MHz"
        file mkdir $pt_dir
        catch { write_hdl > $pt_dir/${TOP_MODULE}_netlist.v }
        catch { write_sdc > $pt_dir/${TOP_MODULE}.sdc }
    }
}
Info    : Undriven module input port. [ELABUTL-131]
        : Assuming a logic '0' value for undriven bits of port 'exp_o' of instance 'uut_reg_ro' of module 'reg_exp_op_es2_Bs4'.
        : The 'hdl_unconnected_value' attribute controls treatment of undriven input port.

Stage: pre_early_cg
------------------------------------------------
| Transform | Accepts | Rejects | Runtime (ms) | 
------------------------------------------------
------------------------------------------------
##Generic Timing Info for library domain: _default_ typical gate delay: 148.6 ps std_slew: 21.4 ps std_load: 4.9 fF
Starting mux data reorder optimization [v1.0] (stage: pre_to_gen_setup, startdef: coprocessor, recur: true)
Completed mux data reorder optimization (accepts: 0, rejects: 0, runtime: 0.038s)

Stage: pre_to_gen_setup
------------------------------------------------------
| Transform       | Accepts | Rejects | Runtime (ms) | 
------------------------------------------------------
| hlo_mux_reorder |       0 |       0 |        38.00 | 
------------------------------------------------------
Info    : Replacing a flip-flop with a logic constant 0. [GLO-12]
        : The instance is 'state_reg[3]'.
        : To prevent this optimization, set the 'optimize_constant_0_flops' root attribute to 'false' or 'optimize_constant_0_seq' instance attribute to 'false'. You can also see the complete list of deleted sequential with command "report sequential -deleted" (on Reason "constant0").
Info    : Replacing a flip-flop with a logic constant 0. [GLO-12]
        : The instance is 'status_r_reg[2]'.
Info    : Replacing a flip-flop with a logic constant 0. [GLO-12]
        : The instance is 'status_r_reg[3]'.
Info    : Replacing a flip-flop with a logic constant 0. [GLO-12]
        : The instance is 'status_r_reg[4]'.
Info    : Replacing a flip-flop with a logic constant 0. [GLO-12]
        : The instance is 'status_r_reg[5]'.
Info    : Replacing a flip-flop with a logic constant 0. [GLO-12]
        : The instance is 'status_r_reg[6]'.
Info    : Replacing a flip-flop with a logic constant 0. [GLO-12]
        : The instance is 'status_r_reg[7]'.
Info    : Deleting instances not driving any primary outputs. [GLO-34]
        : Deleting 7 sequential instances.
        : Optimizations such as constant propagation or redundancy removal could change the connections so a hierarchical instance does not drive any primary outputs anymore. To see the list of deleted hierarchical instances, set the 'information_level' attribute to 2 or above. If the message is truncated set the message attribute 'truncate' to false to see the complete list. To prevent this optimization, set the 'delete_unloaded_insts' root/subdesign attribute to 'false' or 'preserve' instance attribute to 'true'.
Info    : Deleting instances not driving any primary outputs. [GLO-34]
        : Deleting 3 hierarchical instances.
Info    : Deleting instances not driving any primary outputs. [GLO-34]
        : Deleting 3 hierarchical instances.
Info    : Synthesizing. [SYNTH-1]
        : Synthesizing 'coprocessor' to generic gates using 'medium' effort.
PBS_Generic-Start - Elapsed_Time 0, CPU_Time 0.0
stamp 'PBS_Generic-Start' being created for table 'pbs_debug'

  Total Time (Wall) |  Stage Time (Wall)  |   % (Wall)   |    Date - Time     |  Memory   | Stage
--------------------+---------------------+--------------+--------------------+-----------+----------------------
 00:00:07(00:00:04) |  00:00:00(00:00:00) |   0.0(  0.0) |    2:50:29 (Sep24) |  498.8 MB | PBS_Generic-Start
--------------------+---------------------+--------------+--------------------+-----------+----------------------
Number of threads: 8 * 1   (id: pbs_debug, time_info v1.57)
Info: (*N*) indicates data that was populated from previously saved time_info database
Info: CPU time includes time of parent + longest thread
TNS Restructuring config: no_value at stage: generic applied.
Info    : Partition Based Synthesis execution skipped. [PHYS-752]
        : Design size is less than the partition size '100000' for distributed generic optimization to kick in.
Starting mux data reorder optimization [v1.0] (stage: pre_to_gen_setup, startdef: coprocessor, recur: true)
Completed mux data reorder optimization (accepts: 0, rejects: 0, runtime: 0.055s)

Stage: pre_to_gen_setup
------------------------------------------------------
| Transform       | Accepts | Rejects | Runtime (ms) | 
------------------------------------------------------
| hlo_mux_reorder |       0 |       0 |        55.00 | 
------------------------------------------------------
Info    : Deleting instances not driving any primary outputs. [GLO-34]
        : Deleting 6 hierarchical instances.
Starting mux data reorder optimization [v1.0] (stage: post_to_gen_setup, startdef: coprocessor, recur: true)
Completed mux data reorder optimization (accepts: 0, rejects: 0, runtime: 0.047s)

Stage: post_to_gen_setup
------------------------------------------------------
| Transform       | Accepts | Rejects | Runtime (ms) | 
------------------------------------------------------
| hlo_mux_reorder |       0 |       0 |        47.00 | 
------------------------------------------------------
Running Unified Mux Engine Tricks...
Completed Unified Mux Engine Tricks

Stage: pre_hlo_rtlopt
--------------------------------------------
| Trick | Accepts | Rejects | Runtime (ms) | 
--------------------------------------------
--------------------------------------------
Starting infer macro optimization [v1.0] (stage: pre_rtlopt, startdef: coprocessor, recur: true)
Completed infer macro optimization (accepts: 0, rejects: 14, runtime: 0.019s)
Starting decode mux sandwich optimization [v2.0] (stage: pre_rtlopt, startdef: coprocessor, recur: true)
Completed decode mux sandwich optimization (accepts: 0, rejects: 0, runtime: 0.000s)
Starting decode mux optimization [v1.0] (stage: pre_rtlopt, startdef: coprocessor, recur: true)
Completed decode mux optimization (accepts: 0, rejects: 0, runtime: 0.000s)
Starting chop wide muxes [v1.0] (stage: pre_rtlopt, startdef: coprocessor, recur: true)
Completed chop wide muxes (accepts: 0, rejects: 0, runtime: 0.000s)
Starting common data mux cascade opt [v1.0] (stage: pre_rtlopt, startdef: coprocessor, recur: true)
Completed common data mux cascade opt (accepts: 0, rejects: 0, runtime: 0.001s)
Starting mux input consolidation [v1.0] (stage: pre_rtlopt, startdef: coprocessor, recur: true)
Completed mux input consolidation (accepts: 0, rejects: 0, runtime: 0.001s)
Starting constant-data mux optimization [v1.0] (stage: pre_rtlopt, startdef: coprocessor, recur: true)
Completed constant-data mux optimization (accepts: 1, rejects: 0, runtime: 0.115s)
Starting chain-to-tree inequality transform [v2.0] (stage: pre_rtlopt, startdef: coprocessor, recur: true)
Completed chain-to-tree inequality transform (accepts: 0, rejects: 0, runtime: 0.022s)
Starting reconvergence optimization [v1.0] (stage: pre_rtlopt, startdef: coprocessor, recur: true)
Completed reconvergence optimization (accepts: 0, rejects: 0, runtime: 0.000s)
Starting logic restructure optimization [v1.0] (stage: pre_rtlopt, startdef: coprocessor, recur: true)
Completed logic restructure optimization (accepts: 0, rejects: 0, runtime: 0.001s)
Starting common select mux optimization [v1.0] (stage: pre_rtlopt, startdef: coprocessor, recur: true)
Completed common select mux optimization (accepts: 0, rejects: 1, runtime: 0.003s)
Starting identity transform [v3.0] (stage: pre_rtlopt, startdef: coprocessor, recur: true)
Completed identity transform (accepts: 0, rejects: 1, runtime: 0.005s)
Starting reduce operator chain [v1.0] (stage: pre_rtlopt, startdef: coprocessor, recur: true)
Completed reduce operator chain (accepts: 0, rejects: 0, runtime: 0.000s)
Starting common data mux cascade opt [v1.0] (stage: pre_rtlopt, startdef: coprocessor, recur: true)
Completed common data mux cascade opt (accepts: 0, rejects: 0, runtime: 0.000s)
Starting mux input consolidation [v1.0] (stage: pre_rtlopt, startdef: coprocessor, recur: true)
Completed mux input consolidation (accepts: 0, rejects: 0, runtime: 0.001s)
Starting optimize datapath elements [v1.0] (stage: pre_rtlopt, startdef: coprocessor, recur: true)
Completed optimize datapath elements (accepts: 1, rejects: 0, runtime: 0.001s)
Starting datapath recasting [v1.0] (stage: pre_rtlopt, startdef: coprocessor, recur: true)
Completed datapath recasting (accepts: 0, rejects: 0, runtime: 0.000s)
Starting clip mux common data inputs [v1.0] (stage: pre_rtlopt, startdef: coprocessor, recur: true)
Completed clip mux common data inputs (accepts: 8, rejects: 0, runtime: 0.009s)
Starting clip the non-user hierarchies [v2.0] (stage: pre_rtlopt, startdef: coprocessor, recur: true)
Completed clip the non-user hierarchies (accepts: 0, rejects: 0, runtime: 0.000s)

Stage: pre_rtlopt
----------------------------------------------------------------
| Transform                 | Accepts | Rejects | Runtime (ms) | 
----------------------------------------------------------------
| hlo_infer_macro           |       0 |      14 |        19.00 | 
| hlo_decode_mux_sandwich   |       0 |       0 |         0.00 | 
| hlo_mux_decode            |       0 |       0 |         0.00 | 
| hlo_chop_mux              |       0 |       0 |         0.00 | 
| hlo_mux_cascade_opt       |       0 |       0 |         1.00 | 
| hlo_mux_consolidation     |       0 |       0 |         1.00 | 
| hlo_constant_mux_opt      |       1 |       0 |       115.00 | 
| hlo_inequality_transform  |       0 |       0 |        22.00 | 
| hlo_reconv_opt            |       0 |       0 |         0.00 | 
| hlo_restructure           |       0 |       0 |         1.00 | 
| hlo_common_select_muxopto |       0 |       1 |         3.00 | 
| hlo_identity_transform    |       0 |       1 |         5.00 | 
| hlo_reduce_operator_chain |       0 |       0 |         0.00 | 
| hlo_mux_cascade_opt       |       0 |       0 |         0.00 | 
| hlo_mux_consolidation     |       0 |       0 |         1.00 | 
| hlo_optimize_datapath     |       1 |       0 |         1.00 | 
| hlo_datapath_recast       |       0 |       0 |         0.00 | 
| hlo_clip_mux_input        |       8 |       0 |         9.00 | 
| hlo_clip                  |       0 |       0 |         0.00 | 
----------------------------------------------------------------
Running Unified Mux Engine Tricks...
Completed Unified Mux Engine Tricks

Stage: post_hlo_rtlopt
--------------------------------------------------
| Trick       | Accepts | Rejects | Runtime (ms) | 
--------------------------------------------------
| ume_runtime |       0 |       0 |         0.00 | 
--------------------------------------------------
Number of big hc bmuxes before = 0
Number of non-ctl's : 1
cmo_mux_6233 
SOP DEBUG : Module= posit_addsub, Cluster= g6232, ctl= 1, Non-ctl= 1
Selected impl_type 1 (pla_form1 (optimized)) for sop cluster g6232.
Number of non-ctl's : 1
mux_recip_lut[f2]_317_25 
SOP DEBUG : Module= posit_muldiv, Cluster= ctl_f2_317_25, ctl= 1, Non-ctl= 1
Selected impl_type 105 (Unknown) for sop cluster ctl_f2_317_25.
implTypeToString() API needs to be updated for implementation 105
Info    : Pre-processed datapath logic. [DPOPT-6]
        : Pre-processing optimizations applied to datapath logic in 'coprocessor':
          live_trim(14) sop(2) mux_reduce(2) 
Info    : Optimizing datapath logic. [DPOPT-1]
        : Optimizing datapath logic in 'coprocessor'.
Info    : Implementing datapath configurations. [DPOPT-3]
        : Implementing datapath configurations for 'CDN_DP_region_2_0'
CSAGen Prep Share:0 Re-Write:13 Speculation: 0
Warning: (CSAGEN-QOR) CSA is rejected due to potential sign-bit corruption.
:		to_float_inst_add_72_22 -> to_float_inst_add_76_31.A
Warning: (CSAGEN-QOR) CSA is rejected due to upper bit truncation.
:		muldiv_inst_add_355_22 -> muldiv_inst_add_355_29.A
MaxCSA: Successfully built Maximal CSA Expression Expr0
MaxCSA: Successfully built Maximal CSA Expression Expr1
MaxCSA: Successfully built Maximal CSA Expression Expr2
MaxCSA: Successfully built Maximal CSA Expression Expr3
MaxCSA: Successfully built Maximal CSA Expression Expr4
MaxCSA: Successfully built Maximal CSA Expression Expr5
MaxCSA: Successfully built Maximal CSA Expression Expr6
MaxCSA: Successfully built Maximal CSA Expression Expr7
MaxCSA: Successfully built Maximal CSA Expression Expr8
MaxCSA: Successfully built Maximal CSA Expression Expr9
MaxCSA: Successfully built Maximal CSA Expression Expr10
MaxCSA: Successfully built Maximal CSA Expression Expr11
MaxCSA: Successfully built Maximal CSA Expression Expr12
MaxCSA: Successfully built Maximal CSA Expression Expr13
MaxCSA: Successfully built Maximal CSA Expression Expr14
MaxCSA: Successfully built Maximal CSA Expression Expr15
MaxCSA: Successfully built Maximal CSA Expression Expr16
MaxCSA: Successfully built Maximal CSA Expression Expr17
MaxCSA: Successfully built Maximal CSA Expression Expr18
MaxCSA: Successfully built Maximal CSA Expression Expr19
MaxCSA: Successfully built Maximal CSA Expression Expr20
MaxCSA: Successfully built Maximal CSA Expression Expr21
Info    : Accepted resource sharing opportunity. [RTLOPT-30]
        : Merged the following sets of instances in 'CDN_DP_region_2_0_c7 in posit_arithmetic_DATA_BITS16_N_VAL2':
	  (csa_tree_SUB_TC_OP_245, csa_tree_ADD_TC_OP_244)
	  (csa_tree_SUB_TC_OP_233_spec1, csa_tree_SUB_TC_OP_233_spec0)

Info    : Accepted resource sharing opportunity. [RTLOPT-30]
        : Merged the following sets of instances in 'CDN_DP_region_2_0_c1 in posit_arithmetic_DATA_BITS16_N_VAL2':
	  (final_adder_addsub_inst_sub_122_26, final_adder_addsub_inst_add_119_26)

Info    : Accepted resource sharing opportunity. [RTLOPT-30]
        : Merged the following sets of instances in 'CDN_DP_region_2_0_c2 in posit_arithmetic_DATA_BITS16_N_VAL2':
	  (final_adder_addsub_inst_sub_122_26, final_adder_addsub_inst_add_119_26)

Info    : Accepted resource sharing opportunity. [RTLOPT-30]
        : Merged the following sets of instances in 'CDN_DP_region_2_0_c3 in posit_arithmetic_DATA_BITS16_N_VAL2':
	  (final_adder_addsub_inst_sub_122_26, final_adder_addsub_inst_add_119_26)

Info    : Accepted resource sharing opportunity. [RTLOPT-30]
        : Merged the following sets of instances in 'CDN_DP_region_2_0_c4 in posit_arithmetic_DATA_BITS16_N_VAL2':
	  (final_adder_addsub_inst_sub_122_26, final_adder_addsub_inst_add_119_26)

Info    : Accepted resource sharing opportunity. [RTLOPT-30]
        : Merged the following sets of instances in 'CDN_DP_region_2_0_c4 in posit_arithmetic_DATA_BITS16_N_VAL2':
	  (ADD_TC_OP489, ADD_TC_OP)

Info    : Accepted resource sharing opportunity. [RTLOPT-30]
        : Merged the following sets of instances in 'CDN_DP_region_2_0_c5 in posit_arithmetic_DATA_BITS16_N_VAL2':
	  (final_adder_addsub_inst_sub_122_2, final_adder_addsub_inst_add_119_26)

Info    : Accepted resource sharing opportunity. [RTLOPT-30]
        : Merged the following sets of instances in 'CDN_DP_region_2_0_c5 in posit_arithmetic_DATA_BITS16_N_VAL2':
	  (ADD_TC_OP494, ADD_TC_OP)

Info    : Accepted resource sharing opportunity. [RTLOPT-30]
        : Merged the following sets of instances in 'CDN_DP_region_2_0_c6 in posit_arithmetic_DATA_BITS16_N_VAL2':
	  (addsub_inst_enc_minus_44_33, addsub_inst_minus_52_22)
	  (addsub_inst_add_97_42, addsub_inst_sub_98_43)

Info    : Accepted resource sharing opportunity. [RTLOPT-30]
        : Merged the following sets of instances in 'CDN_DP_region_2_0_c6 in posit_arithmetic_DATA_BITS16_N_VAL2':
	  (final_adder_addsub_inst_sub_122_26, final_adder_addsub_inst_add_119_26)

CDN_DP_region_2_0 level = 0 loads = 0 drivers = 0
CDN_DP_region_2_0_c0 in posit_arithmetic_DATA_BITS16_N_VAL2: area: 50406828060 ,dp = 91 mux = 83 sg = slow         worst_clk_period: -1.0000 
    wns: 70157  norm_wns:  -1.0000 
    fail_endp: -1 
    tns:  4296493  tns_per_endp:  -1.0000   norm_tns_per_endp:  -1.0000 
    tns_sense_max:  -1.0000  tns_sense_avg:  -1.0000   tns_sense_num: -1
 skipped
CDN_DP_region_2_0_c1 in posit_arithmetic_DATA_BITS16_N_VAL2: area: 42724143810 ,dp = 36 mux = 74 sg = fast         worst_clk_period: -1.0000 
    wns: 77229  norm_wns:  -1.0000 
    fail_endp: -1 
    tns:  4473155  tns_per_endp:  -1.0000   norm_tns_per_endp:  -1.0000 
    tns_sense_max:  -1.0000  tns_sense_avg:  -1.0000   tns_sense_num: -1
 is current best
CDN_DP_region_2_0_c2 in posit_arithmetic_DATA_BITS16_N_VAL2: area: 40383556170 ,dp = 35 mux = 72 sg = very_slow    worst_clk_period: -1.0000 
    wns: 77229  norm_wns:  -1.0000 
    fail_endp: -1 
    tns:  4477475  tns_per_endp:  -1.0000   norm_tns_per_endp:  -1.0000 
    tns_sense_max:  -1.0000  tns_sense_avg:  -1.0000   tns_sense_num: -1

CDN_DP_region_2_0_c3 in posit_arithmetic_DATA_BITS16_N_VAL2: area: 42976725210 ,dp = 36 mux = 75 sg = very_fast    worst_clk_period: -1.0000 
    wns: 77229  norm_wns:  -1.0000 
    fail_endp: -1 
    tns:  4466541  tns_per_endp:  -1.0000   norm_tns_per_endp:  -1.0000 
    tns_sense_max:  -1.0000  tns_sense_avg:  -1.0000   tns_sense_num: -1
 is current best
CDN_DP_region_2_0_c4 in posit_arithmetic_DATA_BITS16_N_VAL2: area: 43035660870 ,dp = 40 mux = 73 sg = very_fast    worst_clk_period: -1.0000 
    wns: 77229  norm_wns:  -1.0000 
    fail_endp: -1 
    tns:  4400468  tns_per_endp:  -1.0000   norm_tns_per_endp:  -1.0000 
    tns_sense_max:  -1.0000  tns_sense_avg:  -1.0000   tns_sense_num: -1
 is current best
CDN_DP_region_2_0_c5 in posit_arithmetic_DATA_BITS16_N_VAL2: area: 43090386840 ,dp = 39 mux = 75 sg = very_fast    worst_clk_period: -1.0000 
    wns: 77229  norm_wns:  -1.0000 
    fail_endp: -1 
    tns:  4401520  tns_per_endp:  -1.0000   norm_tns_per_endp:  -1.0000 
    tns_sense_max:  -1.0000  tns_sense_avg:  -1.0000   tns_sense_num: -1

CDN_DP_region_2_0_c6 in posit_arithmetic_DATA_BITS16_N_VAL2: area: 42193722870 ,dp = 35 mux = 75 sg = very_fast    worst_clk_period: -1.0000 
    wns: 78126  norm_wns:  -1.0000 
    fail_endp: -1 
    tns:  4537504  tns_per_endp:  -1.0000   norm_tns_per_endp:  -1.0000 
    tns_sense_max:  -1.0000  tns_sense_avg:  -1.0000   tns_sense_num: -1

CDN_DP_region_2_0_c7 in posit_arithmetic_DATA_BITS16_N_VAL2: area: 76485857610 ,dp = 41 mux = 76 sg = very_fast    worst_clk_period: -1.0000 
    wns: 77229  norm_wns:  -1.0000 
    fail_endp: -1 
    tns:  4501872  tns_per_endp:  -1.0000   norm_tns_per_endp:  -1.0000 
    tns_sense_max:  -1.0000  tns_sense_avg:  -1.0000   tns_sense_num: -1

Best config: CDN_DP_region_2_0_c4 in posit_arithmetic_DATA_BITS16_N_VAL2: area: 43035660870 ,dp = 40 mux = 73 sg = very_fast    worst_clk_period: -1.0000 
    wns: 77229  norm_wns:  -1.0000 
    fail_endp: -1 
    tns:  4400468  tns_per_endp:  -1.0000   norm_tns_per_endp:  -1.0000 
    tns_sense_max:  -1.0000  tns_sense_avg:  -1.0000   tns_sense_num: -1
  Smallest config area : 40383556170.  Fastest config wns;  77229
##>+----------------------------------------------------------------------------------------------------------------------------------------------------------------+
##>Summary table of configs (Best config is CDN_DP_region_2_0_c4)
##>+----------------------------------------------------------------------------------------------------------------------------------------------------------------+
##>                     0                  1                  2                  3                  4                  5                  6                  7            
##>+----------------------------------------------------------------------------------------------------------------------------------------------------------------+
##>           Area      50406828060        42724143810        40383556170        42976725210        43035660870        43090386840        42193722870        76485857610  
##>            WNS         -7015.70           -7722.90           -7722.90           -7722.90           -7722.90           -7722.90           -7812.60           -7722.90  
##>            TNS          4296493            4473155            4477475            4466541            4400468            4401520            4537504            4501872  
##>    Num Rewrite                0                  3                  2                  3                  4                  4                  3                 24  
##>     Num Factor                0                  0                  0                  0                  0                  0                  0                  2  
##>      Num Share                0                  1                  1                  1                  2                  2                  3                  2  
##>   Num CmultCse                0                  0                  0                  0                  0                  0                  0                  0  
##>   Num Downsize                0                  0                  0                  0                  0                  0                  0                  0  
##>  Num Speculate                0                  0                  0                  1                  4                  3                  0                  4  
##>     Runtime(s)                0                  1                  0                  1                  1                  1                  1                 18  
+----------------------------------------------------------------------------------------------------------------------------------------------------------------+
##>
##>
##>+------------------------------------------------------------------------------------------------------------------------------------------------------------+
##>Optimization Step DEBUG Table for config CDN_DP_region_2_0_c4
##>
##>                          Step                        Area   ( % Chg)        WNS (Change)        TNS (Change)          Runtime (s)        Comment                   
##>+------------------------------------------------------------------------------------------------------------------------------------------------------------+
##>createMaxCarrySave              START            50406828060 (      )    -7015.70 (        )       4296493 (        )              
##> datapath_rewrite_one_def       START            50406828060 ( +0.00)    -7015.70 (   +0.00)       4296493 (       0)              
##>  fast_cse_elim                 START            50406828060 ( +0.00)    -7015.70 (   +0.00)       4296493 (       0)              
##>                                  END            39377440260 (-21.88)    -7086.10 (  -70.40)       4305451 (    8958)           0  
##>  fast_cse_elim                 START            39377440260 ( +0.00)    -7086.10 (   +0.00)       4305451 (       0)              
##>                                  END            39377440260 ( +0.00)    -7086.10 (   +0.00)       4305451 (       0)           0  
##>  rewrite                       START            39377440260 ( +0.00)    -7086.10 (   +0.00)       4305451 (       0)              (a,ar) 2scompliment_from --> 2scompliment_to
##>                                  END            39280617390 ( -0.25)    -7086.10 (   +0.00)       4305451 (       0)           0  
##>  rewrite                       START            39280617390 ( +0.00)    -7086.10 (   +0.00)       4305451 (       0)              (a,ar) 2scompliment_from --> 2scompliment_to
##>                                  END            39183794520 ( -0.25)    -7119.90 (  -33.80)       4315027 (    9576)           0  
##>                                  END            39183794520 (-22.26)    -7119.90 ( -104.20)       4315027 (   18534)           0  
##> csa_opto                       START            39183794520 ( +0.00)    -7119.90 (   +0.00)       4315027 (       0)              
##>                                  END            43481888010 (+10.97)    -7991.50 ( -871.60)       4560024 (  244997)           0  
##>                                  END            43481888010 (-13.74)    -7991.50 ( -975.80)       4560024 (  263531)           0  
##>canonicalize_by_names           START            43481888010 ( +0.00)    -7991.50 (   +0.00)       4560024 (       0)              
##>                                  END            43481888010 ( +0.00)    -7991.50 (   +0.00)       4560024 (       0)           0  
##>datapath_rewrite_post_csa_one_  START            43481888010 ( +0.00)    -7991.50 (   +0.00)       4560024 (       0)              
##>                                  END            43481888010 ( +0.00)    -7991.50 (   +0.00)       4560024 (       0)           0  
##>datapath_csa_factoring_one_gde  START            43481888010 ( +0.00)    -7991.50 (   +0.00)       4560024 (       0)              
##>                                  END            43481888010 ( +0.00)    -7991.50 (   +0.00)       4560024 (       0)           0  
##>dpopt_share_one_def             START            43481888010 ( +0.00)    -7991.50 (   +0.00)       4560024 (       0)              
##>                                  END            43309290720 ( -0.40)    -7991.50 (   +0.00)       4561076 (    1052)           0  
##>datapath_rewrite_post_share     START            43309290720 ( +0.00)    -7991.50 (   +0.00)       4561076 (       0)              
##>                                  END            43309290720 ( +0.00)    -7991.50 (   +0.00)       4561076 (       0)           0  
##>dp_combine_const_mult_with_com  START            43309290720 ( +0.00)    -7991.50 (   +0.00)       4561076 (       0)              
##>                                  END            43309290720 ( +0.00)    -7991.50 (   +0.00)       4561076 (       0)           0  
##>speculate_in_gdef               START            43309290720 ( +0.00)    -7991.50 (   +0.00)       4561076 (       0)              
##> pre_speculate_mux_merge        START            43309290720 ( +0.00)    -7991.50 (   +0.00)       4561076 (       0)              
##>                                  END            43309290720 ( +0.00)    -7991.50 (   +0.00)       4561076 (       0)           0  
##> createMaxCarrySave             START            44349084150 ( +2.40)    -7991.50 (   +0.00)       4526877 (  -34199)              
##>  datapath_rewrite_one_def      START            44349084150 ( +0.00)    -7991.50 (   +0.00)       4526877 (       0)              
##>   fast_cse_elim                START            44349084150 ( +0.00)    -7991.50 (   +0.00)       4526877 (       0)              
##>                                  END            44349084150 ( +0.00)    -7991.50 (   +0.00)       4526877 (       0)           0  
##>   fast_cse_elim                START            44349084150 ( +0.00)    -7991.50 (   +0.00)       4526877 (       0)              
##>                                  END            44349084150 ( +0.00)    -7991.50 (   +0.00)       4526877 (       0)           0  
##>                                  END            44349084150 ( +0.00)    -7991.50 (   +0.00)       4526877 (       0)           0  
##>  csa_opto                      START            44349084150 ( +0.00)    -7991.50 (   +0.00)       4526877 (       0)              
##>                                  END            44349084150 ( +0.00)    -7991.50 (   +0.00)       4526877 (       0)           0  
##>                                  END            44349084150 ( +0.00)    -7991.50 (   +0.00)       4526877 (       0)           0  
##> createMaxCarrySave             START            44062825230 ( -0.65)    -7991.50 (   +0.00)       4497769 (  -29108)              
##>  datapath_rewrite_one_def      START            44062825230 ( +0.00)    -7991.50 (   +0.00)       4497769 (       0)              
##>   fast_cse_elim                START            44062825230 ( +0.00)    -7991.50 (   +0.00)       4497769 (       0)              
##>                                  END            44062825230 ( +0.00)    -7991.50 (   +0.00)       4497769 (       0)           0  
##>   fast_cse_elim                START            44062825230 ( +0.00)    -7991.50 (   +0.00)       4497769 (       0)              
##>                                  END            44062825230 ( +0.00)    -7991.50 (   +0.00)       4497769 (       0)           0  
##>                                  END            44062825230 ( +0.00)    -7991.50 (   +0.00)       4497769 (       0)           0  
##>  csa_opto                      START            44062825230 ( +0.00)    -7991.50 (   +0.00)       4497769 (       0)              
##>                                  END            44062825230 ( +0.00)    -7991.50 (   +0.00)       4497769 (       0)           0  
##>                                  END            44062825230 ( +0.00)    -7991.50 (   +0.00)       4497769 (       0)           0  
##> createMaxCarrySave             START            45043683000 ( +2.23)    -7991.50 (   +0.00)       4512646 (   14877)              
##>  datapath_rewrite_one_def      START            45043683000 ( +0.00)    -7991.50 (   +0.00)       4512646 (       0)              
##>   fast_cse_elim                START            45043683000 ( +0.00)    -7991.50 (   +0.00)       4512646 (       0)              
##>                                  END            45043683000 ( +0.00)    -7991.50 (   +0.00)       4512646 (       0)           0  
##>   fast_cse_elim                START            45043683000 ( +0.00)    -7991.50 (   +0.00)       4512646 (       0)              
##>                                  END            45043683000 ( +0.00)    -7991.50 (   +0.00)       4512646 (       0)           0  
##>                                  END            45043683000 ( +0.00)    -7991.50 (   +0.00)       4512646 (       0)           0  
##>  csa_opto                      START            45043683000 ( +0.00)    -7991.50 (   +0.00)       4512646 (       0)              
##>                                  END            45043683000 ( +0.00)    -7991.50 (   +0.00)       4512646 (       0)           0  
##>                                  END            45043683000 ( +0.00)    -7991.50 (   +0.00)       4512646 (       0)           0  
##>                                  END            43923905460 ( +1.42)    -7991.50 (   +0.00)       4497769 (  -63307)           0  
##>dp_operator_level_decompositio  START            43923905460 ( +0.00)    -7991.50 (   +0.00)       4497769 (       0)              
##>                                  END            43923905460 ( +0.00)    -7991.50 (   +0.00)       4497769 (       0)           0  
##>selective_flatten_dp_config     START            43923905460 ( +0.00)    -7991.50 (   +0.00)       4497769 (       0)              
##>                                  END            43334548860 ( -1.34)    -8001.20 (   -9.70)       4518475 (   20706)           0  
##>createMaxCarrySave              START            43334548860 ( +0.00)    -8001.20 (   +0.00)       4518475 (       0)              
##> datapath_rewrite_one_def       START            43334548860 ( +0.00)    -8001.20 (   +0.00)       4518475 (       0)              
##>  rewrite                       START            43334548860 ( +0.00)    -8001.20 (   +0.00)       4518475 (       0)              (na,csaa) constant_mux_add_rtl --> shift_add_before_mux_to
##>                                  END            43612388400 ( +0.64)    -8001.20 (   +0.00)       4518475 (       0)           0  
##>  fast_cse_elim                 START            43334548860 ( -0.64)    -8001.20 (   +0.00)       4518475 (       0)              
##>                                  END            43326129480 ( -0.02)    -8001.20 (   +0.00)       4518475 (       0)           0  
##>  fast_cse_elim                 START            43326129480 ( +0.00)    -8001.20 (   +0.00)       4518475 (       0)              
##>                                  END            43326129480 ( +0.00)    -8001.20 (   +0.00)       4518475 (       0)           0  
##>                                  END            43326129480 ( -0.02)    -8001.20 (   +0.00)       4518475 (       0)           0  
##> csa_opto                       START            43326129480 ( +0.00)    -8001.20 (   +0.00)       4518475 (       0)              
##>                                  END            43326129480 ( +0.00)    -8001.20 (   +0.00)       4518475 (       0)           0  
##>                                  END            43326129480 ( -0.02)    -8001.20 (   +0.00)       4518475 (       0)           0  
##>datapath_rewrite_post_csa_one_  START            43326129480 ( +0.00)    -8001.20 (   +0.00)       4518475 (       0)              
##>                                  END            43326129480 ( +0.00)    -8001.20 (   +0.00)       4518475 (       0)           0  
##>datapath_csa_factoring_one_gde  START            43326129480 ( +0.00)    -8001.20 (   +0.00)       4518475 (       0)              
##>                                  END            43326129480 ( +0.00)    -8001.20 (   +0.00)       4518475 (       0)           0  
##>dpopt_share_one_def             START            43326129480 ( +0.00)    -8001.20 (   +0.00)       4518475 (       0)              
##>                                  END            43326129480 ( +0.00)    -8001.20 (   +0.00)       4518475 (       0)           0  
##>datapath_rewrite_post_share     START            43326129480 ( +0.00)    -8001.20 (   +0.00)       4518475 (       0)              
##>                                  END            43326129480 ( +0.00)    -8001.20 (   +0.00)       4518475 (       0)           0  
##>dp_combine_const_mult_with_com  START            43326129480 ( +0.00)    -8001.20 (   +0.00)       4518475 (       0)              
##>                                  END            43326129480 ( +0.00)    -8001.20 (   +0.00)       4518475 (       0)           0  
##>speculate_in_gdef               START            43326129480 ( +0.00)    -8001.20 (   +0.00)       4518475 (       0)              
##> pre_speculate_mux_merge        START            43326129480 ( +0.00)    -8001.20 (   +0.00)       4518475 (       0)              
##>                                  END            43326129480 ( +0.00)    -8001.20 (   +0.00)       4518475 (       0)           0  
##> createMaxCarrySave             START            43317710100 ( -0.02)    -8001.20 (   +0.00)       4518475 (       0)              
##>  datapath_rewrite_one_def      START            43317710100 ( +0.00)    -8001.20 (   +0.00)       4518475 (       0)              
##>   fast_cse_elim                START            43317710100 ( +0.00)    -8001.20 (   +0.00)       4518475 (       0)              
##>                                  END            43317710100 ( +0.00)    -8001.20 (   +0.00)       4518475 (       0)           0  
##>   fast_cse_elim                START            43317710100 ( +0.00)    -8001.20 (   +0.00)       4518475 (       0)              
##>                                  END            43317710100 ( +0.00)    -8001.20 (   +0.00)       4518475 (       0)           0  
##>                                  END            43317710100 ( +0.00)    -8001.20 (   +0.00)       4518475 (       0)           0  
##>  csa_opto                      START            43317710100 ( +0.00)    -8001.20 (   +0.00)       4518475 (       0)              
##>                                  END            43317710100 ( +0.00)    -8001.20 (   +0.00)       4518475 (       0)           0  
##>                                  END            43317710100 ( +0.00)    -8001.20 (   +0.00)       4518475 (       0)           0  
##> createMaxCarrySave             START            44357503530 ( +2.40)    -8001.20 (   +0.00)       4484493 (  -33982)              
##>  datapath_rewrite_one_def      START            44357503530 ( +0.00)    -8001.20 (   +0.00)       4484493 (       0)              
##>   fast_cse_elim                START            44357503530 ( +0.00)    -8001.20 (   +0.00)       4484493 (       0)              
##>                                  END            44357503530 ( +0.00)    -8001.20 (   +0.00)       4484493 (       0)           0  
##>   fast_cse_elim                START            44357503530 ( +0.00)    -8001.20 (   +0.00)       4484493 (       0)              
##>                                  END            44357503530 ( +0.00)    -8001.20 (   +0.00)       4484493 (       0)           0  
##>                                  END            44357503530 ( +0.00)    -8001.20 (   +0.00)       4484493 (       0)           0  
##>  csa_opto                      START            44357503530 ( +0.00)    -8001.20 (   +0.00)       4484493 (       0)              
##>                                  END            44357503530 ( +0.00)    -8001.20 (   +0.00)       4484493 (       0)           0  
##>                                  END            44357503530 ( +0.00)    -8001.20 (   +0.00)       4484493 (       0)           0  
##> createMaxCarrySave             START            43372436070 ( -2.22)    -8001.20 (   +0.00)       4505646 (   21153)              
##>  datapath_rewrite_one_def      START            43372436070 ( +0.00)    -8001.20 (   +0.00)       4505646 (       0)              
##>   fast_cse_elim                START            43372436070 ( +0.00)    -8001.20 (   +0.00)       4505646 (       0)              
##>                                  END            43372436070 ( +0.00)    -8001.20 (   +0.00)       4505646 (       0)           0  
##>   fast_cse_elim                START            43372436070 ( +0.00)    -8001.20 (   +0.00)       4505646 (       0)              
##>                                  END            43372436070 ( +0.00)    -8001.20 (   +0.00)       4505646 (       0)           0  
##>                                  END            43372436070 ( +0.00)    -8001.20 (   +0.00)       4505646 (       0)           0  
##>  csa_opto                      START            43372436070 ( +0.00)    -8001.20 (   +0.00)       4505646 (       0)              
##>                                  END            43372436070 ( +0.00)    -8001.20 (   +0.00)       4505646 (       0)           0  
##>                                  END            43372436070 ( +0.00)    -8001.20 (   +0.00)       4505646 (       0)           0  
##> createMaxCarrySave             START            45729862470 ( +5.44)    -8001.20 (   +0.00)       4526164 (   20518)              
##>  datapath_rewrite_one_def      START            45729862470 ( +0.00)    -8001.20 (   +0.00)       4526164 (       0)              
##>   fast_cse_elim                START            45729862470 ( +0.00)    -8001.20 (   +0.00)       4526164 (       0)              
##>                                  END            45729862470 ( +0.00)    -8001.20 (   +0.00)       4526164 (       0)           0  
##>   fast_cse_elim                START            45729862470 ( +0.00)    -8001.20 (   +0.00)       4526164 (       0)              
##>                                  END            45729862470 ( +0.00)    -8001.20 (   +0.00)       4526164 (       0)           0  
##>                                  END            45729862470 ( +0.00)    -8001.20 (   +0.00)       4526164 (       0)           0  
##>  csa_opto                      START            45729862470 ( +0.00)    -8001.20 (   +0.00)       4526164 (       0)              
##>                                  END            45729862470 ( +0.00)    -8001.20 (   +0.00)       4526164 (       0)           0  
##>                                  END            45729862470 ( +0.00)    -8001.20 (   +0.00)       4526164 (       0)           0  
##>                                  END            44610084930 ( +2.96)    -8001.20 (   +0.00)       4508574 (   -9901)           0  
##>dp_operator_level_decompositio  START            44610084930 ( +0.00)    -8001.20 (   +0.00)       4508574 (       0)              
##>                                  END            44610084930 ( +0.00)    -8001.20 (   +0.00)       4508574 (       0)           0  
##>selective_flatten_dp_config     START            44610084930 ( +0.00)    -8001.20 (   +0.00)       4508574 (       0)              
##>                                  END            44610084930 ( +0.00)    -8001.20 (   +0.00)       4508574 (       0)           0  
##>createMaxCarrySave              START            44610084930 ( +0.00)    -8001.20 (   +0.00)       4508574 (       0)              
##> datapath_rewrite_one_def       START            44610084930 ( +0.00)    -8001.20 (   +0.00)       4508574 (       0)              
##>  rewrite                       START            44610084930 ( +0.00)    -8001.20 (   +0.00)       4508574 (       0)              (na,csaa) constant_mux_add_rtl --> shift_add_before_mux_to
##>                                  END            44887924470 ( +0.62)    -8001.20 (   +0.00)       4508574 (       0)           0  
##>  fast_cse_elim                 START            44610084930 ( -0.62)    -8001.20 (   +0.00)       4508574 (       0)              
##>                                  END            44605875240 ( -0.01)    -8001.20 (   +0.00)       4508574 (       0)           0  
##>  fast_cse_elim                 START            44605875240 ( +0.00)    -8001.20 (   +0.00)       4508574 (       0)              
##>                                  END            44605875240 ( +0.00)    -8001.20 (   +0.00)       4508574 (       0)           0  
##>                                  END            44605875240 ( -0.01)    -8001.20 (   +0.00)       4508574 (       0)           0  
##> csa_opto                       START            44605875240 ( +0.00)    -8001.20 (   +0.00)       4508574 (       0)              
##>                                  END            44605875240 ( +0.00)    -8001.20 (   +0.00)       4508574 (       0)           0  
##>                                  END            44605875240 ( -0.01)    -8001.20 (   +0.00)       4508574 (       0)           0  
##>datapath_rewrite_post_csa_one_  START            44605875240 ( +0.00)    -8001.20 (   +0.00)       4508574 (       0)              
##> rewrite                        START            44605875240 ( +0.00)    -8001.20 (   +0.00)       4508574 (       0)              (a,ar) signed_adder_with_extra_input_bits_from --> signed_adder_with_extra_input_bits_to
##>                                  END            44567988030 ( -0.08)    -8001.20 (   +0.00)       4508574 (       0)           0  
##> rewrite                        START            44567988030 ( +0.00)    -8001.20 (   +0.00)       4508574 (       0)              (a,ar) signed_adder_with_extra_input_bits_from --> signed_adder_with_extra_input_bits_to
##>                                  END            44530100820 ( -0.09)    -8001.20 (   +0.00)       4508574 (       0)           0  
##>                                  END            44530100820 ( -0.17)    -8001.20 (   +0.00)       4508574 (       0)           0  
##>datapath_csa_factoring_one_gde  START            44530100820 ( +0.00)    -8001.20 (   +0.00)       4508574 (       0)              
##>                                  END            44530100820 ( +0.00)    -8001.20 (   +0.00)       4508574 (       0)           0  
##>dpopt_share_one_def             START            44530100820 ( +0.00)    -8001.20 (   +0.00)       4508574 (       0)              
##>                                  END            44285938800 ( -0.55)    -8001.20 (   +0.00)       4528772 (   20198)           0  
##>datapath_rewrite_post_share     START            44285938800 ( +0.00)    -8001.20 (   +0.00)       4528772 (       0)              
##>                                  END            44285938800 ( +0.00)    -8001.20 (   +0.00)       4528772 (       0)           0  
##>dp_combine_const_mult_with_com  START            44285938800 ( +0.00)    -8001.20 (   +0.00)       4528772 (       0)              
##>                                  END            44285938800 ( +0.00)    -8001.20 (   +0.00)       4528772 (       0)           0  
##>speculate_in_gdef               START            44285938800 ( +0.00)    -8001.20 (   +0.00)       4528772 (       0)              
##> pre_speculate_mux_merge        START            44285938800 ( +0.00)    -8001.20 (   +0.00)       4528772 (       0)              
##>                                  END            44285938800 ( +0.00)    -8001.20 (   +0.00)       4528772 (       0)           0  
##> createMaxCarrySave             START            45325732230 ( +2.35)    -8001.20 (   +0.00)       4494790 (  -33982)              
##>  datapath_rewrite_one_def      START            45325732230 ( +0.00)    -8001.20 (   +0.00)       4494790 (       0)              
##>   fast_cse_elim                START            45325732230 ( +0.00)    -8001.20 (   +0.00)       4494790 (       0)              
##>                                  END            45325732230 ( +0.00)    -8001.20 (   +0.00)       4494790 (       0)           0  
##>   fast_cse_elim                START            45325732230 ( +0.00)    -8001.20 (   +0.00)       4494790 (       0)              
##>                                  END            45325732230 ( +0.00)    -8001.20 (   +0.00)       4494790 (       0)           0  
##>                                  END            45325732230 ( +0.00)    -8001.20 (   +0.00)       4494790 (       0)           0  
##>  csa_opto                      START            45325732230 ( +0.00)    -8001.20 (   +0.00)       4494790 (       0)              
##>                                  END            45325732230 ( +0.00)    -8001.20 (   +0.00)       4494790 (       0)           0  
##>                                  END            45325732230 ( +0.00)    -8001.20 (   +0.00)       4494790 (       0)           0  
##> createMaxCarrySave             START            44530100820 ( -1.76)    -8001.20 (   +0.00)       4508574 (   13784)              
##>  datapath_rewrite_one_def      START            44530100820 ( +0.00)    -8001.20 (   +0.00)       4508574 (       0)              
##>   fast_cse_elim                START            44530100820 ( +0.00)    -8001.20 (   +0.00)       4508574 (       0)              
##>                                  END            44530100820 ( +0.00)    -8001.20 (   +0.00)       4508574 (       0)           0  
##>   fast_cse_elim                START            44530100820 ( +0.00)    -8001.20 (   +0.00)       4508574 (       0)              
##>                                  END            44530100820 ( +0.00)    -8001.20 (   +0.00)       4508574 (       0)           0  
##>                                  END            44530100820 ( +0.00)    -8001.20 (   +0.00)       4508574 (       0)           0  
##>  csa_opto                      START            44530100820 ( +0.00)    -8001.20 (   +0.00)       4508574 (       0)              
##>                                  END            44530100820 ( +0.00)    -8001.20 (   +0.00)       4508574 (       0)           0  
##>                                  END            44530100820 ( +0.00)    -8001.20 (   +0.00)       4508574 (       0)           0  
##> createMaxCarrySave             START            45649878360 ( +2.51)    -8001.20 (   +0.00)       4526164 (   17590)              
##>  datapath_rewrite_one_def      START            45649878360 ( +0.00)    -8001.20 (   +0.00)       4526164 (       0)              
##>   fast_cse_elim                START            45649878360 ( +0.00)    -8001.20 (   +0.00)       4526164 (       0)              
##>                                  END            45649878360 ( +0.00)    -8001.20 (   +0.00)       4526164 (       0)           0  
##>   fast_cse_elim                START            45649878360 ( +0.00)    -8001.20 (   +0.00)       4526164 (       0)              
##>                                  END            45649878360 ( +0.00)    -8001.20 (   +0.00)       4526164 (       0)           0  
##>                                  END            45649878360 ( +0.00)    -8001.20 (   +0.00)       4526164 (       0)           0  
##>  csa_opto                      START            45649878360 ( +0.00)    -8001.20 (   +0.00)       4526164 (       0)              
##>                                  END            45649878360 ( +0.00)    -8001.20 (   +0.00)       4526164 (       0)           0  
##>                                  END            45649878360 ( +0.00)    -8001.20 (   +0.00)       4526164 (       0)           0  
##>                                  END            44530100820 ( +0.55)    -8001.20 (   +0.00)       4508574 (  -20198)           0  
##>dp_operator_level_decompositio  START            44530100820 ( +0.00)    -8001.20 (   +0.00)       4508574 (       0)              
##>                                  END            44530100820 ( +0.00)    -8001.20 (   +0.00)       4508574 (       0)           0  
##>selective_flatten_dp_config     START            44530100820 ( +0.00)    -8001.20 (   +0.00)       4508574 (       0)              
##>                                  END            44530100820 ( +0.00)    -8001.20 (   +0.00)       4508574 (       0)           0  
##>createMaxCarrySave              START            44530100820 ( +0.00)    -8001.20 (   +0.00)       4508574 (       0)              
##> datapath_rewrite_one_def       START            44530100820 ( +0.00)    -8001.20 (   +0.00)       4508574 (       0)              
##>  rewrite                       START            44530100820 ( +0.00)    -8001.20 (   +0.00)       4508574 (       0)              (na,csaa) constant_mux_add_rtl --> shift_add_before_mux_to
##>                                  END            44807940360 ( +0.62)    -8001.20 (   +0.00)       4508574 (       0)           0  
##>  fast_cse_elim                 START            44530100820 ( -0.62)    -8001.20 (   +0.00)       4508574 (       0)              
##>                                  END            44530100820 ( +0.00)    -8001.20 (   +0.00)       4508574 (       0)           0  
##>  fast_cse_elim                 START            44530100820 ( +0.00)    -8001.20 (   +0.00)       4508574 (       0)              
##>                                  END            44530100820 ( +0.00)    -8001.20 (   +0.00)       4508574 (       0)           0  
##>                                  END            44530100820 ( +0.00)    -8001.20 (   +0.00)       4508574 (       0)           0  
##> csa_opto                       START            44530100820 ( +0.00)    -8001.20 (   +0.00)       4508574 (       0)              
##>                                  END            44530100820 ( +0.00)    -8001.20 (   +0.00)       4508574 (       0)           0  
##>                                  END            44530100820 ( +0.00)    -8001.20 (   +0.00)       4508574 (       0)           0  
##>datapath_rewrite_post_csa_one_  START            44530100820 ( +0.00)    -8001.20 (   +0.00)       4508574 (       0)              
##>                                  END            44530100820 ( +0.00)    -8001.20 (   +0.00)       4508574 (       0)           0  
##>datapath_csa_factoring_one_gde  START            44530100820 ( +0.00)    -8001.20 (   +0.00)       4508574 (       0)              
##>                                  END            44530100820 ( +0.00)    -8001.20 (   +0.00)       4508574 (       0)           0  
##>dpopt_share_one_def             START            44530100820 ( +0.00)    -8001.20 (   +0.00)       4508574 (       0)              
##>                                  END            44530100820 ( +0.00)    -8001.20 (   +0.00)       4508574 (       0)           0  
##>datapath_rewrite_post_share     START            44530100820 ( +0.00)    -8001.20 (   +0.00)       4508574 (       0)              
##>                                  END            44530100820 ( +0.00)    -8001.20 (   +0.00)       4508574 (       0)           0  
##>dp_combine_const_mult_with_com  START            44530100820 ( +0.00)    -8001.20 (   +0.00)       4508574 (       0)              
##>                                  END            44530100820 ( +0.00)    -8001.20 (   +0.00)       4508574 (       0)           0  
##>speculate_in_gdef               START            44530100820 ( +0.00)    -8001.20 (   +0.00)       4508574 (       0)              
##> pre_speculate_mux_merge        START            44530100820 ( +0.00)    -8001.20 (   +0.00)       4508574 (       0)              
##>                                  END            44530100820 ( +0.00)    -8001.20 (   +0.00)       4508574 (       0)           0  
##> createMaxCarrySave             START            45569894250 ( +2.34)    -8001.20 (   +0.00)       4474592 (  -33982)              
##>  datapath_rewrite_one_def      START            45569894250 ( +0.00)    -8001.20 (   +0.00)       4474592 (       0)              
##>   fast_cse_elim                START            45569894250 ( +0.00)    -8001.20 (   +0.00)       4474592 (       0)              
##>                                  END            45569894250 ( +0.00)    -8001.20 (   +0.00)       4474592 (       0)           0  
##>   fast_cse_elim                START            45569894250 ( +0.00)    -8001.20 (   +0.00)       4474592 (       0)              
##>                                  END            45569894250 ( +0.00)    -8001.20 (   +0.00)       4474592 (       0)           0  
##>                                  END            45569894250 ( +0.00)    -8001.20 (   +0.00)       4474592 (       0)           0  
##>  csa_opto                      START            45569894250 ( +0.00)    -8001.20 (   +0.00)       4474592 (       0)              
##>                                  END            45569894250 ( +0.00)    -8001.20 (   +0.00)       4474592 (       0)           0  
##>                                  END            45569894250 ( +0.00)    -8001.20 (   +0.00)       4474592 (       0)           0  
##> createMaxCarrySave             START            45649878360 ( +0.18)    -8001.20 (   +0.00)       4526164 (   51572)              
##>  datapath_rewrite_one_def      START            45649878360 ( +0.00)    -8001.20 (   +0.00)       4526164 (       0)              
##>   fast_cse_elim                START            45649878360 ( +0.00)    -8001.20 (   +0.00)       4526164 (       0)              
##>                                  END            45649878360 ( +0.00)    -8001.20 (   +0.00)       4526164 (       0)           0  
##>   fast_cse_elim                START            45649878360 ( +0.00)    -8001.20 (   +0.00)       4526164 (       0)              
##>                                  END            45649878360 ( +0.00)    -8001.20 (   +0.00)       4526164 (       0)           0  
##>                                  END            45649878360 ( +0.00)    -8001.20 (   +0.00)       4526164 (       0)           0  
##>  csa_opto                      START            45649878360 ( +0.00)    -8001.20 (   +0.00)       4526164 (       0)              
##>                                  END            45649878360 ( +0.00)    -8001.20 (   +0.00)       4526164 (       0)           0  
##>                                  END            45649878360 ( +0.00)    -8001.20 (   +0.00)       4526164 (       0)           0  
##>                                  END            44530100820 ( +0.00)    -8001.20 (   +0.00)       4508574 (       0)           0  
##>dp_operator_level_decompositio  START            44530100820 ( +0.00)    -8001.20 (   +0.00)       4508574 (       0)              
##>                                  END            44530100820 ( +0.00)    -8001.20 (   +0.00)       4508574 (       0)           0  
##>selective_flatten_dp_config     START            44530100820 ( +0.00)    -8001.20 (   +0.00)       4508574 (       0)              
##>                                  END            44530100820 ( +0.00)    -8001.20 (   +0.00)       4508574 (       0)           0  
##>createMaxCarrySave              START            44530100820 ( +0.00)    -8001.20 (   +0.00)       4508574 (       0)              
##> datapath_rewrite_one_def       START            44530100820 ( +0.00)    -8001.20 (   +0.00)       4508574 (       0)              
##>  rewrite                       START            44530100820 ( +0.00)    -8001.20 (   +0.00)       4508574 (       0)              (na,csaa) constant_mux_add_rtl --> shift_add_before_mux_to
##>                                  END            44807940360 ( +0.62)    -8001.20 (   +0.00)       4508574 (       0)           0  
##>  fast_cse_elim                 START            44530100820 ( -0.62)    -8001.20 (   +0.00)       4508574 (       0)              
##>                                  END            44530100820 ( +0.00)    -8001.20 (   +0.00)       4508574 (       0)           0  
##>  fast_cse_elim                 START            44530100820 ( +0.00)    -8001.20 (   +0.00)       4508574 (       0)              
##>                                  END            44530100820 ( +0.00)    -8001.20 (   +0.00)       4508574 (       0)           0  
##>                                  END            44530100820 ( +0.00)    -8001.20 (   +0.00)       4508574 (       0)           0  
##> csa_opto                       START            44530100820 ( +0.00)    -8001.20 (   +0.00)       4508574 (       0)              
##>                                  END            44530100820 ( +0.00)    -8001.20 (   +0.00)       4508574 (       0)           0  
##>                                  END            44530100820 ( +0.00)    -8001.20 (   +0.00)       4508574 (       0)           0  
##>context_based_simplify          START            43679743440 ( -1.91)    -7737.40 ( +263.80)       4456363 (  -52211)              
##>                                  END            43258774440 ( -0.96)    -7671.80 (  +65.60)       4419438 (  -36925)           0  
##>group_csa_final_adder_dp        START            43258774440 ( +0.00)    -7671.80 (   +0.00)       4419438 (       0)              
##>                                  END            43300871340 ( +0.10)    -7722.90 (  -51.10)       4431680 (   12242)           0  
##>dpopt_flatten_critical_muxes_i  START            43300871340 ( +0.00)    -7722.90 (   +0.00)       4431680 (       0)              
##>                                  END            43153532190 ( -0.34)    -7722.90 (   +0.00)       4400468 (  -31212)           0  
##>speculate_in_gdef               START            43153532190 ( +0.00)    -7722.90 (   +0.00)       4400468 (       0)              
##> pre_speculate_mux_merge        START            43153532190 ( +0.00)    -7722.90 (   +0.00)       4400468 (       0)              
##>                                  END            43153532190 ( +0.00)    -7722.90 (   +0.00)       4400468 (       0)           0  
##>                                  END            43153532190 ( +0.00)    -7722.90 (   +0.00)       4400468 (       0)           0  
##>create_score                    START            43035660870 ( -0.27)    -7722.90 (   +0.00)       4400468 (       0)              
##>                                  END            43035660870 ( +0.00)    -7722.90 (   +0.00)       4400468 (       0)           0  
##>+------------------------------------------------------------------------------------------------------------------------------------------------------------+
Committed config: CDN_DP_region_2_0_c4
Info    : Done implementing datapath configurations. [DPOPT-4]
        : Selected 'very_fast' configuration 4 for module 'CDN_DP_region_2_0'.
          Optimizations applied to 'very_fast' configuration:
            rewriting(4), factoring(0), sharing(2), cmultcse(0), downsizing(0), speculation(4)
Info    : Implementing datapath configurations. [DPOPT-3]
        : Implementing datapath configurations for 'CDN_DP_region_1_0'
CSAGen Prep Share:0 Re-Write:0 Speculation: 0
MaxCSA: Successfully built Maximal CSA Expression Expr22
CDN_DP_region_1_0 level = 0 loads = 0 drivers = 0
CDN_DP_region_1_0_c0 in coprocessor: area: 951389940 ,dp = 2 mux = 8 sg = slow         worst_clk_period: -1.0000 
    wns: 0  norm_wns:  -1.0000 
    fail_endp: -1 
    tns:  0  tns_per_endp:  -1.0000   norm_tns_per_endp:  -1.0000 
    tns_sense_max:  -1.0000  tns_sense_avg:  -1.0000   tns_sense_num: -1
 skipped
CDN_DP_region_1_0_c1 in coprocessor: area: 934551180 ,dp = 2 mux = 8 sg = fast         worst_clk_period: -1.0000 
    wns: 0  norm_wns:  -1.0000 
    fail_endp: -1 
    tns:  0  tns_per_endp:  -1.0000   norm_tns_per_endp:  -1.0000 
    tns_sense_max:  -1.0000  tns_sense_avg:  -1.0000   tns_sense_num: -1
 is current best
CDN_DP_region_1_0_c2 in coprocessor: area: 934551180 ,dp = 2 mux = 8 sg = very_slow    worst_clk_period: -1.0000 
    wns: 0  norm_wns:  -1.0000 
    fail_endp: -1 
    tns:  0  tns_per_endp:  -1.0000   norm_tns_per_endp:  -1.0000 
    tns_sense_max:  -1.0000  tns_sense_avg:  -1.0000   tns_sense_num: -1
 is current best
CDN_DP_region_1_0_c3 in coprocessor: area: 934551180 ,dp = 2 mux = 8 sg = very_fast    worst_clk_period: -1.0000 
    wns: 0  norm_wns:  -1.0000 
    fail_endp: -1 
    tns:  0  tns_per_endp:  -1.0000   norm_tns_per_endp:  -1.0000 
    tns_sense_max:  -1.0000  tns_sense_avg:  -1.0000   tns_sense_num: -1
 is current best
CDN_DP_region_1_0_c4 in coprocessor: area: 934551180 ,dp = 2 mux = 8 sg = very_fast    worst_clk_period: -1.0000 
    wns: 0  norm_wns:  -1.0000 
    fail_endp: -1 
    tns:  0  tns_per_endp:  -1.0000   norm_tns_per_endp:  -1.0000 
    tns_sense_max:  -1.0000  tns_sense_avg:  -1.0000   tns_sense_num: -1
 is current best
CDN_DP_region_1_0_c5 in coprocessor: area: 934551180 ,dp = 2 mux = 8 sg = very_fast    worst_clk_period: -1.0000 
    wns: 0  norm_wns:  -1.0000 
    fail_endp: -1 
    tns:  0  tns_per_endp:  -1.0000   norm_tns_per_endp:  -1.0000 
    tns_sense_max:  -1.0000  tns_sense_avg:  -1.0000   tns_sense_num: -1
 is current best
CDN_DP_region_1_0_c6 in coprocessor: area: 934551180 ,dp = 2 mux = 8 sg = very_fast    worst_clk_period: -1.0000 
    wns: 0  norm_wns:  -1.0000 
    fail_endp: -1 
    tns:  0  tns_per_endp:  -1.0000   norm_tns_per_endp:  -1.0000 
    tns_sense_max:  -1.0000  tns_sense_avg:  -1.0000   tns_sense_num: -1
 is current best
CDN_DP_region_1_0_c7 in coprocessor: area: 934551180 ,dp = 2 mux = 8 sg = very_fast    worst_clk_period: -1.0000 
    wns: 0  norm_wns:  -1.0000 
    fail_endp: -1 
    tns:  0  tns_per_endp:  -1.0000   norm_tns_per_endp:  -1.0000 
    tns_sense_max:  -1.0000  tns_sense_avg:  -1.0000   tns_sense_num: -1
 is current best
Best config: CDN_DP_region_1_0_c7 in coprocessor: area: 934551180 ,dp = 2 mux = 8 sg = very_fast    worst_clk_period: -1.0000 
    wns: 0  norm_wns:  -1.0000 
    fail_endp: -1 
    tns:  0  tns_per_endp:  -1.0000   norm_tns_per_endp:  -1.0000 
    tns_sense_max:  -1.0000  tns_sense_avg:  -1.0000   tns_sense_num: -1
  Smallest config area : 934551180.  Fastest config wns;  0
##>+----------------------------------------------------------------------------------------------------------------------------------------------------------------+
##>Summary table of configs (Best config is CDN_DP_region_1_0_c7)
##>+----------------------------------------------------------------------------------------------------------------------------------------------------------------+
##>                     0                  1                  2                  3                  4                  5                  6                  7            
##>+----------------------------------------------------------------------------------------------------------------------------------------------------------------+
##>           Area        951389940          934551180          934551180          934551180          934551180          934551180          934551180          934551180  
##>            WNS         +6005.40           +6005.40           +6005.40           +6005.40           +6005.40           +6005.40           +6005.40           +6005.40  
##>            TNS                0                  0                  0                  0                  0                  0                  0                  0  
##>    Num Rewrite                0                  0                  0                  0                  0                  0                  0                  0  
##>     Num Factor                0                  0                  0                  0                  0                  0                  0                  0  
##>      Num Share                0                  0                  0                  0                  0                  0                  0                  0  
##>   Num CmultCse                0                  0                  0                  0                  0                  0                  0                  0  
##>   Num Downsize                0                  0                  0                  0                  0                  0                  0                  0  
##>  Num Speculate                0                  0                  0                  0                  0                  0                  0                  0  
##>     Runtime(s)                0                  0                  0                  0                  0                  0                  0                  0  
+----------------------------------------------------------------------------------------------------------------------------------------------------------------+
##>
##>
##>+------------------------------------------------------------------------------------------------------------------------------------------------------------+
##>Optimization Step DEBUG Table for config CDN_DP_region_1_0_c7
##>
##>                          Step                        Area   ( % Chg)        WNS (Change)        TNS (Change)          Runtime (s)        Comment                   
##>+------------------------------------------------------------------------------------------------------------------------------------------------------------+
##>EquationExtraction              START              951389940 (      )     6005.40 (        )             0 (        )              
##> rewrite                        START              955599630 ( +0.44)     5983.00 (  -22.40)             0 (       0)              (a,ar) Expr22_from --> Expr22_to
##>                                  END              968228700 ( +1.32)     5983.00 (   +0.00)             0 (       0)           0  
##>                                  END              951389940 ( +0.00)     6005.40 (   +0.00)             0 (       0)           0  
##>createMaxCarrySave              START              951389940 ( +0.00)     6005.40 (   +0.00)             0 (       0)              
##> datapath_rewrite_one_def       START              951389940 ( +0.00)     6005.40 (   +0.00)             0 (       0)              
##>                                  END              951389940 ( +0.00)     6005.40 (   +0.00)             0 (       0)           0  
##> csa_opto                       START              951389940 ( +0.00)     6005.40 (   +0.00)             0 (       0)              
##>                                  END              955599630 ( +0.44)     6005.40 (   +0.00)             0 (       0)           0  
##>                                  END              955599630 ( +0.44)     6005.40 (   +0.00)             0 (       0)           0  
##>canonicalize_by_names           START              955599630 ( +0.00)     6005.40 (   +0.00)             0 (       0)              
##>                                  END              955599630 ( +0.00)     6005.40 (   +0.00)             0 (       0)           0  
##>datapath_rewrite_post_csa_one_  START              955599630 ( +0.00)     6005.40 (   +0.00)             0 (       0)              
##>                                  END              955599630 ( +0.00)     6005.40 (   +0.00)             0 (       0)           0  
##>datapath_csa_factoring_one_gde  START              955599630 ( +0.00)     6005.40 (   +0.00)             0 (       0)              
##>                                  END              955599630 ( +0.00)     6005.40 (   +0.00)             0 (       0)           0  
##>dpopt_share_one_def             START              955599630 ( +0.00)     6005.40 (   +0.00)             0 (       0)              
##>                                  END              955599630 ( +0.00)     6005.40 (   +0.00)             0 (       0)           0  
##>datapath_rewrite_post_share     START              955599630 ( +0.00)     6005.40 (   +0.00)             0 (       0)              
##>                                  END              955599630 ( +0.00)     6005.40 (   +0.00)             0 (       0)           0  
##>dp_combine_const_mult_with_com  START              955599630 ( +0.00)     6005.40 (   +0.00)             0 (       0)              
##>                                  END              955599630 ( +0.00)     6005.40 (   +0.00)             0 (       0)           0  
##>dp_operator_level_decompositio  START              955599630 ( +0.00)     6005.40 (   +0.00)             0 (       0)              
##>                                  END              955599630 ( +0.00)     6005.40 (   +0.00)             0 (       0)           0  
##>selective_flatten_dp_config     START              955599630 ( +0.00)     6005.40 (   +0.00)             0 (       0)              
##>                                  END              955599630 ( +0.00)     6005.40 (   +0.00)             0 (       0)           0  
##>createMaxCarrySave              START              955599630 ( +0.00)     6005.40 (   +0.00)             0 (       0)              
##> datapath_rewrite_one_def       START              955599630 ( +0.00)     6005.40 (   +0.00)             0 (       0)              
##>  fast_cse_elim                 START              955599630 ( +0.00)     6005.40 (   +0.00)             0 (       0)              
##>                                  END              938760870 ( -1.76)     6005.40 (   +0.00)             0 (       0)           0  
##>  fast_cse_elim                 START              938760870 ( +0.00)     6005.40 (   +0.00)             0 (       0)              
##>                                  END              938760870 ( +0.00)     6005.40 (   +0.00)             0 (       0)           0  
##>                                  END              938760870 ( -1.76)     6005.40 (   +0.00)             0 (       0)           0  
##> csa_opto                       START              938760870 ( +0.00)     6005.40 (   +0.00)             0 (       0)              
##>                                  END              938760870 ( +0.00)     6005.40 (   +0.00)             0 (       0)           0  
##>                                  END              938760870 ( -1.76)     6005.40 (   +0.00)             0 (       0)           0  
##>context_based_simplify          START              934551180 ( -0.45)     6005.40 (   +0.00)             0 (       0)              
##>                                  END              934551180 ( +0.00)     6005.40 (   +0.00)             0 (       0)           0  
##>group_csa_final_adder_dp        START              934551180 ( +0.00)     6005.40 (   +0.00)             0 (       0)              
##>                                  END              934551180 ( +0.00)     6005.40 (   +0.00)             0 (       0)           0  
##>dpopt_flatten_critical_muxes_i  START              934551180 ( +0.00)     6005.40 (   +0.00)             0 (       0)              
##>                                  END              934551180 ( +0.00)     6005.40 (   +0.00)             0 (       0)           0  
##>create_score                    START              934551180 ( +0.00)     6005.40 (   +0.00)             0 (       0)              
##>                                  END              934551180 ( +0.00)     6005.40 (   +0.00)             0 (       0)           0  
##>+------------------------------------------------------------------------------------------------------------------------------------------------------------+
Committed config: CDN_DP_region_1_0_c7
Info    : Done implementing datapath configurations. [DPOPT-4]
        : Selected 'very_fast' configuration 7 for module 'CDN_DP_region_1_0'.
          Optimizations applied to 'very_fast' configuration:
            rewriting(0), factoring(0), sharing(0), cmultcse(0), downsizing(0), speculation(0)
Info    : Implementing datapath configurations. [DPOPT-3]
        : Implementing datapath configurations for 'CDN_DP_region_5_0'
CSAGen Prep Share:0 Re-Write:0 Speculation: 0
MaxCSA: Successfully built Maximal CSA Expression Expr23
CDN_DP_region_5_0 level = 1 loads = 0 drivers = 1 is driven by : CDN_DP_region_5_1 
CDN_DP_region_5_0_c0 in uart_tx_DATA_BITS8_OVER_SAMPLE16: area: 366243030 ,dp = 3 mux = 3 sg = slow         worst_clk_period: -1.0000 
    wns: 0  norm_wns:  -1.0000 
    fail_endp: -1 
    tns:  0  tns_per_endp:  -1.0000   norm_tns_per_endp:  -1.0000 
    tns_sense_max:  -1.0000  tns_sense_avg:  -1.0000   tns_sense_num: -1
 skipped
CDN_DP_region_5_0_c1 in uart_tx_DATA_BITS8_OVER_SAMPLE16: area: 353613960 ,dp = 3 mux = 3 sg = fast         worst_clk_period: -1.0000 
    wns: 0  norm_wns:  -1.0000 
    fail_endp: -1 
    tns:  0  tns_per_endp:  -1.0000   norm_tns_per_endp:  -1.0000 
    tns_sense_max:  -1.0000  tns_sense_avg:  -1.0000   tns_sense_num: -1
 is current best
CDN_DP_region_5_0_c2 in uart_tx_DATA_BITS8_OVER_SAMPLE16: area: 353613960 ,dp = 3 mux = 3 sg = very_slow    worst_clk_period: -1.0000 
    wns: 0  norm_wns:  -1.0000 
    fail_endp: -1 
    tns:  0  tns_per_endp:  -1.0000   norm_tns_per_endp:  -1.0000 
    tns_sense_max:  -1.0000  tns_sense_avg:  -1.0000   tns_sense_num: -1
 is current best
CDN_DP_region_5_0_c3 in uart_tx_DATA_BITS8_OVER_SAMPLE16: area: 353613960 ,dp = 3 mux = 3 sg = very_fast    worst_clk_period: -1.0000 
    wns: 0  norm_wns:  -1.0000 
    fail_endp: -1 
    tns:  0  tns_per_endp:  -1.0000   norm_tns_per_endp:  -1.0000 
    tns_sense_max:  -1.0000  tns_sense_avg:  -1.0000   tns_sense_num: -1
 is current best
CDN_DP_region_5_0_c4 in uart_tx_DATA_BITS8_OVER_SAMPLE16: area: 353613960 ,dp = 3 mux = 3 sg = very_fast    worst_clk_period: -1.0000 
    wns: 0  norm_wns:  -1.0000 
    fail_endp: -1 
    tns:  0  tns_per_endp:  -1.0000   norm_tns_per_endp:  -1.0000 
    tns_sense_max:  -1.0000  tns_sense_avg:  -1.0000   tns_sense_num: -1
 is current best
CDN_DP_region_5_0_c5 in uart_tx_DATA_BITS8_OVER_SAMPLE16: area: 353613960 ,dp = 3 mux = 3 sg = very_fast    worst_clk_period: -1.0000 
    wns: 0  norm_wns:  -1.0000 
    fail_endp: -1 
    tns:  0  tns_per_endp:  -1.0000   norm_tns_per_endp:  -1.0000 
    tns_sense_max:  -1.0000  tns_sense_avg:  -1.0000   tns_sense_num: -1
 is current best
CDN_DP_region_5_0_c6 in uart_tx_DATA_BITS8_OVER_SAMPLE16: area: 353613960 ,dp = 3 mux = 3 sg = very_fast    worst_clk_period: -1.0000 
    wns: 0  norm_wns:  -1.0000 
    fail_endp: -1 
    tns:  0  tns_per_endp:  -1.0000   norm_tns_per_endp:  -1.0000 
    tns_sense_max:  -1.0000  tns_sense_avg:  -1.0000   tns_sense_num: -1
 is current best
CDN_DP_region_5_0_c7 in uart_tx_DATA_BITS8_OVER_SAMPLE16: area: 353613960 ,dp = 3 mux = 3 sg = very_fast    worst_clk_period: -1.0000 
    wns: 0  norm_wns:  -1.0000 
    fail_endp: -1 
    tns:  0  tns_per_endp:  -1.0000   norm_tns_per_endp:  -1.0000 
    tns_sense_max:  -1.0000  tns_sense_avg:  -1.0000   tns_sense_num: -1
 is current best
Best config: CDN_DP_region_5_0_c7 in uart_tx_DATA_BITS8_OVER_SAMPLE16: area: 353613960 ,dp = 3 mux = 3 sg = very_fast    worst_clk_period: -1.0000 
    wns: 0  norm_wns:  -1.0000 
    fail_endp: -1 
    tns:  0  tns_per_endp:  -1.0000   norm_tns_per_endp:  -1.0000 
    tns_sense_max:  -1.0000  tns_sense_avg:  -1.0000   tns_sense_num: -1
  Smallest config area : 353613960.  Fastest config wns;  0
##>+----------------------------------------------------------------------------------------------------------------------------------------------------------------+
##>Summary table of configs (Best config is CDN_DP_region_5_0_c7)
##>+----------------------------------------------------------------------------------------------------------------------------------------------------------------+
##>                     0                  1                  2                  3                  4                  5                  6                  7            
##>+----------------------------------------------------------------------------------------------------------------------------------------------------------------+
##>           Area        366243030          353613960          353613960          353613960          353613960          353613960          353613960          353613960  
##>            WNS         +6330.30           +6330.30           +6330.30           +6330.30           +6330.30           +6330.30           +6330.30           +6330.30  
##>            TNS                0                  0                  0                  0                  0                  0                  0                  0  
##>    Num Rewrite                0                  0                  0                  0                  0                  0                  0                  0  
##>     Num Factor                0                  0                  0                  0                  0                  0                  0                  0  
##>      Num Share                0                  0                  0                  0                  0                  0                  0                  0  
##>   Num CmultCse                0                  0                  0                  0                  0                  0                  0                  0  
##>   Num Downsize                0                  0                  0                  0                  0                  0                  0                  0  
##>  Num Speculate                0                  0                  0                  0                  0                  0                  0                  0  
##>     Runtime(s)                0                  0                  0                  0                  0                  0                  0                  0  
+----------------------------------------------------------------------------------------------------------------------------------------------------------------+
##>
##>
##>+------------------------------------------------------------------------------------------------------------------------------------------------------------+
##>Optimization Step DEBUG Table for config CDN_DP_region_5_0_c7
##>
##>                          Step                        Area   ( % Chg)        WNS (Change)        TNS (Change)          Runtime (s)        Comment                   
##>+------------------------------------------------------------------------------------------------------------------------------------------------------------+
##>EquationExtraction              START              366243030 (      )     6330.30 (        )             0 (        )              
##> rewrite                        START              404130240 (+10.34)     6330.30 (   +0.00)             0 (       0)              (a,ar) Expr23_from --> Expr23_to
##>                                  END              488324040 (+20.83)     6330.30 (   +0.00)             0 (       0)           0  
##>                                  END              366243030 ( +0.00)     6330.30 (   +0.00)             0 (       0)           0  
##>createMaxCarrySave              START              366243030 ( +0.00)     6330.30 (   +0.00)             0 (       0)              
##> datapath_rewrite_one_def       START              366243030 ( +0.00)     6330.30 (   +0.00)             0 (       0)              
##>                                  END              366243030 ( +0.00)     6330.30 (   +0.00)             0 (       0)           0  
##> csa_opto                       START              366243030 ( +0.00)     6330.30 (   +0.00)             0 (       0)              
##>                                  END              374662410 ( +2.30)     6330.30 (   +0.00)             0 (       0)           0  
##>                                  END              374662410 ( +2.30)     6330.30 (   +0.00)             0 (       0)           0  
##>canonicalize_by_names           START              374662410 ( +0.00)     6330.30 (   +0.00)             0 (       0)              
##>                                  END              374662410 ( +0.00)     6330.30 (   +0.00)             0 (       0)           0  
##>datapath_rewrite_post_csa_one_  START              374662410 ( +0.00)     6330.30 (   +0.00)             0 (       0)              
##>                                  END              374662410 ( +0.00)     6330.30 (   +0.00)             0 (       0)           0  
##>datapath_csa_factoring_one_gde  START              374662410 ( +0.00)     6330.30 (   +0.00)             0 (       0)              
##>                                  END              374662410 ( +0.00)     6330.30 (   +0.00)             0 (       0)           0  
##>dpopt_share_one_def             START              374662410 ( +0.00)     6330.30 (   +0.00)             0 (       0)              
##>                                  END              374662410 ( +0.00)     6330.30 (   +0.00)             0 (       0)           0  
##>datapath_rewrite_post_share     START              374662410 ( +0.00)     6330.30 (   +0.00)             0 (       0)              
##>                                  END              374662410 ( +0.00)     6330.30 (   +0.00)             0 (       0)           0  
##>dp_combine_const_mult_with_com  START              374662410 ( +0.00)     6330.30 (   +0.00)             0 (       0)              
##>                                  END              374662410 ( +0.00)     6330.30 (   +0.00)             0 (       0)           0  
##>dp_operator_level_decompositio  START              374662410 ( +0.00)     6330.30 (   +0.00)             0 (       0)              
##>                                  END              374662410 ( +0.00)     6330.30 (   +0.00)             0 (       0)           0  
##>selective_flatten_dp_config     START              374662410 ( +0.00)     6330.30 (   +0.00)             0 (       0)              
##>                                  END              374662410 ( +0.00)     6330.30 (   +0.00)             0 (       0)           0  
##>createMaxCarrySave              START              374662410 ( +0.00)     6330.30 (   +0.00)             0 (       0)              
##> datapath_rewrite_one_def       START              374662410 ( +0.00)     6330.30 (   +0.00)             0 (       0)              
##>  fast_cse_elim                 START              374662410 ( +0.00)     6330.30 (   +0.00)             0 (       0)              
##>                                  END              374662410 ( +0.00)     6330.30 (   +0.00)             0 (       0)           0  
##>  fast_cse_elim                 START              374662410 ( +0.00)     6330.30 (   +0.00)             0 (       0)              
##>                                  END              374662410 ( +0.00)     6330.30 (   +0.00)             0 (       0)           0  
##>                                  END              374662410 ( +0.00)     6330.30 (   +0.00)             0 (       0)           0  
##> csa_opto                       START              374662410 ( +0.00)     6330.30 (   +0.00)             0 (       0)              
##>                                  END              374662410 ( +0.00)     6330.30 (   +0.00)             0 (       0)           0  
##>                                  END              374662410 ( +0.00)     6330.30 (   +0.00)             0 (       0)           0  
##>context_based_simplify          START              357823650 ( -4.49)     6330.30 (   +0.00)             0 (       0)              
##>                                  END              353613960 ( -1.18)     6330.30 (   +0.00)             0 (       0)           0  
##>group_csa_final_adder_dp        START              353613960 ( +0.00)     6330.30 (   +0.00)             0 (       0)              
##>                                  END              353613960 ( +0.00)     6330.30 (   +0.00)             0 (       0)           0  
##>dpopt_flatten_critical_muxes_i  START              353613960 ( +0.00)     6330.30 (   +0.00)             0 (       0)              
##>                                  END              353613960 ( +0.00)     6330.30 (   +0.00)             0 (       0)           0  
##>create_score                    START              353613960 ( +0.00)     6330.30 (   +0.00)             0 (       0)              
##>                                  END              353613960 ( +0.00)     6330.30 (   +0.00)             0 (       0)           0  
##>+------------------------------------------------------------------------------------------------------------------------------------------------------------+
Committed config: CDN_DP_region_5_0_c7
Info    : Done implementing datapath configurations. [DPOPT-4]
        : Selected 'very_fast' configuration 7 for module 'CDN_DP_region_5_0'.
          Optimizations applied to 'very_fast' configuration:
            rewriting(0), factoring(0), sharing(0), cmultcse(0), downsizing(0), speculation(0)
Info    : Implementing datapath configurations. [DPOPT-3]
        : Implementing datapath configurations for 'CDN_DP_region_0_0'
CSAGen Prep Share:0 Re-Write:0 Speculation: 0
MaxCSA: Successfully built Maximal CSA Expression Expr24
CDN_DP_region_0_0 level = 0 loads = 0 drivers = 0
CDN_DP_region_0_0_c0 in baud_gen_BAUD_RATE115200_CLK_FREQ50000000_OVER_SAMPLE16: area: 101032560 ,dp = 1 mux = 0 sg = slow         worst_clk_period: -1.0000 
    wns: 0  norm_wns:  -1.0000 
    fail_endp: -1 
    tns:  0  tns_per_endp:  -1.0000   norm_tns_per_endp:  -1.0000 
    tns_sense_max:  -1.0000  tns_sense_avg:  -1.0000   tns_sense_num: -1
 skipped
CDN_DP_region_0_0_c1 in baud_gen_BAUD_RATE115200_CLK_FREQ50000000_OVER_SAMPLE16: area: 71564730 ,dp = 1 mux = 0 sg = fast         worst_clk_period: -1.0000 
    wns: 0  norm_wns:  -1.0000 
    fail_endp: -1 
    tns:  0  tns_per_endp:  -1.0000   norm_tns_per_endp:  -1.0000 
    tns_sense_max:  -1.0000  tns_sense_avg:  -1.0000   tns_sense_num: -1
 is current best
CDN_DP_region_0_0_c2 in baud_gen_BAUD_RATE115200_CLK_FREQ50000000_OVER_SAMPLE16: area: 71564730 ,dp = 1 mux = 0 sg = very_slow    worst_clk_period: -1.0000 
    wns: 0  norm_wns:  -1.0000 
    fail_endp: -1 
    tns:  0  tns_per_endp:  -1.0000   norm_tns_per_endp:  -1.0000 
    tns_sense_max:  -1.0000  tns_sense_avg:  -1.0000   tns_sense_num: -1
 is current best
CDN_DP_region_0_0_c3 in baud_gen_BAUD_RATE115200_CLK_FREQ50000000_OVER_SAMPLE16: area: 71564730 ,dp = 1 mux = 0 sg = very_fast    worst_clk_period: -1.0000 
    wns: 0  norm_wns:  -1.0000 
    fail_endp: -1 
    tns:  0  tns_per_endp:  -1.0000   norm_tns_per_endp:  -1.0000 
    tns_sense_max:  -1.0000  tns_sense_avg:  -1.0000   tns_sense_num: -1
 is current best
CDN_DP_region_0_0_c4 in baud_gen_BAUD_RATE115200_CLK_FREQ50000000_OVER_SAMPLE16: area: 71564730 ,dp = 1 mux = 0 sg = very_fast    worst_clk_period: -1.0000 
    wns: 0  norm_wns:  -1.0000 
    fail_endp: -1 
    tns:  0  tns_per_endp:  -1.0000   norm_tns_per_endp:  -1.0000 
    tns_sense_max:  -1.0000  tns_sense_avg:  -1.0000   tns_sense_num: -1
 is current best
CDN_DP_region_0_0_c5 in baud_gen_BAUD_RATE115200_CLK_FREQ50000000_OVER_SAMPLE16: area: 71564730 ,dp = 1 mux = 0 sg = very_fast    worst_clk_period: -1.0000 
    wns: 0  norm_wns:  -1.0000 
    fail_endp: -1 
    tns:  0  tns_per_endp:  -1.0000   norm_tns_per_endp:  -1.0000 
    tns_sense_max:  -1.0000  tns_sense_avg:  -1.0000   tns_sense_num: -1
 is current best
CDN_DP_region_0_0_c6 in baud_gen_BAUD_RATE115200_CLK_FREQ50000000_OVER_SAMPLE16: area: 71564730 ,dp = 1 mux = 0 sg = very_fast    worst_clk_period: -1.0000 
    wns: 0  norm_wns:  -1.0000 
    fail_endp: -1 
    tns:  0  tns_per_endp:  -1.0000   norm_tns_per_endp:  -1.0000 
    tns_sense_max:  -1.0000  tns_sense_avg:  -1.0000   tns_sense_num: -1
 is current best
CDN_DP_region_0_0_c7 in baud_gen_BAUD_RATE115200_CLK_FREQ50000000_OVER_SAMPLE16: area: 71564730 ,dp = 1 mux = 0 sg = very_fast    worst_clk_period: -1.0000 
    wns: 0  norm_wns:  -1.0000 
    fail_endp: -1 
    tns:  0  tns_per_endp:  -1.0000   norm_tns_per_endp:  -1.0000 
    tns_sense_max:  -1.0000  tns_sense_avg:  -1.0000   tns_sense_num: -1
 is current best
Best config: CDN_DP_region_0_0_c7 in baud_gen_BAUD_RATE115200_CLK_FREQ50000000_OVER_SAMPLE16: area: 71564730 ,dp = 1 mux = 0 sg = very_fast    worst_clk_period: -1.0000 
    wns: 0  norm_wns:  -1.0000 
    fail_endp: -1 
    tns:  0  tns_per_endp:  -1.0000   norm_tns_per_endp:  -1.0000 
    tns_sense_max:  -1.0000  tns_sense_avg:  -1.0000   tns_sense_num: -1
  Smallest config area : 71564730.  Fastest config wns;  0
##>+----------------------------------------------------------------------------------------------------------------------------------------------------------------+
##>Summary table of configs (Best config is CDN_DP_region_0_0_c7)
##>+----------------------------------------------------------------------------------------------------------------------------------------------------------------+
##>                     0                  1                  2                  3                  4                  5                  6                  7            
##>+----------------------------------------------------------------------------------------------------------------------------------------------------------------+
##>           Area        101032560           71564730           71564730           71564730           71564730           71564730           71564730           71564730  
##>            WNS         +6882.70           +6995.30           +6995.30           +6995.30           +6995.30           +6995.30           +6995.30           +6995.30  
##>            TNS                0                  0                  0                  0                  0                  0                  0                  0  
##>    Num Rewrite                0                  0                  0                  0                  0                  0                  0                  0  
##>     Num Factor                0                  0                  0                  0                  0                  0                  0                  0  
##>      Num Share                0                  0                  0                  0                  0                  0                  0                  0  
##>   Num CmultCse                0                  0                  0                  0                  0                  0                  0                  0  
##>   Num Downsize                0                  0                  0                  0                  0                  0                  0                  0  
##>  Num Speculate                0                  0                  0                  0                  0                  0                  0                  0  
##>     Runtime(s)                0                  0                  0                  0                  0                  0                  0                  0  
+----------------------------------------------------------------------------------------------------------------------------------------------------------------+
##>
##>
##>+------------------------------------------------------------------------------------------------------------------------------------------------------------+
##>Optimization Step DEBUG Table for config CDN_DP_region_0_0_c7
##>
##>                          Step                        Area   ( % Chg)        WNS (Change)        TNS (Change)          Runtime (s)        Comment                   
##>+------------------------------------------------------------------------------------------------------------------------------------------------------------+
##>EquationExtraction              START              101032560 (      )     6882.70 (        )             0 (        )              
##> rewrite                        START              181016670 (+79.17)     6817.50 (  -65.20)             0 (       0)              (a,ar) Expr24_from --> Expr24_to
##>                                  END              362033340 (+100.00)     6817.50 (   +0.00)             0 (       0)           0  
##>                                  END              101032560 ( +0.00)     6882.70 (   +0.00)             0 (       0)           0  
##>createMaxCarrySave              START              101032560 ( +0.00)     6882.70 (   +0.00)             0 (       0)              
##> datapath_rewrite_one_def       START              101032560 ( +0.00)     6882.70 (   +0.00)             0 (       0)              
##>                                  END              101032560 ( +0.00)     6882.70 (   +0.00)             0 (       0)           0  
##> csa_opto                       START              101032560 ( +0.00)     6882.70 (   +0.00)             0 (       0)              
##>                                  END              105242250 ( +4.17)     6836.90 (  -45.80)             0 (       0)           0  
##>                                  END              105242250 ( +4.17)     6836.90 (  -45.80)             0 (       0)           0  
##>canonicalize_by_names           START              105242250 ( +0.00)     6836.90 (   +0.00)             0 (       0)              
##>                                  END              105242250 ( +0.00)     6836.90 (   +0.00)             0 (       0)           0  
##>datapath_rewrite_post_csa_one_  START              105242250 ( +0.00)     6836.90 (   +0.00)             0 (       0)              
##>                                  END              105242250 ( +0.00)     6836.90 (   +0.00)             0 (       0)           0  
##>datapath_csa_factoring_one_gde  START              105242250 ( +0.00)     6836.90 (   +0.00)             0 (       0)              
##>                                  END              105242250 ( +0.00)     6836.90 (   +0.00)             0 (       0)           0  
##>dpopt_share_one_def             START              105242250 ( +0.00)     6836.90 (   +0.00)             0 (       0)              
##>                                  END              105242250 ( +0.00)     6836.90 (   +0.00)             0 (       0)           0  
##>datapath_rewrite_post_share     START              105242250 ( +0.00)     6836.90 (   +0.00)             0 (       0)              
##>                                  END              105242250 ( +0.00)     6836.90 (   +0.00)             0 (       0)           0  
##>dp_combine_const_mult_with_com  START              105242250 ( +0.00)     6836.90 (   +0.00)             0 (       0)              
##>                                  END              105242250 ( +0.00)     6836.90 (   +0.00)             0 (       0)           0  
##>dp_operator_level_decompositio  START              105242250 ( +0.00)     6836.90 (   +0.00)             0 (       0)              
##>                                  END              105242250 ( +0.00)     6836.90 (   +0.00)             0 (       0)           0  
##>selective_flatten_dp_config     START              105242250 ( +0.00)     6836.90 (   +0.00)             0 (       0)              
##>                                  END              105242250 ( +0.00)     6836.90 (   +0.00)             0 (       0)           0  
##>createMaxCarrySave              START              105242250 ( +0.00)     6836.90 (   +0.00)             0 (       0)              
##> datapath_rewrite_one_def       START              105242250 ( +0.00)     6836.90 (   +0.00)             0 (       0)              
##>  fast_cse_elim                 START              105242250 ( +0.00)     6836.90 (   +0.00)             0 (       0)              
##>                                  END              105242250 ( +0.00)     6836.90 (   +0.00)             0 (       0)           0  
##>  fast_cse_elim                 START              105242250 ( +0.00)     6836.90 (   +0.00)             0 (       0)              
##>                                  END              105242250 ( +0.00)     6836.90 (   +0.00)             0 (       0)           0  
##>                                  END              105242250 ( +0.00)     6836.90 (   +0.00)             0 (       0)           0  
##> csa_opto                       START              105242250 ( +0.00)     6836.90 (   +0.00)             0 (       0)              
##>                                  END              105242250 ( +0.00)     6836.90 (   +0.00)             0 (       0)           0  
##>                                  END              105242250 ( +0.00)     6836.90 (   +0.00)             0 (       0)           0  
##>context_based_simplify          START               88403490 (-16.00)     6882.70 (  +45.80)             0 (       0)              
##>                                  END               71564730 (-19.05)     6995.30 ( +112.60)             0 (       0)           0  
##>group_csa_final_adder_dp        START               71564730 ( +0.00)     6995.30 (   +0.00)             0 (       0)              
##>                                  END               71564730 ( +0.00)     6995.30 (   +0.00)             0 (       0)           0  
##>dpopt_flatten_critical_muxes_i  START               71564730 ( +0.00)     6995.30 (   +0.00)             0 (       0)              
##>                                  END               71564730 ( +0.00)     6995.30 (   +0.00)             0 (       0)           0  
##>create_score                    START               71564730 ( +0.00)     6995.30 (   +0.00)             0 (       0)              
##>                                  END               71564730 ( +0.00)     6995.30 (   +0.00)             0 (       0)           0  
##>+------------------------------------------------------------------------------------------------------------------------------------------------------------+
Committed config: CDN_DP_region_0_0_c7
Info    : Done implementing datapath configurations. [DPOPT-4]
        : Selected 'very_fast' configuration 7 for module 'CDN_DP_region_0_0'.
          Optimizations applied to 'very_fast' configuration:
            rewriting(0), factoring(0), sharing(0), cmultcse(0), downsizing(0), speculation(0)
Info    : Implementing datapath configurations. [DPOPT-3]
        : Implementing datapath configurations for 'CDN_DP_region_4_0'
CSAGen Prep Share:0 Re-Write:0 Speculation: 0
MaxCSA: Successfully built Maximal CSA Expression Expr25
CDN_DP_region_4_0 level = 0 loads = 1 drivers = 0
CDN_DP_region_4_0_c0 in uart_rx_DATA_BITS8_OVER_SAMPLE16: area: 155758530 ,dp = 1 mux = 1 sg = slow         worst_clk_period: -1.0000 
    wns: 0  norm_wns:  -1.0000 
    fail_endp: -1 
    tns:  0  tns_per_endp:  -1.0000   norm_tns_per_endp:  -1.0000 
    tns_sense_max:  -1.0000  tns_sense_avg:  -1.0000   tns_sense_num: -1
 skipped
CDN_DP_region_4_0_c1 in uart_rx_DATA_BITS8_OVER_SAMPLE16: area: 134710080 ,dp = 1 mux = 1 sg = fast         worst_clk_period: -1.0000 
    wns: 0  norm_wns:  -1.0000 
    fail_endp: -1 
    tns:  0  tns_per_endp:  -1.0000   norm_tns_per_endp:  -1.0000 
    tns_sense_max:  -1.0000  tns_sense_avg:  -1.0000   tns_sense_num: -1
 is current best
CDN_DP_region_4_0_c2 in uart_rx_DATA_BITS8_OVER_SAMPLE16: area: 134710080 ,dp = 1 mux = 1 sg = very_slow    worst_clk_period: -1.0000 
    wns: 0  norm_wns:  -1.0000 
    fail_endp: -1 
    tns:  0  tns_per_endp:  -1.0000   norm_tns_per_endp:  -1.0000 
    tns_sense_max:  -1.0000  tns_sense_avg:  -1.0000   tns_sense_num: -1
 is current best
CDN_DP_region_4_0_c3 in uart_rx_DATA_BITS8_OVER_SAMPLE16: area: 134710080 ,dp = 1 mux = 1 sg = very_fast    worst_clk_period: -1.0000 
    wns: 0  norm_wns:  -1.0000 
    fail_endp: -1 
    tns:  0  tns_per_endp:  -1.0000   norm_tns_per_endp:  -1.0000 
    tns_sense_max:  -1.0000  tns_sense_avg:  -1.0000   tns_sense_num: -1
 is current best
CDN_DP_region_4_0_c4 in uart_rx_DATA_BITS8_OVER_SAMPLE16: area: 134710080 ,dp = 1 mux = 1 sg = very_fast    worst_clk_period: -1.0000 
    wns: 0  norm_wns:  -1.0000 
    fail_endp: -1 
    tns:  0  tns_per_endp:  -1.0000   norm_tns_per_endp:  -1.0000 
    tns_sense_max:  -1.0000  tns_sense_avg:  -1.0000   tns_sense_num: -1
 is current best
CDN_DP_region_4_0_c5 in uart_rx_DATA_BITS8_OVER_SAMPLE16: area: 134710080 ,dp = 1 mux = 1 sg = very_fast    worst_clk_period: -1.0000 
    wns: 0  norm_wns:  -1.0000 
    fail_endp: -1 
    tns:  0  tns_per_endp:  -1.0000   norm_tns_per_endp:  -1.0000 
    tns_sense_max:  -1.0000  tns_sense_avg:  -1.0000   tns_sense_num: -1
 is current best
CDN_DP_region_4_0_c6 in uart_rx_DATA_BITS8_OVER_SAMPLE16: area: 134710080 ,dp = 1 mux = 1 sg = very_fast    worst_clk_period: -1.0000 
    wns: 0  norm_wns:  -1.0000 
    fail_endp: -1 
    tns:  0  tns_per_endp:  -1.0000   norm_tns_per_endp:  -1.0000 
    tns_sense_max:  -1.0000  tns_sense_avg:  -1.0000   tns_sense_num: -1
 is current best
CDN_DP_region_4_0_c7 in uart_rx_DATA_BITS8_OVER_SAMPLE16: area: 134710080 ,dp = 1 mux = 1 sg = very_fast    worst_clk_period: -1.0000 
    wns: 0  norm_wns:  -1.0000 
    fail_endp: -1 
    tns:  0  tns_per_endp:  -1.0000   norm_tns_per_endp:  -1.0000 
    tns_sense_max:  -1.0000  tns_sense_avg:  -1.0000   tns_sense_num: -1
 is current best
Best config: CDN_DP_region_4_0_c7 in uart_rx_DATA_BITS8_OVER_SAMPLE16: area: 134710080 ,dp = 1 mux = 1 sg = very_fast    worst_clk_period: -1.0000 
    wns: 0  norm_wns:  -1.0000 
    fail_endp: -1 
    tns:  0  tns_per_endp:  -1.0000   norm_tns_per_endp:  -1.0000 
    tns_sense_max:  -1.0000  tns_sense_avg:  -1.0000   tns_sense_num: -1
  Smallest config area : 134710080.  Fastest config wns;  0
##>+----------------------------------------------------------------------------------------------------------------------------------------------------------------+
##>Summary table of configs (Best config is CDN_DP_region_4_0_c7)
##>+----------------------------------------------------------------------------------------------------------------------------------------------------------------+
##>                     0                  1                  2                  3                  4                  5                  6                  7            
##>+----------------------------------------------------------------------------------------------------------------------------------------------------------------+
##>           Area        155758530          134710080          134710080          134710080          134710080          134710080          134710080          134710080  
##>            WNS         +6320.80           +6320.80           +6320.80           +6320.80           +6320.80           +6320.80           +6320.80           +6320.80  
##>            TNS                0                  0                  0                  0                  0                  0                  0                  0  
##>    Num Rewrite                0                  0                  0                  0                  0                  0                  0                  0  
##>     Num Factor                0                  0                  0                  0                  0                  0                  0                  0  
##>      Num Share                0                  0                  0                  0                  0                  0                  0                  0  
##>   Num CmultCse                0                  0                  0                  0                  0                  0                  0                  0  
##>   Num Downsize                0                  0                  0                  0                  0                  0                  0                  0  
##>  Num Speculate                0                  0                  0                  0                  0                  0                  0                  0  
##>     Runtime(s)                0                  0                  0                  0                  0                  0                  0                  0  
+----------------------------------------------------------------------------------------------------------------------------------------------------------------+
##>
##>
##>+------------------------------------------------------------------------------------------------------------------------------------------------------------+
##>Optimization Step DEBUG Table for config CDN_DP_region_4_0_c7
##>
##>                          Step                        Area   ( % Chg)        WNS (Change)        TNS (Change)          Runtime (s)        Comment                   
##>+------------------------------------------------------------------------------------------------------------------------------------------------------------+
##>EquationExtraction              START              155758530 (      )     6320.80 (        )             0 (        )              
##> rewrite                        START              218903880 (+40.54)     6270.00 (  -50.80)             0 (       0)              (a,ar) Expr25_from --> Expr25_to
##>                                  END              332565510 (+51.92)     6270.00 (   +0.00)             0 (       0)           0  
##>                                  END              155758530 ( +0.00)     6320.80 (   +0.00)             0 (       0)           0  
##>createMaxCarrySave              START              155758530 ( +0.00)     6320.80 (   +0.00)             0 (       0)              
##> datapath_rewrite_one_def       START              155758530 ( +0.00)     6320.80 (   +0.00)             0 (       0)              
##>                                  END              155758530 ( +0.00)     6320.80 (   +0.00)             0 (       0)           0  
##> csa_opto                       START              155758530 ( +0.00)     6320.80 (   +0.00)             0 (       0)              
##>                                  END              159968220 ( +2.70)     6320.80 (   +0.00)             0 (       0)           0  
##>                                  END              159968220 ( +2.70)     6320.80 (   +0.00)             0 (       0)           0  
##>canonicalize_by_names           START              159968220 ( +0.00)     6320.80 (   +0.00)             0 (       0)              
##>                                  END              159968220 ( +0.00)     6320.80 (   +0.00)             0 (       0)           0  
##>datapath_rewrite_post_csa_one_  START              159968220 ( +0.00)     6320.80 (   +0.00)             0 (       0)              
##>                                  END              159968220 ( +0.00)     6320.80 (   +0.00)             0 (       0)           0  
##>datapath_csa_factoring_one_gde  START              159968220 ( +0.00)     6320.80 (   +0.00)             0 (       0)              
##>                                  END              159968220 ( +0.00)     6320.80 (   +0.00)             0 (       0)           0  
##>dpopt_share_one_def             START              159968220 ( +0.00)     6320.80 (   +0.00)             0 (       0)              
##>                                  END              159968220 ( +0.00)     6320.80 (   +0.00)             0 (       0)           0  
##>datapath_rewrite_post_share     START              159968220 ( +0.00)     6320.80 (   +0.00)             0 (       0)              
##>                                  END              159968220 ( +0.00)     6320.80 (   +0.00)             0 (       0)           0  
##>dp_combine_const_mult_with_com  START              159968220 ( +0.00)     6320.80 (   +0.00)             0 (       0)              
##>                                  END              159968220 ( +0.00)     6320.80 (   +0.00)             0 (       0)           0  
##>dp_operator_level_decompositio  START              159968220 ( +0.00)     6320.80 (   +0.00)             0 (       0)              
##>                                  END              159968220 ( +0.00)     6320.80 (   +0.00)             0 (       0)           0  
##>selective_flatten_dp_config     START              159968220 ( +0.00)     6320.80 (   +0.00)             0 (       0)              
##>                                  END              159968220 ( +0.00)     6320.80 (   +0.00)             0 (       0)           0  
##>createMaxCarrySave              START              159968220 ( +0.00)     6320.80 (   +0.00)             0 (       0)              
##> datapath_rewrite_one_def       START              159968220 ( +0.00)     6320.80 (   +0.00)             0 (       0)              
##>  fast_cse_elim                 START              159968220 ( +0.00)     6320.80 (   +0.00)             0 (       0)              
##>                                  END              159968220 ( +0.00)     6320.80 (   +0.00)             0 (       0)           0  
##>  fast_cse_elim                 START              159968220 ( +0.00)     6320.80 (   +0.00)             0 (       0)              
##>                                  END              159968220 ( +0.00)     6320.80 (   +0.00)             0 (       0)           0  
##>                                  END              159968220 ( +0.00)     6320.80 (   +0.00)             0 (       0)           0  
##> csa_opto                       START              159968220 ( +0.00)     6320.80 (   +0.00)             0 (       0)              
##>                                  END              159968220 ( +0.00)     6320.80 (   +0.00)             0 (       0)           0  
##>                                  END              159968220 ( +0.00)     6320.80 (   +0.00)             0 (       0)           0  
##>context_based_simplify          START              143129460 (-10.53)     6320.80 (   +0.00)             0 (       0)              
##>                                  END              134710080 ( -5.88)     6320.80 (   +0.00)             0 (       0)           0  
##>group_csa_final_adder_dp        START              134710080 ( +0.00)     6320.80 (   +0.00)             0 (       0)              
##>                                  END              134710080 ( +0.00)     6320.80 (   +0.00)             0 (       0)           0  
##>dpopt_flatten_critical_muxes_i  START              134710080 ( +0.00)     6320.80 (   +0.00)             0 (       0)              
##>                                  END              134710080 ( +0.00)     6320.80 (   +0.00)             0 (       0)           0  
##>create_score                    START              134710080 ( +0.00)     6320.80 (   +0.00)             0 (       0)              
##>                                  END              134710080 ( +0.00)     6320.80 (   +0.00)             0 (       0)           0  
##>+------------------------------------------------------------------------------------------------------------------------------------------------------------+
Committed config: CDN_DP_region_4_0_c7
Info    : Done implementing datapath configurations. [DPOPT-4]
        : Selected 'very_fast' configuration 7 for module 'CDN_DP_region_4_0'.
          Optimizations applied to 'very_fast' configuration:
            rewriting(0), factoring(0), sharing(0), cmultcse(0), downsizing(0), speculation(0)
Info    : Implementing datapath configurations. [DPOPT-3]
        : Implementing datapath configurations for 'CDN_DP_region_5_1'
CSAGen Prep Share:0 Re-Write:0 Speculation: 0
MaxCSA: Successfully built Maximal CSA Expression Expr26
CDN_DP_region_5_1 level = 0 loads = 1 drivers = 0
CDN_DP_region_5_1_c0 in uart_tx_DATA_BITS8_OVER_SAMPLE16: area: 155758530 ,dp = 1 mux = 1 sg = slow         worst_clk_period: -1.0000 
    wns: 0  norm_wns:  -1.0000 
    fail_endp: -1 
    tns:  0  tns_per_endp:  -1.0000   norm_tns_per_endp:  -1.0000 
    tns_sense_max:  -1.0000  tns_sense_avg:  -1.0000   tns_sense_num: -1
 skipped
CDN_DP_region_5_1_c1 in uart_tx_DATA_BITS8_OVER_SAMPLE16: area: 134710080 ,dp = 1 mux = 1 sg = fast         worst_clk_period: -1.0000 
    wns: 0  norm_wns:  -1.0000 
    fail_endp: -1 
    tns:  0  tns_per_endp:  -1.0000   norm_tns_per_endp:  -1.0000 
    tns_sense_max:  -1.0000  tns_sense_avg:  -1.0000   tns_sense_num: -1
 is current best
CDN_DP_region_5_1_c2 in uart_tx_DATA_BITS8_OVER_SAMPLE16: area: 134710080 ,dp = 1 mux = 1 sg = very_slow    worst_clk_period: -1.0000 
    wns: 0  norm_wns:  -1.0000 
    fail_endp: -1 
    tns:  0  tns_per_endp:  -1.0000   norm_tns_per_endp:  -1.0000 
    tns_sense_max:  -1.0000  tns_sense_avg:  -1.0000   tns_sense_num: -1
 is current best
CDN_DP_region_5_1_c3 in uart_tx_DATA_BITS8_OVER_SAMPLE16: area: 134710080 ,dp = 1 mux = 1 sg = very_fast    worst_clk_period: -1.0000 
    wns: 0  norm_wns:  -1.0000 
    fail_endp: -1 
    tns:  0  tns_per_endp:  -1.0000   norm_tns_per_endp:  -1.0000 
    tns_sense_max:  -1.0000  tns_sense_avg:  -1.0000   tns_sense_num: -1
 is current best
CDN_DP_region_5_1_c4 in uart_tx_DATA_BITS8_OVER_SAMPLE16: area: 134710080 ,dp = 1 mux = 1 sg = very_fast    worst_clk_period: -1.0000 
    wns: 0  norm_wns:  -1.0000 
    fail_endp: -1 
    tns:  0  tns_per_endp:  -1.0000   norm_tns_per_endp:  -1.0000 
    tns_sense_max:  -1.0000  tns_sense_avg:  -1.0000   tns_sense_num: -1
 is current best
CDN_DP_region_5_1_c5 in uart_tx_DATA_BITS8_OVER_SAMPLE16: area: 134710080 ,dp = 1 mux = 1 sg = very_fast    worst_clk_period: -1.0000 
    wns: 0  norm_wns:  -1.0000 
    fail_endp: -1 
    tns:  0  tns_per_endp:  -1.0000   norm_tns_per_endp:  -1.0000 
    tns_sense_max:  -1.0000  tns_sense_avg:  -1.0000   tns_sense_num: -1
 is current best
CDN_DP_region_5_1_c6 in uart_tx_DATA_BITS8_OVER_SAMPLE16: area: 134710080 ,dp = 1 mux = 1 sg = very_fast    worst_clk_period: -1.0000 
    wns: 0  norm_wns:  -1.0000 
    fail_endp: -1 
    tns:  0  tns_per_endp:  -1.0000   norm_tns_per_endp:  -1.0000 
    tns_sense_max:  -1.0000  tns_sense_avg:  -1.0000   tns_sense_num: -1
 is current best
CDN_DP_region_5_1_c7 in uart_tx_DATA_BITS8_OVER_SAMPLE16: area: 134710080 ,dp = 1 mux = 1 sg = very_fast    worst_clk_period: -1.0000 
    wns: 0  norm_wns:  -1.0000 
    fail_endp: -1 
    tns:  0  tns_per_endp:  -1.0000   norm_tns_per_endp:  -1.0000 
    tns_sense_max:  -1.0000  tns_sense_avg:  -1.0000   tns_sense_num: -1
 is current best
Best config: CDN_DP_region_5_1_c7 in uart_tx_DATA_BITS8_OVER_SAMPLE16: area: 134710080 ,dp = 1 mux = 1 sg = very_fast    worst_clk_period: -1.0000 
    wns: 0  norm_wns:  -1.0000 
    fail_endp: -1 
    tns:  0  tns_per_endp:  -1.0000   norm_tns_per_endp:  -1.0000 
    tns_sense_max:  -1.0000  tns_sense_avg:  -1.0000   tns_sense_num: -1
  Smallest config area : 134710080.  Fastest config wns;  0
##>+----------------------------------------------------------------------------------------------------------------------------------------------------------------+
##>Summary table of configs (Best config is CDN_DP_region_5_1_c7)
##>+----------------------------------------------------------------------------------------------------------------------------------------------------------------+
##>                     0                  1                  2                  3                  4                  5                  6                  7            
##>+----------------------------------------------------------------------------------------------------------------------------------------------------------------+
##>           Area        155758530          134710080          134710080          134710080          134710080          134710080          134710080          134710080  
##>            WNS         +6349.30           +6349.30           +6349.30           +6349.30           +6349.30           +6349.30           +6349.30           +6349.30  
##>            TNS                0                  0                  0                  0                  0                  0                  0                  0  
##>    Num Rewrite                0                  0                  0                  0                  0                  0                  0                  0  
##>     Num Factor                0                  0                  0                  0                  0                  0                  0                  0  
##>      Num Share                0                  0                  0                  0                  0                  0                  0                  0  
##>   Num CmultCse                0                  0                  0                  0                  0                  0                  0                  0  
##>   Num Downsize                0                  0                  0                  0                  0                  0                  0                  0  
##>  Num Speculate                0                  0                  0                  0                  0                  0                  0                  0  
##>     Runtime(s)                0                  0                  0                  0                  0                  0                  0                  0  
+----------------------------------------------------------------------------------------------------------------------------------------------------------------+
##>
##>
##>+------------------------------------------------------------------------------------------------------------------------------------------------------------+
##>Optimization Step DEBUG Table for config CDN_DP_region_5_1_c7
##>
##>                          Step                        Area   ( % Chg)        WNS (Change)        TNS (Change)          Runtime (s)        Comment                   
##>+------------------------------------------------------------------------------------------------------------------------------------------------------------+
##>EquationExtraction              START              155758530 (      )     6349.30 (        )             0 (        )              
##> rewrite                        START              218903880 (+40.54)     6255.60 (  -93.70)             0 (       0)              (a,ar) Expr26_from --> Expr26_to
##>                                  END              332565510 (+51.92)     6255.60 (   +0.00)             0 (       0)           0  
##>                                  END              155758530 ( +0.00)     6349.30 (   +0.00)             0 (       0)           0  
##>createMaxCarrySave              START              155758530 ( +0.00)     6349.30 (   +0.00)             0 (       0)              
##> datapath_rewrite_one_def       START              155758530 ( +0.00)     6349.30 (   +0.00)             0 (       0)              
##>                                  END              155758530 ( +0.00)     6349.30 (   +0.00)             0 (       0)           0  
##> csa_opto                       START              155758530 ( +0.00)     6349.30 (   +0.00)             0 (       0)              
##>                                  END              159968220 ( +2.70)     6349.30 (   +0.00)             0 (       0)           0  
##>                                  END              159968220 ( +2.70)     6349.30 (   +0.00)             0 (       0)           0  
##>canonicalize_by_names           START              159968220 ( +0.00)     6349.30 (   +0.00)             0 (       0)              
##>                                  END              159968220 ( +0.00)     6349.30 (   +0.00)             0 (       0)           0  
##>datapath_rewrite_post_csa_one_  START              159968220 ( +0.00)     6349.30 (   +0.00)             0 (       0)              
##>                                  END              159968220 ( +0.00)     6349.30 (   +0.00)             0 (       0)           0  
##>datapath_csa_factoring_one_gde  START              159968220 ( +0.00)     6349.30 (   +0.00)             0 (       0)              
##>                                  END              159968220 ( +0.00)     6349.30 (   +0.00)             0 (       0)           0  
##>dpopt_share_one_def             START              159968220 ( +0.00)     6349.30 (   +0.00)             0 (       0)              
##>                                  END              159968220 ( +0.00)     6349.30 (   +0.00)             0 (       0)           0  
##>datapath_rewrite_post_share     START              159968220 ( +0.00)     6349.30 (   +0.00)             0 (       0)              
##>                                  END              159968220 ( +0.00)     6349.30 (   +0.00)             0 (       0)           0  
##>dp_combine_const_mult_with_com  START              159968220 ( +0.00)     6349.30 (   +0.00)             0 (       0)              
##>                                  END              159968220 ( +0.00)     6349.30 (   +0.00)             0 (       0)           0  
##>dp_operator_level_decompositio  START              159968220 ( +0.00)     6349.30 (   +0.00)             0 (       0)              
##>                                  END              159968220 ( +0.00)     6349.30 (   +0.00)             0 (       0)           0  
##>selective_flatten_dp_config     START              159968220 ( +0.00)     6349.30 (   +0.00)             0 (       0)              
##>                                  END              159968220 ( +0.00)     6349.30 (   +0.00)             0 (       0)           0  
##>createMaxCarrySave              START              159968220 ( +0.00)     6349.30 (   +0.00)             0 (       0)              
##> datapath_rewrite_one_def       START              159968220 ( +0.00)     6349.30 (   +0.00)             0 (       0)              
##>  fast_cse_elim                 START              159968220 ( +0.00)     6349.30 (   +0.00)             0 (       0)              
##>                                  END              159968220 ( +0.00)     6349.30 (   +0.00)             0 (       0)           0  
##>  fast_cse_elim                 START              159968220 ( +0.00)     6349.30 (   +0.00)             0 (       0)              
##>                                  END              159968220 ( +0.00)     6349.30 (   +0.00)             0 (       0)           0  
##>                                  END              159968220 ( +0.00)     6349.30 (   +0.00)             0 (       0)           0  
##> csa_opto                       START              159968220 ( +0.00)     6349.30 (   +0.00)             0 (       0)              
##>                                  END              159968220 ( +0.00)     6349.30 (   +0.00)             0 (       0)           0  
##>                                  END              159968220 ( +0.00)     6349.30 (   +0.00)             0 (       0)           0  
##>context_based_simplify          START              143129460 (-10.53)     6349.30 (   +0.00)             0 (       0)              
##>                                  END              134710080 ( -5.88)     6349.30 (   +0.00)             0 (       0)           0  
##>group_csa_final_adder_dp        START              134710080 ( +0.00)     6349.30 (   +0.00)             0 (       0)              
##>                                  END              134710080 ( +0.00)     6349.30 (   +0.00)             0 (       0)           0  
##>dpopt_flatten_critical_muxes_i  START              134710080 ( +0.00)     6349.30 (   +0.00)             0 (       0)              
##>                                  END              134710080 ( +0.00)     6349.30 (   +0.00)             0 (       0)           0  
##>create_score                    START              134710080 ( +0.00)     6349.30 (   +0.00)             0 (       0)              
##>                                  END              134710080 ( +0.00)     6349.30 (   +0.00)             0 (       0)           0  
##>+------------------------------------------------------------------------------------------------------------------------------------------------------------+
Committed config: CDN_DP_region_5_1_c7
Info    : Done implementing datapath configurations. [DPOPT-4]
        : Selected 'very_fast' configuration 7 for module 'CDN_DP_region_5_1'.
          Optimizations applied to 'very_fast' configuration:
            rewriting(0), factoring(0), sharing(0), cmultcse(0), downsizing(0), speculation(0)
Info    : Implementing datapath configurations. [DPOPT-3]
        : Implementing datapath configurations for 'CDN_DP_region_4_1'
CSAGen Prep Share:0 Re-Write:0 Speculation: 0
MaxCSA: Successfully built Maximal CSA Expression Expr27
CDN_DP_region_4_1 level = 1 loads = 0 drivers = 1 is driven by : CDN_DP_region_4_0 
CDN_DP_region_4_1_c0 in uart_rx_DATA_BITS8_OVER_SAMPLE16: area: 105242250 ,dp = 1 mux = 1 sg = slow         worst_clk_period: -1.0000 
    wns: 0  norm_wns:  -1.0000 
    fail_endp: -1 
    tns:  0  tns_per_endp:  -1.0000   norm_tns_per_endp:  -1.0000 
    tns_sense_max:  -1.0000  tns_sense_avg:  -1.0000   tns_sense_num: -1
 skipped
CDN_DP_region_4_1_c1 in uart_rx_DATA_BITS8_OVER_SAMPLE16: area: 92613180 ,dp = 1 mux = 1 sg = fast         worst_clk_period: -1.0000 
    wns: 0  norm_wns:  -1.0000 
    fail_endp: -1 
    tns:  0  tns_per_endp:  -1.0000   norm_tns_per_endp:  -1.0000 
    tns_sense_max:  -1.0000  tns_sense_avg:  -1.0000   tns_sense_num: -1
 is current best
CDN_DP_region_4_1_c2 in uart_rx_DATA_BITS8_OVER_SAMPLE16: area: 92613180 ,dp = 1 mux = 1 sg = very_slow    worst_clk_period: -1.0000 
    wns: 0  norm_wns:  -1.0000 
    fail_endp: -1 
    tns:  0  tns_per_endp:  -1.0000   norm_tns_per_endp:  -1.0000 
    tns_sense_max:  -1.0000  tns_sense_avg:  -1.0000   tns_sense_num: -1
 is current best
CDN_DP_region_4_1_c3 in uart_rx_DATA_BITS8_OVER_SAMPLE16: area: 92613180 ,dp = 1 mux = 1 sg = very_fast    worst_clk_period: -1.0000 
    wns: 0  norm_wns:  -1.0000 
    fail_endp: -1 
    tns:  0  tns_per_endp:  -1.0000   norm_tns_per_endp:  -1.0000 
    tns_sense_max:  -1.0000  tns_sense_avg:  -1.0000   tns_sense_num: -1
 is current best
CDN_DP_region_4_1_c4 in uart_rx_DATA_BITS8_OVER_SAMPLE16: area: 92613180 ,dp = 1 mux = 1 sg = very_fast    worst_clk_period: -1.0000 
    wns: 0  norm_wns:  -1.0000 
    fail_endp: -1 
    tns:  0  tns_per_endp:  -1.0000   norm_tns_per_endp:  -1.0000 
    tns_sense_max:  -1.0000  tns_sense_avg:  -1.0000   tns_sense_num: -1
 is current best
CDN_DP_region_4_1_c5 in uart_rx_DATA_BITS8_OVER_SAMPLE16: area: 92613180 ,dp = 1 mux = 1 sg = very_fast    worst_clk_period: -1.0000 
    wns: 0  norm_wns:  -1.0000 
    fail_endp: -1 
    tns:  0  tns_per_endp:  -1.0000   norm_tns_per_endp:  -1.0000 
    tns_sense_max:  -1.0000  tns_sense_avg:  -1.0000   tns_sense_num: -1
 is current best
CDN_DP_region_4_1_c6 in uart_rx_DATA_BITS8_OVER_SAMPLE16: area: 92613180 ,dp = 1 mux = 1 sg = very_fast    worst_clk_period: -1.0000 
    wns: 0  norm_wns:  -1.0000 
    fail_endp: -1 
    tns:  0  tns_per_endp:  -1.0000   norm_tns_per_endp:  -1.0000 
    tns_sense_max:  -1.0000  tns_sense_avg:  -1.0000   tns_sense_num: -1
 is current best
CDN_DP_region_4_1_c7 in uart_rx_DATA_BITS8_OVER_SAMPLE16: area: 92613180 ,dp = 1 mux = 1 sg = very_fast    worst_clk_period: -1.0000 
    wns: 0  norm_wns:  -1.0000 
    fail_endp: -1 
    tns:  0  tns_per_endp:  -1.0000   norm_tns_per_endp:  -1.0000 
    tns_sense_max:  -1.0000  tns_sense_avg:  -1.0000   tns_sense_num: -1
 is current best
Best config: CDN_DP_region_4_1_c7 in uart_rx_DATA_BITS8_OVER_SAMPLE16: area: 92613180 ,dp = 1 mux = 1 sg = very_fast    worst_clk_period: -1.0000 
    wns: 0  norm_wns:  -1.0000 
    fail_endp: -1 
    tns:  0  tns_per_endp:  -1.0000   norm_tns_per_endp:  -1.0000 
    tns_sense_max:  -1.0000  tns_sense_avg:  -1.0000   tns_sense_num: -1
  Smallest config area : 92613180.  Fastest config wns;  0
##>+----------------------------------------------------------------------------------------------------------------------------------------------------------------+
##>Summary table of configs (Best config is CDN_DP_region_4_1_c7)
##>+----------------------------------------------------------------------------------------------------------------------------------------------------------------+
##>                     0                  1                  2                  3                  4                  5                  6                  7            
##>+----------------------------------------------------------------------------------------------------------------------------------------------------------------+
##>           Area        105242250           92613180           92613180           92613180           92613180           92613180           92613180           92613180  
##>            WNS         +6363.00           +6363.00           +6363.00           +6363.00           +6363.00           +6363.00           +6363.00           +6363.00  
##>            TNS                0                  0                  0                  0                  0                  0                  0                  0  
##>    Num Rewrite                0                  0                  0                  0                  0                  0                  0                  0  
##>     Num Factor                0                  0                  0                  0                  0                  0                  0                  0  
##>      Num Share                0                  0                  0                  0                  0                  0                  0                  0  
##>   Num CmultCse                0                  0                  0                  0                  0                  0                  0                  0  
##>   Num Downsize                0                  0                  0                  0                  0                  0                  0                  0  
##>  Num Speculate                0                  0                  0                  0                  0                  0                  0                  0  
##>     Runtime(s)                0                  0                  0                  0                  0                  0                  0                  0  
+----------------------------------------------------------------------------------------------------------------------------------------------------------------+
##>
##>
##>+------------------------------------------------------------------------------------------------------------------------------------------------------------+
##>Optimization Step DEBUG Table for config CDN_DP_region_4_1_c7
##>
##>                          Step                        Area   ( % Chg)        WNS (Change)        TNS (Change)          Runtime (s)        Comment                   
##>+------------------------------------------------------------------------------------------------------------------------------------------------------------+
##>EquationExtraction              START              105242250 (      )     6363.00 (        )             0 (        )              
##> rewrite                        START              143129460 (+36.00)     6363.00 (   +0.00)             0 (       0)              (a,ar) Expr27_from --> Expr27_to
##>                                  END              227323260 (+58.82)     6363.00 (   +0.00)             0 (       0)           0  
##>                                  END              105242250 ( +0.00)     6363.00 (   +0.00)             0 (       0)           0  
##>createMaxCarrySave              START              105242250 ( +0.00)     6363.00 (   +0.00)             0 (       0)              
##> datapath_rewrite_one_def       START              105242250 ( +0.00)     6363.00 (   +0.00)             0 (       0)              
##>                                  END              105242250 ( +0.00)     6363.00 (   +0.00)             0 (       0)           0  
##> csa_opto                       START              105242250 ( +0.00)     6363.00 (   +0.00)             0 (       0)              
##>                                  END              113661630 ( +8.00)     6363.00 (   +0.00)             0 (       0)           0  
##>                                  END              113661630 ( +8.00)     6363.00 (   +0.00)             0 (       0)           0  
##>canonicalize_by_names           START              113661630 ( +0.00)     6363.00 (   +0.00)             0 (       0)              
##>                                  END              113661630 ( +0.00)     6363.00 (   +0.00)             0 (       0)           0  
##>datapath_rewrite_post_csa_one_  START              113661630 ( +0.00)     6363.00 (   +0.00)             0 (       0)              
##>                                  END              113661630 ( +0.00)     6363.00 (   +0.00)             0 (       0)           0  
##>datapath_csa_factoring_one_gde  START              113661630 ( +0.00)     6363.00 (   +0.00)             0 (       0)              
##>                                  END              113661630 ( +0.00)     6363.00 (   +0.00)             0 (       0)           0  
##>dpopt_share_one_def             START              113661630 ( +0.00)     6363.00 (   +0.00)             0 (       0)              
##>                                  END              113661630 ( +0.00)     6363.00 (   +0.00)             0 (       0)           0  
##>datapath_rewrite_post_share     START              113661630 ( +0.00)     6363.00 (   +0.00)             0 (       0)              
##>                                  END              113661630 ( +0.00)     6363.00 (   +0.00)             0 (       0)           0  
##>dp_combine_const_mult_with_com  START              113661630 ( +0.00)     6363.00 (   +0.00)             0 (       0)              
##>                                  END              113661630 ( +0.00)     6363.00 (   +0.00)             0 (       0)           0  
##>dp_operator_level_decompositio  START              113661630 ( +0.00)     6363.00 (   +0.00)             0 (       0)              
##>                                  END              113661630 ( +0.00)     6363.00 (   +0.00)             0 (       0)           0  
##>selective_flatten_dp_config     START              113661630 ( +0.00)     6363.00 (   +0.00)             0 (       0)              
##>                                  END              113661630 ( +0.00)     6363.00 (   +0.00)             0 (       0)           0  
##>createMaxCarrySave              START              113661630 ( +0.00)     6363.00 (   +0.00)             0 (       0)              
##> datapath_rewrite_one_def       START              113661630 ( +0.00)     6363.00 (   +0.00)             0 (       0)              
##>  fast_cse_elim                 START              113661630 ( +0.00)     6363.00 (   +0.00)             0 (       0)              
##>                                  END              113661630 ( +0.00)     6363.00 (   +0.00)             0 (       0)           0  
##>  fast_cse_elim                 START              113661630 ( +0.00)     6363.00 (   +0.00)             0 (       0)              
##>                                  END              113661630 ( +0.00)     6363.00 (   +0.00)             0 (       0)           0  
##>                                  END              113661630 ( +0.00)     6363.00 (   +0.00)             0 (       0)           0  
##> csa_opto                       START              113661630 ( +0.00)     6363.00 (   +0.00)             0 (       0)              
##>                                  END              113661630 ( +0.00)     6363.00 (   +0.00)             0 (       0)           0  
##>                                  END              113661630 ( +0.00)     6363.00 (   +0.00)             0 (       0)           0  
##>context_based_simplify          START               96822870 (-14.81)     6363.00 (   +0.00)             0 (       0)              
##>                                  END               92613180 ( -4.35)     6363.00 (   +0.00)             0 (       0)           0  
##>group_csa_final_adder_dp        START               92613180 ( +0.00)     6363.00 (   +0.00)             0 (       0)              
##>                                  END               92613180 ( +0.00)     6363.00 (   +0.00)             0 (       0)           0  
##>dpopt_flatten_critical_muxes_i  START               92613180 ( +0.00)     6363.00 (   +0.00)             0 (       0)              
##>                                  END               92613180 ( +0.00)     6363.00 (   +0.00)             0 (       0)           0  
##>create_score                    START               92613180 ( +0.00)     6363.00 (   +0.00)             0 (       0)              
##>                                  END               92613180 ( +0.00)     6363.00 (   +0.00)             0 (       0)           0  
##>+------------------------------------------------------------------------------------------------------------------------------------------------------------+
Committed config: CDN_DP_region_4_1_c7
Info    : Done implementing datapath configurations. [DPOPT-4]
        : Selected 'very_fast' configuration 7 for module 'CDN_DP_region_4_1'.
          Optimizations applied to 'very_fast' configuration:
            rewriting(0), factoring(0), sharing(0), cmultcse(0), downsizing(0), speculation(0)
Info    : Done optimizing datapath logic. [DPOPT-2]
        : Done optimizing datapath logic in 'coprocessor'.
Number of big hc bmuxes after = 0
Starting logic reduction [v1.0] (stage: post_rtlopt, startdef: coprocessor, recur: true)
Completed logic reduction (accepts: 0, rejects: 0, runtime: 0.000s)
Starting mux data reorder optimization [v1.0] (stage: post_rtlopt, startdef: coprocessor, recur: true)
Completed mux data reorder optimization (accepts: 0, rejects: 0, runtime: 0.062s)

Stage: post_rtlopt
----------------------------------------------------------
| Transform           | Accepts | Rejects | Runtime (ms) | 
----------------------------------------------------------
| hlo_logic_reduction |       0 |       0 |         0.00 | 
| hlo_mux_reorder     |       0 |       0 |        62.00 | 
----------------------------------------------------------
Starting mux speculation [v1.0] (stage: post_muxopt, startdef: coprocessor, recur: true)
Starting speculation optimization
Completed speculation optimization (accepts:0)
Completed mux speculation (accepts: 0, rejects: 0, runtime: 0.120s)

Stage: post_muxopt
------------------------------------------------------
| Transform       | Accepts | Rejects | Runtime (ms) | 
------------------------------------------------------
| hlo_speculation |       0 |       0 |       120.00 | 
------------------------------------------------------
==================================
Stage : to_generic 
==================================
  =================
   Message Summary
  =================
---------------------------------------------------------------------------------------------------------
|     Id      |  Sev   |Count |                              Message Text                               |
---------------------------------------------------------------------------------------------------------
| CDFG-250    |Info    |    2 |Processing multi-dimensional arrays.                                     |
| CDFG-372    |Info    |   37 |Bitwidth mismatch in assignment.                                         |
|             |        |      |Review and make sure the mismatch is unintentional. Genus can possibly   |
|             |        |      | issue bitwidth mismatch warning for explicit assignments present in RTL |
|             |        |      | as-well-as for implicit assignments inferred by the tool. For example,  |
|             |        |      | in case of enum declaration without value, the tool will implicitly     |
|             |        |      | assign value to the enum variables. It also issues the warning for any  |
|             |        |      | bitwidth mismatch that appears in this implicit assignment.             |
| CDFG-465    |Warning |    2 |Module port is wider than connected signal.                              |
|             |        |      |This may cause simulation mismatches between the original and            |
|             |        |      | synthesized designs.                                                    |
| CDFG-472    |Warning |    4 |Unreachable statements for case item.                                    |
| CDFG-738    |Info    |   19 |Common subexpression eliminated.                                         |
| CDFG-739    |Info    |   19 |Common subexpression kept.                                               |
| CDFG-769    |Info    |    1 |Identified sum-of-products logic to be optimized during syn_generic.     |
| CDFG-818    |Warning |    1 |Using default parameter value for module elaboration.                    |
| CDFG-893    |Info    |    3 |Optimized the MUX created for array read / write or variable shifter.    |
| CWD-19      |Info    |  567 |An implementation was inferred.                                          |
| DPOPT-1     |Info    |    1 |Optimizing datapath logic.                                               |
| DPOPT-2     |Info    |    1 |Done optimizing datapath logic.                                          |
| DPOPT-3     |Info    |    7 |Implementing datapath configurations.                                    |
| DPOPT-4     |Info    |    7 |Done implementing datapath configurations.                               |
| DPOPT-6     |Info    |    1 |Pre-processed datapath logic.                                            |
| DPOPT-10    |Info    |   12 |Optimized a mux chain.                                                   |
| ELAB-1      |Info    |    1 |Elaborating Design.                                                      |
| ELAB-2      |Info    |   20 |Elaborating Subdesign.                                                   |
| ELAB-3      |Info    |    1 |Done Elaborating Design.                                                 |
| ELABUTL-127 |Warning |    1 |Undriven module input port.                                              |
|             |        |      |Run check_design to check 'Undriven Port(s)/Pin(s)                       |
|             |        |      | ' section for all undriven module input ports. It is better to double   |
|             |        |      | confirm with designer if these undriven ports are expected. During      |
|             |        |      | syn_gen the undriven ports are controlled by attribute                  |
|             |        |      | 'hdl_unconnected_value', the default value is 0.                        |
| ELABUTL-131 |Info    |    1 |Undriven module input port.                                              |
|             |        |      |The 'hdl_unconnected_value' attribute controls treatment of undriven     |
|             |        |      | input port.                                                             |
| ELABUTL-132 |Info    |    2 |Unused instance port.                                                    |
|             |        |      |Please check the reported scenario of unconnected instance port to       |
|             |        |      | ensure that it matches the design intent.                               |
| GB-2        |Info    |    8 |Generating Booth encoder for Product-Of-Sum form.                        |
| GB-6        |Info    |   10 |A datapath component has been ungrouped.                                 |
| GLO-12      |Info    |    7 |Replacing a flip-flop with a logic constant 0.                           |
|             |        |      |To prevent this optimization, set the 'optimize_constant_0_flops' root   |
|             |        |      | attribute to 'false' or 'optimize_constant_0_seq' instance attribute to |
|             |        |      | 'false'. You can also see the complete list of deleted sequential with  |
|             |        |      | command 'report sequential -deleted' (on Reason 'constant0').           |
| GLO-34      |Info    |    4 |Deleting instances not driving any primary outputs.                      |
|             |        |      |Optimizations such as constant propagation or redundancy removal could   |
|             |        |      | change the connections so a hierarchical instance does not drive any    |
|             |        |      | primary outputs anymore. To see the list of deleted hierarchical        |
|             |        |      | instances, set the 'information_level' attribute to 2 or above. If the  |
|             |        |      | message is truncated set the message attribute 'truncate' to false to   |
|             |        |      | see the complete list. To prevent this optimization, set the            |
|             |        |      | 'delete_unloaded_insts' root/subdesign attribute to 'false' or          |
|             |        |      | 'preserve' instance attribute to 'true'.                                |
| GLO-40      |Info    |    1 |Combinational hierarchical blocks with identical inputs have been        |
|             |        |      | merged.                                                                 |
|             |        |      |This optimization usually reduces design area. To prevent merging of     |
|             |        |      | combinational hierarchical blocks, set the                              |
|             |        |      | 'merge_combinational_hier_instances' root attribute to 'false' or the   |
|             |        |      | 'merge_combinational_hier_instance' instance attribute to 'false'.      |
| GLO-51      |Info    |   31 |Hierarchical instance automatically ungrouped.                           |
|             |        |      |Hierarchical instances can be automatically ungrouped to allow for       |
|             |        |      | better area or timing optimization. To prevent this ungroup, set the    |
|             |        |      | root-level attribute 'auto_ungroup' to 'none'. You can also prevent     |
|             |        |      | individual ungroup with setting the attribute 'ungroup_ok' of instances |
|             |        |      | or modules to 'false'.                                                  |
| LBR-9       |Warning |   24 |Library cell has no output pins defined.                                 |
|             |        |      |Add the missing output pin(s)                                            |
|             |        |      | , then reload the library. Else the library cell will be marked as      |
|             |        |      | timing model i.e. unusable. Timing_model means that the cell does not   |
|             |        |      | have any defined function. If there is no output pin, Genus will mark   |
|             |        |      | library cell as unusable i.e. the attribute 'usable' will be marked to  |
|             |        |      | 'false' on the libcell. Therefore, the cell is not used for mapping and |
|             |        |      | it will not be picked up from the library for synthesis. If you query   |
|             |        |      | the attribute 'unusable_reason' on the libcell; result will be:         |
|             |        |      | 'Library cell has no output pins.'Note: The message LBR-9 is only for   |
|             |        |      | the logical pins and not for the power_ground pins. Genus will depend   |
|             |        |      | upon the output function defined in the pin group (output pin)          |
|             |        |      | of the cell, to use it for mapping. The pg_pin will not have any        |
|             |        |      | function defined.                                                       |
| LBR-40      |Info    |   11 |An unsupported construct was detected in this library.                   |
|             |        |      |Check to see if this construct is really needed for synthesis. Many      |
|             |        |      | liberty constructs are not actually required.                           |
| LBR-81      |Warning |   12 |Non-monotonic wireload model found.                                      |
|             |        |      |Non-monotonic wireload models can cause problems during synthesis and/or |
|             |        |      | mapping.  Raising some of the points in the curve to give it a          |
|             |        |      | monotonic shape.                                                        |
| LBR-155     |Info    |  134 |Mismatch in unateness between 'timing_sense' attribute and the function. |
|             |        |      |The 'timing_sense' attribute will be respected.                          |
| LBR-161     |Info    |    1 |Setting the maximum print count of this message to 10 if                 |
|             |        |      | information_level is less than 9.                                       |
| LBR-162     |Info    |   67 |Both 'pos_unate' and 'neg_unate' timing_sense arcs have been processed.  |
|             |        |      |Setting the 'timing_sense' to non_unate.                                 |
| LBR-412     |Info    |    1 |Created nominal operating condition.                                     |
|             |        |      |The nominal operating condition is represented, either by the nominal    |
|             |        |      | PVT values specified in the library source                              |
|             |        |      | (via nom_process,nom_voltage and nom_temperature respectively)          |
|             |        |      | , or by the default PVT values (1.0,1.0,1.0).                           |
| PHYS-752    |Info    |    1 |Partition Based Synthesis execution skipped.                             |
| RTLOPT-30   |Info    |   10 |Accepted resource sharing opportunity.                                   |
| RTLOPT-40   |Info    |   13 |Transformed datapath macro.                                              |
| SYNTH-1     |Info    |    1 |Synthesizing.                                                            |
| TIM-1000    |Info    |    1 |Multimode clock gating check is disabled.                                |
---------------------------------------------------------------------------------------------------------
Mapper: Libraries have:
	domain _default_: 328 combo usable cells and 62 sequential usable cells
Multi-threaded constant propagation [1|0] ...
Multi-threaded Virtual Mapping    (8 threads per ST process, 8 of 16 CPUs usable)
==================================
Stage : first_condense 
==================================
  =================
   Message Summary
  =================
---------------------------------------------------------------------------------------------------------
|   Id   |Sev  |Count |                                  Message Text                                   |
---------------------------------------------------------------------------------------------------------
| GB-6   |Info |   47 |A datapath component has been ungrouped.                                         |
| GLO-51 |Info |    6 |Hierarchical instance automatically ungrouped.                                   |
|        |     |      |Hierarchical instances can be automatically ungrouped to allow for better area   |
|        |     |      | or timing optimization. To prevent this ungroup, set the root-level attribute   |
|        |     |      | 'auto_ungroup' to 'none'. You can also prevent individual ungroup with setting  |
|        |     |      | the attribute 'ungroup_ok' of instances or modules to 'false'.                  |
---------------------------------------------------------------------------------------------------------
 
Global mapping target info
==========================
Cost Group 'clk' target slack:   240 ps
Target path end-point (Pin: status_r_reg[1]/d)


State Retention Synthesis Status
================================

Category                        Flops   Percentage
--------------------------------------------------
Total instances                   119        100.0
Excluded from State Retention     119        100.0
    - Will not convert            119        100.0
      - Preserved                   0          0.0
      - Power intent excluded     119        100.0
    - Could not convert             0          0.0
      - Scan type                   0          0.0
      - No suitable cell            0          0.0
State Retention instances           0          0.0
--------------------------------------------------

PBS_Generic_Opt-Post - Elapsed_Time 104, CPU_Time 104.677941
stamp 'PBS_Generic_Opt-Post' being created for table 'pbs_debug'

  Total Time (Wall) |  Stage Time (Wall)  |   % (Wall)   |    Date - Time     |  Memory   | Stage
--------------------+---------------------+--------------+--------------------+-----------+----------------------
 00:00:07(00:00:04) |  00:00:00(00:00:00) |   0.0(  0.0) |    2:50:29 (Sep24) |  498.8 MB | PBS_Generic-Start
--------------------+---------------------+--------------+--------------------+-----------+----------------------
 00:01:51(00:01:48) |  00:01:44(00:01:44) | 100.0(100.0) |    2:52:13 (Sep24) |  953.7 MB | PBS_Generic_Opt-Post
--------------------+---------------------+--------------+--------------------+-----------+----------------------
Number of threads: 8 * 1   (id: pbs_debug, time_info v1.57)
Info: (*N*) indicates data that was populated from previously saved time_info database
Info: CPU time includes time of parent + longest thread
PBS_Generic-Postgen HBO Optimizations - Elapsed_Time 0, CPU_Time 0.0
stamp 'PBS_Generic-Postgen HBO Optimizations' being created for table 'pbs_debug'

  Total Time (Wall) |  Stage Time (Wall)  |   % (Wall)   |    Date - Time     |  Memory   | Stage
--------------------+---------------------+--------------+--------------------+-----------+----------------------
 00:00:07(00:00:04) |  00:00:00(00:00:00) |   0.0(  0.0) |    2:50:29 (Sep24) |  498.8 MB | PBS_Generic-Start
--------------------+---------------------+--------------+--------------------+-----------+----------------------
 00:01:51(00:01:48) |  00:01:44(00:01:44) | 100.0(100.0) |    2:52:13 (Sep24) |  953.7 MB | PBS_Generic_Opt-Post
--------------------+---------------------+--------------+--------------------+-----------+----------------------
 00:01:51(00:01:48) |  00:00:00(00:00:00) |   0.0(  0.0) |    2:52:13 (Sep24) |  953.7 MB | PBS_Generic-Postgen HBO Optimizations
--------------------+---------------------+--------------+--------------------+-----------+----------------------
Number of threads: 8 * 1   (id: pbs_debug, time_info v1.57)
Info: (*N*) indicates data that was populated from previously saved time_info database
Info: CPU time includes time of parent + longest thread
##>=================== Cadence Confidential (Generic-Logical) ===================
##>=================== Cadence Confidential (Generic-Logical) ===================
##>Main Thread Summary:
##>----------------------------------------------------------------------------------------
##>STEP                           Elapsed       WNS       TNS     Insts      Area    Memory
##>----------------------------------------------------------------------------------------
##>G:Initial                            0         -         -      8204    286890       498
##>G:Setup                              0         -         -         -         -         -
##>G:Launch ST                          0         -         -         -         -         -
##>G:Design Partition                   0         -         -         -         -         -
##>G:Create Partition Netlists          0         -         -         -         -         -
##>G:Init Power                         0         -         -         -         -         -
##>G:Budgeting                          0         -         -         -         -         -
##>G:Derenv-DB                          0         -         -         -         -         -
##>G:Debug Outputs                      0         -         -         -         -         -
##>G:ST loading                         0         -         -         -         -         -
##>G:Distributed                        0         -         -         -         -         -
##>G:Timer                              0         -         -         -         -         -
##>G:Assembly                           0         -         -         -         -         -
##>G:DFT                                0         -         -         -         -         -
##>G:Const Prop                         0         -         -      8659     75387       953
##>G:Misc                             104
##>----------------------------------------------------------------------------------------
##>Total Elapsed                      104
##>========================================================================================
Info    : Done synthesizing. [SYNTH-2]
        : Done synthesizing 'coprocessor' to generic gates.
      flow.cputime  flow.realtime  timing.setup.tns  timing.setup.wns  snapshot
UM:*                                                                   syn_gen
##Generic Timing Info for library domain: _default_ typical gate delay: 148.6 ps std_slew: 21.4 ps std_load: 4.9 fF
Info    : Mapping. [SYNTH-4]
        : Mapping 'coprocessor' using 'high' effort.
Mapper: Libraries have:
	domain _default_: 328 combo usable cells and 62 sequential usable cells
Configuring mapper costing (none)
TNS Restructuring config: no_value at stage: map applied.
PBS_TechMap-Start - Elapsed_Time 0, CPU_Time 0.0
stamp 'PBS_TechMap-Start' being created for table 'pbs_debug'

  Total Time (Wall) |  Stage Time (Wall)  |   % (Wall)   |    Date - Time     |  Memory   | Stage
--------------------+---------------------+--------------+--------------------+-----------+----------------------
 00:00:07(00:00:04) |  00:00:00(00:00:00) |   0.0(  0.0) |    2:50:29 (Sep24) |  498.8 MB | PBS_Generic-Start
--------------------+---------------------+--------------+--------------------+-----------+----------------------
 00:01:51(00:01:48) |  00:01:44(00:01:44) | 100.0( 99.0) |    2:52:13 (Sep24) |  953.7 MB | PBS_Generic_Opt-Post
--------------------+---------------------+--------------+--------------------+-----------+----------------------
 00:01:51(00:01:48) |  00:00:00(00:00:00) |   0.0(  0.0) |    2:52:13 (Sep24) |  953.7 MB | PBS_Generic-Postgen HBO Optimizations
--------------------+---------------------+--------------+--------------------+-----------+----------------------
 00:01:51(00:01:49) |  00:00:00(00:00:01) |   0.0(  1.0) |    2:52:14 (Sep24) |  953.7 MB | PBS_TechMap-Start
--------------------+---------------------+--------------+--------------------+-----------+----------------------
Number of threads: 8 * 1   (id: pbs_debug, time_info v1.57)
Info: (*N*) indicates data that was populated from previously saved time_info database
Info: CPU time includes time of parent + longest thread
PBS_TechMap-Premap HBO Optimizations - Elapsed_Time 0, CPU_Time 0.0
stamp 'PBS_TechMap-Premap HBO Optimizations' being created for table 'pbs_debug'

  Total Time (Wall) |  Stage Time (Wall)  |   % (Wall)   |    Date - Time     |  Memory   | Stage
--------------------+---------------------+--------------+--------------------+-----------+----------------------
 00:00:07(00:00:04) |  00:00:00(00:00:00) |   0.0(  0.0) |    2:50:29 (Sep24) |  498.8 MB | PBS_Generic-Start
--------------------+---------------------+--------------+--------------------+-----------+----------------------
 00:01:51(00:01:48) |  00:01:44(00:01:44) | 100.0( 99.0) |    2:52:13 (Sep24) |  953.7 MB | PBS_Generic_Opt-Post
--------------------+---------------------+--------------+--------------------+-----------+----------------------
 00:01:51(00:01:48) |  00:00:00(00:00:00) |   0.0(  0.0) |    2:52:13 (Sep24) |  953.7 MB | PBS_Generic-Postgen HBO Optimizations
--------------------+---------------------+--------------+--------------------+-----------+----------------------
 00:01:51(00:01:49) |  00:00:00(00:00:01) |   0.0(  1.0) |    2:52:14 (Sep24) |  953.7 MB | PBS_TechMap-Start
--------------------+---------------------+--------------+--------------------+-----------+----------------------
 00:01:51(00:01:49) |  00:00:00(00:00:00) |   0.0(  0.0) |    2:52:14 (Sep24) |  953.7 MB | PBS_TechMap-Premap HBO Optimizations
--------------------+---------------------+--------------+--------------------+-----------+----------------------
Number of threads: 8 * 1   (id: pbs_debug, time_info v1.57)
Info: (*N*) indicates data that was populated from previously saved time_info database
Info: CPU time includes time of parent + longest thread
Info    : Partition Based Synthesis execution skipped. [PHYS-752]
        : Design size is less than the partition size '100000' for distributed mapping optimization to kick in.
Mapper: Libraries have:
	domain _default_: 328 combo usable cells and 62 sequential usable cells
Multi-threaded Virtual Mapping    (8 threads per ST process, 8 of 16 CPUs usable)
 
Global mapping target info
==========================
Cost Group 'clk' target slack:   -68 ps
Target path end-point (Pin: result_r_reg[14]/d)

Multi-threaded Technology Mapping (8 threads per ST process, 8 of 16 CPUs usable)
 
Global mapping status
=====================
                                   Group   
                                  Tot Wrst 
                           Total  Weighted 
Operation                   Area   Slacks  
 global_map                47791    -1603 
            Worst cost_group: clk, WNS: -1603.4
            Path: in2_r_reg[12]/CLK --> status_r_reg[1]/D

    Cost Group            Target    Slack    Diff.  Constr.
-----------------------------------------------------------
           clk               -68    -1603     -19%     8064 

 
Global incremental target info
==============================
Cost Group 'clk' target slack: -1603 ps
Target path end-point (Pin: status_r_reg[1]/D (sky130_fd_sc_hd__dfrtp_1/D))

==================================
Stage : global_incr_map 
==================================
  =================
   Message Summary
  =================
---------------------------------------------------------------------------------------------------------
|    Id    |Sev  |Count |                                 Message Text                                  |
---------------------------------------------------------------------------------------------------------
| GLO-51   |Info |    1 |Hierarchical instance automatically ungrouped.                                 |
|          |     |      |Hierarchical instances can be automatically ungrouped to allow for better area |
|          |     |      | or timing optimization. To prevent this ungroup, set the root-level attribute |
|          |     |      | 'auto_ungroup' to 'none'. You can also prevent individual ungroup with        |
|          |     |      | setting the attribute 'ungroup_ok' of instances or modules to 'false'.        |
| PA-7     |Info |    6 |Resetting power analysis results.                                              |
|          |     |      |All computed switching activities are removed.                                 |
| PHYS-752 |Info |    1 |Partition Based Synthesis execution skipped.                                   |
| SYNTH-2  |Info |    1 |Done synthesizing.                                                             |
| SYNTH-4  |Info |    1 |Mapping.                                                                       |
---------------------------------------------------------------------------------------------------------
 
Global incremental optimization status
======================================
                                   Group   
                                  Tot Wrst 
                           Total  Weighted 
Operation                   Area   Slacks  
 global_incr               34404    -1642 
            Worst cost_group: clk, WNS: -1642.6
            Path: in1_r_reg[10]/CLK --> status_r_reg[1]/D

    Cost Group            Target    Slack    Diff.  Constr.
-----------------------------------------------------------
           clk             -1603    -1643      +0%     8064 


State Retention Synthesis Status
================================

Category                        Flops   Percentage
--------------------------------------------------
Total instances                   119        100.0
Excluded from State Retention     119        100.0
    - Will not convert            119        100.0
      - Preserved                   0          0.0
      - Power intent excluded     119        100.0
    - Could not convert             0          0.0
      - Scan type                   0          0.0
      - No suitable cell            0          0.0
State Retention instances           0          0.0
--------------------------------------------------

INFO: skipping constant propagation
PBS_Techmap-Global Mapping - Elapsed_Time 49, CPU_Time 50.07614700000002
stamp 'PBS_Techmap-Global Mapping' being created for table 'pbs_debug'

  Total Time (Wall) |  Stage Time (Wall)  |   % (Wall)   |    Date - Time     |  Memory   | Stage
--------------------+---------------------+--------------+--------------------+-----------+----------------------
 00:00:07(00:00:04) |  00:00:00(00:00:00) |   0.0(  0.0) |    2:50:29 (Sep24) |  498.8 MB | PBS_Generic-Start
--------------------+---------------------+--------------+--------------------+-----------+----------------------
 00:01:51(00:01:48) |  00:01:44(00:01:44) |  67.6( 67.5) |    2:52:13 (Sep24) |  953.7 MB | PBS_Generic_Opt-Post
--------------------+---------------------+--------------+--------------------+-----------+----------------------
 00:01:51(00:01:48) |  00:00:00(00:00:00) |   0.0(  0.0) |    2:52:13 (Sep24) |  953.7 MB | PBS_Generic-Postgen HBO Optimizations
--------------------+---------------------+--------------+--------------------+-----------+----------------------
 00:01:51(00:01:49) |  00:00:00(00:00:01) |   0.0(  0.6) |    2:52:14 (Sep24) |  953.7 MB | PBS_TechMap-Start
--------------------+---------------------+--------------+--------------------+-----------+----------------------
 00:01:51(00:01:49) |  00:00:00(00:00:00) |   0.0(  0.0) |    2:52:14 (Sep24) |  953.7 MB | PBS_TechMap-Premap HBO Optimizations
--------------------+---------------------+--------------+--------------------+-----------+----------------------
 00:02:41(00:02:38) |  00:00:50(00:00:49) |  32.4( 31.8) |    2:53:03 (Sep24) |  949.5 MB | PBS_Techmap-Global Mapping
--------------------+---------------------+--------------+--------------------+-----------+----------------------
Number of threads: 8 * 1   (id: pbs_debug, time_info v1.57)
Info: (*N*) indicates data that was populated from previously saved time_info database
Info: CPU time includes time of parent + longest thread
Warning : Command 'commit_power_intent' cannot proceed as there is no power intent loaded. [CPI-506]
        : Command 'commit_power_intent' requires a valid power_intent to be loaded.
Info    : Wrote formal verification information. [CFM-5]
        : Wrote 'fv/coprocessor/fv_map.fv.json' for netlist 'fv/coprocessor/fv_map.v.gz'.
Info    : Existing dofile found. Copied as fv/coprocessor/rtl_to_fv_map.do~.
Info    : Wrote dofile. [CFM-1]
        : Dofile is 'fv/coprocessor/rtl_to_fv_map.do'.
        : Alias mapping flow is enabled.
PBS_TechMap-Datapath Postmap Operations - Elapsed_Time 1, CPU_Time 0.9782089999999926
stamp 'PBS_TechMap-Datapath Postmap Operations' being created for table 'pbs_debug'

  Total Time (Wall) |  Stage Time (Wall)  |   % (Wall)   |    Date - Time     |  Memory   | Stage
--------------------+---------------------+--------------+--------------------+-----------+----------------------
 00:00:07(00:00:04) |  00:00:00(00:00:00) |   0.0(  0.0) |    2:50:29 (Sep24) |  498.8 MB | PBS_Generic-Start
--------------------+---------------------+--------------+--------------------+-----------+----------------------
 00:01:51(00:01:48) |  00:01:44(00:01:44) |  67.2( 67.1) |    2:52:13 (Sep24) |  953.7 MB | PBS_Generic_Opt-Post
--------------------+---------------------+--------------+--------------------+-----------+----------------------
 00:01:51(00:01:48) |  00:00:00(00:00:00) |   0.0(  0.0) |    2:52:13 (Sep24) |  953.7 MB | PBS_Generic-Postgen HBO Optimizations
--------------------+---------------------+--------------+--------------------+-----------+----------------------
 00:01:51(00:01:49) |  00:00:00(00:00:01) |   0.0(  0.6) |    2:52:14 (Sep24) |  953.7 MB | PBS_TechMap-Start
--------------------+---------------------+--------------+--------------------+-----------+----------------------
 00:01:51(00:01:49) |  00:00:00(00:00:00) |   0.0(  0.0) |    2:52:14 (Sep24) |  953.7 MB | PBS_TechMap-Premap HBO Optimizations
--------------------+---------------------+--------------+--------------------+-----------+----------------------
 00:02:41(00:02:38) |  00:00:50(00:00:49) |  32.2( 31.6) |    2:53:03 (Sep24) |  949.5 MB | PBS_Techmap-Global Mapping
--------------------+---------------------+--------------+--------------------+-----------+----------------------
 00:02:42(00:02:39) |  00:00:00(00:00:01) |   0.6(  0.6) |    2:53:04 (Sep24) |  949.5 MB | PBS_TechMap-Datapath Postmap Operations
--------------------+---------------------+--------------+--------------------+-----------+----------------------
Number of threads: 8 * 1   (id: pbs_debug, time_info v1.57)
Info: (*N*) indicates data that was populated from previously saved time_info database
Info: CPU time includes time of parent + longest thread
PBS_TechMap-Postmap HBO Optimizations - Elapsed_Time 0, CPU_Time -0.020873999999992066
stamp 'PBS_TechMap-Postmap HBO Optimizations' being created for table 'pbs_debug'

  Total Time (Wall) |  Stage Time (Wall)  |   % (Wall)   |    Date - Time     |  Memory   | Stage
--------------------+---------------------+--------------+--------------------+-----------+----------------------
 00:00:07(00:00:04) |  00:00:00(00:00:00) |   0.0(  0.0) |    2:50:29 (Sep24) |  498.8 MB | PBS_Generic-Start
--------------------+---------------------+--------------+--------------------+-----------+----------------------
 00:01:51(00:01:48) |  00:01:44(00:01:44) |  67.2( 67.1) |    2:52:13 (Sep24) |  953.7 MB | PBS_Generic_Opt-Post
--------------------+---------------------+--------------+--------------------+-----------+----------------------
 00:01:51(00:01:48) |  00:00:00(00:00:00) |   0.0(  0.0) |    2:52:13 (Sep24) |  953.7 MB | PBS_Generic-Postgen HBO Optimizations
--------------------+---------------------+--------------+--------------------+-----------+----------------------
 00:01:51(00:01:49) |  00:00:00(00:00:01) |   0.0(  0.6) |    2:52:14 (Sep24) |  953.7 MB | PBS_TechMap-Start
--------------------+---------------------+--------------+--------------------+-----------+----------------------
 00:01:51(00:01:49) |  00:00:00(00:00:00) |   0.0(  0.0) |    2:52:14 (Sep24) |  953.7 MB | PBS_TechMap-Premap HBO Optimizations
--------------------+---------------------+--------------+--------------------+-----------+----------------------
 00:02:41(00:02:38) |  00:00:50(00:00:49) |  32.2( 31.6) |    2:53:03 (Sep24) |  949.5 MB | PBS_Techmap-Global Mapping
--------------------+---------------------+--------------+--------------------+-----------+----------------------
 00:02:42(00:02:39) |  00:00:00(00:00:01) |   0.6(  0.6) |    2:53:04 (Sep24) |  949.5 MB | PBS_TechMap-Datapath Postmap Operations
--------------------+---------------------+--------------+--------------------+-----------+----------------------
 00:02:42(00:02:39) |  00:00:00(00:00:00) |  -0.0(  0.0) |    2:53:04 (Sep24) |  949.5 MB | PBS_TechMap-Postmap HBO Optimizations
--------------------+---------------------+--------------+--------------------+-----------+----------------------
Number of threads: 8 * 1   (id: pbs_debug, time_info v1.57)
Info: (*N*) indicates data that was populated from previously saved time_info database
Info: CPU time includes time of parent + longest thread
 Doing ConstProp on design:coprocessor ... 

Time taken by ConstProp Step: 00:00:01
PBS_TechMap-Postmap Clock Gating - Elapsed_Time 1, CPU_Time 0.0
stamp 'PBS_TechMap-Postmap Clock Gating' being created for table 'pbs_debug'

  Total Time (Wall) |  Stage Time (Wall)  |   % (Wall)   |    Date - Time     |  Memory   | Stage
--------------------+---------------------+--------------+--------------------+-----------+----------------------
 00:00:07(00:00:04) |  00:00:00(00:00:00) |   0.0(  0.0) |    2:50:29 (Sep24) |  498.8 MB | PBS_Generic-Start
--------------------+---------------------+--------------+--------------------+-----------+----------------------
 00:01:51(00:01:48) |  00:01:44(00:01:44) |  67.2( 66.7) |    2:52:13 (Sep24) |  953.7 MB | PBS_Generic_Opt-Post
--------------------+---------------------+--------------+--------------------+-----------+----------------------
 00:01:51(00:01:48) |  00:00:00(00:00:00) |   0.0(  0.0) |    2:52:13 (Sep24) |  953.7 MB | PBS_Generic-Postgen HBO Optimizations
--------------------+---------------------+--------------+--------------------+-----------+----------------------
 00:01:51(00:01:49) |  00:00:00(00:00:01) |   0.0(  0.6) |    2:52:14 (Sep24) |  953.7 MB | PBS_TechMap-Start
--------------------+---------------------+--------------+--------------------+-----------+----------------------
 00:01:51(00:01:49) |  00:00:00(00:00:00) |   0.0(  0.0) |    2:52:14 (Sep24) |  953.7 MB | PBS_TechMap-Premap HBO Optimizations
--------------------+---------------------+--------------+--------------------+-----------+----------------------
 00:02:41(00:02:38) |  00:00:50(00:00:49) |  32.2( 31.4) |    2:53:03 (Sep24) |  949.5 MB | PBS_Techmap-Global Mapping
--------------------+---------------------+--------------+--------------------+-----------+----------------------
 00:02:42(00:02:39) |  00:00:00(00:00:01) |   0.6(  0.6) |    2:53:04 (Sep24) |  949.5 MB | PBS_TechMap-Datapath Postmap Operations
--------------------+---------------------+--------------+--------------------+-----------+----------------------
 00:02:42(00:02:39) |  00:00:00(00:00:00) |  -0.0(  0.0) |    2:53:04 (Sep24) |  949.5 MB | PBS_TechMap-Postmap HBO Optimizations
--------------------+---------------------+--------------+--------------------+-----------+----------------------
 00:02:42(00:02:40) |  00:00:00(00:00:01) |   0.0(  0.6) |    2:53:05 (Sep24) |  949.5 MB | PBS_TechMap-Postmap Clock Gating
--------------------+---------------------+--------------+--------------------+-----------+----------------------
Number of threads: 8 * 1   (id: pbs_debug, time_info v1.57)
Info: (*N*) indicates data that was populated from previously saved time_info database
Info: CPU time includes time of parent + longest thread
-------------------------------------------------------------------------------
 hi_fo_buf                 34404    -1658    -25067         0        0
            Worst cost_group: clk, WNS: -1658.7
            Path: in1_r_reg[10]/CLK --> status_r_reg[1]/D

           Trick     Calls     Accepts   Attempts    Time(secs) 
-----------------------------------------------------------
       hi_fo_buf         0  (        0 /        0 )  0.00

 
Incremental optimization status
===============================
                                   Group   
                                  Tot Wrst     Total - - DRC Totals - -
                           Total  Weighted      Neg      Max       Max 
Operation                   Area   Slacks      Slack    Trans      Cap 
 init_delay                34404    -1658    -25067         0        0
            Worst cost_group: clk, WNS: -1658.7
            Path: in1_r_reg[10]/CLK --> status_r_reg[1]/D
 incr_delay                37711    -1416    -21204         0        0
            Worst cost_group: clk, WNS: -1416.2
            Path: in2_r_reg[11]/CLK --> status_r_reg[1]/D
 incr_delay                38344    -1342    -19876         0        0
            Worst cost_group: clk, WNS: -1342.5
            Path: in2_r_reg[2]/CLK --> status_r_reg[1]/D
 incr_delay                38437    -1321    -19600         0        0
            Worst cost_group: clk, WNS: -1321.6
            Path: in2_r_reg[11]/CLK --> status_r_reg[1]/D
 incr_delay                38493    -1307    -19462         0        0
            Worst cost_group: clk, WNS: -1307.0
            Path: in2_r_reg[11]/CLK --> status_r_reg[1]/D

           Trick     Calls     Accepts   Attempts    Time(secs) 
-----------------------------------------------------------
       crit_upsz       990  (      175 /      191 )  1.55
    plc_bal_star         0  (        0 /        0 )  0.00
     drc_buftimb         0  (        0 /        0 )  0.00
          plc_st       531  (        0 /        0 )  0.00
    plc_st_fence       531  (        0 /        0 )  0.00
        plc_star       531  (        0 /        0 )  0.00
      plc_laf_st       531  (        0 /        0 )  0.00
 plc_laf_st_fence       531  (        0 /        0 )  0.00
     drc_buftims         0  (        0 /        0 )  0.00
            fopt       855  (      123 /      136 )  1.65
   plc_laf_lo_st       526  (        0 /        0 )  0.00
       plc_lo_st       526  (        0 /        0 )  0.00
        mb_split       526  (        0 /        0 )  0.00

 
Local TNS optimization status
=============================
                                   Group   
                                  Tot Wrst     Total - - DRC Totals - -
                           Total  Weighted      Neg      Max       Max 
Operation                   Area   Slacks      Slack    Trans      Cap 
 init_tns                  38493    -1307    -19462         0        0
            Worst cost_group: clk, WNS: -1307.0
            Path: in2_r_reg[11]/CLK --> status_r_reg[1]/D
 incr_tns                  38523    -1284    -18897         0        0
            Worst cost_group: clk, WNS: -1284.0
            Path: in1_r_reg[5]/CLK --> result_r_reg[14]/D
 incr_tns                  38523    -1284    -18897         0        0
            Worst cost_group: clk, WNS: -1284.0
            Path: in1_r_reg[5]/CLK --> result_r_reg[14]/D

           Trick     Calls     Accepts   Attempts    Time(secs) 
-----------------------------------------------------------
    plc_bal_star         0  (        0 /        0 )  0.00
     drc_buftimb         0  (        0 /        0 )  0.00
     drc_buftims         0  (        0 /        0 )  0.00
       crit_upsz       598  (       23 /       65 )  0.43
   plc_laf_lo_st       575  (        0 /        0 )  0.00
       plc_lo_st       575  (        0 /        0 )  0.00
            fopt       575  (        0 /        0 )  0.01
       crit_dnsz       824  (       54 /      162 )  0.75
             dup       521  (        0 /        0 )  0.01
        setup_dn       521  (        0 /        0 )  0.00
        mb_split       521  (        0 /        0 )  0.00

PBS_TechMap-Postmap Cleanup - Elapsed_Time 4, CPU_Time 5.952992999999992
stamp 'PBS_TechMap-Postmap Cleanup' being created for table 'pbs_debug'

  Total Time (Wall) |  Stage Time (Wall)  |   % (Wall)   |    Date - Time     |  Memory   | Stage
--------------------+---------------------+--------------+--------------------+-----------+----------------------
 00:00:07(00:00:04) |  00:00:00(00:00:00) |   0.0(  0.0) |    2:50:29 (Sep24) |  498.8 MB | PBS_Generic-Start
--------------------+---------------------+--------------+--------------------+-----------+----------------------
 00:01:51(00:01:48) |  00:01:44(00:01:44) |  64.8( 65.0) |    2:52:13 (Sep24) |  953.7 MB | PBS_Generic_Opt-Post
--------------------+---------------------+--------------+--------------------+-----------+----------------------
 00:01:51(00:01:48) |  00:00:00(00:00:00) |   0.0(  0.0) |    2:52:13 (Sep24) |  953.7 MB | PBS_Generic-Postgen HBO Optimizations
--------------------+---------------------+--------------+--------------------+-----------+----------------------
 00:01:51(00:01:49) |  00:00:00(00:00:01) |   0.0(  0.6) |    2:52:14 (Sep24) |  953.7 MB | PBS_TechMap-Start
--------------------+---------------------+--------------+--------------------+-----------+----------------------
 00:01:51(00:01:49) |  00:00:00(00:00:00) |   0.0(  0.0) |    2:52:14 (Sep24) |  953.7 MB | PBS_TechMap-Premap HBO Optimizations
--------------------+---------------------+--------------+--------------------+-----------+----------------------
 00:02:41(00:02:38) |  00:00:50(00:00:49) |  31.0( 30.6) |    2:53:03 (Sep24) |  949.5 MB | PBS_Techmap-Global Mapping
--------------------+---------------------+--------------+--------------------+-----------+----------------------
 00:02:42(00:02:39) |  00:00:00(00:00:01) |   0.6(  0.6) |    2:53:04 (Sep24) |  949.5 MB | PBS_TechMap-Datapath Postmap Operations
--------------------+---------------------+--------------+--------------------+-----------+----------------------
 00:02:42(00:02:39) |  00:00:00(00:00:00) |  -0.0(  0.0) |    2:53:04 (Sep24) |  949.5 MB | PBS_TechMap-Postmap HBO Optimizations
--------------------+---------------------+--------------+--------------------+-----------+----------------------
 00:02:42(00:02:40) |  00:00:00(00:00:01) |   0.0(  0.6) |    2:53:05 (Sep24) |  949.5 MB | PBS_TechMap-Postmap Clock Gating
--------------------+---------------------+--------------+--------------------+-----------+----------------------
 00:02:48(00:02:44) |  00:00:05(00:00:04) |   3.7(  2.5) |    2:53:09 (Sep24) |  945.4 MB | PBS_TechMap-Postmap Cleanup
--------------------+---------------------+--------------+--------------------+-----------+----------------------
Number of threads: 8 * 1   (id: pbs_debug, time_info v1.57)
Info: (*N*) indicates data that was populated from previously saved time_info database
Info: CPU time includes time of parent + longest thread
PBS_Techmap-Post_MBCI - Elapsed_Time 0, CPU_Time 0.0
stamp 'PBS_Techmap-Post_MBCI' being created for table 'pbs_debug'

  Total Time (Wall) |  Stage Time (Wall)  |   % (Wall)   |    Date - Time     |  Memory   | Stage
--------------------+---------------------+--------------+--------------------+-----------+----------------------
 00:00:07(00:00:04) |  00:00:00(00:00:00) |   0.0(  0.0) |    2:50:29 (Sep24) |  498.8 MB | PBS_Generic-Start
--------------------+---------------------+--------------+--------------------+-----------+----------------------
 00:01:51(00:01:48) |  00:01:44(00:01:44) |  64.8( 65.0) |    2:52:13 (Sep24) |  953.7 MB | PBS_Generic_Opt-Post
--------------------+---------------------+--------------+--------------------+-----------+----------------------
 00:01:51(00:01:48) |  00:00:00(00:00:00) |   0.0(  0.0) |    2:52:13 (Sep24) |  953.7 MB | PBS_Generic-Postgen HBO Optimizations
--------------------+---------------------+--------------+--------------------+-----------+----------------------
 00:01:51(00:01:49) |  00:00:00(00:00:01) |   0.0(  0.6) |    2:52:14 (Sep24) |  953.7 MB | PBS_TechMap-Start
--------------------+---------------------+--------------+--------------------+-----------+----------------------
 00:01:51(00:01:49) |  00:00:00(00:00:00) |   0.0(  0.0) |    2:52:14 (Sep24) |  953.7 MB | PBS_TechMap-Premap HBO Optimizations
--------------------+---------------------+--------------+--------------------+-----------+----------------------
 00:02:41(00:02:38) |  00:00:50(00:00:49) |  31.0( 30.6) |    2:53:03 (Sep24) |  949.5 MB | PBS_Techmap-Global Mapping
--------------------+---------------------+--------------+--------------------+-----------+----------------------
 00:02:42(00:02:39) |  00:00:00(00:00:01) |   0.6(  0.6) |    2:53:04 (Sep24) |  949.5 MB | PBS_TechMap-Datapath Postmap Operations
--------------------+---------------------+--------------+--------------------+-----------+----------------------
 00:02:42(00:02:39) |  00:00:00(00:00:00) |  -0.0(  0.0) |    2:53:04 (Sep24) |  949.5 MB | PBS_TechMap-Postmap HBO Optimizations
--------------------+---------------------+--------------+--------------------+-----------+----------------------
 00:02:42(00:02:40) |  00:00:00(00:00:01) |   0.0(  0.6) |    2:53:05 (Sep24) |  949.5 MB | PBS_TechMap-Postmap Clock Gating
--------------------+---------------------+--------------+--------------------+-----------+----------------------
 00:02:48(00:02:44) |  00:00:05(00:00:04) |   3.7(  2.5) |    2:53:09 (Sep24) |  945.4 MB | PBS_TechMap-Postmap Cleanup
--------------------+---------------------+--------------+--------------------+-----------+----------------------
 00:02:48(00:02:44) |  00:00:00(00:00:00) |   0.0(  0.0) |    2:53:09 (Sep24) |  945.4 MB | PBS_Techmap-Post_MBCI
--------------------+---------------------+--------------+--------------------+-----------+----------------------
Number of threads: 8 * 1   (id: pbs_debug, time_info v1.57)
Info: (*N*) indicates data that was populated from previously saved time_info database
Info: CPU time includes time of parent + longest thread
##>=================== Cadence Confidential (Mapping-Logical) ===================
##>Main Thread Summary:
##>----------------------------------------------------------------------------------------
##>STEP                           Elapsed       WNS       TNS     Insts      Area    Memory
##>----------------------------------------------------------------------------------------
##>M:Initial                            0         -         -      8659     75387       953
##>M:Pre Cleanup                        0         -         -      8659     75387       953
##>M:Setup                              0         -         -         -         -         -
##>M:Launch ST                          0         -         -         -         -         -
##>M:Design Partition                   0         -         -         -         -         -
##>M:Create Partition Netlists          0         -         -         -         -         -
##>M:Init Power                         0         -         -         -         -         -
##>M:Budgeting                          0         -         -         -         -         -
##>M:Derenv-DB                          0         -         -         -         -         -
##>M:Debug Outputs                      0         -         -         -         -         -
##>M:ST loading                         0         -         -         -         -         -
##>M:Distributed                        0         -         -         -         -         -
##>M:Timer                              0         -         -         -         -         -
##>M:Assembly                           0         -         -         -         -         -
##>M:DFT                                0         -         -         -         -         -
##>M:DP Operations                      1         -         -      6017     34404       949
##>M:Const Prop                         0     -1642     24860      6017     34404       949
##>M:Cleanup                            4     -1284     18897      6944     38523       945
##>M:MBCI                               0         -         -      6944     38523       945
##>M:Const Gate Removal                 0         -         -         -         -         -
##>M:Misc                              51
##>----------------------------------------------------------------------------------------
##>Total Elapsed                       56
##>========================================================================================
Info    : Done mapping. [SYNTH-5]
        : Done mapping 'coprocessor'.
      flow.cputime  flow.realtime  timing.setup.tns  timing.setup.wns  snapshot
UM:*                                                                   syn_map
Info    : Incrementally optimizing. [SYNTH-7]
        : Incrementally optimizing 'coprocessor' using 'high' effort.
 
Incremental optimization status
===============================
                                   Group   
                                  Tot Wrst     Total - - DRC Totals - -
                           Total  Weighted      Neg      Max       Max 
Operation                   Area   Slacks      Slack    Trans      Cap 
 init_iopt                 38523    -1284    -18897         0        0
            Worst cost_group: clk, WNS: -1284.0
            Path: in1_r_reg[5]/CLK --> result_r_reg[14]/D
-------------------------------------------------------------------------------
 const_prop                38523    -1284    -18897         0        0
            Worst cost_group: clk, WNS: -1284.0
            Path: in1_r_reg[5]/CLK --> result_r_reg[14]/D
 simp_cc_inputs            38461    -1283    -18886         0        0
            Worst cost_group: clk, WNS: -1283.8
            Path: in1_r_reg[5]/CLK --> result_r_reg[14]/D
-------------------------------------------------------------------------------
 hi_fo_buf                 38461    -1283    -18886         0        0
            Worst cost_group: clk, WNS: -1283.8
            Path: in1_r_reg[5]/CLK --> result_r_reg[14]/D

           Trick     Calls     Accepts   Attempts    Time(secs) 
-----------------------------------------------------------
       hi_fo_buf         0  (        0 /        0 )  0.00

 
Incremental optimization status
===============================
                                   Group   
                                  Tot Wrst     Total - - DRC Totals - -
                           Total  Weighted      Neg      Max       Max 
Operation                   Area   Slacks      Slack    Trans      Cap 
 init_delay                38461    -1283    -18886         0        0
            Worst cost_group: clk, WNS: -1283.8
            Path: in1_r_reg[5]/CLK --> result_r_reg[14]/D
 incr_delay                40356    -1058    -15108         0        0
            Worst cost_group: clk, WNS: -1058.2
            Path: in1_r_reg[2]/CLK --> status_r_reg[1]/D
 incr_delay                41836     -925    -12984         0        0
            Worst cost_group: clk, WNS: -925.1
            Path: in2_r_reg[2]/CLK --> status_r_reg[1]/D
 incr_delay                41980     -889    -12340         0        0
            Worst cost_group: clk, WNS: -889.7
            Path: in2_r_reg[1]/CLK --> status_r_reg[1]/D
 incr_delay                42153     -858    -11771         0        0
            Worst cost_group: clk, WNS: -858.1
            Path: in2_r_reg[1]/CLK --> status_r_reg[1]/D
 incr_delay                42341     -826    -11230         0        0
            Worst cost_group: clk, WNS: -826.6
            Path: in1_r_reg[4]/CLK --> status_r_reg[1]/D
 incr_delay                42530     -802    -10797         0        0
            Worst cost_group: clk, WNS: -802.4
            Path: in2_r_reg[6]/CLK --> status_r_reg[1]/D
 incr_delay                42647     -784    -10465         0        0
            Worst cost_group: clk, WNS: -784.4
            Path: in2_r_reg[0]/CLK --> status_r_reg[1]/D
 incr_delay                42791     -772    -10286         0        0
            Worst cost_group: clk, WNS: -772.3
            Path: in2_r_reg[2]/CLK --> status_r_reg[1]/D
 incr_delay                42787     -771    -10289         0        0
            Worst cost_group: clk, WNS: -771.1
            Path: in2_r_reg[2]/CLK --> status_r_reg[1]/D
 incr_delay                42800     -769    -10261         0        0
            Worst cost_group: clk, WNS: -769.6
            Path: in2_r_reg[2]/CLK --> status_r_reg[1]/D
 incr_delay                42812     -765    -10205         0        0
            Worst cost_group: clk, WNS: -765.8
            Path: in2_r_reg[2]/CLK --> status_r_reg[1]/D
 incr_delay                42812     -764    -10207         0        0
            Worst cost_group: clk, WNS: -764.4
            Path: in2_r_reg[2]/CLK --> status_r_reg[1]/D
 incr_delay                42824     -764    -10203         0        0
            Worst cost_group: clk, WNS: -764.4
            Path: in2_r_reg[2]/CLK --> status_r_reg[1]/D

           Trick     Calls     Accepts   Attempts    Time(secs) 
-----------------------------------------------------------
        crit_msz      2389  (      354 /      554 )  6.38
       crit_upsz      2015  (      140 /      170 )  2.00
       crit_slew      1497  (       17 /       87 )  1.30
        setup_dn      1304  (        0 /        0 )  0.00
    plc_bal_star         0  (        0 /        0 )  0.00
     drc_buftimb         0  (        0 /        0 )  0.00
          plc_st      1304  (        0 /        0 )  0.00
    plc_st_fence      1304  (        0 /        0 )  0.00
        plc_star      1304  (        0 /        0 )  0.00
      plc_laf_st      1304  (        0 /        0 )  0.00
 plc_laf_st_fence      1304  (        0 /        0 )  0.00
     drc_buftims         0  (        0 /        0 )  0.00
   plc_laf_lo_st      1304  (        0 /        0 )  0.00
       plc_lo_st      1304  (        0 /        0 )  0.00
            fopt      1304  (        0 /        0 )  0.02
       crit_swap      1425  (       11 /       13 )  0.34
       mux2_swap      1308  (        0 /        0 )  0.01
       crit_dnsz      2413  (       26 /       55 )  1.38
       load_swap      1340  (        0 /        0 )  0.52
            fopt      1636  (       83 /      104 )  2.11
        setup_dn      1278  (        0 /        0 )  0.00
       load_isol      1679  (      109 /      129 )  4.12
       load_isol      1290  (        0 /        0 )  0.35
        move_for      1518  (       14 /       19 )  0.58
        move_for      1300  (        4 /        4 )  0.11
          rem_bi      1251  (        0 /        5 )  0.06
         offload      1298  (        1 /        1 )  0.03
          rem_bi      1447  (        8 /       68 )  0.73
         offload      1245  (        0 /        7 )  0.31
           phase      1245  (        0 /        0 )  0.00
        in_phase      1245  (        0 /        0 )  0.00
       merge_bit      1511  (       15 /       60 )  0.75
     merge_idrvr      1266  (        0 /        0 )  0.00
     merge_iload      1266  (        0 /        0 )  0.00
    merge_idload      1542  (       10 /       53 )  0.74
      merge_drvr      1267  (        1 /        3 )  0.03
      merge_load      1258  (        0 /        2 )  0.03
          decomp      1438  (       18 /       19 )  1.19
        p_decomp      1263  (        0 /        0 )  0.48
        levelize      1263  (        0 /        6 )  0.11
        mb_split      1263  (        0 /        0 )  0.00
             dup      1323  (        5 /        5 )  0.25
      mux_retime      1264  (        0 /        2 )  0.01
         buf2inv      1264  (        0 /        0 )  0.00
             exp       132  (        8 /      116 )  1.10
       gate_deco       591  (        3 /        3 )  4.26
       gcomp_tim      3289  (       52 /       78 )  5.36
  inv_pair_2_buf      1364  (        0 /        0 )  0.00

 incr_delay                43144     -467     -6024         0        0
            Worst cost_group: clk, WNS: -467.9
            Path: in1_r_reg[4]/CLK --> status_r_reg[1]/D
 incr_delay                43714     -287     -3427         0        0
            Worst cost_group: clk, WNS: -287.6
            Path: in2_r_reg[7]/CLK --> status_r_reg[1]/D
 incr_delay                43757     -265     -3083         0        0
            Worst cost_group: clk, WNS: -265.8
            Path: in1_r_reg[4]/CLK --> status_r_reg[1]/D
 incr_delay                43802     -135     -1376         0        0
            Worst cost_group: clk, WNS: -135.6
            Path: in1_r_reg[4]/CLK --> status_r_reg[1]/D
 incr_delay                43995      -79      -653         0        0
            Worst cost_group: clk, WNS: -79.2
            Path: in2_r_reg[0]/CLK --> status_r_reg[1]/D
 incr_delay                44333        0         0         0        0
 incr_delay                44333        0         0         0        0

           Trick     Calls     Accepts   Attempts    Time(secs) 
-----------------------------------------------------------
         crr_220       253  (       97 /      247 )  29.31
        crr_glob       965  (       57 /       97 )  2.18
         crr_200       423  (      212 /      415 )  6.87
        crr_glob      3804  (      196 /      212 )  2.03
         crr_300        94  (       23 /       91 )  2.00
        crr_glob       412  (       22 /       23 )  0.29
         crr_400        35  (        2 /       34 )  0.95
        crr_glob        93  (        0 /        2 )  0.05
         crr_111       377  (      142 /      375 )  16.95
        crr_glob      2687  (      102 /      142 )  2.01
         crr_210       184  (       74 /      182 )  6.94
        crr_glob       892  (       57 /       74 )  1.01
         crr_110       324  (      134 /      321 )  7.70
        crr_glob      1713  (      109 /      134 )  1.63
         crr_101         0  (        0 /        0 )  0.00
        crr_glob         0  (        0 /        0 )  0.00
         crr_201         0  (        0 /        0 )  0.00
        crr_glob         0  (        0 /        0 )  0.00
         crr_211         0  (        0 /        0 )  0.00
        crr_glob         0  (        0 /        0 )  0.00
        crit_msz         0  (        0 /        0 )  0.00
       crit_upsz         0  (        0 /        0 )  0.00
       crit_slew         0  (        0 /        0 )  0.00
        setup_dn         0  (        0 /        0 )  0.00
    plc_bal_star         0  (        0 /        0 )  0.00
     drc_buftimb         0  (        0 /        0 )  0.00
          plc_st         0  (        0 /        0 )  0.00
    plc_st_fence         0  (        0 /        0 )  0.00
        plc_star         0  (        0 /        0 )  0.00
      plc_laf_st         0  (        0 /        0 )  0.00
 plc_laf_st_fence         0  (        0 /        0 )  0.00
     drc_buftims         0  (        0 /        0 )  0.00
       plc_lo_st         0  (        0 /        0 )  0.00
            fopt         0  (        0 /        0 )  0.00
       crit_swap         0  (        0 /        0 )  0.00
       mux2_swap         0  (        0 /        0 )  0.00
       crit_dnsz         0  (        0 /        0 )  0.00
       load_swap         0  (        0 /        0 )  0.00
            fopt         0  (        0 /        0 )  0.00
        setup_dn         0  (        0 /        0 )  0.00
       load_isol         0  (        0 /        0 )  0.00
       load_isol         0  (        0 /        0 )  0.00
        move_for         0  (        0 /        0 )  0.00
        move_for         0  (        0 /        0 )  0.00
          rem_bi         0  (        0 /        0 )  0.00
         offload         0  (        0 /        0 )  0.00
          rem_bi         0  (        0 /        0 )  0.00
         offload         0  (        0 /        0 )  0.00
       merge_bit         0  (        0 /        0 )  0.00
     merge_idrvr         0  (        0 /        0 )  0.00
     merge_iload         0  (        0 /        0 )  0.00
    merge_idload         0  (        0 /        0 )  0.00
      merge_drvr         0  (        0 /        0 )  0.00
      merge_load         0  (        0 /        0 )  0.00
           phase         0  (        0 /        0 )  0.00
          decomp         0  (        0 /        0 )  0.00
        p_decomp         0  (        0 /        0 )  0.00
        levelize         0  (        0 /        0 )  0.00
        mb_split         0  (        0 /        0 )  0.00
        in_phase         0  (        0 /        0 )  0.00
             dup         0  (        0 /        0 )  0.00
      mux_retime         0  (        0 /        0 )  0.00
         buf2inv         0  (        0 /        0 )  0.00
             exp         0  (        0 /        0 )  0.00
       gate_deco         0  (        0 /        0 )  0.00
       gcomp_tim         0  (        0 /        0 )  0.00
  inv_pair_2_buf         0  (        0 /        0 )  0.00
 init_drc                  44333        0         0         0        0

           Trick     Calls     Accepts   Attempts    Time(secs) 
-----------------------------------------------------------
          plc_st         0  (        0 /        0 )  0.00
        plc_star         0  (        0 /        0 )  0.00
        drc_bufs         0  (        0 /        0 )  0.00
        drc_fopt         0  (        0 /        0 )  0.00
        drc_bufb         0  (        0 /        0 )  0.00
      simple_buf         0  (        0 /        0 )  0.00
             dup         0  (        0 /        0 )  0.00
       crit_dnsz         0  (        0 /        0 )  0.00
       crit_upsz         0  (        0 /        0 )  0.00
       crit_slew         0  (        0 /        0 )  0.00


           Trick     Calls     Accepts   Attempts    Time(secs) 
-----------------------------------------------------------
          plc_st         0  (        0 /        0 )  0.00
        plc_star         0  (        0 /        0 )  0.00
      drc_buf_sp         0  (        0 /        0 )  0.00
        drc_bufs         0  (        0 /        0 )  0.00
        drc_fopt         0  (        0 /        0 )  0.00
        drc_bufb         0  (        0 /        0 )  0.00
      simple_buf         0  (        0 /        0 )  0.00
             dup         0  (        0 /        0 )  0.00
       crit_dnsz         0  (        0 /        0 )  0.00
       crit_upsz         0  (        0 /        0 )  0.00


           Trick     Calls     Accepts   Attempts    Time(secs) 
-----------------------------------------------------------
          plc_st         0  (        0 /        0 )  0.00
        plc_star         0  (        0 /        0 )  0.00
      drc_buf_sp         0  (        0 /        0 )  0.00
        drc_bufs         0  (        0 /        0 )  0.00
        drc_fopt         0  (        0 /        0 )  0.00
        drc_bufb         0  (        0 /        0 )  0.00
             dup         0  (        0 /        0 )  0.00
       crit_dnsz         0  (        0 /        0 )  0.00
       crit_upsz         0  (        0 /        0 )  0.00

 init_tns                  44333        0         0         0        0

           Trick     Calls     Accepts   Attempts    Time(secs) 
-----------------------------------------------------------
            fopt         0  (        0 /        0 )  0.00
    plc_bal_star         0  (        0 /        0 )  0.00
     drc_buftimb         0  (        0 /        0 )  0.00
     drc_buftims         0  (        0 /        0 )  0.00
        crit_msz         0  (        0 /        0 )  0.00
       crit_upsz         0  (        0 /        0 )  0.00
   plc_laf_lo_st         0  (        0 /        0 )  0.00
       plc_lo_st         0  (        0 /        0 )  0.00
       crit_swap         0  (        0 /        0 )  0.00
       mux2_swap         0  (        0 /        0 )  0.00
       crit_dnsz         0  (        0 /        0 )  0.00
       load_swap         0  (        0 /        0 )  0.00
            fopt         0  (        0 /        0 )  0.00
        setup_dn         0  (        0 /        0 )  0.00
       load_isol         0  (        0 /        0 )  0.00
       load_isol         0  (        0 /        0 )  0.00
        move_for         0  (        0 /        0 )  0.00
        move_for         0  (        0 /        0 )  0.00
          rem_bi         0  (        0 /        0 )  0.00
         offload         0  (        0 /        0 )  0.00
          rem_bi         0  (        0 /        0 )  0.00
         offload         0  (        0 /        0 )  0.00
       merge_bit         0  (        0 /        0 )  0.00
     merge_idrvr         0  (        0 /        0 )  0.00
     merge_iload         0  (        0 /        0 )  0.00
    merge_idload         0  (        0 /        0 )  0.00
      merge_drvr         0  (        0 /        0 )  0.00
      merge_load         0  (        0 /        0 )  0.00
           phase         0  (        0 /        0 )  0.00
          decomp         0  (        0 /        0 )  0.00
        p_decomp         0  (        0 /        0 )  0.00
        levelize         0  (        0 /        0 )  0.00
        mb_split         0  (        0 /        0 )  0.00
             dup         0  (        0 /        0 )  0.00
      mux_retime         0  (        0 /        0 )  0.00
       crr_local         0  (        0 /        0 )  0.00
         buf2inv         0  (        0 /        0 )  0.00

 init_area                 44333        0         0         0        0
 undup                     44286        0         0         0        0
 rem_buf                   42487        0         0         0        0
 rem_inv                   39948        0         0         0        0
 merge_bi                  38748        0         0         0        0
 merge_bi                  38718        0         0         0        0
 merge_bi                  38546        0         0         0        0
 rem_inv_qb                38544        0         0         0        0
 seq_res_area              38543        0         0         0        0
 io_phase                  38336        0         0         0        0
 gate_comp                 37866        0         0         0        0
 glob_area                 37178        0         0         0        0
 area_down                 36959        0         0         0        0
 rem_buf                   36808        0         0         0        0
 rem_inv                   36636        0         0         0        0
 merge_bi                  36558        0         0         0        0
 merge_bi                  36556        0         0         0        0

           Trick     Calls     Accepts   Attempts    Time(secs) 
-----------------------------------------------------------
           undup        24  (       11 /       15 )  0.09
         rem_buf       576  (      343 /      361 )  1.05
         rem_inv      1203  (      647 /      683 )  1.77
        merge_bi       612  (      384 /      433 )  1.54
      rem_inv_qb         1  (        1 /        1 )  0.00
    seq_res_area         9  (        1 /        2 )  0.53
        io_phase       488  (      118 /      125 )  0.88
       gate_comp      2017  (      142 /      168 )  3.18
       gcomp_mog         9  (        0 /        0 )  0.24
       glob_area       189  (      158 /      189 )  1.32
       area_down       189  (       71 /       86 )  0.93
      size_n_buf         1  (        0 /        0 )  0.01
  gate_deco_area         0  (        0 /        0 )  0.00
         rem_buf       227  (       37 /       42 )  0.34
         rem_inv       351  (       52 /       66 )  0.54
        merge_bi       194  (       25 /       54 )  0.49
      rem_inv_qb         0  (        0 /        0 )  0.00

 
Incremental optimization status
===============================
                                   Group   
                                  Tot Wrst     Total - - DRC Totals - -
                           Total  Weighted      Neg      Max       Max 
Operation                   Area   Slacks      Slack    Trans      Cap 
 init_delay                36556        0         0         0        0

           Trick     Calls     Accepts   Attempts    Time(secs) 
-----------------------------------------------------------
         crr_220         0  (        0 /        0 )  0.00
        crr_glob         0  (        0 /        0 )  0.00
         crr_200         0  (        0 /        0 )  0.00
        crr_glob         0  (        0 /        0 )  0.00
         crr_300         0  (        0 /        0 )  0.00
        crr_glob         0  (        0 /        0 )  0.00
         crr_400         0  (        0 /        0 )  0.00
        crr_glob         0  (        0 /        0 )  0.00
         crr_111         0  (        0 /        0 )  0.00
        crr_glob         0  (        0 /        0 )  0.00
         crr_210         0  (        0 /        0 )  0.00
        crr_glob         0  (        0 /        0 )  0.00
         crr_110         0  (        0 /        0 )  0.00
        crr_glob         0  (        0 /        0 )  0.00
         crr_101         0  (        0 /        0 )  0.00
        crr_glob         0  (        0 /        0 )  0.00
         crr_201         0  (        0 /        0 )  0.00
        crr_glob         0  (        0 /        0 )  0.00
         crr_211         0  (        0 /        0 )  0.00
        crr_glob         0  (        0 /        0 )  0.00
        crit_msz         0  (        0 /        0 )  0.00
       crit_upsz         0  (        0 /        0 )  0.00
       crit_slew         0  (        0 /        0 )  0.00
        setup_dn         0  (        0 /        0 )  0.00
    plc_bal_star         0  (        0 /        0 )  0.00
     drc_buftimb         0  (        0 /        0 )  0.00
          plc_st         0  (        0 /        0 )  0.00
    plc_st_fence         0  (        0 /        0 )  0.00
        plc_star         0  (        0 /        0 )  0.00
      plc_laf_st         0  (        0 /        0 )  0.00
 plc_laf_st_fence         0  (        0 /        0 )  0.00
     drc_buftims         0  (        0 /        0 )  0.00
       plc_lo_st         0  (        0 /        0 )  0.00
            fopt         0  (        0 /        0 )  0.00
       crit_swap         0  (        0 /        0 )  0.00
       mux2_swap         0  (        0 /        0 )  0.00
       crit_dnsz         0  (        0 /        0 )  0.00
       load_swap         0  (        0 /        0 )  0.00
            fopt         0  (        0 /        0 )  0.00
        setup_dn         0  (        0 /        0 )  0.00
       load_isol         0  (        0 /        0 )  0.00
       load_isol         0  (        0 /        0 )  0.00
        move_for         0  (        0 /        0 )  0.00
        move_for         0  (        0 /        0 )  0.00
          rem_bi         0  (        0 /        0 )  0.00
         offload         0  (        0 /        0 )  0.00
          rem_bi         0  (        0 /        0 )  0.00
         offload         0  (        0 /        0 )  0.00
       merge_bit         0  (        0 /        0 )  0.00
     merge_idrvr         0  (        0 /        0 )  0.00
     merge_iload         0  (        0 /        0 )  0.00
    merge_idload         0  (        0 /        0 )  0.00
      merge_drvr         0  (        0 /        0 )  0.00
      merge_load         0  (        0 /        0 )  0.00
           phase         0  (        0 /        0 )  0.00
          decomp         0  (        0 /        0 )  0.00
        p_decomp         0  (        0 /        0 )  0.00
        levelize         0  (        0 /        0 )  0.00
        mb_split         0  (        0 /        0 )  0.00
        in_phase         0  (        0 /        0 )  0.00
             dup         0  (        0 /        0 )  0.00
      mux_retime         0  (        0 /        0 )  0.00
         buf2inv         0  (        0 /        0 )  0.00
             exp         0  (        0 /        0 )  0.00
       gate_deco         0  (        0 /        0 )  0.00
       gcomp_tim         0  (        0 /        0 )  0.00
  inv_pair_2_buf         0  (        0 /        0 )  0.00
 init_drc                  36556        0         0         0        0

           Trick     Calls     Accepts   Attempts    Time(secs) 
-----------------------------------------------------------
          plc_st         0  (        0 /        0 )  0.00
        plc_star         0  (        0 /        0 )  0.00
        drc_bufs         0  (        0 /        0 )  0.00
        drc_fopt         0  (        0 /        0 )  0.00
        drc_bufb         0  (        0 /        0 )  0.00
      simple_buf         0  (        0 /        0 )  0.00
             dup         0  (        0 /        0 )  0.00
       crit_dnsz         0  (        0 /        0 )  0.00
       crit_upsz         0  (        0 /        0 )  0.00
       crit_slew         0  (        0 /        0 )  0.00


           Trick     Calls     Accepts   Attempts    Time(secs) 
-----------------------------------------------------------
          plc_st         0  (        0 /        0 )  0.00
        plc_star         0  (        0 /        0 )  0.00
        drc_bufs         0  (        0 /        0 )  0.00
        drc_fopt         0  (        0 /        0 )  0.00
        drc_bufb         0  (        0 /        0 )  0.00
      simple_buf         0  (        0 /        0 )  0.00
             dup         0  (        0 /        0 )  0.00
       crit_dnsz         0  (        0 /        0 )  0.00
       crit_upsz         0  (        0 /        0 )  0.00


           Trick     Calls     Accepts   Attempts    Time(secs) 
-----------------------------------------------------------
          plc_st         0  (        0 /        0 )  0.00
        plc_star         0  (        0 /        0 )  0.00
        drc_bufs         0  (        0 /        0 )  0.00
        drc_fopt         0  (        0 /        0 )  0.00
        drc_bufb         0  (        0 /        0 )  0.00
             dup         0  (        0 /        0 )  0.00
       crit_dnsz         0  (        0 /        0 )  0.00
       crit_upsz         0  (        0 /        0 )  0.00

 init_tns                  36556        0         0         0        0

           Trick     Calls     Accepts   Attempts    Time(secs) 
-----------------------------------------------------------
            fopt         0  (        0 /        0 )  0.00
    plc_bal_star         0  (        0 /        0 )  0.00
     drc_buftimb         0  (        0 /        0 )  0.00
     drc_buftims         0  (        0 /        0 )  0.00
        crit_msz         0  (        0 /        0 )  0.00
       crit_upsz         0  (        0 /        0 )  0.00
   plc_laf_lo_st         0  (        0 /        0 )  0.00
       plc_lo_st         0  (        0 /        0 )  0.00
       crit_swap         0  (        0 /        0 )  0.00
       mux2_swap         0  (        0 /        0 )  0.00
       crit_dnsz         0  (        0 /        0 )  0.00
       load_swap         0  (        0 /        0 )  0.00
            fopt         0  (        0 /        0 )  0.00
        setup_dn         0  (        0 /        0 )  0.00
       load_isol         0  (        0 /        0 )  0.00
       load_isol         0  (        0 /        0 )  0.00
        move_for         0  (        0 /        0 )  0.00
        move_for         0  (        0 /        0 )  0.00
          rem_bi         0  (        0 /        0 )  0.00
         offload         0  (        0 /        0 )  0.00
          rem_bi         0  (        0 /        0 )  0.00
         offload         0  (        0 /        0 )  0.00
       merge_bit         0  (        0 /        0 )  0.00
     merge_idrvr         0  (        0 /        0 )  0.00
     merge_iload         0  (        0 /        0 )  0.00
    merge_idload         0  (        0 /        0 )  0.00
      merge_drvr         0  (        0 /        0 )  0.00
      merge_load         0  (        0 /        0 )  0.00
           phase         0  (        0 /        0 )  0.00
          decomp         0  (        0 /        0 )  0.00
        p_decomp         0  (        0 /        0 )  0.00
        levelize         0  (        0 /        0 )  0.00
        mb_split         0  (        0 /        0 )  0.00
             dup         0  (        0 /        0 )  0.00
      mux_retime         0  (        0 /        0 )  0.00
       crr_local         0  (        0 /        0 )  0.00
         buf2inv         0  (        0 /        0 )  0.00

 init_area                 36556        0         0         0        0
 undup                     36544        0         0         0        0
 rem_buf                   36539        0         0         0        0
 rem_inv                   36518        0         0         0        0
 io_phase                  36491        0         0         0        0
 gate_comp                 36459        0         0         0        0
 glob_area                 36405        0         0         0        0
 area_down                 36369        0         0         0        0

           Trick     Calls     Accepts   Attempts    Time(secs) 
-----------------------------------------------------------
           undup        16  (        3 /        3 )  0.04
         rem_buf       190  (        2 /        5 )  0.20
         rem_inv       283  (        7 /       18 )  0.38
        merge_bi       166  (        0 /       28 )  0.41
      rem_inv_qb         0  (        0 /        0 )  0.00
        io_phase       311  (       12 /       25 )  0.45
       gate_comp      1802  (       10 /       49 )  3.26
       gcomp_mog         9  (        0 /        0 )  0.28
       glob_area       123  (       26 /      123 )  1.07
       area_down       162  (       15 /       24 )  0.62
      size_n_buf         0  (        0 /        0 )  0.01
  gate_deco_area         0  (        0 /        0 )  0.00

 
Incremental optimization status
===============================
                                   Group   
                                  Tot Wrst     Total - - DRC Totals - -
                           Total  Weighted      Neg      Max       Max 
Operation                   Area   Slacks      Slack    Trans      Cap 
 init_delay                36369        0         0         0        0

           Trick     Calls     Accepts   Attempts    Time(secs) 
-----------------------------------------------------------
        crit_msz         0  (        0 /        0 )  0.00
       crit_upsz         0  (        0 /        0 )  0.00
       crit_slew         0  (        0 /        0 )  0.00
        setup_dn         0  (        0 /        0 )  0.00
    plc_bal_star         0  (        0 /        0 )  0.00
     drc_buftimb         0  (        0 /        0 )  0.00
          plc_st         0  (        0 /        0 )  0.00
    plc_st_fence         0  (        0 /        0 )  0.00
        plc_star         0  (        0 /        0 )  0.00
      plc_laf_st         0  (        0 /        0 )  0.00
 plc_laf_st_fence         0  (        0 /        0 )  0.00
     drc_buftims         0  (        0 /        0 )  0.00
   plc_laf_lo_st         0  (        0 /        0 )  0.00
       plc_lo_st         0  (        0 /        0 )  0.00
            fopt         0  (        0 /        0 )  0.00
       crit_swap         0  (        0 /        0 )  0.00
       mux2_swap         0  (        0 /        0 )  0.00
       crit_dnsz         0  (        0 /        0 )  0.00
       load_swap         0  (        0 /        0 )  0.00
            fopt         0  (        0 /        0 )  0.00
        setup_dn         0  (        0 /        0 )  0.00
       load_isol         0  (        0 /        0 )  0.00
       load_isol         0  (        0 /        0 )  0.00
        move_for         0  (        0 /        0 )  0.00
        move_for         0  (        0 /        0 )  0.00
          rem_bi         0  (        0 /        0 )  0.00
         offload         0  (        0 /        0 )  0.00
          rem_bi         0  (        0 /        0 )  0.00
         offload         0  (        0 /        0 )  0.00
           phase         0  (        0 /        0 )  0.00
        in_phase         0  (        0 /        0 )  0.00
       merge_bit         0  (        0 /        0 )  0.00
     merge_idrvr         0  (        0 /        0 )  0.00
     merge_iload         0  (        0 /        0 )  0.00
    merge_idload         0  (        0 /        0 )  0.00
      merge_drvr         0  (        0 /        0 )  0.00
      merge_load         0  (        0 /        0 )  0.00
          decomp         0  (        0 /        0 )  0.00
        p_decomp         0  (        0 /        0 )  0.00
        levelize         0  (        0 /        0 )  0.00
        mb_split         0  (        0 /        0 )  0.00
             dup         0  (        0 /        0 )  0.00
      mux_retime         0  (        0 /        0 )  0.00
         buf2inv         0  (        0 /        0 )  0.00
             exp         0  (        0 /        0 )  0.00
       gate_deco         0  (        0 /        0 )  0.00
       gcomp_tim         0  (        0 /        0 )  0.00
  inv_pair_2_buf         0  (        0 /        0 )  0.00

 init_drc                  36369        0         0         0        0

           Trick     Calls     Accepts   Attempts    Time(secs) 
-----------------------------------------------------------
          plc_st         0  (        0 /        0 )  0.00
        plc_star         0  (        0 /        0 )  0.00
        drc_bufs         0  (        0 /        0 )  0.00
        drc_fopt         0  (        0 /        0 )  0.00
        drc_bufb         0  (        0 /        0 )  0.00
      simple_buf         0  (        0 /        0 )  0.00
             dup         0  (        0 /        0 )  0.00
       crit_dnsz         0  (        0 /        0 )  0.00
       crit_upsz         0  (        0 /        0 )  0.00
       crit_slew         0  (        0 /        0 )  0.00


           Trick     Calls     Accepts   Attempts    Time(secs) 
-----------------------------------------------------------
          plc_st         0  (        0 /        0 )  0.00
        plc_star         0  (        0 /        0 )  0.00
        drc_bufs         0  (        0 /        0 )  0.00
        drc_fopt         0  (        0 /        0 )  0.00
        drc_bufb         0  (        0 /        0 )  0.00
      simple_buf         0  (        0 /        0 )  0.00
             dup         0  (        0 /        0 )  0.00
       crit_dnsz         0  (        0 /        0 )  0.00
       crit_upsz         0  (        0 /        0 )  0.00


           Trick     Calls     Accepts   Attempts    Time(secs) 
-----------------------------------------------------------
          plc_st         0  (        0 /        0 )  0.00
        plc_star         0  (        0 /        0 )  0.00
        drc_bufs         0  (        0 /        0 )  0.00
        drc_fopt         0  (        0 /        0 )  0.00
        drc_bufb         0  (        0 /        0 )  0.00
             dup         0  (        0 /        0 )  0.00
       crit_dnsz         0  (        0 /        0 )  0.00
       crit_upsz         0  (        0 /        0 )  0.00

==================================
Stage : incr_opt 
==================================
  =================
   Message Summary
  =================
---------------------------------------------------------------------------------------------------------
|   Id    |  Sev   |Count |                                Message Text                                 |
---------------------------------------------------------------------------------------------------------
| CFM-1   |Info    |    1 |Wrote dofile.                                                                |
| CFM-5   |Info    |    1 |Wrote formal verification information.                                       |
| CPI-506 |Warning |    1 |Command 'commit_power_intent' cannot proceed as there is no power intent     |
|         |        |      | loaded.                                                                     |
| PA-7    |Info    |    4 |Resetting power analysis results.                                            |
|         |        |      |All computed switching activities are removed.                               |
| SYNTH-5 |Info    |    1 |Done mapping.                                                                |
| SYNTH-7 |Info    |    1 |Incrementally optimizing.                                                    |
---------------------------------------------------------------------------------------------------------
Info    : Done incrementally optimizing. [SYNTH-8]
        : Done incrementally optimizing 'coprocessor'.
      flow.cputime  flow.realtime  timing.setup.tns  timing.setup.wns  snapshot
UM:*                                                                   syn_opt
Info    : Joules engine is used. [RPT-16]
        : Joules engine is being used for the command report_power.
Info   : ACTP-0001 [ACTPInfo] Activity propagation started for stim#0 netlist
       : coprocessor
Info   : ACTP-0009 [ACTPInfo] Activity Propagation Progress Report :   0%   1%   2%   3%   4%   5%   6%   7%   8%   9%  10%  11%  12%  13%  14%  15%  16%  17%  18%  19%  20%  21%  22%  23%  24%  25%  26%  27%  28%  29%  30%  31%  32%  33%  34%  35%  36%  37%  38%  39%  40%  41%  42%  43%  44%  45%  46%  47%  48%  49%  50%  51%  52%  53%  54%  55%  56%  57%  58%  59%  60%  61%  62%  63%  64%  65%  66%  67%  68%  69%  70%  71%  72%  73%  74%  75%  76%  77%  78%  79%  80%  81%  82%  83%  84%  85%  86%  87%  88%  89%  90%  91%  92%  93%  94%  95%  96%  97%  98%  99% 100%
Info   : ACTP-0001 Activity propagation ended for stim#0
Info   : PWRA-0001 [PwrInfo] compute_power effective options 
       : -mode : vectorless
       : -skip_propagation : 1
       : -frequency_scaling_factor : 1.0
       : -use_clock_freq : stim
       : -stim :/stim#0
       : -fromGenus : 1
Info   : ACTP-0001 Timing initialization started
Info   : ACTP-0001 Timing initialization ended
Info   : PWRA-0002 [PwrInfo] Skipping activity propagation due to -skip_ap
       : option....
Warning: PWRA-0302 [PwrWarn] Frequency scaling is not applicable for vectorless
       : flow. Ignoring frequency scaling.
Warning: PWRA-0304 [PwrWarn] -stim option is not applicable with vectorless mode
       : of power analysis, ignored this option.
Info   : PWRA-0002 Started 'vectorless' power computation.
Info   : PWRA-0009 [PwrInfo] Power Computation Progress Report :  15%  31%  47%  63%  84% 100%
Info   : PWRA-0002 Finished power computation.
Info   : PWRA-0007 [PwrInfo] Completed successfully.
       : Info=6, Warn=2, Error=0, Fatal=0
Output file: ./sweep_fresh/power_124.rpt
Finished SDC export (command execution time mm:ss (real) = 00:00).
@file(fresh_point.tcl) 93: set area_out [expr {$area_val eq "" ? "NA" : $area_val}]
@file(fresh_point.tcl) 94: set wns_out  [expr {$wns_ns   eq "" ? "NA" : $wns_ns}]
@file(fresh_point.tcl) 95: set leak_out [expr {$leak_val eq "" ? "NA" : $leak_val}]
@file(fresh_point.tcl) 96: set dyn_out  [expr {$dyn_val  eq "" ? "NA" : $dyn_val}]
@file(fresh_point.tcl) 97: set tot_out  [expr {$tot_val  eq "" ? "NA" : $tot_val}]
@file(fresh_point.tcl) 98: set timing_met [passes $wns_ns]
@file(fresh_point.tcl) 99: set fh [open $OUT_DIR/row_${FREQ}.csv w]
@file(fresh_point.tcl) 100: puts -nonewline $fh "$FREQ,$period,$wns_out,NA,$area_out,$leak_out,$dyn_out,$tot_out,$timing_met"
@file(fresh_point.tcl) 101: close $fh
@file(fresh_point.tcl) 103: exit

Lic Summary:
[02:55:27.450953] Cdslmd servers: cadence-c2s
[02:55:27.450962] Feature usage summary:
[02:55:27.450963] Genus_Synthesis

