Cadence Genus(TM) Synthesis Solution.
Copyright 2022 Cadence Design Systems, Inc. All rights reserved worldwide.
Cadence and the Cadence logo are registered trademarks and Genus is a trademark
of Cadence Design Systems, Inc. in the United States and other countries.

[02:31:12.275785] Configured Lic search path (21.01-s002): 5280@14.139.1.126

Version: 21.14-s082_1, built Thu Jun 23 02:02:08 PDT 2022
Options: -files fresh_point.tcl -no_gui -log ./sweep_fresh/genus_132.log 
Date:    Thu Sep 24 02:31:12 2026
Host:    vlsiece24.iitr.ac.in (x86_64 w/Linux 4.18.0-553.105.1.el8_10.x86_64) (8cores*16cpus*1physical cpu*11th Gen Intel(R) Core(TM) i7-11700 @ 2.50GHz 16384KB) (15841608KB)
PID:     1871516
OS:      Red Hat Enterprise Linux release 8.10 (Ootpa)


[02:31:13.392611] Periodic Lic check successful
[02:31:13.392617] Feature usage summary:
[02:31:13.392617] Genus_Synthesis
Checking out license: Genus_Synthesis


***********************************************************************************************************
***********************************************************************************************************



Loading tool scripts...
Finished loading tool scripts (5 seconds elapsed).

#@ Processing -files option
@genus 1> source fresh_point.tcl
#@ Begin verbose source ./fresh_point.tcl
@file(fresh_point.tcl) 8: set FREQ    $::env(FREQ)
@file(fresh_point.tcl) 9: set OUT_DIR $::env(OUT_DIR)
@file(fresh_point.tcl) 11: set TOP_MODULE   "coprocessor"
@file(fresh_point.tcl) 12: set RTL_DIR      "../../rtl"
@file(fresh_point.tcl) 13: set RTL_FILES [list \
    $RTL_DIR/posit_primitives.sv \
    $RTL_DIR/posit_decoder.sv \
    $RTL_DIR/posit_encoder.sv \
    $RTL_DIR/posit_addsub.sv \
    $RTL_DIR/posit_muldiv.sv \
    $RTL_DIR/posit_to_float.sv \
    $RTL_DIR/float_to_posit.sv \
    $RTL_DIR/posit_arithmetic.sv \
    $RTL_DIR/uart_head.sv \
    $RTL_DIR/coprocessor.sv \
]
@file(fresh_point.tcl) 25: set LIB_FILES    "../lib/sky130_fd_sc_hd__tt_025C_1v80.lib"
@file(fresh_point.tcl) 26: set IO_DELAY_FRAC 0.1
@file(fresh_point.tcl) 28: file mkdir $OUT_DIR
@file(fresh_point.tcl) 30: proc parse_wns_ns ...
@file(fresh_point.tcl) 40: proc passes ...
@file(fresh_point.tcl) 44: set_db init_lib_search_path [list [file dirname $LIB_FILES]]
  Setting attribute of root '/': 'init_lib_search_path' = ../lib
@file(fresh_point.tcl) 45: set_db library $LIB_FILES

Threads Configured:3

  Message Summary for Library sky130_fd_sc_hd__tt_025C_1v80.lib:
  **************************************************************
  An unsupported construct was detected in this library. [LBR-40]: 11
  **************************************************************
 
Info    : Created nominal operating condition. [LBR-412]
        : Operating condition '_nominal_' was created for the PVT values (1.000000, 1.800000, 25.000000) in library 'sky130_fd_sc_hd__tt_025C_1v80.lib'.
        : The nominal operating condition is represented, either by the nominal PVT values specified in the library source (via nom_process,nom_voltage and nom_temperature respectively), or by the default PVT values (1.0,1.0,1.0).
Warning : Library cell has no output pins defined. [LBR-9]
        : Library cell 'sky130_fd_sc_hd__decap_12' must have an output pin.
        : Add the missing output pin(s), then reload the library. Else the library cell will be marked as timing model i.e. unusable. Timing_model means that the cell does not have any defined function. If there is no output pin, Genus will mark library cell as unusable i.e. the attribute 'usable' will be marked to 'false' on the libcell. Therefore, the cell is not used for mapping and it will not be picked up from the library for synthesis. If you query the attribute 'unusable_reason' on the libcell; result will be: 'Library cell has no output pins.'Note: The message LBR-9 is only for the logical pins and not for the power_ground pins. Genus will depend upon the output function defined in the pin group (output pin) of the cell, to use it for mapping. The pg_pin will not have any function defined.
Warning : Library cell has no output pins defined. [LBR-9]
        : Library cell 'sky130_fd_sc_hd__decap_12' must have an output pin.
Warning : Library cell has no output pins defined. [LBR-9]
        : Library cell 'sky130_fd_sc_hd__decap_3' must have an output pin.
Warning : Library cell has no output pins defined. [LBR-9]
        : Library cell 'sky130_fd_sc_hd__decap_3' must have an output pin.
Warning : Library cell has no output pins defined. [LBR-9]
        : Library cell 'sky130_fd_sc_hd__decap_4' must have an output pin.
Warning : Library cell has no output pins defined. [LBR-9]
        : Library cell 'sky130_fd_sc_hd__decap_4' must have an output pin.
Warning : Library cell has no output pins defined. [LBR-9]
        : Library cell 'sky130_fd_sc_hd__decap_6' must have an output pin.
Warning : Library cell has no output pins defined. [LBR-9]
        : Library cell 'sky130_fd_sc_hd__decap_6' must have an output pin.
Warning : Library cell has no output pins defined. [LBR-9]
        : Library cell 'sky130_fd_sc_hd__decap_8' must have an output pin.
Warning : Library cell has no output pins defined. [LBR-9]
        : Library cell 'sky130_fd_sc_hd__decap_8' must have an output pin.
Warning : Library cell has no output pins defined. [LBR-9]
        : Library cell 'sky130_fd_sc_hd__diode_2' must have an output pin.
Warning : Library cell has no output pins defined. [LBR-9]
        : Library cell 'sky130_fd_sc_hd__diode_2' must have an output pin.
Warning : Library cell has no output pins defined. [LBR-9]
        : Library cell 'sky130_fd_sc_hd__lpflow_bleeder_1' must have an output pin.
Warning : Library cell has no output pins defined. [LBR-9]
        : Library cell 'sky130_fd_sc_hd__lpflow_bleeder_1' must have an output pin.
Warning : Library cell has no output pins defined. [LBR-9]
        : Library cell 'sky130_fd_sc_hd__lpflow_decapkapwr_12' must have an output pin.
Warning : Library cell has no output pins defined. [LBR-9]
        : Library cell 'sky130_fd_sc_hd__lpflow_decapkapwr_12' must have an output pin.
Warning : Library cell has no output pins defined. [LBR-9]
        : Library cell 'sky130_fd_sc_hd__lpflow_decapkapwr_3' must have an output pin.
Warning : Library cell has no output pins defined. [LBR-9]
        : Library cell 'sky130_fd_sc_hd__lpflow_decapkapwr_3' must have an output pin.
Warning : Library cell has no output pins defined. [LBR-9]
        : Library cell 'sky130_fd_sc_hd__lpflow_decapkapwr_4' must have an output pin.
Warning : Library cell has no output pins defined. [LBR-9]
        : Library cell 'sky130_fd_sc_hd__lpflow_decapkapwr_4' must have an output pin.
Warning : Maximum message print count reached. [MESG-11]
        : Maximum print count of '20' reached for message 'LBR-9'.
  Setting attribute of root '/': 'library' = ../lib/sky130_fd_sc_hd__tt_025C_1v80.lib
@file(fresh_point.tcl) 46: read_hdl -sv $RTL_FILES
@file(fresh_point.tcl) 47: elaborate $TOP_MODULE
  Library has 328 usable logic and 62 usable sequential lib-cells.
Warning : Non-monotonic wireload model found. [LBR-81]
        : 'Length' table in wireload model 'Huge' is non-monotonic.
        : Non-monotonic wireload models can cause problems during synthesis and/or mapping.  Raising some of the points in the curve to give it a monotonic shape.
Warning : Non-monotonic wireload model found. [LBR-81]
        : 'Length' table in wireload model 'Huge' is non-monotonic.
Warning : Non-monotonic wireload model found. [LBR-81]
        : 'Length' table in wireload model 'Huge' is non-monotonic.
Warning : Non-monotonic wireload model found. [LBR-81]
        : 'Length' table in wireload model 'Large' is non-monotonic.
Warning : Non-monotonic wireload model found. [LBR-81]
        : 'Length' table in wireload model 'Large' is non-monotonic.
Warning : Non-monotonic wireload model found. [LBR-81]
        : 'Length' table in wireload model 'Large' is non-monotonic.
Warning : Non-monotonic wireload model found. [LBR-81]
        : 'Length' table in wireload model 'Medium' is non-monotonic.
Warning : Non-monotonic wireload model found. [LBR-81]
        : 'Length' table in wireload model 'Medium' is non-monotonic.
Warning : Non-monotonic wireload model found. [LBR-81]
        : 'Length' table in wireload model 'Medium' is non-monotonic.
Warning : Non-monotonic wireload model found. [LBR-81]
        : 'Length' table in wireload model 'Small' is non-monotonic.
Warning : Non-monotonic wireload model found. [LBR-81]
        : 'Length' table in wireload model 'Small' is non-monotonic.
Warning : Non-monotonic wireload model found. [LBR-81]
        : 'Length' table in wireload model 'Small' is non-monotonic.
Info    : Elaborating Design. [ELAB-1]
        : Elaborating top-level block 'coprocessor' from file '../../rtl/coprocessor.sv'.
Warning : Using default parameter value for module elaboration. [CDFG-818]
        : Elaborating block 'coprocessor' with default parameters value.
Warning : Unreachable statements for case item. [CDFG-472]
        : Case item 'default' in module 'uart_tx_DATA_BITS8_OVER_SAMPLE16' in file '../../rtl/uart_head.sv' on line 91.
Warning : Unreachable statements for case item. [CDFG-472]
        : Case item 'default' in module 'uart_tx_DATA_BITS8_OVER_SAMPLE16' in file '../../rtl/uart_head.sv' on line 139.
Warning : Unreachable statements for case item. [CDFG-472]
        : Case item 'default' in module 'uart_rx_DATA_BITS8_OVER_SAMPLE16' in file '../../rtl/uart_head.sv' on line 202.
Warning : Unreachable statements for case item. [CDFG-472]
        : Case item 'default' in module 'left_shifter' in file '../../rtl/posit_decoder.sv' on line 83.
Warning : Module port is wider than connected signal. [CDFG-465]
        : Signal width (7) does not match width of input port 'exp_o' (8) of instance 'uut_reg_ro' of module 'reg_exp_op_es2_Bs4' in file '../../rtl/posit_encoder.sv' on line 34.
        : This may cause simulation mismatches between the original and synthesized designs.
Warning : Module port is wider than connected signal. [CDFG-465]
        : Signal width (4) does not match width of output port 'r_o' (5) of instance 'uut_reg_ro' of module 'reg_exp_op_es2_Bs4' in file '../../rtl/posit_encoder.sv' on line 34.
Warning : Undriven module input port. [ELABUTL-127]
        : Undriven bits of port 'exp_o' of instance 'uut_reg_ro' of module 'reg_exp_op_es2_Bs4' in file '../../rtl/posit_encoder.sv' on line 34, column 47, hid = 0.
        : Run check_design to check 'Undriven Port(s)/Pin(s)' section for all undriven module input ports. It is better to double confirm with designer if these undriven ports are expected. During syn_gen the undriven ports are controlled by attribute 'hdl_unconnected_value', the default value is 0.
Info    : Done Elaborating Design. [ELAB-3]
        : Done elaborating 'coprocessor'.
Checking for analog nets...
Check completed for analog nets.
Checking for source RTL...
Check completed for source RTL.
Running Unified Mux Engine Tricks...
Completed Unified Mux Engine Tricks

Stage: post_elab
--------------------------------------------------------
| Trick             | Accepts | Rejects | Runtime (ms) | 
--------------------------------------------------------
| ume_constant_bmux |       0 |       0 |         1.00 | 
--------------------------------------------------------
Starting clip mux common data inputs [v1.0] (stage: post_elab, startdef: coprocessor, recur: true)
Completed clip mux common data inputs (accepts: 0, rejects: 0, runtime: 0.000s)
Starting clip the non-user hierarchies [v2.0] (stage: post_elab, startdef: coprocessor, recur: true)
Completed clip the non-user hierarchies (accepts: 1, rejects: 0, runtime: 0.003s)

Stage: post_elab
---------------------------------------------------------
| Transform          | Accepts | Rejects | Runtime (ms) | 
---------------------------------------------------------
| hlo_clip_mux_input |       0 |       0 |         0.00 | 
| hlo_clip           |       1 |       0 |         3.00 | 
---------------------------------------------------------
UM:   flow.cputime  flow.realtime  timing.setup.tns  timing.setup.wns  snapshot
UM:*                                                                   elaborate
@file(fresh_point.tcl) 49: set period [expr {1000.0 / $FREQ}]
@file(fresh_point.tcl) 50: create_clock -name clk -period $period [get_ports clk]
@file(fresh_point.tcl) 51: set_input_delay  [expr {$period * $IO_DELAY_FRAC}] -clock clk [all_inputs -no_clocks]
@file(fresh_point.tcl) 52: set_output_delay [expr {$period * $IO_DELAY_FRAC}] -clock clk [all_outputs]
@file(fresh_point.tcl) 54: set area_val ""; set wns_ns ""; set leak_val ""; set dyn_val ""; set tot_val ""
@file(fresh_point.tcl) 56: if {[catch { syn_generic; syn_map; syn_opt } err]} {
    puts "WARNING: synthesis failed at ${FREQ} MHz: $err"
} else {
    set area_rpt   "$OUT_DIR/area_${FREQ}.rpt"
    set power_rpt  "$OUT_DIR/power_${FREQ}.rpt"
    set timing_rpt "$OUT_DIR/timing_${FREQ}.rpt"
    report_area   > $area_rpt
    report_power  > $power_rpt
    report_timing > $timing_rpt

    set fh [open $area_rpt r]; set area_data [read $fh]; close $fh
    foreach line [split $area_data "\n"] {
        if {[regexp "^${TOP_MODULE}\\s" $line]} {
            set nums [regexp -all -inline {[0-9]+\.[0-9]+} $line]
            if {[llength $nums] >= 3} { set area_val [lindex $nums 2] }
        }
    }

    set wns_ns [parse_wns_ns $timing_rpt]

    set fh [open $power_rpt r]; set power_data [read $fh]; close $fh
    if {[regexp {Subtotal\s+([0-9.eE+-]+)\s+([0-9.eE+-]+)\s+([0-9.eE+-]+)\s+([0-9.eE+-]+)} \
            $power_data -> leak_w int_w sw_w tot_w]} {
        set leak_val [expr {$leak_w * 1.0e6}]
        set dyn_val  [expr {($int_w + $sw_w) * 1.0e6}]
        set tot_val  [expr {$tot_w * 1.0e6}]
    }

    if {[passes $wns_ns]} {
        set pt_dir "$OUT_DIR/pt_${FREQ}MHz"
        file mkdir $pt_dir
        catch { write_hdl > $pt_dir/${TOP_MODULE}_netlist.v }
        catch { write_sdc > $pt_dir/${TOP_MODULE}.sdc }
    }
}
Info    : Undriven module input port. [ELABUTL-131]
        : Assuming a logic '0' value for undriven bits of port 'exp_o' of instance 'uut_reg_ro' of module 'reg_exp_op_es2_Bs4'.
        : The 'hdl_unconnected_value' attribute controls treatment of undriven input port.

Stage: pre_early_cg
------------------------------------------------
| Transform | Accepts | Rejects | Runtime (ms) | 
------------------------------------------------
------------------------------------------------
##Generic Timing Info for library domain: _default_ typical gate delay: 148.6 ps std_slew: 21.4 ps std_load: 4.9 fF
Starting mux data reorder optimization [v1.0] (stage: pre_to_gen_setup, startdef: coprocessor, recur: true)
Completed mux data reorder optimization (accepts: 0, rejects: 0, runtime: 0.040s)

Stage: pre_to_gen_setup
------------------------------------------------------
| Transform       | Accepts | Rejects | Runtime (ms) | 
------------------------------------------------------
| hlo_mux_reorder |       0 |       0 |        40.00 | 
------------------------------------------------------
Info    : Replacing a flip-flop with a logic constant 0. [GLO-12]
        : The instance is 'state_reg[3]'.
        : To prevent this optimization, set the 'optimize_constant_0_flops' root attribute to 'false' or 'optimize_constant_0_seq' instance attribute to 'false'. You can also see the complete list of deleted sequential with command "report sequential -deleted" (on Reason "constant0").
Info    : Replacing a flip-flop with a logic constant 0. [GLO-12]
        : The instance is 'status_r_reg[2]'.
Info    : Replacing a flip-flop with a logic constant 0. [GLO-12]
        : The instance is 'status_r_reg[3]'.
Info    : Replacing a flip-flop with a logic constant 0. [GLO-12]
        : The instance is 'status_r_reg[4]'.
Info    : Replacing a flip-flop with a logic constant 0. [GLO-12]
        : The instance is 'status_r_reg[5]'.
Info    : Replacing a flip-flop with a logic constant 0. [GLO-12]
        : The instance is 'status_r_reg[6]'.
Info    : Replacing a flip-flop with a logic constant 0. [GLO-12]
        : The instance is 'status_r_reg[7]'.
Info    : Deleting instances not driving any primary outputs. [GLO-34]
        : Deleting 7 sequential instances.
        : Optimizations such as constant propagation or redundancy removal could change the connections so a hierarchical instance does not drive any primary outputs anymore. To see the list of deleted hierarchical instances, set the 'information_level' attribute to 2 or above. If the message is truncated set the message attribute 'truncate' to false to see the complete list. To prevent this optimization, set the 'delete_unloaded_insts' root/subdesign attribute to 'false' or 'preserve' instance attribute to 'true'.
Info    : Deleting instances not driving any primary outputs. [GLO-34]
        : Deleting 3 hierarchical instances.
Info    : Deleting instances not driving any primary outputs. [GLO-34]
        : Deleting 3 hierarchical instances.
Info    : Synthesizing. [SYNTH-1]
        : Synthesizing 'coprocessor' to generic gates using 'medium' effort.
PBS_Generic-Start - Elapsed_Time 0, CPU_Time 0.0
stamp 'PBS_Generic-Start' being created for table 'pbs_debug'

  Total Time (Wall) |  Stage Time (Wall)  |   % (Wall)   |    Date - Time     |  Memory   | Stage
--------------------+---------------------+--------------+--------------------+-----------+----------------------
 00:00:07(00:00:04) |  00:00:00(00:00:00) |   0.0(  0.0) |    2:31:20 (Sep24) |  496.5 MB | PBS_Generic-Start
--------------------+---------------------+--------------+--------------------+-----------+----------------------
Number of threads: 8 * 1   (id: pbs_debug, time_info v1.57)
Info: (*N*) indicates data that was populated from previously saved time_info database
Info: CPU time includes time of parent + longest thread
TNS Restructuring config: no_value at stage: generic applied.
Info    : Partition Based Synthesis execution skipped. [PHYS-752]
        : Design size is less than the partition size '100000' for distributed generic optimization to kick in.
Starting mux data reorder optimization [v1.0] (stage: pre_to_gen_setup, startdef: coprocessor, recur: true)
Completed mux data reorder optimization (accepts: 0, rejects: 0, runtime: 0.051s)

Stage: pre_to_gen_setup
------------------------------------------------------
| Transform       | Accepts | Rejects | Runtime (ms) | 
------------------------------------------------------
| hlo_mux_reorder |       0 |       0 |        51.00 | 
------------------------------------------------------
Info    : Deleting instances not driving any primary outputs. [GLO-34]
        : Deleting 6 hierarchical instances.
Starting mux data reorder optimization [v1.0] (stage: post_to_gen_setup, startdef: coprocessor, recur: true)
Completed mux data reorder optimization (accepts: 0, rejects: 0, runtime: 0.047s)

Stage: post_to_gen_setup
------------------------------------------------------
| Transform       | Accepts | Rejects | Runtime (ms) | 
------------------------------------------------------
| hlo_mux_reorder |       0 |       0 |        47.00 | 
------------------------------------------------------
Running Unified Mux Engine Tricks...
Completed Unified Mux Engine Tricks

Stage: pre_hlo_rtlopt
--------------------------------------------
| Trick | Accepts | Rejects | Runtime (ms) | 
--------------------------------------------
--------------------------------------------
Starting infer macro optimization [v1.0] (stage: pre_rtlopt, startdef: coprocessor, recur: true)
Completed infer macro optimization (accepts: 0, rejects: 14, runtime: 0.019s)
Starting decode mux sandwich optimization [v2.0] (stage: pre_rtlopt, startdef: coprocessor, recur: true)
Completed decode mux sandwich optimization (accepts: 0, rejects: 0, runtime: 0.000s)
Starting decode mux optimization [v1.0] (stage: pre_rtlopt, startdef: coprocessor, recur: true)
Completed decode mux optimization (accepts: 0, rejects: 0, runtime: 0.000s)
Starting chop wide muxes [v1.0] (stage: pre_rtlopt, startdef: coprocessor, recur: true)
Completed chop wide muxes (accepts: 0, rejects: 0, runtime: 0.000s)
Starting common data mux cascade opt [v1.0] (stage: pre_rtlopt, startdef: coprocessor, recur: true)
Completed common data mux cascade opt (accepts: 0, rejects: 0, runtime: 0.001s)
Starting mux input consolidation [v1.0] (stage: pre_rtlopt, startdef: coprocessor, recur: true)
Completed mux input consolidation (accepts: 0, rejects: 0, runtime: 0.001s)
Starting constant-data mux optimization [v1.0] (stage: pre_rtlopt, startdef: coprocessor, recur: true)
Completed constant-data mux optimization (accepts: 1, rejects: 0, runtime: 0.112s)
Starting chain-to-tree inequality transform [v2.0] (stage: pre_rtlopt, startdef: coprocessor, recur: true)
Completed chain-to-tree inequality transform (accepts: 0, rejects: 0, runtime: 0.021s)
Starting reconvergence optimization [v1.0] (stage: pre_rtlopt, startdef: coprocessor, recur: true)
Completed reconvergence optimization (accepts: 0, rejects: 0, runtime: 0.000s)
Starting logic restructure optimization [v1.0] (stage: pre_rtlopt, startdef: coprocessor, recur: true)
Completed logic restructure optimization (accepts: 0, rejects: 0, runtime: 0.000s)
Starting common select mux optimization [v1.0] (stage: pre_rtlopt, startdef: coprocessor, recur: true)
Completed common select mux optimization (accepts: 0, rejects: 1, runtime: 0.004s)
Starting identity transform [v3.0] (stage: pre_rtlopt, startdef: coprocessor, recur: true)
Completed identity transform (accepts: 0, rejects: 1, runtime: 0.004s)
Starting reduce operator chain [v1.0] (stage: pre_rtlopt, startdef: coprocessor, recur: true)
Completed reduce operator chain (accepts: 0, rejects: 0, runtime: 0.000s)
Starting common data mux cascade opt [v1.0] (stage: pre_rtlopt, startdef: coprocessor, recur: true)
Completed common data mux cascade opt (accepts: 0, rejects: 0, runtime: 0.000s)
Starting mux input consolidation [v1.0] (stage: pre_rtlopt, startdef: coprocessor, recur: true)
Completed mux input consolidation (accepts: 0, rejects: 0, runtime: 0.001s)
Starting optimize datapath elements [v1.0] (stage: pre_rtlopt, startdef: coprocessor, recur: true)
Completed optimize datapath elements (accepts: 1, rejects: 0, runtime: 0.001s)
Starting datapath recasting [v1.0] (stage: pre_rtlopt, startdef: coprocessor, recur: true)
Completed datapath recasting (accepts: 0, rejects: 0, runtime: 0.000s)
Starting clip mux common data inputs [v1.0] (stage: pre_rtlopt, startdef: coprocessor, recur: true)
Completed clip mux common data inputs (accepts: 8, rejects: 0, runtime: 0.009s)
Starting clip the non-user hierarchies [v2.0] (stage: pre_rtlopt, startdef: coprocessor, recur: true)
Completed clip the non-user hierarchies (accepts: 0, rejects: 0, runtime: 0.000s)

Stage: pre_rtlopt
----------------------------------------------------------------
| Transform                 | Accepts | Rejects | Runtime (ms) | 
----------------------------------------------------------------
| hlo_infer_macro           |       0 |      14 |        19.00 | 
| hlo_decode_mux_sandwich   |       0 |       0 |         0.00 | 
| hlo_mux_decode            |       0 |       0 |         0.00 | 
| hlo_chop_mux              |       0 |       0 |         0.00 | 
| hlo_mux_cascade_opt       |       0 |       0 |         1.00 | 
| hlo_mux_consolidation     |       0 |       0 |         1.00 | 
| hlo_constant_mux_opt      |       1 |       0 |       112.00 | 
| hlo_inequality_transform  |       0 |       0 |        21.00 | 
| hlo_reconv_opt            |       0 |       0 |         0.00 | 
| hlo_restructure           |       0 |       0 |         0.00 | 
| hlo_common_select_muxopto |       0 |       1 |         4.00 | 
| hlo_identity_transform    |       0 |       1 |         4.00 | 
| hlo_reduce_operator_chain |       0 |       0 |         0.00 | 
| hlo_mux_cascade_opt       |       0 |       0 |         0.00 | 
| hlo_mux_consolidation     |       0 |       0 |         1.00 | 
| hlo_optimize_datapath     |       1 |       0 |         1.00 | 
| hlo_datapath_recast       |       0 |       0 |         0.00 | 
| hlo_clip_mux_input        |       8 |       0 |         9.00 | 
| hlo_clip                  |       0 |       0 |         0.00 | 
----------------------------------------------------------------
Running Unified Mux Engine Tricks...
Completed Unified Mux Engine Tricks

Stage: post_hlo_rtlopt
--------------------------------------------------
| Trick       | Accepts | Rejects | Runtime (ms) | 
--------------------------------------------------
| ume_runtime |       0 |       0 |         0.00 | 
--------------------------------------------------
Number of big hc bmuxes before = 0
Number of non-ctl's : 1
cmo_mux_6233 
SOP DEBUG : Module= posit_addsub, Cluster= g6232, ctl= 1, Non-ctl= 1
Selected impl_type 1 (pla_form1 (optimized)) for sop cluster g6232.
Number of non-ctl's : 1
mux_recip_lut[f2]_317_25 
SOP DEBUG : Module= posit_muldiv, Cluster= ctl_f2_317_25, ctl= 1, Non-ctl= 1
Selected impl_type 105 (Unknown) for sop cluster ctl_f2_317_25.
implTypeToString() API needs to be updated for implementation 105
Info    : Pre-processed datapath logic. [DPOPT-6]
        : Pre-processing optimizations applied to datapath logic in 'coprocessor':
          live_trim(14) sop(2) mux_reduce(2) 
Info    : Optimizing datapath logic. [DPOPT-1]
        : Optimizing datapath logic in 'coprocessor'.
Info    : Implementing datapath configurations. [DPOPT-3]
        : Implementing datapath configurations for 'CDN_DP_region_2_0'
CSAGen Prep Share:0 Re-Write:13 Speculation: 0
Warning: (CSAGEN-QOR) CSA is rejected due to potential sign-bit corruption.
:		to_float_inst_add_72_22 -> to_float_inst_add_76_31.A
Warning: (CSAGEN-QOR) CSA is rejected due to upper bit truncation.
:		muldiv_inst_add_355_22 -> muldiv_inst_add_355_29.A
MaxCSA: Successfully built Maximal CSA Expression Expr0
MaxCSA: Successfully built Maximal CSA Expression Expr1
MaxCSA: Successfully built Maximal CSA Expression Expr2
MaxCSA: Successfully built Maximal CSA Expression Expr3
MaxCSA: Successfully built Maximal CSA Expression Expr4
MaxCSA: Successfully built Maximal CSA Expression Expr5
MaxCSA: Successfully built Maximal CSA Expression Expr6
MaxCSA: Successfully built Maximal CSA Expression Expr7
MaxCSA: Successfully built Maximal CSA Expression Expr8
MaxCSA: Successfully built Maximal CSA Expression Expr9
MaxCSA: Successfully built Maximal CSA Expression Expr10
MaxCSA: Successfully built Maximal CSA Expression Expr11
MaxCSA: Successfully built Maximal CSA Expression Expr12
MaxCSA: Successfully built Maximal CSA Expression Expr13
MaxCSA: Successfully built Maximal CSA Expression Expr14
MaxCSA: Successfully built Maximal CSA Expression Expr15
MaxCSA: Successfully built Maximal CSA Expression Expr16
MaxCSA: Successfully built Maximal CSA Expression Expr17
MaxCSA: Successfully built Maximal CSA Expression Expr18
MaxCSA: Successfully built Maximal CSA Expression Expr19
MaxCSA: Successfully built Maximal CSA Expression Expr20
MaxCSA: Successfully built Maximal CSA Expression Expr21
Info    : Accepted resource sharing opportunity. [RTLOPT-30]
        : Merged the following sets of instances in 'CDN_DP_region_2_0_c7 in posit_arithmetic_DATA_BITS16_N_VAL2':
	  (csa_tree_SUB_TC_OP_245, csa_tree_ADD_TC_OP_244)
	  (csa_tree_SUB_TC_OP_233_spec1, csa_tree_SUB_TC_OP_233_spec0)

Info    : Accepted resource sharing opportunity. [RTLOPT-30]
        : Merged the following sets of instances in 'CDN_DP_region_2_0_c1 in posit_arithmetic_DATA_BITS16_N_VAL2':
	  (final_adder_addsub_inst_sub_122_26, final_adder_addsub_inst_add_119_26)

Info    : Accepted resource sharing opportunity. [RTLOPT-30]
        : Merged the following sets of instances in 'CDN_DP_region_2_0_c2 in posit_arithmetic_DATA_BITS16_N_VAL2':
	  (final_adder_addsub_inst_sub_122_26, final_adder_addsub_inst_add_119_26)

Info    : Accepted resource sharing opportunity. [RTLOPT-30]
        : Merged the following sets of instances in 'CDN_DP_region_2_0_c3 in posit_arithmetic_DATA_BITS16_N_VAL2':
	  (final_adder_addsub_inst_sub_122_26, final_adder_addsub_inst_add_119_26)

Info    : Accepted resource sharing opportunity. [RTLOPT-30]
        : Merged the following sets of instances in 'CDN_DP_region_2_0_c4 in posit_arithmetic_DATA_BITS16_N_VAL2':
	  (final_adder_addsub_inst_sub_122_26, final_adder_addsub_inst_add_119_26)

Info    : Accepted resource sharing opportunity. [RTLOPT-30]
        : Merged the following sets of instances in 'CDN_DP_region_2_0_c4 in posit_arithmetic_DATA_BITS16_N_VAL2':
	  (ADD_TC_OP486, ADD_TC_OP)

Info    : Accepted resource sharing opportunity. [RTLOPT-30]
        : Merged the following sets of instances in 'CDN_DP_region_2_0_c5 in posit_arithmetic_DATA_BITS16_N_VAL2':
	  (final_adder_addsub_inst_sub_122_2, final_adder_addsub_inst_add_119_26)

Info    : Accepted resource sharing opportunity. [RTLOPT-30]
        : Merged the following sets of instances in 'CDN_DP_region_2_0_c5 in posit_arithmetic_DATA_BITS16_N_VAL2':
	  (ADD_TC_OP494, ADD_TC_OP)

Info    : Accepted resource sharing opportunity. [RTLOPT-30]
        : Merged the following sets of instances in 'CDN_DP_region_2_0_c6 in posit_arithmetic_DATA_BITS16_N_VAL2':
	  (addsub_inst_enc_minus_44_33, addsub_inst_minus_52_22)
	  (addsub_inst_add_97_42, addsub_inst_sub_98_43)

Info    : Accepted resource sharing opportunity. [RTLOPT-30]
        : Merged the following sets of instances in 'CDN_DP_region_2_0_c6 in posit_arithmetic_DATA_BITS16_N_VAL2':
	  (final_adder_addsub_inst_sub_122_26, final_adder_addsub_inst_add_119_26)

CDN_DP_region_2_0 level = 0 loads = 0 drivers = 0
CDN_DP_region_2_0_c0 in posit_arithmetic_DATA_BITS16_N_VAL2: area: 50406828060 ,dp = 91 mux = 83 sg = slow         worst_clk_period: -1.0000 
    wns: 75044  norm_wns:  -1.0000 
    fail_endp: -1 
    tns:  4658895  tns_per_endp:  -1.0000   norm_tns_per_endp:  -1.0000 
    tns_sense_max:  -1.0000  tns_sense_avg:  -1.0000   tns_sense_num: -1
 skipped
CDN_DP_region_2_0_c1 in posit_arithmetic_DATA_BITS16_N_VAL2: area: 42724143810 ,dp = 36 mux = 74 sg = fast         worst_clk_period: -1.0000 
    wns: 82116  norm_wns:  -1.0000 
    fail_endp: -1 
    tns:  4835424  tns_per_endp:  -1.0000   norm_tns_per_endp:  -1.0000 
    tns_sense_max:  -1.0000  tns_sense_avg:  -1.0000   tns_sense_num: -1
 is current best
CDN_DP_region_2_0_c2 in posit_arithmetic_DATA_BITS16_N_VAL2: area: 40383556170 ,dp = 35 mux = 72 sg = very_slow    worst_clk_period: -1.0000 
    wns: 82116  norm_wns:  -1.0000 
    fail_endp: -1 
    tns:  4839744  tns_per_endp:  -1.0000   norm_tns_per_endp:  -1.0000 
    tns_sense_max:  -1.0000  tns_sense_avg:  -1.0000   tns_sense_num: -1

CDN_DP_region_2_0_c3 in posit_arithmetic_DATA_BITS16_N_VAL2: area: 42976725210 ,dp = 36 mux = 75 sg = very_fast    worst_clk_period: -1.0000 
    wns: 82116  norm_wns:  -1.0000 
    fail_endp: -1 
    tns:  4828810  tns_per_endp:  -1.0000   norm_tns_per_endp:  -1.0000 
    tns_sense_max:  -1.0000  tns_sense_avg:  -1.0000   tns_sense_num: -1
 is current best
CDN_DP_region_2_0_c4 in posit_arithmetic_DATA_BITS16_N_VAL2: area: 43090386840 ,dp = 39 mux = 75 sg = very_fast    worst_clk_period: -1.0000 
    wns: 82116  norm_wns:  -1.0000 
    fail_endp: -1 
    tns:  4763789  tns_per_endp:  -1.0000   norm_tns_per_endp:  -1.0000 
    tns_sense_max:  -1.0000  tns_sense_avg:  -1.0000   tns_sense_num: -1
 is current best
CDN_DP_region_2_0_c5 in posit_arithmetic_DATA_BITS16_N_VAL2: area: 42846224820 ,dp = 38 mux = 76 sg = very_fast    worst_clk_period: -1.0000 
    wns: 82116  norm_wns:  -1.0000 
    fail_endp: -1 
    tns:  4786862  tns_per_endp:  -1.0000   norm_tns_per_endp:  -1.0000 
    tns_sense_max:  -1.0000  tns_sense_avg:  -1.0000   tns_sense_num: -1

CDN_DP_region_2_0_c6 in posit_arithmetic_DATA_BITS16_N_VAL2: area: 42193722870 ,dp = 35 mux = 75 sg = very_fast    worst_clk_period: -1.0000 
    wns: 83013  norm_wns:  -1.0000 
    fail_endp: -1 
    tns:  4899773  tns_per_endp:  -1.0000   norm_tns_per_endp:  -1.0000 
    tns_sense_max:  -1.0000  tns_sense_avg:  -1.0000   tns_sense_num: -1

CDN_DP_region_2_0_c7 in posit_arithmetic_DATA_BITS16_N_VAL2: area: 76485857610 ,dp = 41 mux = 76 sg = very_fast    worst_clk_period: -1.0000 
    wns: 82116  norm_wns:  -1.0000 
    fail_endp: -1 
    tns:  4864141  tns_per_endp:  -1.0000   norm_tns_per_endp:  -1.0000 
    tns_sense_max:  -1.0000  tns_sense_avg:  -1.0000   tns_sense_num: -1

Best config: CDN_DP_region_2_0_c4 in posit_arithmetic_DATA_BITS16_N_VAL2: area: 43090386840 ,dp = 39 mux = 75 sg = very_fast    worst_clk_period: -1.0000 
    wns: 82116  norm_wns:  -1.0000 
    fail_endp: -1 
    tns:  4763789  tns_per_endp:  -1.0000   norm_tns_per_endp:  -1.0000 
    tns_sense_max:  -1.0000  tns_sense_avg:  -1.0000   tns_sense_num: -1
  Smallest config area : 40383556170.  Fastest config wns;  82116
##>+----------------------------------------------------------------------------------------------------------------------------------------------------------------+
##>Summary table of configs (Best config is CDN_DP_region_2_0_c4)
##>+----------------------------------------------------------------------------------------------------------------------------------------------------------------+
##>                     0                  1                  2                  3                  4                  5                  6                  7            
##>+----------------------------------------------------------------------------------------------------------------------------------------------------------------+
##>           Area      50406828060        42724143810        40383556170        42976725210        43090386840        42846224820        42193722870        76485857610  
##>            WNS         -7504.40           -8211.60           -8211.60           -8211.60           -8211.60           -8211.60           -8301.30           -8211.60  
##>            TNS          4658895            4835424            4839744            4828810            4763789            4786862            4899773            4864141  
##>    Num Rewrite                0                  3                  2                  3                  4                  4                  3                 24  
##>     Num Factor                0                  0                  0                  0                  0                  0                  0                  2  
##>      Num Share                0                  1                  1                  1                  2                  2                  3                  2  
##>   Num CmultCse                0                  0                  0                  0                  0                  0                  0                  0  
##>   Num Downsize                0                  0                  0                  0                  0                  0                  0                  0  
##>  Num Speculate                0                  0                  0                  1                  3                  2                  0                  4  
##>     Runtime(s)                0                  1                  0                  1                  1                  1                  1                 18  
+----------------------------------------------------------------------------------------------------------------------------------------------------------------+
##>
##>
##>+------------------------------------------------------------------------------------------------------------------------------------------------------------+
##>Optimization Step DEBUG Table for config CDN_DP_region_2_0_c4
##>
##>                          Step                        Area   ( % Chg)        WNS (Change)        TNS (Change)          Runtime (s)        Comment                   
##>+------------------------------------------------------------------------------------------------------------------------------------------------------------+
##>createMaxCarrySave              START            50406828060 (      )    -7504.40 (        )       4658895 (        )              
##> datapath_rewrite_one_def       START            50406828060 ( +0.00)    -7504.40 (   +0.00)       4658895 (       0)              
##>  fast_cse_elim                 START            50406828060 ( +0.00)    -7504.40 (   +0.00)       4658895 (       0)              
##>                                  END            39377440260 (-21.88)    -7574.80 (  -70.40)       4667586 (    8691)           0  
##>  fast_cse_elim                 START            39377440260 ( +0.00)    -7574.80 (   +0.00)       4667586 (       0)              
##>                                  END            39377440260 ( +0.00)    -7574.80 (   +0.00)       4667586 (       0)           0  
##>  rewrite                       START            39377440260 ( +0.00)    -7574.80 (   +0.00)       4667586 (       0)              (a,ar) 2scompliment_from --> 2scompliment_to
##>                                  END            39280617390 ( -0.25)    -7574.80 (   +0.00)       4667586 (       0)           0  
##>  rewrite                       START            39280617390 ( +0.00)    -7574.80 (   +0.00)       4667586 (       0)              (a,ar) 2scompliment_from --> 2scompliment_to
##>                                  END            39183794520 ( -0.25)    -7608.60 (  -33.80)       4677162 (    9576)           0  
##>                                  END            39183794520 (-22.26)    -7608.60 ( -104.20)       4677162 (   18267)           0  
##> csa_opto                       START            39183794520 ( +0.00)    -7608.60 (   +0.00)       4677162 (       0)              
##>                                  END            43481888010 (+10.97)    -8480.20 ( -871.60)       4922293 (  245131)           0  
##>                                  END            43481888010 (-13.74)    -8480.20 ( -975.80)       4922293 (  263398)           0  
##>canonicalize_by_names           START            43481888010 ( +0.00)    -8480.20 (   +0.00)       4922293 (       0)              
##>                                  END            43481888010 ( +0.00)    -8480.20 (   +0.00)       4922293 (       0)           0  
##>datapath_rewrite_post_csa_one_  START            43481888010 ( +0.00)    -8480.20 (   +0.00)       4922293 (       0)              
##>                                  END            43481888010 ( +0.00)    -8480.20 (   +0.00)       4922293 (       0)           0  
##>datapath_csa_factoring_one_gde  START            43481888010 ( +0.00)    -8480.20 (   +0.00)       4922293 (       0)              
##>                                  END            43481888010 ( +0.00)    -8480.20 (   +0.00)       4922293 (       0)           0  
##>dpopt_share_one_def             START            43481888010 ( +0.00)    -8480.20 (   +0.00)       4922293 (       0)              
##>                                  END            43309290720 ( -0.40)    -8480.20 (   +0.00)       4923345 (    1052)           0  
##>datapath_rewrite_post_share     START            43309290720 ( +0.00)    -8480.20 (   +0.00)       4923345 (       0)              
##>                                  END            43309290720 ( +0.00)    -8480.20 (   +0.00)       4923345 (       0)           0  
##>dp_combine_const_mult_with_com  START            43309290720 ( +0.00)    -8480.20 (   +0.00)       4923345 (       0)              
##>                                  END            43309290720 ( +0.00)    -8480.20 (   +0.00)       4923345 (       0)           0  
##>speculate_in_gdef               START            43309290720 ( +0.00)    -8480.20 (   +0.00)       4923345 (       0)              
##> pre_speculate_mux_merge        START            43309290720 ( +0.00)    -8480.20 (   +0.00)       4923345 (       0)              
##>                                  END            43309290720 ( +0.00)    -8480.20 (   +0.00)       4923345 (       0)           0  
##> createMaxCarrySave             START            44349084150 ( +2.40)    -8480.20 (   +0.00)       4889146 (  -34199)              
##>  datapath_rewrite_one_def      START            44349084150 ( +0.00)    -8480.20 (   +0.00)       4889146 (       0)              
##>   fast_cse_elim                START            44349084150 ( +0.00)    -8480.20 (   +0.00)       4889146 (       0)              
##>                                  END            44349084150 ( +0.00)    -8480.20 (   +0.00)       4889146 (       0)           0  
##>   fast_cse_elim                START            44349084150 ( +0.00)    -8480.20 (   +0.00)       4889146 (       0)              
##>                                  END            44349084150 ( +0.00)    -8480.20 (   +0.00)       4889146 (       0)           0  
##>                                  END            44349084150 ( +0.00)    -8480.20 (   +0.00)       4889146 (       0)           0  
##>  csa_opto                      START            44349084150 ( +0.00)    -8480.20 (   +0.00)       4889146 (       0)              
##>                                  END            44349084150 ( +0.00)    -8480.20 (   +0.00)       4889146 (       0)           0  
##>                                  END            44349084150 ( +0.00)    -8480.20 (   +0.00)       4889146 (       0)           0  
##> createMaxCarrySave             START            44062825230 ( -0.65)    -8480.20 (   +0.00)       4860038 (  -29108)              
##>  datapath_rewrite_one_def      START            44062825230 ( +0.00)    -8480.20 (   +0.00)       4860038 (       0)              
##>   fast_cse_elim                START            44062825230 ( +0.00)    -8480.20 (   +0.00)       4860038 (       0)              
##>                                  END            44062825230 ( +0.00)    -8480.20 (   +0.00)       4860038 (       0)           0  
##>   fast_cse_elim                START            44062825230 ( +0.00)    -8480.20 (   +0.00)       4860038 (       0)              
##>                                  END            44062825230 ( +0.00)    -8480.20 (   +0.00)       4860038 (       0)           0  
##>                                  END            44062825230 ( +0.00)    -8480.20 (   +0.00)       4860038 (       0)           0  
##>  csa_opto                      START            44062825230 ( +0.00)    -8480.20 (   +0.00)       4860038 (       0)              
##>                                  END            44062825230 ( +0.00)    -8480.20 (   +0.00)       4860038 (       0)           0  
##>                                  END            44062825230 ( +0.00)    -8480.20 (   +0.00)       4860038 (       0)           0  
##> createMaxCarrySave             START            45043683000 ( +2.23)    -8480.20 (   +0.00)       4874915 (   14877)              
##>  datapath_rewrite_one_def      START            45043683000 ( +0.00)    -8480.20 (   +0.00)       4874915 (       0)              
##>   fast_cse_elim                START            45043683000 ( +0.00)    -8480.20 (   +0.00)       4874915 (       0)              
##>                                  END            45043683000 ( +0.00)    -8480.20 (   +0.00)       4874915 (       0)           0  
##>   fast_cse_elim                START            45043683000 ( +0.00)    -8480.20 (   +0.00)       4874915 (       0)              
##>                                  END            45043683000 ( +0.00)    -8480.20 (   +0.00)       4874915 (       0)           0  
##>                                  END            45043683000 ( +0.00)    -8480.20 (   +0.00)       4874915 (       0)           0  
##>  csa_opto                      START            45043683000 ( +0.00)    -8480.20 (   +0.00)       4874915 (       0)              
##>                                  END            45043683000 ( +0.00)    -8480.20 (   +0.00)       4874915 (       0)           0  
##>                                  END            45043683000 ( +0.00)    -8480.20 (   +0.00)       4874915 (       0)           0  
##>                                  END            43923905460 ( +1.42)    -8480.20 (   +0.00)       4860038 (  -63307)           0  
##>dp_operator_level_decompositio  START            43923905460 ( +0.00)    -8480.20 (   +0.00)       4860038 (       0)              
##>                                  END            43923905460 ( +0.00)    -8480.20 (   +0.00)       4860038 (       0)           0  
##>selective_flatten_dp_config     START            43923905460 ( +0.00)    -8480.20 (   +0.00)       4860038 (       0)              
##>                                  END            43334548860 ( -1.34)    -8489.90 (   -9.70)       4880744 (   20706)           0  
##>createMaxCarrySave              START            43334548860 ( +0.00)    -8489.90 (   +0.00)       4880744 (       0)              
##> datapath_rewrite_one_def       START            43334548860 ( +0.00)    -8489.90 (   +0.00)       4880744 (       0)              
##>  rewrite                       START            43334548860 ( +0.00)    -8489.90 (   +0.00)       4880744 (       0)              (na,csaa) constant_mux_add_rtl --> shift_add_before_mux_to
##>                                  END            43612388400 ( +0.64)    -8489.90 (   +0.00)       4880744 (       0)           0  
##>  fast_cse_elim                 START            43334548860 ( -0.64)    -8489.90 (   +0.00)       4880744 (       0)              
##>                                  END            43326129480 ( -0.02)    -8489.90 (   +0.00)       4880744 (       0)           0  
##>  fast_cse_elim                 START            43326129480 ( +0.00)    -8489.90 (   +0.00)       4880744 (       0)              
##>                                  END            43326129480 ( +0.00)    -8489.90 (   +0.00)       4880744 (       0)           0  
##>                                  END            43326129480 ( -0.02)    -8489.90 (   +0.00)       4880744 (       0)           0  
##> csa_opto                       START            43326129480 ( +0.00)    -8489.90 (   +0.00)       4880744 (       0)              
##>                                  END            43326129480 ( +0.00)    -8489.90 (   +0.00)       4880744 (       0)           0  
##>                                  END            43326129480 ( -0.02)    -8489.90 (   +0.00)       4880744 (       0)           0  
##>datapath_rewrite_post_csa_one_  START            43326129480 ( +0.00)    -8489.90 (   +0.00)       4880744 (       0)              
##>                                  END            43326129480 ( +0.00)    -8489.90 (   +0.00)       4880744 (       0)           0  
##>datapath_csa_factoring_one_gde  START            43326129480 ( +0.00)    -8489.90 (   +0.00)       4880744 (       0)              
##>                                  END            43326129480 ( +0.00)    -8489.90 (   +0.00)       4880744 (       0)           0  
##>dpopt_share_one_def             START            43326129480 ( +0.00)    -8489.90 (   +0.00)       4880744 (       0)              
##>                                  END            43326129480 ( +0.00)    -8489.90 (   +0.00)       4880744 (       0)           0  
##>datapath_rewrite_post_share     START            43326129480 ( +0.00)    -8489.90 (   +0.00)       4880744 (       0)              
##>                                  END            43326129480 ( +0.00)    -8489.90 (   +0.00)       4880744 (       0)           0  
##>dp_combine_const_mult_with_com  START            43326129480 ( +0.00)    -8489.90 (   +0.00)       4880744 (       0)              
##>                                  END            43326129480 ( +0.00)    -8489.90 (   +0.00)       4880744 (       0)           0  
##>speculate_in_gdef               START            43326129480 ( +0.00)    -8489.90 (   +0.00)       4880744 (       0)              
##> pre_speculate_mux_merge        START            43326129480 ( +0.00)    -8489.90 (   +0.00)       4880744 (       0)              
##>                                  END            43326129480 ( +0.00)    -8489.90 (   +0.00)       4880744 (       0)           0  
##> createMaxCarrySave             START            43465049250 ( +0.32)    -8489.90 (   +0.00)       4880744 (       0)              
##>  datapath_rewrite_one_def      START            43465049250 ( +0.00)    -8489.90 (   +0.00)       4880744 (       0)              
##>   fast_cse_elim                START            43465049250 ( +0.00)    -8489.90 (   +0.00)       4880744 (       0)              
##>                                  END            43465049250 ( +0.00)    -8489.90 (   +0.00)       4880744 (       0)           0  
##>   fast_cse_elim                START            43465049250 ( +0.00)    -8489.90 (   +0.00)       4880744 (       0)              
##>                                  END            43465049250 ( +0.00)    -8489.90 (   +0.00)       4880744 (       0)           0  
##>                                  END            43465049250 ( +0.00)    -8489.90 (   +0.00)       4880744 (       0)           0  
##>  csa_opto                      START            43465049250 ( +0.00)    -8489.90 (   +0.00)       4880744 (       0)              
##>                                  END            43465049250 ( +0.00)    -8489.90 (   +0.00)       4880744 (       0)           0  
##>                                  END            43465049250 ( +0.00)    -8489.90 (   +0.00)       4880744 (       0)           0  
##> createMaxCarrySave             START            44365922910 ( +2.07)    -8489.90 (   +0.00)       4846762 (  -33982)              
##>  datapath_rewrite_one_def      START            44365922910 ( +0.00)    -8489.90 (   +0.00)       4846762 (       0)              
##>   fast_cse_elim                START            44365922910 ( +0.00)    -8489.90 (   +0.00)       4846762 (       0)              
##>                                  END            44365922910 ( +0.00)    -8489.90 (   +0.00)       4846762 (       0)           0  
##>   fast_cse_elim                START            44365922910 ( +0.00)    -8489.90 (   +0.00)       4846762 (       0)              
##>                                  END            44365922910 ( +0.00)    -8489.90 (   +0.00)       4846762 (       0)           0  
##>                                  END            44365922910 ( +0.00)    -8489.90 (   +0.00)       4846762 (       0)           0  
##>  csa_opto                      START            44365922910 ( +0.00)    -8489.90 (   +0.00)       4846762 (       0)              
##>                                  END            44365922910 ( +0.00)    -8489.90 (   +0.00)       4846762 (       0)           0  
##>                                  END            44365922910 ( +0.00)    -8489.90 (   +0.00)       4846762 (       0)           0  
##> createMaxCarrySave             START            43380855450 ( -2.22)    -8489.90 (   +0.00)       4867915 (   21153)              
##>  datapath_rewrite_one_def      START            43380855450 ( +0.00)    -8489.90 (   +0.00)       4867915 (       0)              
##>   fast_cse_elim                START            43380855450 ( +0.00)    -8489.90 (   +0.00)       4867915 (       0)              
##>                                  END            43380855450 ( +0.00)    -8489.90 (   +0.00)       4867915 (       0)           0  
##>   fast_cse_elim                START            43380855450 ( +0.00)    -8489.90 (   +0.00)       4867915 (       0)              
##>                                  END            43380855450 ( +0.00)    -8489.90 (   +0.00)       4867915 (       0)           0  
##>                                  END            43380855450 ( +0.00)    -8489.90 (   +0.00)       4867915 (       0)           0  
##>  csa_opto                      START            43380855450 ( +0.00)    -8489.90 (   +0.00)       4867915 (       0)              
##>                                  END            43380855450 ( +0.00)    -8489.90 (   +0.00)       4867915 (       0)           0  
##>                                  END            43380855450 ( +0.00)    -8489.90 (   +0.00)       4867915 (       0)           0  
##> createMaxCarrySave             START            45738281850 ( +5.43)    -8489.90 (   +0.00)       4888433 (   20518)              
##>  datapath_rewrite_one_def      START            45738281850 ( +0.00)    -8489.90 (   +0.00)       4888433 (       0)              
##>   fast_cse_elim                START            45738281850 ( +0.00)    -8489.90 (   +0.00)       4888433 (       0)              
##>                                  END            45738281850 ( +0.00)    -8489.90 (   +0.00)       4888433 (       0)           0  
##>   fast_cse_elim                START            45738281850 ( +0.00)    -8489.90 (   +0.00)       4888433 (       0)              
##>                                  END            45738281850 ( +0.00)    -8489.90 (   +0.00)       4888433 (       0)           0  
##>                                  END            45738281850 ( +0.00)    -8489.90 (   +0.00)       4888433 (       0)           0  
##>  csa_opto                      START            45738281850 ( +0.00)    -8489.90 (   +0.00)       4888433 (       0)              
##>                                  END            45738281850 ( +0.00)    -8489.90 (   +0.00)       4888433 (       0)           0  
##>                                  END            45738281850 ( +0.00)    -8489.90 (   +0.00)       4888433 (       0)           0  
##>                                  END            44618504310 ( +2.98)    -8489.90 (   +0.00)       4870843 (   -9901)           0  
##>dp_operator_level_decompositio  START            44618504310 ( +0.00)    -8489.90 (   +0.00)       4870843 (       0)              
##>                                  END            44618504310 ( +0.00)    -8489.90 (   +0.00)       4870843 (       0)           0  
##>selective_flatten_dp_config     START            44618504310 ( +0.00)    -8489.90 (   +0.00)       4870843 (       0)              
##>                                  END            44618504310 ( +0.00)    -8489.90 (   +0.00)       4870843 (       0)           0  
##>createMaxCarrySave              START            44618504310 ( +0.00)    -8489.90 (   +0.00)       4870843 (       0)              
##> datapath_rewrite_one_def       START            44618504310 ( +0.00)    -8489.90 (   +0.00)       4870843 (       0)              
##>  rewrite                       START            44618504310 ( +0.00)    -8489.90 (   +0.00)       4870843 (       0)              (na,csaa) constant_mux_add_rtl --> shift_add_before_mux_to
##>                                  END            44896343850 ( +0.62)    -8489.90 (   +0.00)       4870843 (       0)           0  
##>  fast_cse_elim                 START            44618504310 ( -0.62)    -8489.90 (   +0.00)       4870843 (       0)              
##>                                  END            44618504310 ( +0.00)    -8489.90 (   +0.00)       4870843 (       0)           0  
##>  fast_cse_elim                 START            44618504310 ( +0.00)    -8489.90 (   +0.00)       4870843 (       0)              
##>                                  END            44618504310 ( +0.00)    -8489.90 (   +0.00)       4870843 (       0)           0  
##>                                  END            44618504310 ( +0.00)    -8489.90 (   +0.00)       4870843 (       0)           0  
##> csa_opto                       START            44618504310 ( +0.00)    -8489.90 (   +0.00)       4870843 (       0)              
##>                                  END            44618504310 ( +0.00)    -8489.90 (   +0.00)       4870843 (       0)           0  
##>                                  END            44618504310 ( +0.00)    -8489.90 (   +0.00)       4870843 (       0)           0  
##>datapath_rewrite_post_csa_one_  START            44618504310 ( +0.00)    -8489.90 (   +0.00)       4870843 (       0)              
##> rewrite                        START            44618504310 ( +0.00)    -8489.90 (   +0.00)       4870843 (       0)              (a,ar) signed_adder_with_extra_input_bits_from --> signed_adder_with_extra_input_bits_to
##>                                  END            44580617100 ( -0.08)    -8489.90 (   +0.00)       4870843 (       0)           0  
##> rewrite                        START            44580617100 ( +0.00)    -8489.90 (   +0.00)       4870843 (       0)              (a,ar) signed_adder_with_extra_input_bits_from --> signed_adder_with_extra_input_bits_to
##>                                  END            44542729890 ( -0.08)    -8489.90 (   +0.00)       4870843 (       0)           0  
##>                                  END            44542729890 ( -0.17)    -8489.90 (   +0.00)       4870843 (       0)           0  
##>datapath_csa_factoring_one_gde  START            44542729890 ( +0.00)    -8489.90 (   +0.00)       4870843 (       0)              
##>                                  END            44542729890 ( +0.00)    -8489.90 (   +0.00)       4870843 (       0)           0  
##>dpopt_share_one_def             START            44542729890 ( +0.00)    -8489.90 (   +0.00)       4870843 (       0)              
##>                                  END            44298567870 ( -0.55)    -8489.90 (   +0.00)       4891041 (   20198)           0  
##>datapath_rewrite_post_share     START            44298567870 ( +0.00)    -8489.90 (   +0.00)       4891041 (       0)              
##>                                  END            44298567870 ( +0.00)    -8489.90 (   +0.00)       4891041 (       0)           0  
##>dp_combine_const_mult_with_com  START            44298567870 ( +0.00)    -8489.90 (   +0.00)       4891041 (       0)              
##>                                  END            44298567870 ( +0.00)    -8489.90 (   +0.00)       4891041 (       0)           0  
##>speculate_in_gdef               START            44298567870 ( +0.00)    -8489.90 (   +0.00)       4891041 (       0)              
##> pre_speculate_mux_merge        START            44298567870 ( +0.00)    -8489.90 (   +0.00)       4891041 (       0)              
##>                                  END            44298567870 ( +0.00)    -8489.90 (   +0.00)       4891041 (       0)           0  
##> createMaxCarrySave             START            44437487640 ( +0.31)    -8489.90 (   +0.00)       4891041 (       0)              
##>  datapath_rewrite_one_def      START            44437487640 ( +0.00)    -8489.90 (   +0.00)       4891041 (       0)              
##>   fast_cse_elim                START            44437487640 ( +0.00)    -8489.90 (   +0.00)       4891041 (       0)              
##>                                  END            44437487640 ( +0.00)    -8489.90 (   +0.00)       4891041 (       0)           0  
##>   fast_cse_elim                START            44437487640 ( +0.00)    -8489.90 (   +0.00)       4891041 (       0)              
##>                                  END            44437487640 ( +0.00)    -8489.90 (   +0.00)       4891041 (       0)           0  
##>                                  END            44437487640 ( +0.00)    -8489.90 (   +0.00)       4891041 (       0)           0  
##>  csa_opto                      START            44437487640 ( +0.00)    -8489.90 (   +0.00)       4891041 (       0)              
##>                                  END            44437487640 ( +0.00)    -8489.90 (   +0.00)       4891041 (       0)           0  
##>                                  END            44437487640 ( +0.00)    -8489.90 (   +0.00)       4891041 (       0)           0  
##> createMaxCarrySave             START            45338361300 ( +2.03)    -8489.90 (   +0.00)       4857059 (  -33982)              
##>  datapath_rewrite_one_def      START            45338361300 ( +0.00)    -8489.90 (   +0.00)       4857059 (       0)              
##>   fast_cse_elim                START            45338361300 ( +0.00)    -8489.90 (   +0.00)       4857059 (       0)              
##>                                  END            45338361300 ( +0.00)    -8489.90 (   +0.00)       4857059 (       0)           0  
##>   fast_cse_elim                START            45338361300 ( +0.00)    -8489.90 (   +0.00)       4857059 (       0)              
##>                                  END            45338361300 ( +0.00)    -8489.90 (   +0.00)       4857059 (       0)           0  
##>                                  END            45338361300 ( +0.00)    -8489.90 (   +0.00)       4857059 (       0)           0  
##>  csa_opto                      START            45338361300 ( +0.00)    -8489.90 (   +0.00)       4857059 (       0)              
##>                                  END            45338361300 ( +0.00)    -8489.90 (   +0.00)       4857059 (       0)           0  
##>                                  END            45338361300 ( +0.00)    -8489.90 (   +0.00)       4857059 (       0)           0  
##> createMaxCarrySave             START            44542729890 ( -1.75)    -8489.90 (   +0.00)       4870843 (   13784)              
##>  datapath_rewrite_one_def      START            44542729890 ( +0.00)    -8489.90 (   +0.00)       4870843 (       0)              
##>   fast_cse_elim                START            44542729890 ( +0.00)    -8489.90 (   +0.00)       4870843 (       0)              
##>                                  END            44542729890 ( +0.00)    -8489.90 (   +0.00)       4870843 (       0)           0  
##>   fast_cse_elim                START            44542729890 ( +0.00)    -8489.90 (   +0.00)       4870843 (       0)              
##>                                  END            44542729890 ( +0.00)    -8489.90 (   +0.00)       4870843 (       0)           0  
##>                                  END            44542729890 ( +0.00)    -8489.90 (   +0.00)       4870843 (       0)           0  
##>  csa_opto                      START            44542729890 ( +0.00)    -8489.90 (   +0.00)       4870843 (       0)              
##>                                  END            44542729890 ( +0.00)    -8489.90 (   +0.00)       4870843 (       0)           0  
##>                                  END            44542729890 ( +0.00)    -8489.90 (   +0.00)       4870843 (       0)           0  
##> createMaxCarrySave             START            45662507430 ( +2.51)    -8489.90 (   +0.00)       4888433 (   17590)              
##>  datapath_rewrite_one_def      START            45662507430 ( +0.00)    -8489.90 (   +0.00)       4888433 (       0)              
##>   fast_cse_elim                START            45662507430 ( +0.00)    -8489.90 (   +0.00)       4888433 (       0)              
##>                                  END            45662507430 ( +0.00)    -8489.90 (   +0.00)       4888433 (       0)           0  
##>   fast_cse_elim                START            45662507430 ( +0.00)    -8489.90 (   +0.00)       4888433 (       0)              
##>                                  END            45662507430 ( +0.00)    -8489.90 (   +0.00)       4888433 (       0)           0  
##>                                  END            45662507430 ( +0.00)    -8489.90 (   +0.00)       4888433 (       0)           0  
##>  csa_opto                      START            45662507430 ( +0.00)    -8489.90 (   +0.00)       4888433 (       0)              
##>                                  END            45662507430 ( +0.00)    -8489.90 (   +0.00)       4888433 (       0)           0  
##>                                  END            45662507430 ( +0.00)    -8489.90 (   +0.00)       4888433 (       0)           0  
##>                                  END            44542729890 ( +0.55)    -8489.90 (   +0.00)       4870843 (  -20198)           0  
##>dp_operator_level_decompositio  START            44542729890 ( +0.00)    -8489.90 (   +0.00)       4870843 (       0)              
##>                                  END            44542729890 ( +0.00)    -8489.90 (   +0.00)       4870843 (       0)           0  
##>selective_flatten_dp_config     START            44542729890 ( +0.00)    -8489.90 (   +0.00)       4870843 (       0)              
##>                                  END            44542729890 ( +0.00)    -8489.90 (   +0.00)       4870843 (       0)           0  
##>createMaxCarrySave              START            44542729890 ( +0.00)    -8489.90 (   +0.00)       4870843 (       0)              
##> datapath_rewrite_one_def       START            44542729890 ( +0.00)    -8489.90 (   +0.00)       4870843 (       0)              
##>  rewrite                       START            44542729890 ( +0.00)    -8489.90 (   +0.00)       4870843 (       0)              (na,csaa) constant_mux_add_rtl --> shift_add_before_mux_to
##>                                  END            44820569430 ( +0.62)    -8489.90 (   +0.00)       4870843 (       0)           0  
##>  fast_cse_elim                 START            44542729890 ( -0.62)    -8489.90 (   +0.00)       4870843 (       0)              
##>                                  END            44542729890 ( +0.00)    -8489.90 (   +0.00)       4870843 (       0)           0  
##>  fast_cse_elim                 START            44542729890 ( +0.00)    -8489.90 (   +0.00)       4870843 (       0)              
##>                                  END            44542729890 ( +0.00)    -8489.90 (   +0.00)       4870843 (       0)           0  
##>                                  END            44542729890 ( +0.00)    -8489.90 (   +0.00)       4870843 (       0)           0  
##> csa_opto                       START            44542729890 ( +0.00)    -8489.90 (   +0.00)       4870843 (       0)              
##>                                  END            44542729890 ( +0.00)    -8489.90 (   +0.00)       4870843 (       0)           0  
##>                                  END            44542729890 ( +0.00)    -8489.90 (   +0.00)       4870843 (       0)           0  
##>datapath_rewrite_post_csa_one_  START            44542729890 ( +0.00)    -8489.90 (   +0.00)       4870843 (       0)              
##>                                  END            44542729890 ( +0.00)    -8489.90 (   +0.00)       4870843 (       0)           0  
##>datapath_csa_factoring_one_gde  START            44542729890 ( +0.00)    -8489.90 (   +0.00)       4870843 (       0)              
##>                                  END            44542729890 ( +0.00)    -8489.90 (   +0.00)       4870843 (       0)           0  
##>dpopt_share_one_def             START            44542729890 ( +0.00)    -8489.90 (   +0.00)       4870843 (       0)              
##>                                  END            44542729890 ( +0.00)    -8489.90 (   +0.00)       4870843 (       0)           0  
##>datapath_rewrite_post_share     START            44542729890 ( +0.00)    -8489.90 (   +0.00)       4870843 (       0)              
##>                                  END            44542729890 ( +0.00)    -8489.90 (   +0.00)       4870843 (       0)           0  
##>dp_combine_const_mult_with_com  START            44542729890 ( +0.00)    -8489.90 (   +0.00)       4870843 (       0)              
##>                                  END            44542729890 ( +0.00)    -8489.90 (   +0.00)       4870843 (       0)           0  
##>speculate_in_gdef               START            44542729890 ( +0.00)    -8489.90 (   +0.00)       4870843 (       0)              
##> pre_speculate_mux_merge        START            44542729890 ( +0.00)    -8489.90 (   +0.00)       4870843 (       0)              
##>                                  END            44542729890 ( +0.00)    -8489.90 (   +0.00)       4870843 (       0)           0  
##> createMaxCarrySave             START            44681649660 ( +0.31)    -8489.90 (   +0.00)       4870843 (       0)              
##>  datapath_rewrite_one_def      START            44681649660 ( +0.00)    -8489.90 (   +0.00)       4870843 (       0)              
##>   fast_cse_elim                START            44681649660 ( +0.00)    -8489.90 (   +0.00)       4870843 (       0)              
##>                                  END            44681649660 ( +0.00)    -8489.90 (   +0.00)       4870843 (       0)           0  
##>   fast_cse_elim                START            44681649660 ( +0.00)    -8489.90 (   +0.00)       4870843 (       0)              
##>                                  END            44681649660 ( +0.00)    -8489.90 (   +0.00)       4870843 (       0)           0  
##>                                  END            44681649660 ( +0.00)    -8489.90 (   +0.00)       4870843 (       0)           0  
##>  csa_opto                      START            44681649660 ( +0.00)    -8489.90 (   +0.00)       4870843 (       0)              
##>                                  END            44681649660 ( +0.00)    -8489.90 (   +0.00)       4870843 (       0)           0  
##>                                  END            44681649660 ( +0.00)    -8489.90 (   +0.00)       4870843 (       0)           0  
##> createMaxCarrySave             START            45582523320 ( +2.02)    -8489.90 (   +0.00)       4836861 (  -33982)              
##>  datapath_rewrite_one_def      START            45582523320 ( +0.00)    -8489.90 (   +0.00)       4836861 (       0)              
##>   fast_cse_elim                START            45582523320 ( +0.00)    -8489.90 (   +0.00)       4836861 (       0)              
##>                                  END            45582523320 ( +0.00)    -8489.90 (   +0.00)       4836861 (       0)           0  
##>   fast_cse_elim                START            45582523320 ( +0.00)    -8489.90 (   +0.00)       4836861 (       0)              
##>                                  END            45582523320 ( +0.00)    -8489.90 (   +0.00)       4836861 (       0)           0  
##>                                  END            45582523320 ( +0.00)    -8489.90 (   +0.00)       4836861 (       0)           0  
##>  csa_opto                      START            45582523320 ( +0.00)    -8489.90 (   +0.00)       4836861 (       0)              
##>                                  END            45582523320 ( +0.00)    -8489.90 (   +0.00)       4836861 (       0)           0  
##>                                  END            45582523320 ( +0.00)    -8489.90 (   +0.00)       4836861 (       0)           0  
##> createMaxCarrySave             START            45662507430 ( +0.18)    -8489.90 (   +0.00)       4888433 (   51572)              
##>  datapath_rewrite_one_def      START            45662507430 ( +0.00)    -8489.90 (   +0.00)       4888433 (       0)              
##>   fast_cse_elim                START            45662507430 ( +0.00)    -8489.90 (   +0.00)       4888433 (       0)              
##>                                  END            45662507430 ( +0.00)    -8489.90 (   +0.00)       4888433 (       0)           0  
##>   fast_cse_elim                START            45662507430 ( +0.00)    -8489.90 (   +0.00)       4888433 (       0)              
##>                                  END            45662507430 ( +0.00)    -8489.90 (   +0.00)       4888433 (       0)           0  
##>                                  END            45662507430 ( +0.00)    -8489.90 (   +0.00)       4888433 (       0)           0  
##>  csa_opto                      START            45662507430 ( +0.00)    -8489.90 (   +0.00)       4888433 (       0)              
##>                                  END            45662507430 ( +0.00)    -8489.90 (   +0.00)       4888433 (       0)           0  
##>                                  END            45662507430 ( +0.00)    -8489.90 (   +0.00)       4888433 (       0)           0  
##>                                  END            44542729890 ( +0.00)    -8489.90 (   +0.00)       4870843 (       0)           0  
##>dp_operator_level_decompositio  START            44542729890 ( +0.00)    -8489.90 (   +0.00)       4870843 (       0)              
##>                                  END            44542729890 ( +0.00)    -8489.90 (   +0.00)       4870843 (       0)           0  
##>selective_flatten_dp_config     START            44542729890 ( +0.00)    -8489.90 (   +0.00)       4870843 (       0)              
##>                                  END            44542729890 ( +0.00)    -8489.90 (   +0.00)       4870843 (       0)           0  
##>createMaxCarrySave              START            44542729890 ( +0.00)    -8489.90 (   +0.00)       4870843 (       0)              
##> datapath_rewrite_one_def       START            44542729890 ( +0.00)    -8489.90 (   +0.00)       4870843 (       0)              
##>  rewrite                       START            44542729890 ( +0.00)    -8489.90 (   +0.00)       4870843 (       0)              (na,csaa) constant_mux_add_rtl --> shift_add_before_mux_to
##>                                  END            44820569430 ( +0.62)    -8489.90 (   +0.00)       4870843 (       0)           0  
##>  fast_cse_elim                 START            44542729890 ( -0.62)    -8489.90 (   +0.00)       4870843 (       0)              
##>                                  END            44542729890 ( +0.00)    -8489.90 (   +0.00)       4870843 (       0)           0  
##>  fast_cse_elim                 START            44542729890 ( +0.00)    -8489.90 (   +0.00)       4870843 (       0)              
##>                                  END            44542729890 ( +0.00)    -8489.90 (   +0.00)       4870843 (       0)           0  
##>                                  END            44542729890 ( +0.00)    -8489.90 (   +0.00)       4870843 (       0)           0  
##> csa_opto                       START            44542729890 ( +0.00)    -8489.90 (   +0.00)       4870843 (       0)              
##>                                  END            44542729890 ( +0.00)    -8489.90 (   +0.00)       4870843 (       0)           0  
##>                                  END            44542729890 ( +0.00)    -8489.90 (   +0.00)       4870843 (       0)           0  
##>context_based_simplify          START            43692372510 ( -1.91)    -8226.10 ( +263.80)       4818632 (  -52211)              
##>                                  END            43271403510 ( -0.96)    -8160.50 (  +65.60)       4781707 (  -36925)           0  
##>group_csa_final_adder_dp        START            43271403510 ( +0.00)    -8160.50 (   +0.00)       4781707 (       0)              
##>                                  END            43313500410 ( +0.10)    -8211.60 (  -51.10)       4793949 (   12242)           0  
##>dpopt_flatten_critical_muxes_i  START            43313500410 ( +0.00)    -8211.60 (   +0.00)       4793949 (       0)              
##>                                  END            43208258160 ( -0.24)    -8211.60 (   +0.00)       4763789 (  -30160)           0  
##>speculate_in_gdef               START            43208258160 ( +0.00)    -8211.60 (   +0.00)       4763789 (       0)              
##> pre_speculate_mux_merge        START            43208258160 ( +0.00)    -8211.60 (   +0.00)       4763789 (       0)              
##>                                  END            43208258160 ( +0.00)    -8211.60 (   +0.00)       4763789 (       0)           0  
##>                                  END            43208258160 ( +0.00)    -8211.60 (   +0.00)       4763789 (       0)           0  
##>create_score                    START            43090386840 ( -0.27)    -8211.60 (   +0.00)       4763789 (       0)              
##>                                  END            43090386840 ( +0.00)    -8211.60 (   +0.00)       4763789 (       0)           0  
##>+------------------------------------------------------------------------------------------------------------------------------------------------------------+
Committed config: CDN_DP_region_2_0_c4
Info    : Done implementing datapath configurations. [DPOPT-4]
        : Selected 'very_fast' configuration 4 for module 'CDN_DP_region_2_0'.
          Optimizations applied to 'very_fast' configuration:
            rewriting(4), factoring(0), sharing(2), cmultcse(0), downsizing(0), speculation(3)
Info    : Implementing datapath configurations. [DPOPT-3]
        : Implementing datapath configurations for 'CDN_DP_region_1_0'
CSAGen Prep Share:0 Re-Write:0 Speculation: 0
MaxCSA: Successfully built Maximal CSA Expression Expr22
CDN_DP_region_1_0 level = 0 loads = 0 drivers = 0
CDN_DP_region_1_0_c0 in coprocessor: area: 951389940 ,dp = 2 mux = 8 sg = slow         worst_clk_period: -1.0000 
    wns: 0  norm_wns:  -1.0000 
    fail_endp: -1 
    tns:  0  tns_per_endp:  -1.0000   norm_tns_per_endp:  -1.0000 
    tns_sense_max:  -1.0000  tns_sense_avg:  -1.0000   tns_sense_num: -1
 skipped
CDN_DP_region_1_0_c1 in coprocessor: area: 934551180 ,dp = 2 mux = 8 sg = fast         worst_clk_period: -1.0000 
    wns: 0  norm_wns:  -1.0000 
    fail_endp: -1 
    tns:  0  tns_per_endp:  -1.0000   norm_tns_per_endp:  -1.0000 
    tns_sense_max:  -1.0000  tns_sense_avg:  -1.0000   tns_sense_num: -1
 is current best
CDN_DP_region_1_0_c2 in coprocessor: area: 934551180 ,dp = 2 mux = 8 sg = very_slow    worst_clk_period: -1.0000 
    wns: 0  norm_wns:  -1.0000 
    fail_endp: -1 
    tns:  0  tns_per_endp:  -1.0000   norm_tns_per_endp:  -1.0000 
    tns_sense_max:  -1.0000  tns_sense_avg:  -1.0000   tns_sense_num: -1
 is current best
CDN_DP_region_1_0_c3 in coprocessor: area: 934551180 ,dp = 2 mux = 8 sg = very_fast    worst_clk_period: -1.0000 
    wns: 0  norm_wns:  -1.0000 
    fail_endp: -1 
    tns:  0  tns_per_endp:  -1.0000   norm_tns_per_endp:  -1.0000 
    tns_sense_max:  -1.0000  tns_sense_avg:  -1.0000   tns_sense_num: -1
 is current best
CDN_DP_region_1_0_c4 in coprocessor: area: 934551180 ,dp = 2 mux = 8 sg = very_fast    worst_clk_period: -1.0000 
    wns: 0  norm_wns:  -1.0000 
    fail_endp: -1 
    tns:  0  tns_per_endp:  -1.0000   norm_tns_per_endp:  -1.0000 
    tns_sense_max:  -1.0000  tns_sense_avg:  -1.0000   tns_sense_num: -1
 is current best
CDN_DP_region_1_0_c5 in coprocessor: area: 934551180 ,dp = 2 mux = 8 sg = very_fast    worst_clk_period: -1.0000 
    wns: 0  norm_wns:  -1.0000 
    fail_endp: -1 
    tns:  0  tns_per_endp:  -1.0000   norm_tns_per_endp:  -1.0000 
    tns_sense_max:  -1.0000  tns_sense_avg:  -1.0000   tns_sense_num: -1
 is current best
CDN_DP_region_1_0_c6 in coprocessor: area: 934551180 ,dp = 2 mux = 8 sg = very_fast    worst_clk_period: -1.0000 
    wns: 0  norm_wns:  -1.0000 
    fail_endp: -1 
    tns:  0  tns_per_endp:  -1.0000   norm_tns_per_endp:  -1.0000 
    tns_sense_max:  -1.0000  tns_sense_avg:  -1.0000   tns_sense_num: -1
 is current best
CDN_DP_region_1_0_c7 in coprocessor: area: 934551180 ,dp = 2 mux = 8 sg = very_fast    worst_clk_period: -1.0000 
    wns: 0  norm_wns:  -1.0000 
    fail_endp: -1 
    tns:  0  tns_per_endp:  -1.0000   norm_tns_per_endp:  -1.0000 
    tns_sense_max:  -1.0000  tns_sense_avg:  -1.0000   tns_sense_num: -1
 is current best
Best config: CDN_DP_region_1_0_c7 in coprocessor: area: 934551180 ,dp = 2 mux = 8 sg = very_fast    worst_clk_period: -1.0000 
    wns: 0  norm_wns:  -1.0000 
    fail_endp: -1 
    tns:  0  tns_per_endp:  -1.0000   norm_tns_per_endp:  -1.0000 
    tns_sense_max:  -1.0000  tns_sense_avg:  -1.0000   tns_sense_num: -1
  Smallest config area : 934551180.  Fastest config wns;  0
##>+----------------------------------------------------------------------------------------------------------------------------------------------------------------+
##>Summary table of configs (Best config is CDN_DP_region_1_0_c7)
##>+----------------------------------------------------------------------------------------------------------------------------------------------------------------+
##>                     0                  1                  2                  3                  4                  5                  6                  7            
##>+----------------------------------------------------------------------------------------------------------------------------------------------------------------+
##>           Area        951389940          934551180          934551180          934551180          934551180          934551180          934551180          934551180  
##>            WNS         +5516.70           +5516.70           +5516.70           +5516.70           +5516.70           +5516.70           +5516.70           +5516.70  
##>            TNS                0                  0                  0                  0                  0                  0                  0                  0  
##>    Num Rewrite                0                  0                  0                  0                  0                  0                  0                  0  
##>     Num Factor                0                  0                  0                  0                  0                  0                  0                  0  
##>      Num Share                0                  0                  0                  0                  0                  0                  0                  0  
##>   Num CmultCse                0                  0                  0                  0                  0                  0                  0                  0  
##>   Num Downsize                0                  0                  0                  0                  0                  0                  0                  0  
##>  Num Speculate                0                  0                  0                  0                  0                  0                  0                  0  
##>     Runtime(s)                0                  0                  0                  0                  0                  0                  0                  0  
+----------------------------------------------------------------------------------------------------------------------------------------------------------------+
##>
##>
##>+------------------------------------------------------------------------------------------------------------------------------------------------------------+
##>Optimization Step DEBUG Table for config CDN_DP_region_1_0_c7
##>
##>                          Step                        Area   ( % Chg)        WNS (Change)        TNS (Change)          Runtime (s)        Comment                   
##>+------------------------------------------------------------------------------------------------------------------------------------------------------------+
##>EquationExtraction              START              951389940 (      )     5516.70 (        )             0 (        )              
##> rewrite                        START              955599630 ( +0.44)     5494.30 (  -22.40)             0 (       0)              (a,ar) Expr22_from --> Expr22_to
##>                                  END              968228700 ( +1.32)     5494.30 (   +0.00)             0 (       0)           0  
##>                                  END              951389940 ( +0.00)     5516.70 (   +0.00)             0 (       0)           0  
##>createMaxCarrySave              START              951389940 ( +0.00)     5516.70 (   +0.00)             0 (       0)              
##> datapath_rewrite_one_def       START              951389940 ( +0.00)     5516.70 (   +0.00)             0 (       0)              
##>                                  END              951389940 ( +0.00)     5516.70 (   +0.00)             0 (       0)           0  
##> csa_opto                       START              951389940 ( +0.00)     5516.70 (   +0.00)             0 (       0)              
##>                                  END              955599630 ( +0.44)     5516.70 (   +0.00)             0 (       0)           0  
##>                                  END              955599630 ( +0.44)     5516.70 (   +0.00)             0 (       0)           0  
##>canonicalize_by_names           START              955599630 ( +0.00)     5516.70 (   +0.00)             0 (       0)              
##>                                  END              955599630 ( +0.00)     5516.70 (   +0.00)             0 (       0)           0  
##>datapath_rewrite_post_csa_one_  START              955599630 ( +0.00)     5516.70 (   +0.00)             0 (       0)              
##>                                  END              955599630 ( +0.00)     5516.70 (   +0.00)             0 (       0)           0  
##>datapath_csa_factoring_one_gde  START              955599630 ( +0.00)     5516.70 (   +0.00)             0 (       0)              
##>                                  END              955599630 ( +0.00)     5516.70 (   +0.00)             0 (       0)           0  
##>dpopt_share_one_def             START              955599630 ( +0.00)     5516.70 (   +0.00)             0 (       0)              
##>                                  END              955599630 ( +0.00)     5516.70 (   +0.00)             0 (       0)           0  
##>datapath_rewrite_post_share     START              955599630 ( +0.00)     5516.70 (   +0.00)             0 (       0)              
##>                                  END              955599630 ( +0.00)     5516.70 (   +0.00)             0 (       0)           0  
##>dp_combine_const_mult_with_com  START              955599630 ( +0.00)     5516.70 (   +0.00)             0 (       0)              
##>                                  END              955599630 ( +0.00)     5516.70 (   +0.00)             0 (       0)           0  
##>dp_operator_level_decompositio  START              955599630 ( +0.00)     5516.70 (   +0.00)             0 (       0)              
##>                                  END              955599630 ( +0.00)     5516.70 (   +0.00)             0 (       0)           0  
##>selective_flatten_dp_config     START              955599630 ( +0.00)     5516.70 (   +0.00)             0 (       0)              
##>                                  END              955599630 ( +0.00)     5516.70 (   +0.00)             0 (       0)           0  
##>createMaxCarrySave              START              955599630 ( +0.00)     5516.70 (   +0.00)             0 (       0)              
##> datapath_rewrite_one_def       START              955599630 ( +0.00)     5516.70 (   +0.00)             0 (       0)              
##>  fast_cse_elim                 START              955599630 ( +0.00)     5516.70 (   +0.00)             0 (       0)              
##>                                  END              938760870 ( -1.76)     5516.70 (   +0.00)             0 (       0)           0  
##>  fast_cse_elim                 START              938760870 ( +0.00)     5516.70 (   +0.00)             0 (       0)              
##>                                  END              938760870 ( +0.00)     5516.70 (   +0.00)             0 (       0)           0  
##>                                  END              938760870 ( -1.76)     5516.70 (   +0.00)             0 (       0)           0  
##> csa_opto                       START              938760870 ( +0.00)     5516.70 (   +0.00)             0 (       0)              
##>                                  END              938760870 ( +0.00)     5516.70 (   +0.00)             0 (       0)           0  
##>                                  END              938760870 ( -1.76)     5516.70 (   +0.00)             0 (       0)           0  
##>context_based_simplify          START              934551180 ( -0.45)     5516.70 (   +0.00)             0 (       0)              
##>                                  END              934551180 ( +0.00)     5516.70 (   +0.00)             0 (       0)           0  
##>group_csa_final_adder_dp        START              934551180 ( +0.00)     5516.70 (   +0.00)             0 (       0)              
##>                                  END              934551180 ( +0.00)     5516.70 (   +0.00)             0 (       0)           0  
##>dpopt_flatten_critical_muxes_i  START              934551180 ( +0.00)     5516.70 (   +0.00)             0 (       0)              
##>                                  END              934551180 ( +0.00)     5516.70 (   +0.00)             0 (       0)           0  
##>create_score                    START              934551180 ( +0.00)     5516.70 (   +0.00)             0 (       0)              
##>                                  END              934551180 ( +0.00)     5516.70 (   +0.00)             0 (       0)           0  
##>+------------------------------------------------------------------------------------------------------------------------------------------------------------+
Committed config: CDN_DP_region_1_0_c7
Info    : Done implementing datapath configurations. [DPOPT-4]
        : Selected 'very_fast' configuration 7 for module 'CDN_DP_region_1_0'.
          Optimizations applied to 'very_fast' configuration:
            rewriting(0), factoring(0), sharing(0), cmultcse(0), downsizing(0), speculation(0)
Info    : Implementing datapath configurations. [DPOPT-3]
        : Implementing datapath configurations for 'CDN_DP_region_5_0'
CSAGen Prep Share:0 Re-Write:0 Speculation: 0
MaxCSA: Successfully built Maximal CSA Expression Expr23
CDN_DP_region_5_0 level = 1 loads = 0 drivers = 1 is driven by : CDN_DP_region_5_1 
CDN_DP_region_5_0_c0 in uart_tx_DATA_BITS8_OVER_SAMPLE16: area: 366243030 ,dp = 3 mux = 3 sg = slow         worst_clk_period: -1.0000 
    wns: 0  norm_wns:  -1.0000 
    fail_endp: -1 
    tns:  0  tns_per_endp:  -1.0000   norm_tns_per_endp:  -1.0000 
    tns_sense_max:  -1.0000  tns_sense_avg:  -1.0000   tns_sense_num: -1
 skipped
CDN_DP_region_5_0_c1 in uart_tx_DATA_BITS8_OVER_SAMPLE16: area: 353613960 ,dp = 3 mux = 3 sg = fast         worst_clk_period: -1.0000 
    wns: 0  norm_wns:  -1.0000 
    fail_endp: -1 
    tns:  0  tns_per_endp:  -1.0000   norm_tns_per_endp:  -1.0000 
    tns_sense_max:  -1.0000  tns_sense_avg:  -1.0000   tns_sense_num: -1
 is current best
CDN_DP_region_5_0_c2 in uart_tx_DATA_BITS8_OVER_SAMPLE16: area: 353613960 ,dp = 3 mux = 3 sg = very_slow    worst_clk_period: -1.0000 
    wns: 0  norm_wns:  -1.0000 
    fail_endp: -1 
    tns:  0  tns_per_endp:  -1.0000   norm_tns_per_endp:  -1.0000 
    tns_sense_max:  -1.0000  tns_sense_avg:  -1.0000   tns_sense_num: -1
 is current best
CDN_DP_region_5_0_c3 in uart_tx_DATA_BITS8_OVER_SAMPLE16: area: 353613960 ,dp = 3 mux = 3 sg = very_fast    worst_clk_period: -1.0000 
    wns: 0  norm_wns:  -1.0000 
    fail_endp: -1 
    tns:  0  tns_per_endp:  -1.0000   norm_tns_per_endp:  -1.0000 
    tns_sense_max:  -1.0000  tns_sense_avg:  -1.0000   tns_sense_num: -1
 is current best
CDN_DP_region_5_0_c4 in uart_tx_DATA_BITS8_OVER_SAMPLE16: area: 353613960 ,dp = 3 mux = 3 sg = very_fast    worst_clk_period: -1.0000 
    wns: 0  norm_wns:  -1.0000 
    fail_endp: -1 
    tns:  0  tns_per_endp:  -1.0000   norm_tns_per_endp:  -1.0000 
    tns_sense_max:  -1.0000  tns_sense_avg:  -1.0000   tns_sense_num: -1
 is current best
CDN_DP_region_5_0_c5 in uart_tx_DATA_BITS8_OVER_SAMPLE16: area: 353613960 ,dp = 3 mux = 3 sg = very_fast    worst_clk_period: -1.0000 
    wns: 0  norm_wns:  -1.0000 
    fail_endp: -1 
    tns:  0  tns_per_endp:  -1.0000   norm_tns_per_endp:  -1.0000 
    tns_sense_max:  -1.0000  tns_sense_avg:  -1.0000   tns_sense_num: -1
 is current best
CDN_DP_region_5_0_c6 in uart_tx_DATA_BITS8_OVER_SAMPLE16: area: 353613960 ,dp = 3 mux = 3 sg = very_fast    worst_clk_period: -1.0000 
    wns: 0  norm_wns:  -1.0000 
    fail_endp: -1 
    tns:  0  tns_per_endp:  -1.0000   norm_tns_per_endp:  -1.0000 
    tns_sense_max:  -1.0000  tns_sense_avg:  -1.0000   tns_sense_num: -1
 is current best
CDN_DP_region_5_0_c7 in uart_tx_DATA_BITS8_OVER_SAMPLE16: area: 353613960 ,dp = 3 mux = 3 sg = very_fast    worst_clk_period: -1.0000 
    wns: 0  norm_wns:  -1.0000 
    fail_endp: -1 
    tns:  0  tns_per_endp:  -1.0000   norm_tns_per_endp:  -1.0000 
    tns_sense_max:  -1.0000  tns_sense_avg:  -1.0000   tns_sense_num: -1
 is current best
Best config: CDN_DP_region_5_0_c7 in uart_tx_DATA_BITS8_OVER_SAMPLE16: area: 353613960 ,dp = 3 mux = 3 sg = very_fast    worst_clk_period: -1.0000 
    wns: 0  norm_wns:  -1.0000 
    fail_endp: -1 
    tns:  0  tns_per_endp:  -1.0000   norm_tns_per_endp:  -1.0000 
    tns_sense_max:  -1.0000  tns_sense_avg:  -1.0000   tns_sense_num: -1
  Smallest config area : 353613960.  Fastest config wns;  0
##>+----------------------------------------------------------------------------------------------------------------------------------------------------------------+
##>Summary table of configs (Best config is CDN_DP_region_5_0_c7)
##>+----------------------------------------------------------------------------------------------------------------------------------------------------------------+
##>                     0                  1                  2                  3                  4                  5                  6                  7            
##>+----------------------------------------------------------------------------------------------------------------------------------------------------------------+
##>           Area        366243030          353613960          353613960          353613960          353613960          353613960          353613960          353613960  
##>            WNS         +5841.60           +5841.60           +5841.60           +5841.60           +5841.60           +5841.60           +5841.60           +5841.60  
##>            TNS                0                  0                  0                  0                  0                  0                  0                  0  
##>    Num Rewrite                0                  0                  0                  0                  0                  0                  0                  0  
##>     Num Factor                0                  0                  0                  0                  0                  0                  0                  0  
##>      Num Share                0                  0                  0                  0                  0                  0                  0                  0  
##>   Num CmultCse                0                  0                  0                  0                  0                  0                  0                  0  
##>   Num Downsize                0                  0                  0                  0                  0                  0                  0                  0  
##>  Num Speculate                0                  0                  0                  0                  0                  0                  0                  0  
##>     Runtime(s)                0                  0                  0                  0                  0                  0                  0                  0  
+----------------------------------------------------------------------------------------------------------------------------------------------------------------+
##>
##>
##>+------------------------------------------------------------------------------------------------------------------------------------------------------------+
##>Optimization Step DEBUG Table for config CDN_DP_region_5_0_c7
##>
##>                          Step                        Area   ( % Chg)        WNS (Change)        TNS (Change)          Runtime (s)        Comment                   
##>+------------------------------------------------------------------------------------------------------------------------------------------------------------+
##>EquationExtraction              START              366243030 (      )     5841.60 (        )             0 (        )              
##> rewrite                        START              404130240 (+10.34)     5841.60 (   +0.00)             0 (       0)              (a,ar) Expr23_from --> Expr23_to
##>                                  END              488324040 (+20.83)     5841.60 (   +0.00)             0 (       0)           0  
##>                                  END              366243030 ( +0.00)     5841.60 (   +0.00)             0 (       0)           0  
##>createMaxCarrySave              START              366243030 ( +0.00)     5841.60 (   +0.00)             0 (       0)              
##> datapath_rewrite_one_def       START              366243030 ( +0.00)     5841.60 (   +0.00)             0 (       0)              
##>                                  END              366243030 ( +0.00)     5841.60 (   +0.00)             0 (       0)           0  
##> csa_opto                       START              366243030 ( +0.00)     5841.60 (   +0.00)             0 (       0)              
##>                                  END              374662410 ( +2.30)     5841.60 (   +0.00)             0 (       0)           0  
##>                                  END              374662410 ( +2.30)     5841.60 (   +0.00)             0 (       0)           0  
##>canonicalize_by_names           START              374662410 ( +0.00)     5841.60 (   +0.00)             0 (       0)              
##>                                  END              374662410 ( +0.00)     5841.60 (   +0.00)             0 (       0)           0  
##>datapath_rewrite_post_csa_one_  START              374662410 ( +0.00)     5841.60 (   +0.00)             0 (       0)              
##>                                  END              374662410 ( +0.00)     5841.60 (   +0.00)             0 (       0)           0  
##>datapath_csa_factoring_one_gde  START              374662410 ( +0.00)     5841.60 (   +0.00)             0 (       0)              
##>                                  END              374662410 ( +0.00)     5841.60 (   +0.00)             0 (       0)           0  
##>dpopt_share_one_def             START              374662410 ( +0.00)     5841.60 (   +0.00)             0 (       0)              
##>                                  END              374662410 ( +0.00)     5841.60 (   +0.00)             0 (       0)           0  
##>datapath_rewrite_post_share     START              374662410 ( +0.00)     5841.60 (   +0.00)             0 (       0)              
##>                                  END              374662410 ( +0.00)     5841.60 (   +0.00)             0 (       0)           0  
##>dp_combine_const_mult_with_com  START              374662410 ( +0.00)     5841.60 (   +0.00)             0 (       0)              
##>                                  END              374662410 ( +0.00)     5841.60 (   +0.00)             0 (       0)           0  
##>dp_operator_level_decompositio  START              374662410 ( +0.00)     5841.60 (   +0.00)             0 (       0)              
##>                                  END              374662410 ( +0.00)     5841.60 (   +0.00)             0 (       0)           0  
##>selective_flatten_dp_config     START              374662410 ( +0.00)     5841.60 (   +0.00)             0 (       0)              
##>                                  END              374662410 ( +0.00)     5841.60 (   +0.00)             0 (       0)           0  
##>createMaxCarrySave              START              374662410 ( +0.00)     5841.60 (   +0.00)             0 (       0)              
##> datapath_rewrite_one_def       START              374662410 ( +0.00)     5841.60 (   +0.00)             0 (       0)              
##>  fast_cse_elim                 START              374662410 ( +0.00)     5841.60 (   +0.00)             0 (       0)              
##>                                  END              374662410 ( +0.00)     5841.60 (   +0.00)             0 (       0)           0  
##>  fast_cse_elim                 START              374662410 ( +0.00)     5841.60 (   +0.00)             0 (       0)              
##>                                  END              374662410 ( +0.00)     5841.60 (   +0.00)             0 (       0)           0  
##>                                  END              374662410 ( +0.00)     5841.60 (   +0.00)             0 (       0)           0  
##> csa_opto                       START              374662410 ( +0.00)     5841.60 (   +0.00)             0 (       0)              
##>                                  END              374662410 ( +0.00)     5841.60 (   +0.00)             0 (       0)           0  
##>                                  END              374662410 ( +0.00)     5841.60 (   +0.00)             0 (       0)           0  
##>context_based_simplify          START              357823650 ( -4.49)     5841.60 (   +0.00)             0 (       0)              
##>                                  END              353613960 ( -1.18)     5841.60 (   +0.00)             0 (       0)           0  
##>group_csa_final_adder_dp        START              353613960 ( +0.00)     5841.60 (   +0.00)             0 (       0)              
##>                                  END              353613960 ( +0.00)     5841.60 (   +0.00)             0 (       0)           0  
##>dpopt_flatten_critical_muxes_i  START              353613960 ( +0.00)     5841.60 (   +0.00)             0 (       0)              
##>                                  END              353613960 ( +0.00)     5841.60 (   +0.00)             0 (       0)           0  
##>create_score                    START              353613960 ( +0.00)     5841.60 (   +0.00)             0 (       0)              
##>                                  END              353613960 ( +0.00)     5841.60 (   +0.00)             0 (       0)           0  
##>+------------------------------------------------------------------------------------------------------------------------------------------------------------+
Committed config: CDN_DP_region_5_0_c7
Info    : Done implementing datapath configurations. [DPOPT-4]
        : Selected 'very_fast' configuration 7 for module 'CDN_DP_region_5_0'.
          Optimizations applied to 'very_fast' configuration:
            rewriting(0), factoring(0), sharing(0), cmultcse(0), downsizing(0), speculation(0)
Info    : Implementing datapath configurations. [DPOPT-3]
        : Implementing datapath configurations for 'CDN_DP_region_0_0'
CSAGen Prep Share:0 Re-Write:0 Speculation: 0
MaxCSA: Successfully built Maximal CSA Expression Expr24
CDN_DP_region_0_0 level = 0 loads = 0 drivers = 0
CDN_DP_region_0_0_c0 in baud_gen_BAUD_RATE115200_CLK_FREQ50000000_OVER_SAMPLE16: area: 101032560 ,dp = 1 mux = 0 sg = slow         worst_clk_period: -1.0000 
    wns: 0  norm_wns:  -1.0000 
    fail_endp: -1 
    tns:  0  tns_per_endp:  -1.0000   norm_tns_per_endp:  -1.0000 
    tns_sense_max:  -1.0000  tns_sense_avg:  -1.0000   tns_sense_num: -1
 skipped
CDN_DP_region_0_0_c1 in baud_gen_BAUD_RATE115200_CLK_FREQ50000000_OVER_SAMPLE16: area: 71564730 ,dp = 1 mux = 0 sg = fast         worst_clk_period: -1.0000 
    wns: 0  norm_wns:  -1.0000 
    fail_endp: -1 
    tns:  0  tns_per_endp:  -1.0000   norm_tns_per_endp:  -1.0000 
    tns_sense_max:  -1.0000  tns_sense_avg:  -1.0000   tns_sense_num: -1
 is current best
CDN_DP_region_0_0_c2 in baud_gen_BAUD_RATE115200_CLK_FREQ50000000_OVER_SAMPLE16: area: 71564730 ,dp = 1 mux = 0 sg = very_slow    worst_clk_period: -1.0000 
    wns: 0  norm_wns:  -1.0000 
    fail_endp: -1 
    tns:  0  tns_per_endp:  -1.0000   norm_tns_per_endp:  -1.0000 
    tns_sense_max:  -1.0000  tns_sense_avg:  -1.0000   tns_sense_num: -1
 is current best
CDN_DP_region_0_0_c3 in baud_gen_BAUD_RATE115200_CLK_FREQ50000000_OVER_SAMPLE16: area: 71564730 ,dp = 1 mux = 0 sg = very_fast    worst_clk_period: -1.0000 
    wns: 0  norm_wns:  -1.0000 
    fail_endp: -1 
    tns:  0  tns_per_endp:  -1.0000   norm_tns_per_endp:  -1.0000 
    tns_sense_max:  -1.0000  tns_sense_avg:  -1.0000   tns_sense_num: -1
 is current best
CDN_DP_region_0_0_c4 in baud_gen_BAUD_RATE115200_CLK_FREQ50000000_OVER_SAMPLE16: area: 71564730 ,dp = 1 mux = 0 sg = very_fast    worst_clk_period: -1.0000 
    wns: 0  norm_wns:  -1.0000 
    fail_endp: -1 
    tns:  0  tns_per_endp:  -1.0000   norm_tns_per_endp:  -1.0000 
    tns_sense_max:  -1.0000  tns_sense_avg:  -1.0000   tns_sense_num: -1
 is current best
CDN_DP_region_0_0_c5 in baud_gen_BAUD_RATE115200_CLK_FREQ50000000_OVER_SAMPLE16: area: 71564730 ,dp = 1 mux = 0 sg = very_fast    worst_clk_period: -1.0000 
    wns: 0  norm_wns:  -1.0000 
    fail_endp: -1 
    tns:  0  tns_per_endp:  -1.0000   norm_tns_per_endp:  -1.0000 
    tns_sense_max:  -1.0000  tns_sense_avg:  -1.0000   tns_sense_num: -1
 is current best
CDN_DP_region_0_0_c6 in baud_gen_BAUD_RATE115200_CLK_FREQ50000000_OVER_SAMPLE16: area: 71564730 ,dp = 1 mux = 0 sg = very_fast    worst_clk_period: -1.0000 
    wns: 0  norm_wns:  -1.0000 
    fail_endp: -1 
    tns:  0  tns_per_endp:  -1.0000   norm_tns_per_endp:  -1.0000 
    tns_sense_max:  -1.0000  tns_sense_avg:  -1.0000   tns_sense_num: -1
 is current best
CDN_DP_region_0_0_c7 in baud_gen_BAUD_RATE115200_CLK_FREQ50000000_OVER_SAMPLE16: area: 71564730 ,dp = 1 mux = 0 sg = very_fast    worst_clk_period: -1.0000 
    wns: 0  norm_wns:  -1.0000 
    fail_endp: -1 
    tns:  0  tns_per_endp:  -1.0000   norm_tns_per_endp:  -1.0000 
    tns_sense_max:  -1.0000  tns_sense_avg:  -1.0000   tns_sense_num: -1
 is current best
Best config: CDN_DP_region_0_0_c7 in baud_gen_BAUD_RATE115200_CLK_FREQ50000000_OVER_SAMPLE16: area: 71564730 ,dp = 1 mux = 0 sg = very_fast    worst_clk_period: -1.0000 
    wns: 0  norm_wns:  -1.0000 
    fail_endp: -1 
    tns:  0  tns_per_endp:  -1.0000   norm_tns_per_endp:  -1.0000 
    tns_sense_max:  -1.0000  tns_sense_avg:  -1.0000   tns_sense_num: -1
  Smallest config area : 71564730.  Fastest config wns;  0
##>+----------------------------------------------------------------------------------------------------------------------------------------------------------------+
##>Summary table of configs (Best config is CDN_DP_region_0_0_c7)
##>+----------------------------------------------------------------------------------------------------------------------------------------------------------------+
##>                     0                  1                  2                  3                  4                  5                  6                  7            
##>+----------------------------------------------------------------------------------------------------------------------------------------------------------------+
##>           Area        101032560           71564730           71564730           71564730           71564730           71564730           71564730           71564730  
##>            WNS         +6394.00           +6506.60           +6506.60           +6506.60           +6506.60           +6506.60           +6506.60           +6506.60  
##>            TNS                0                  0                  0                  0                  0                  0                  0                  0  
##>    Num Rewrite                0                  0                  0                  0                  0                  0                  0                  0  
##>     Num Factor                0                  0                  0                  0                  0                  0                  0                  0  
##>      Num Share                0                  0                  0                  0                  0                  0                  0                  0  
##>   Num CmultCse                0                  0                  0                  0                  0                  0                  0                  0  
##>   Num Downsize                0                  0                  0                  0                  0                  0                  0                  0  
##>  Num Speculate                0                  0                  0                  0                  0                  0                  0                  0  
##>     Runtime(s)                0                  0                  0                  0                  0                  0                  0                  0  
+----------------------------------------------------------------------------------------------------------------------------------------------------------------+
##>
##>
##>+------------------------------------------------------------------------------------------------------------------------------------------------------------+
##>Optimization Step DEBUG Table for config CDN_DP_region_0_0_c7
##>
##>                          Step                        Area   ( % Chg)        WNS (Change)        TNS (Change)          Runtime (s)        Comment                   
##>+------------------------------------------------------------------------------------------------------------------------------------------------------------+
##>EquationExtraction              START              101032560 (      )     6394.00 (        )             0 (        )              
##> rewrite                        START              181016670 (+79.17)     6328.80 (  -65.20)             0 (       0)              (a,ar) Expr24_from --> Expr24_to
##>                                  END              362033340 (+100.00)     6328.80 (   +0.00)             0 (       0)           0  
##>                                  END              101032560 ( +0.00)     6394.00 (   +0.00)             0 (       0)           0  
##>createMaxCarrySave              START              101032560 ( +0.00)     6394.00 (   +0.00)             0 (       0)              
##> datapath_rewrite_one_def       START              101032560 ( +0.00)     6394.00 (   +0.00)             0 (       0)              
##>                                  END              101032560 ( +0.00)     6394.00 (   +0.00)             0 (       0)           0  
##> csa_opto                       START              101032560 ( +0.00)     6394.00 (   +0.00)             0 (       0)              
##>                                  END              105242250 ( +4.17)     6348.20 (  -45.80)             0 (       0)           0  
##>                                  END              105242250 ( +4.17)     6348.20 (  -45.80)             0 (       0)           0  
##>canonicalize_by_names           START              105242250 ( +0.00)     6348.20 (   +0.00)             0 (       0)              
##>                                  END              105242250 ( +0.00)     6348.20 (   +0.00)             0 (       0)           0  
##>datapath_rewrite_post_csa_one_  START              105242250 ( +0.00)     6348.20 (   +0.00)             0 (       0)              
##>                                  END              105242250 ( +0.00)     6348.20 (   +0.00)             0 (       0)           0  
##>datapath_csa_factoring_one_gde  START              105242250 ( +0.00)     6348.20 (   +0.00)             0 (       0)              
##>                                  END              105242250 ( +0.00)     6348.20 (   +0.00)             0 (       0)           0  
##>dpopt_share_one_def             START              105242250 ( +0.00)     6348.20 (   +0.00)             0 (       0)              
##>                                  END              105242250 ( +0.00)     6348.20 (   +0.00)             0 (       0)           0  
##>datapath_rewrite_post_share     START              105242250 ( +0.00)     6348.20 (   +0.00)             0 (       0)              
##>                                  END              105242250 ( +0.00)     6348.20 (   +0.00)             0 (       0)           0  
##>dp_combine_const_mult_with_com  START              105242250 ( +0.00)     6348.20 (   +0.00)             0 (       0)              
##>                                  END              105242250 ( +0.00)     6348.20 (   +0.00)             0 (       0)           0  
##>dp_operator_level_decompositio  START              105242250 ( +0.00)     6348.20 (   +0.00)             0 (       0)              
##>                                  END              105242250 ( +0.00)     6348.20 (   +0.00)             0 (       0)           0  
##>selective_flatten_dp_config     START              105242250 ( +0.00)     6348.20 (   +0.00)             0 (       0)              
##>                                  END              105242250 ( +0.00)     6348.20 (   +0.00)             0 (       0)           0  
##>createMaxCarrySave              START              105242250 ( +0.00)     6348.20 (   +0.00)             0 (       0)              
##> datapath_rewrite_one_def       START              105242250 ( +0.00)     6348.20 (   +0.00)             0 (       0)              
##>  fast_cse_elim                 START              105242250 ( +0.00)     6348.20 (   +0.00)             0 (       0)              
##>                                  END              105242250 ( +0.00)     6348.20 (   +0.00)             0 (       0)           0  
##>  fast_cse_elim                 START              105242250 ( +0.00)     6348.20 (   +0.00)             0 (       0)              
##>                                  END              105242250 ( +0.00)     6348.20 (   +0.00)             0 (       0)           0  
##>                                  END              105242250 ( +0.00)     6348.20 (   +0.00)             0 (       0)           0  
##> csa_opto                       START              105242250 ( +0.00)     6348.20 (   +0.00)             0 (       0)              
##>                                  END              105242250 ( +0.00)     6348.20 (   +0.00)             0 (       0)           0  
##>                                  END              105242250 ( +0.00)     6348.20 (   +0.00)             0 (       0)           0  
##>context_based_simplify          START               88403490 (-16.00)     6394.00 (  +45.80)             0 (       0)              
##>                                  END               71564730 (-19.05)     6506.60 ( +112.60)             0 (       0)           0  
##>group_csa_final_adder_dp        START               71564730 ( +0.00)     6506.60 (   +0.00)             0 (       0)              
##>                                  END               71564730 ( +0.00)     6506.60 (   +0.00)             0 (       0)           0  
##>dpopt_flatten_critical_muxes_i  START               71564730 ( +0.00)     6506.60 (   +0.00)             0 (       0)              
##>                                  END               71564730 ( +0.00)     6506.60 (   +0.00)             0 (       0)           0  
##>create_score                    START               71564730 ( +0.00)     6506.60 (   +0.00)             0 (       0)              
##>                                  END               71564730 ( +0.00)     6506.60 (   +0.00)             0 (       0)           0  
##>+------------------------------------------------------------------------------------------------------------------------------------------------------------+
Committed config: CDN_DP_region_0_0_c7
Info    : Done implementing datapath configurations. [DPOPT-4]
        : Selected 'very_fast' configuration 7 for module 'CDN_DP_region_0_0'.
          Optimizations applied to 'very_fast' configuration:
            rewriting(0), factoring(0), sharing(0), cmultcse(0), downsizing(0), speculation(0)
Info    : Implementing datapath configurations. [DPOPT-3]
        : Implementing datapath configurations for 'CDN_DP_region_4_0'
CSAGen Prep Share:0 Re-Write:0 Speculation: 0
MaxCSA: Successfully built Maximal CSA Expression Expr25
CDN_DP_region_4_0 level = 0 loads = 1 drivers = 0
CDN_DP_region_4_0_c0 in uart_rx_DATA_BITS8_OVER_SAMPLE16: area: 155758530 ,dp = 1 mux = 1 sg = slow         worst_clk_period: -1.0000 
    wns: 0  norm_wns:  -1.0000 
    fail_endp: -1 
    tns:  0  tns_per_endp:  -1.0000   norm_tns_per_endp:  -1.0000 
    tns_sense_max:  -1.0000  tns_sense_avg:  -1.0000   tns_sense_num: -1
 skipped
CDN_DP_region_4_0_c1 in uart_rx_DATA_BITS8_OVER_SAMPLE16: area: 134710080 ,dp = 1 mux = 1 sg = fast         worst_clk_period: -1.0000 
    wns: 0  norm_wns:  -1.0000 
    fail_endp: -1 
    tns:  0  tns_per_endp:  -1.0000   norm_tns_per_endp:  -1.0000 
    tns_sense_max:  -1.0000  tns_sense_avg:  -1.0000   tns_sense_num: -1
 is current best
CDN_DP_region_4_0_c2 in uart_rx_DATA_BITS8_OVER_SAMPLE16: area: 134710080 ,dp = 1 mux = 1 sg = very_slow    worst_clk_period: -1.0000 
    wns: 0  norm_wns:  -1.0000 
    fail_endp: -1 
    tns:  0  tns_per_endp:  -1.0000   norm_tns_per_endp:  -1.0000 
    tns_sense_max:  -1.0000  tns_sense_avg:  -1.0000   tns_sense_num: -1
 is current best
CDN_DP_region_4_0_c3 in uart_rx_DATA_BITS8_OVER_SAMPLE16: area: 134710080 ,dp = 1 mux = 1 sg = very_fast    worst_clk_period: -1.0000 
    wns: 0  norm_wns:  -1.0000 
    fail_endp: -1 
    tns:  0  tns_per_endp:  -1.0000   norm_tns_per_endp:  -1.0000 
    tns_sense_max:  -1.0000  tns_sense_avg:  -1.0000   tns_sense_num: -1
 is current best
CDN_DP_region_4_0_c4 in uart_rx_DATA_BITS8_OVER_SAMPLE16: area: 134710080 ,dp = 1 mux = 1 sg = very_fast    worst_clk_period: -1.0000 
    wns: 0  norm_wns:  -1.0000 
    fail_endp: -1 
    tns:  0  tns_per_endp:  -1.0000   norm_tns_per_endp:  -1.0000 
    tns_sense_max:  -1.0000  tns_sense_avg:  -1.0000   tns_sense_num: -1
 is current best
CDN_DP_region_4_0_c5 in uart_rx_DATA_BITS8_OVER_SAMPLE16: area: 134710080 ,dp = 1 mux = 1 sg = very_fast    worst_clk_period: -1.0000 
    wns: 0  norm_wns:  -1.0000 
    fail_endp: -1 
    tns:  0  tns_per_endp:  -1.0000   norm_tns_per_endp:  -1.0000 
    tns_sense_max:  -1.0000  tns_sense_avg:  -1.0000   tns_sense_num: -1
 is current best
CDN_DP_region_4_0_c6 in uart_rx_DATA_BITS8_OVER_SAMPLE16: area: 134710080 ,dp = 1 mux = 1 sg = very_fast    worst_clk_period: -1.0000 
    wns: 0  norm_wns:  -1.0000 
    fail_endp: -1 
    tns:  0  tns_per_endp:  -1.0000   norm_tns_per_endp:  -1.0000 
    tns_sense_max:  -1.0000  tns_sense_avg:  -1.0000   tns_sense_num: -1
 is current best
CDN_DP_region_4_0_c7 in uart_rx_DATA_BITS8_OVER_SAMPLE16: area: 134710080 ,dp = 1 mux = 1 sg = very_fast    worst_clk_period: -1.0000 
    wns: 0  norm_wns:  -1.0000 
    fail_endp: -1 
    tns:  0  tns_per_endp:  -1.0000   norm_tns_per_endp:  -1.0000 
    tns_sense_max:  -1.0000  tns_sense_avg:  -1.0000   tns_sense_num: -1
 is current best
Best config: CDN_DP_region_4_0_c7 in uart_rx_DATA_BITS8_OVER_SAMPLE16: area: 134710080 ,dp = 1 mux = 1 sg = very_fast    worst_clk_period: -1.0000 
    wns: 0  norm_wns:  -1.0000 
    fail_endp: -1 
    tns:  0  tns_per_endp:  -1.0000   norm_tns_per_endp:  -1.0000 
    tns_sense_max:  -1.0000  tns_sense_avg:  -1.0000   tns_sense_num: -1
  Smallest config area : 134710080.  Fastest config wns;  0
##>+----------------------------------------------------------------------------------------------------------------------------------------------------------------+
##>Summary table of configs (Best config is CDN_DP_region_4_0_c7)
##>+----------------------------------------------------------------------------------------------------------------------------------------------------------------+
##>                     0                  1                  2                  3                  4                  5                  6                  7            
##>+----------------------------------------------------------------------------------------------------------------------------------------------------------------+
##>           Area        155758530          134710080          134710080          134710080          134710080          134710080          134710080          134710080  
##>            WNS         +5832.10           +5832.10           +5832.10           +5832.10           +5832.10           +5832.10           +5832.10           +5832.10  
##>            TNS                0                  0                  0                  0                  0                  0                  0                  0  
##>    Num Rewrite                0                  0                  0                  0                  0                  0                  0                  0  
##>     Num Factor                0                  0                  0                  0                  0                  0                  0                  0  
##>      Num Share                0                  0                  0                  0                  0                  0                  0                  0  
##>   Num CmultCse                0                  0                  0                  0                  0                  0                  0                  0  
##>   Num Downsize                0                  0                  0                  0                  0                  0                  0                  0  
##>  Num Speculate                0                  0                  0                  0                  0                  0                  0                  0  
##>     Runtime(s)                0                  0                  0                  0                  0                  0                  0                  0  
+----------------------------------------------------------------------------------------------------------------------------------------------------------------+
##>
##>
##>+------------------------------------------------------------------------------------------------------------------------------------------------------------+
##>Optimization Step DEBUG Table for config CDN_DP_region_4_0_c7
##>
##>                          Step                        Area   ( % Chg)        WNS (Change)        TNS (Change)          Runtime (s)        Comment                   
##>+------------------------------------------------------------------------------------------------------------------------------------------------------------+
##>EquationExtraction              START              155758530 (      )     5832.10 (        )             0 (        )              
##> rewrite                        START              218903880 (+40.54)     5781.30 (  -50.80)             0 (       0)              (a,ar) Expr25_from --> Expr25_to
##>                                  END              332565510 (+51.92)     5781.30 (   +0.00)             0 (       0)           0  
##>                                  END              155758530 ( +0.00)     5832.10 (   +0.00)             0 (       0)           0  
##>createMaxCarrySave              START              155758530 ( +0.00)     5832.10 (   +0.00)             0 (       0)              
##> datapath_rewrite_one_def       START              155758530 ( +0.00)     5832.10 (   +0.00)             0 (       0)              
##>                                  END              155758530 ( +0.00)     5832.10 (   +0.00)             0 (       0)           0  
##> csa_opto                       START              155758530 ( +0.00)     5832.10 (   +0.00)             0 (       0)              
##>                                  END              159968220 ( +2.70)     5832.10 (   +0.00)             0 (       0)           0  
##>                                  END              159968220 ( +2.70)     5832.10 (   +0.00)             0 (       0)           0  
##>canonicalize_by_names           START              159968220 ( +0.00)     5832.10 (   +0.00)             0 (       0)              
##>                                  END              159968220 ( +0.00)     5832.10 (   +0.00)             0 (       0)           0  
##>datapath_rewrite_post_csa_one_  START              159968220 ( +0.00)     5832.10 (   +0.00)             0 (       0)              
##>                                  END              159968220 ( +0.00)     5832.10 (   +0.00)             0 (       0)           0  
##>datapath_csa_factoring_one_gde  START              159968220 ( +0.00)     5832.10 (   +0.00)             0 (       0)              
##>                                  END              159968220 ( +0.00)     5832.10 (   +0.00)             0 (       0)           0  
##>dpopt_share_one_def             START              159968220 ( +0.00)     5832.10 (   +0.00)             0 (       0)              
##>                                  END              159968220 ( +0.00)     5832.10 (   +0.00)             0 (       0)           0  
##>datapath_rewrite_post_share     START              159968220 ( +0.00)     5832.10 (   +0.00)             0 (       0)              
##>                                  END              159968220 ( +0.00)     5832.10 (   +0.00)             0 (       0)           0  
##>dp_combine_const_mult_with_com  START              159968220 ( +0.00)     5832.10 (   +0.00)             0 (       0)              
##>                                  END              159968220 ( +0.00)     5832.10 (   +0.00)             0 (       0)           0  
##>dp_operator_level_decompositio  START              159968220 ( +0.00)     5832.10 (   +0.00)             0 (       0)              
##>                                  END              159968220 ( +0.00)     5832.10 (   +0.00)             0 (       0)           0  
##>selective_flatten_dp_config     START              159968220 ( +0.00)     5832.10 (   +0.00)             0 (       0)              
##>                                  END              159968220 ( +0.00)     5832.10 (   +0.00)             0 (       0)           0  
##>createMaxCarrySave              START              159968220 ( +0.00)     5832.10 (   +0.00)             0 (       0)              
##> datapath_rewrite_one_def       START              159968220 ( +0.00)     5832.10 (   +0.00)             0 (       0)              
##>  fast_cse_elim                 START              159968220 ( +0.00)     5832.10 (   +0.00)             0 (       0)              
##>                                  END              159968220 ( +0.00)     5832.10 (   +0.00)             0 (       0)           0  
##>  fast_cse_elim                 START              159968220 ( +0.00)     5832.10 (   +0.00)             0 (       0)              
##>                                  END              159968220 ( +0.00)     5832.10 (   +0.00)             0 (       0)           0  
##>                                  END              159968220 ( +0.00)     5832.10 (   +0.00)             0 (       0)           0  
##> csa_opto                       START              159968220 ( +0.00)     5832.10 (   +0.00)             0 (       0)              
##>                                  END              159968220 ( +0.00)     5832.10 (   +0.00)             0 (       0)           0  
##>                                  END              159968220 ( +0.00)     5832.10 (   +0.00)             0 (       0)           0  
##>context_based_simplify          START              143129460 (-10.53)     5832.10 (   +0.00)             0 (       0)              
##>                                  END              134710080 ( -5.88)     5832.10 (   +0.00)             0 (       0)           0  
##>group_csa_final_adder_dp        START              134710080 ( +0.00)     5832.10 (   +0.00)             0 (       0)              
##>                                  END              134710080 ( +0.00)     5832.10 (   +0.00)             0 (       0)           0  
##>dpopt_flatten_critical_muxes_i  START              134710080 ( +0.00)     5832.10 (   +0.00)             0 (       0)              
##>                                  END              134710080 ( +0.00)     5832.10 (   +0.00)             0 (       0)           0  
##>create_score                    START              134710080 ( +0.00)     5832.10 (   +0.00)             0 (       0)              
##>                                  END              134710080 ( +0.00)     5832.10 (   +0.00)             0 (       0)           0  
##>+------------------------------------------------------------------------------------------------------------------------------------------------------------+
Committed config: CDN_DP_region_4_0_c7
Info    : Done implementing datapath configurations. [DPOPT-4]
        : Selected 'very_fast' configuration 7 for module 'CDN_DP_region_4_0'.
          Optimizations applied to 'very_fast' configuration:
            rewriting(0), factoring(0), sharing(0), cmultcse(0), downsizing(0), speculation(0)
Info    : Implementing datapath configurations. [DPOPT-3]
        : Implementing datapath configurations for 'CDN_DP_region_5_1'
CSAGen Prep Share:0 Re-Write:0 Speculation: 0
MaxCSA: Successfully built Maximal CSA Expression Expr26
CDN_DP_region_5_1 level = 0 loads = 1 drivers = 0
CDN_DP_region_5_1_c0 in uart_tx_DATA_BITS8_OVER_SAMPLE16: area: 155758530 ,dp = 1 mux = 1 sg = slow         worst_clk_period: -1.0000 
    wns: 0  norm_wns:  -1.0000 
    fail_endp: -1 
    tns:  0  tns_per_endp:  -1.0000   norm_tns_per_endp:  -1.0000 
    tns_sense_max:  -1.0000  tns_sense_avg:  -1.0000   tns_sense_num: -1
 skipped
CDN_DP_region_5_1_c1 in uart_tx_DATA_BITS8_OVER_SAMPLE16: area: 134710080 ,dp = 1 mux = 1 sg = fast         worst_clk_period: -1.0000 
    wns: 0  norm_wns:  -1.0000 
    fail_endp: -1 
    tns:  0  tns_per_endp:  -1.0000   norm_tns_per_endp:  -1.0000 
    tns_sense_max:  -1.0000  tns_sense_avg:  -1.0000   tns_sense_num: -1
 is current best
CDN_DP_region_5_1_c2 in uart_tx_DATA_BITS8_OVER_SAMPLE16: area: 134710080 ,dp = 1 mux = 1 sg = very_slow    worst_clk_period: -1.0000 
    wns: 0  norm_wns:  -1.0000 
    fail_endp: -1 
    tns:  0  tns_per_endp:  -1.0000   norm_tns_per_endp:  -1.0000 
    tns_sense_max:  -1.0000  tns_sense_avg:  -1.0000   tns_sense_num: -1
 is current best
CDN_DP_region_5_1_c3 in uart_tx_DATA_BITS8_OVER_SAMPLE16: area: 134710080 ,dp = 1 mux = 1 sg = very_fast    worst_clk_period: -1.0000 
    wns: 0  norm_wns:  -1.0000 
    fail_endp: -1 
    tns:  0  tns_per_endp:  -1.0000   norm_tns_per_endp:  -1.0000 
    tns_sense_max:  -1.0000  tns_sense_avg:  -1.0000   tns_sense_num: -1
 is current best
CDN_DP_region_5_1_c4 in uart_tx_DATA_BITS8_OVER_SAMPLE16: area: 134710080 ,dp = 1 mux = 1 sg = very_fast    worst_clk_period: -1.0000 
    wns: 0  norm_wns:  -1.0000 
    fail_endp: -1 
    tns:  0  tns_per_endp:  -1.0000   norm_tns_per_endp:  -1.0000 
    tns_sense_max:  -1.0000  tns_sense_avg:  -1.0000   tns_sense_num: -1
 is current best
CDN_DP_region_5_1_c5 in uart_tx_DATA_BITS8_OVER_SAMPLE16: area: 134710080 ,dp = 1 mux = 1 sg = very_fast    worst_clk_period: -1.0000 
    wns: 0  norm_wns:  -1.0000 
    fail_endp: -1 
    tns:  0  tns_per_endp:  -1.0000   norm_tns_per_endp:  -1.0000 
    tns_sense_max:  -1.0000  tns_sense_avg:  -1.0000   tns_sense_num: -1
 is current best
CDN_DP_region_5_1_c6 in uart_tx_DATA_BITS8_OVER_SAMPLE16: area: 134710080 ,dp = 1 mux = 1 sg = very_fast    worst_clk_period: -1.0000 
    wns: 0  norm_wns:  -1.0000 
    fail_endp: -1 
    tns:  0  tns_per_endp:  -1.0000   norm_tns_per_endp:  -1.0000 
    tns_sense_max:  -1.0000  tns_sense_avg:  -1.0000   tns_sense_num: -1
 is current best
CDN_DP_region_5_1_c7 in uart_tx_DATA_BITS8_OVER_SAMPLE16: area: 134710080 ,dp = 1 mux = 1 sg = very_fast    worst_clk_period: -1.0000 
    wns: 0  norm_wns:  -1.0000 
    fail_endp: -1 
    tns:  0  tns_per_endp:  -1.0000   norm_tns_per_endp:  -1.0000 
    tns_sense_max:  -1.0000  tns_sense_avg:  -1.0000   tns_sense_num: -1
 is current best
Best config: CDN_DP_region_5_1_c7 in uart_tx_DATA_BITS8_OVER_SAMPLE16: area: 134710080 ,dp = 1 mux = 1 sg = very_fast    worst_clk_period: -1.0000 
    wns: 0  norm_wns:  -1.0000 
    fail_endp: -1 
    tns:  0  tns_per_endp:  -1.0000   norm_tns_per_endp:  -1.0000 
    tns_sense_max:  -1.0000  tns_sense_avg:  -1.0000   tns_sense_num: -1
  Smallest config area : 134710080.  Fastest config wns;  0
##>+----------------------------------------------------------------------------------------------------------------------------------------------------------------+
##>Summary table of configs (Best config is CDN_DP_region_5_1_c7)
##>+----------------------------------------------------------------------------------------------------------------------------------------------------------------+
##>                     0                  1                  2                  3                  4                  5                  6                  7            
##>+----------------------------------------------------------------------------------------------------------------------------------------------------------------+
##>           Area        155758530          134710080          134710080          134710080          134710080          134710080          134710080          134710080  
##>            WNS         +5860.60           +5860.60           +5860.60           +5860.60           +5860.60           +5860.60           +5860.60           +5860.60  
##>            TNS                0                  0                  0                  0                  0                  0                  0                  0  
##>    Num Rewrite                0                  0                  0                  0                  0                  0                  0                  0  
##>     Num Factor                0                  0                  0                  0                  0                  0                  0                  0  
##>      Num Share                0                  0                  0                  0                  0                  0                  0                  0  
##>   Num CmultCse                0                  0                  0                  0                  0                  0                  0                  0  
##>   Num Downsize                0                  0                  0                  0                  0                  0                  0                  0  
##>  Num Speculate                0                  0                  0                  0                  0                  0                  0                  0  
##>     Runtime(s)                0                  0                  0                  0                  0                  0                  0                  0  
+----------------------------------------------------------------------------------------------------------------------------------------------------------------+
##>
##>
##>+------------------------------------------------------------------------------------------------------------------------------------------------------------+
##>Optimization Step DEBUG Table for config CDN_DP_region_5_1_c7
##>
##>                          Step                        Area   ( % Chg)        WNS (Change)        TNS (Change)          Runtime (s)        Comment                   
##>+------------------------------------------------------------------------------------------------------------------------------------------------------------+
##>EquationExtraction              START              155758530 (      )     5860.60 (        )             0 (        )              
##> rewrite                        START              218903880 (+40.54)     5766.90 (  -93.70)             0 (       0)              (a,ar) Expr26_from --> Expr26_to
##>                                  END              332565510 (+51.92)     5766.90 (   +0.00)             0 (       0)           0  
##>                                  END              155758530 ( +0.00)     5860.60 (   +0.00)             0 (       0)           0  
##>createMaxCarrySave              START              155758530 ( +0.00)     5860.60 (   +0.00)             0 (       0)              
##> datapath_rewrite_one_def       START              155758530 ( +0.00)     5860.60 (   +0.00)             0 (       0)              
##>                                  END              155758530 ( +0.00)     5860.60 (   +0.00)             0 (       0)           0  
##> csa_opto                       START              155758530 ( +0.00)     5860.60 (   +0.00)             0 (       0)              
##>                                  END              159968220 ( +2.70)     5860.60 (   +0.00)             0 (       0)           0  
##>                                  END              159968220 ( +2.70)     5860.60 (   +0.00)             0 (       0)           0  
##>canonicalize_by_names           START              159968220 ( +0.00)     5860.60 (   +0.00)             0 (       0)              
##>                                  END              159968220 ( +0.00)     5860.60 (   +0.00)             0 (       0)           0  
##>datapath_rewrite_post_csa_one_  START              159968220 ( +0.00)     5860.60 (   +0.00)             0 (       0)              
##>                                  END              159968220 ( +0.00)     5860.60 (   +0.00)             0 (       0)           0  
##>datapath_csa_factoring_one_gde  START              159968220 ( +0.00)     5860.60 (   +0.00)             0 (       0)              
##>                                  END              159968220 ( +0.00)     5860.60 (   +0.00)             0 (       0)           0  
##>dpopt_share_one_def             START              159968220 ( +0.00)     5860.60 (   +0.00)             0 (       0)              
##>                                  END              159968220 ( +0.00)     5860.60 (   +0.00)             0 (       0)           0  
##>datapath_rewrite_post_share     START              159968220 ( +0.00)     5860.60 (   +0.00)             0 (       0)              
##>                                  END              159968220 ( +0.00)     5860.60 (   +0.00)             0 (       0)           0  
##>dp_combine_const_mult_with_com  START              159968220 ( +0.00)     5860.60 (   +0.00)             0 (       0)              
##>                                  END              159968220 ( +0.00)     5860.60 (   +0.00)             0 (       0)           0  
##>dp_operator_level_decompositio  START              159968220 ( +0.00)     5860.60 (   +0.00)             0 (       0)              
##>                                  END              159968220 ( +0.00)     5860.60 (   +0.00)             0 (       0)           0  
##>selective_flatten_dp_config     START              159968220 ( +0.00)     5860.60 (   +0.00)             0 (       0)              
##>                                  END              159968220 ( +0.00)     5860.60 (   +0.00)             0 (       0)           0  
##>createMaxCarrySave              START              159968220 ( +0.00)     5860.60 (   +0.00)             0 (       0)              
##> datapath_rewrite_one_def       START              159968220 ( +0.00)     5860.60 (   +0.00)             0 (       0)              
##>  fast_cse_elim                 START              159968220 ( +0.00)     5860.60 (   +0.00)             0 (       0)              
##>                                  END              159968220 ( +0.00)     5860.60 (   +0.00)             0 (       0)           0  
##>  fast_cse_elim                 START              159968220 ( +0.00)     5860.60 (   +0.00)             0 (       0)              
##>                                  END              159968220 ( +0.00)     5860.60 (   +0.00)             0 (       0)           0  
##>                                  END              159968220 ( +0.00)     5860.60 (   +0.00)             0 (       0)           0  
##> csa_opto                       START              159968220 ( +0.00)     5860.60 (   +0.00)             0 (       0)              
##>                                  END              159968220 ( +0.00)     5860.60 (   +0.00)             0 (       0)           0  
##>                                  END              159968220 ( +0.00)     5860.60 (   +0.00)             0 (       0)           0  
##>context_based_simplify          START              143129460 (-10.53)     5860.60 (   +0.00)             0 (       0)              
##>                                  END              134710080 ( -5.88)     5860.60 (   +0.00)             0 (       0)           0  
##>group_csa_final_adder_dp        START              134710080 ( +0.00)     5860.60 (   +0.00)             0 (       0)              
##>                                  END              134710080 ( +0.00)     5860.60 (   +0.00)             0 (       0)           0  
##>dpopt_flatten_critical_muxes_i  START              134710080 ( +0.00)     5860.60 (   +0.00)             0 (       0)              
##>                                  END              134710080 ( +0.00)     5860.60 (   +0.00)             0 (       0)           0  
##>create_score                    START              134710080 ( +0.00)     5860.60 (   +0.00)             0 (       0)              
##>                                  END              134710080 ( +0.00)     5860.60 (   +0.00)             0 (       0)           0  
##>+------------------------------------------------------------------------------------------------------------------------------------------------------------+
Committed config: CDN_DP_region_5_1_c7
Info    : Done implementing datapath configurations. [DPOPT-4]
        : Selected 'very_fast' configuration 7 for module 'CDN_DP_region_5_1'.
          Optimizations applied to 'very_fast' configuration:
            rewriting(0), factoring(0), sharing(0), cmultcse(0), downsizing(0), speculation(0)
Info    : Implementing datapath configurations. [DPOPT-3]
        : Implementing datapath configurations for 'CDN_DP_region_4_1'
CSAGen Prep Share:0 Re-Write:0 Speculation: 0
MaxCSA: Successfully built Maximal CSA Expression Expr27
CDN_DP_region_4_1 level = 1 loads = 0 drivers = 1 is driven by : CDN_DP_region_4_0 
CDN_DP_region_4_1_c0 in uart_rx_DATA_BITS8_OVER_SAMPLE16: area: 105242250 ,dp = 1 mux = 1 sg = slow         worst_clk_period: -1.0000 
    wns: 0  norm_wns:  -1.0000 
    fail_endp: -1 
    tns:  0  tns_per_endp:  -1.0000   norm_tns_per_endp:  -1.0000 
    tns_sense_max:  -1.0000  tns_sense_avg:  -1.0000   tns_sense_num: -1
 skipped
CDN_DP_region_4_1_c1 in uart_rx_DATA_BITS8_OVER_SAMPLE16: area: 92613180 ,dp = 1 mux = 1 sg = fast         worst_clk_period: -1.0000 
    wns: 0  norm_wns:  -1.0000 
    fail_endp: -1 
    tns:  0  tns_per_endp:  -1.0000   norm_tns_per_endp:  -1.0000 
    tns_sense_max:  -1.0000  tns_sense_avg:  -1.0000   tns_sense_num: -1
 is current best
CDN_DP_region_4_1_c2 in uart_rx_DATA_BITS8_OVER_SAMPLE16: area: 92613180 ,dp = 1 mux = 1 sg = very_slow    worst_clk_period: -1.0000 
    wns: 0  norm_wns:  -1.0000 
    fail_endp: -1 
    tns:  0  tns_per_endp:  -1.0000   norm_tns_per_endp:  -1.0000 
    tns_sense_max:  -1.0000  tns_sense_avg:  -1.0000   tns_sense_num: -1
 is current best
CDN_DP_region_4_1_c3 in uart_rx_DATA_BITS8_OVER_SAMPLE16: area: 92613180 ,dp = 1 mux = 1 sg = very_fast    worst_clk_period: -1.0000 
    wns: 0  norm_wns:  -1.0000 
    fail_endp: -1 
    tns:  0  tns_per_endp:  -1.0000   norm_tns_per_endp:  -1.0000 
    tns_sense_max:  -1.0000  tns_sense_avg:  -1.0000   tns_sense_num: -1
 is current best
CDN_DP_region_4_1_c4 in uart_rx_DATA_BITS8_OVER_SAMPLE16: area: 92613180 ,dp = 1 mux = 1 sg = very_fast    worst_clk_period: -1.0000 
    wns: 0  norm_wns:  -1.0000 
    fail_endp: -1 
    tns:  0  tns_per_endp:  -1.0000   norm_tns_per_endp:  -1.0000 
    tns_sense_max:  -1.0000  tns_sense_avg:  -1.0000   tns_sense_num: -1
 is current best
CDN_DP_region_4_1_c5 in uart_rx_DATA_BITS8_OVER_SAMPLE16: area: 92613180 ,dp = 1 mux = 1 sg = very_fast    worst_clk_period: -1.0000 
    wns: 0  norm_wns:  -1.0000 
    fail_endp: -1 
    tns:  0  tns_per_endp:  -1.0000   norm_tns_per_endp:  -1.0000 
    tns_sense_max:  -1.0000  tns_sense_avg:  -1.0000   tns_sense_num: -1
 is current best
CDN_DP_region_4_1_c6 in uart_rx_DATA_BITS8_OVER_SAMPLE16: area: 92613180 ,dp = 1 mux = 1 sg = very_fast    worst_clk_period: -1.0000 
    wns: 0  norm_wns:  -1.0000 
    fail_endp: -1 
    tns:  0  tns_per_endp:  -1.0000   norm_tns_per_endp:  -1.0000 
    tns_sense_max:  -1.0000  tns_sense_avg:  -1.0000   tns_sense_num: -1
 is current best
CDN_DP_region_4_1_c7 in uart_rx_DATA_BITS8_OVER_SAMPLE16: area: 92613180 ,dp = 1 mux = 1 sg = very_fast    worst_clk_period: -1.0000 
    wns: 0  norm_wns:  -1.0000 
    fail_endp: -1 
    tns:  0  tns_per_endp:  -1.0000   norm_tns_per_endp:  -1.0000 
    tns_sense_max:  -1.0000  tns_sense_avg:  -1.0000   tns_sense_num: -1
 is current best
Best config: CDN_DP_region_4_1_c7 in uart_rx_DATA_BITS8_OVER_SAMPLE16: area: 92613180 ,dp = 1 mux = 1 sg = very_fast    worst_clk_period: -1.0000 
    wns: 0  norm_wns:  -1.0000 
    fail_endp: -1 
    tns:  0  tns_per_endp:  -1.0000   norm_tns_per_endp:  -1.0000 
    tns_sense_max:  -1.0000  tns_sense_avg:  -1.0000   tns_sense_num: -1
  Smallest config area : 92613180.  Fastest config wns;  0
##>+----------------------------------------------------------------------------------------------------------------------------------------------------------------+
##>Summary table of configs (Best config is CDN_DP_region_4_1_c7)
##>+----------------------------------------------------------------------------------------------------------------------------------------------------------------+
##>                     0                  1                  2                  3                  4                  5                  6                  7            
##>+----------------------------------------------------------------------------------------------------------------------------------------------------------------+
##>           Area        105242250           92613180           92613180           92613180           92613180           92613180           92613180           92613180  
##>            WNS         +5874.30           +5874.30           +5874.30           +5874.30           +5874.30           +5874.30           +5874.30           +5874.30  
##>            TNS                0                  0                  0                  0                  0                  0                  0                  0  
##>    Num Rewrite                0                  0                  0                  0                  0                  0                  0                  0  
##>     Num Factor                0                  0                  0                  0                  0                  0                  0                  0  
##>      Num Share                0                  0                  0                  0                  0                  0                  0                  0  
##>   Num CmultCse                0                  0                  0                  0                  0                  0                  0                  0  
##>   Num Downsize                0                  0                  0                  0                  0                  0                  0                  0  
##>  Num Speculate                0                  0                  0                  0                  0                  0                  0                  0  
##>     Runtime(s)                0                  0                  0                  0                  0                  0                  0                  0  
+----------------------------------------------------------------------------------------------------------------------------------------------------------------+
##>
##>
##>+------------------------------------------------------------------------------------------------------------------------------------------------------------+
##>Optimization Step DEBUG Table for config CDN_DP_region_4_1_c7
##>
##>                          Step                        Area   ( % Chg)        WNS (Change)        TNS (Change)          Runtime (s)        Comment                   
##>+------------------------------------------------------------------------------------------------------------------------------------------------------------+
##>EquationExtraction              START              105242250 (      )     5874.30 (        )             0 (        )              
##> rewrite                        START              143129460 (+36.00)     5874.30 (   +0.00)             0 (       0)              (a,ar) Expr27_from --> Expr27_to
##>                                  END              227323260 (+58.82)     5874.30 (   +0.00)             0 (       0)           0  
##>                                  END              105242250 ( +0.00)     5874.30 (   +0.00)             0 (       0)           0  
##>createMaxCarrySave              START              105242250 ( +0.00)     5874.30 (   +0.00)             0 (       0)              
##> datapath_rewrite_one_def       START              105242250 ( +0.00)     5874.30 (   +0.00)             0 (       0)              
##>                                  END              105242250 ( +0.00)     5874.30 (   +0.00)             0 (       0)           0  
##> csa_opto                       START              105242250 ( +0.00)     5874.30 (   +0.00)             0 (       0)              
##>                                  END              113661630 ( +8.00)     5874.30 (   +0.00)             0 (       0)           0  
##>                                  END              113661630 ( +8.00)     5874.30 (   +0.00)             0 (       0)           0  
##>canonicalize_by_names           START              113661630 ( +0.00)     5874.30 (   +0.00)             0 (       0)              
##>                                  END              113661630 ( +0.00)     5874.30 (   +0.00)             0 (       0)           0  
##>datapath_rewrite_post_csa_one_  START              113661630 ( +0.00)     5874.30 (   +0.00)             0 (       0)              
##>                                  END              113661630 ( +0.00)     5874.30 (   +0.00)             0 (       0)           0  
##>datapath_csa_factoring_one_gde  START              113661630 ( +0.00)     5874.30 (   +0.00)             0 (       0)              
##>                                  END              113661630 ( +0.00)     5874.30 (   +0.00)             0 (       0)           0  
##>dpopt_share_one_def             START              113661630 ( +0.00)     5874.30 (   +0.00)             0 (       0)              
##>                                  END              113661630 ( +0.00)     5874.30 (   +0.00)             0 (       0)           0  
##>datapath_rewrite_post_share     START              113661630 ( +0.00)     5874.30 (   +0.00)             0 (       0)              
##>                                  END              113661630 ( +0.00)     5874.30 (   +0.00)             0 (       0)           0  
##>dp_combine_const_mult_with_com  START              113661630 ( +0.00)     5874.30 (   +0.00)             0 (       0)              
##>                                  END              113661630 ( +0.00)     5874.30 (   +0.00)             0 (       0)           0  
##>dp_operator_level_decompositio  START              113661630 ( +0.00)     5874.30 (   +0.00)             0 (       0)              
##>                                  END              113661630 ( +0.00)     5874.30 (   +0.00)             0 (       0)           0  
##>selective_flatten_dp_config     START              113661630 ( +0.00)     5874.30 (   +0.00)             0 (       0)              
##>                                  END              113661630 ( +0.00)     5874.30 (   +0.00)             0 (       0)           0  
##>createMaxCarrySave              START              113661630 ( +0.00)     5874.30 (   +0.00)             0 (       0)              
##> datapath_rewrite_one_def       START              113661630 ( +0.00)     5874.30 (   +0.00)             0 (       0)              
##>  fast_cse_elim                 START              113661630 ( +0.00)     5874.30 (   +0.00)             0 (       0)              
##>                                  END              113661630 ( +0.00)     5874.30 (   +0.00)             0 (       0)           0  
##>  fast_cse_elim                 START              113661630 ( +0.00)     5874.30 (   +0.00)             0 (       0)              
##>                                  END              113661630 ( +0.00)     5874.30 (   +0.00)             0 (       0)           0  
##>                                  END              113661630 ( +0.00)     5874.30 (   +0.00)             0 (       0)           0  
##> csa_opto                       START              113661630 ( +0.00)     5874.30 (   +0.00)             0 (       0)              
##>                                  END              113661630 ( +0.00)     5874.30 (   +0.00)             0 (       0)           0  
##>                                  END              113661630 ( +0.00)     5874.30 (   +0.00)             0 (       0)           0  
##>context_based_simplify          START               96822870 (-14.81)     5874.30 (   +0.00)             0 (       0)              
##>                                  END               92613180 ( -4.35)     5874.30 (   +0.00)             0 (       0)           0  
##>group_csa_final_adder_dp        START               92613180 ( +0.00)     5874.30 (   +0.00)             0 (       0)              
##>                                  END               92613180 ( +0.00)     5874.30 (   +0.00)             0 (       0)           0  
##>dpopt_flatten_critical_muxes_i  START               92613180 ( +0.00)     5874.30 (   +0.00)             0 (       0)              
##>                                  END               92613180 ( +0.00)     5874.30 (   +0.00)             0 (       0)           0  
##>create_score                    START               92613180 ( +0.00)     5874.30 (   +0.00)             0 (       0)              
##>                                  END               92613180 ( +0.00)     5874.30 (   +0.00)             0 (       0)           0  
##>+------------------------------------------------------------------------------------------------------------------------------------------------------------+
Committed config: CDN_DP_region_4_1_c7
Info    : Done implementing datapath configurations. [DPOPT-4]
        : Selected 'very_fast' configuration 7 for module 'CDN_DP_region_4_1'.
          Optimizations applied to 'very_fast' configuration:
            rewriting(0), factoring(0), sharing(0), cmultcse(0), downsizing(0), speculation(0)
Info    : Done optimizing datapath logic. [DPOPT-2]
        : Done optimizing datapath logic in 'coprocessor'.
Number of big hc bmuxes after = 0
Starting logic reduction [v1.0] (stage: post_rtlopt, startdef: coprocessor, recur: true)
Completed logic reduction (accepts: 0, rejects: 0, runtime: 0.000s)
Starting mux data reorder optimization [v1.0] (stage: post_rtlopt, startdef: coprocessor, recur: true)
Completed mux data reorder optimization (accepts: 0, rejects: 0, runtime: 0.056s)

Stage: post_rtlopt
----------------------------------------------------------
| Transform           | Accepts | Rejects | Runtime (ms) | 
----------------------------------------------------------
| hlo_logic_reduction |       0 |       0 |         0.00 | 
| hlo_mux_reorder     |       0 |       0 |        56.00 | 
----------------------------------------------------------
Starting mux speculation [v1.0] (stage: post_muxopt, startdef: coprocessor, recur: true)
Starting speculation optimization
Completed speculation optimization (accepts:0)
Completed mux speculation (accepts: 0, rejects: 0, runtime: 0.122s)

Stage: post_muxopt
------------------------------------------------------
| Transform       | Accepts | Rejects | Runtime (ms) | 
------------------------------------------------------
| hlo_speculation |       0 |       0 |       122.00 | 
------------------------------------------------------
==================================
Stage : to_generic 
==================================
  =================
   Message Summary
  =================
-------------------------------------------------------------------------------------------------------------------------------------------------------------------------------------------------------------------
|     Id      |  Sev   |Count |                                                                                   Message Text                                                                                    |
-------------------------------------------------------------------------------------------------------------------------------------------------------------------------------------------------------------------
| CDFG-250    |Info    |    2 |Processing multi-dimensional arrays.                                                                                                                                               |
| CDFG-372    |Info    |   37 |Bitwidth mismatch in assignment.                                                                                                                                                   |
|             |        |      |Review and make sure the mismatch is unintentional. Genus can possibly issue bitwidth mismatch warning for explicit assignments present in RTL as-well-as for implicit assignments |
|             |        |      | inferred by the tool. For example, in case of enum declaration without value, the tool will implicitly assign value to the enum variables. It also issues the warning for any     |
|             |        |      | bitwidth mismatch that appears in this implicit assignment.                                                                                                                       |
| CDFG-465    |Warning |    2 |Module port is wider than connected signal.                                                                                                                                        |
|             |        |      |This may cause simulation mismatches between the original and synthesized designs.                                                                                                 |
| CDFG-472    |Warning |    4 |Unreachable statements for case item.                                                                                                                                              |
| CDFG-738    |Info    |   19 |Common subexpression eliminated.                                                                                                                                                   |
| CDFG-739    |Info    |   19 |Common subexpression kept.                                                                                                                                                         |
| CDFG-769    |Info    |    1 |Identified sum-of-products logic to be optimized during syn_generic.                                                                                                               |
| CDFG-818    |Warning |    1 |Using default parameter value for module elaboration.                                                                                                                              |
| CDFG-893    |Info    |    3 |Optimized the MUX created for array read / write or variable shifter.                                                                                                              |
| CWD-19      |Info    |  567 |An implementation was inferred.                                                                                                                                                    |
| DPOPT-1     |Info    |    1 |Optimizing datapath logic.                                                                                                                                                         |
| DPOPT-2     |Info    |    1 |Done optimizing datapath logic.                                                                                                                                                    |
| DPOPT-3     |Info    |    7 |Implementing datapath configurations.                                                                                                                                              |
| DPOPT-4     |Info    |    7 |Done implementing datapath configurations.                                                                                                                                         |
| DPOPT-6     |Info    |    1 |Pre-processed datapath logic.                                                                                                                                                      |
| DPOPT-10    |Info    |   11 |Optimized a mux chain.                                                                                                                                                             |
| ELAB-1      |Info    |    1 |Elaborating Design.                                                                                                                                                                |
| ELAB-2      |Info    |   20 |Elaborating Subdesign.                                                                                                                                                             |
| ELAB-3      |Info    |    1 |Done Elaborating Design.                                                                                                                                                           |
| ELABUTL-127 |Warning |    1 |Undriven module input port.                                                                                                                                                        |
|             |        |      |Run check_design to check 'Undriven Port(s)/Pin(s)                                                                                                                                 |
|             |        |      | ' section for all undriven module input ports. It is better to double confirm with designer if these undriven ports are expected. During syn_gen the undriven ports are           |
|             |        |      | controlled by attribute 'hdl_unconnected_value', the default value is 0.                                                                                                          |
| ELABUTL-131 |Info    |    1 |Undriven module input port.                                                                                                                                                        |
|             |        |      |The 'hdl_unconnected_value' attribute controls treatment of undriven input port.                                                                                                   |
| ELABUTL-132 |Info    |    2 |Unused instance port.                                                                                                                                                              |
|             |        |      |Please check the reported scenario of unconnected instance port to ensure that it matches the design intent.                                                                       |
| GB-2        |Info    |    8 |Generating Booth encoder for Product-Of-Sum form.                                                                                                                                  |
| GB-6        |Info    |   10 |A datapath component has been ungrouped.                                                                                                                                           |
| GLO-12      |Info    |    7 |Replacing a flip-flop with a logic constant 0.                                                                                                                                     |
|             |        |      |To prevent this optimization, set the 'optimize_constant_0_flops' root attribute to 'false' or 'optimize_constant_0_seq' instance attribute to 'false'. You can also see the       |
|             |        |      | complete list of deleted sequential with command 'report sequential -deleted' (on Reason 'constant0').                                                                            |
| GLO-34      |Info    |    4 |Deleting instances not driving any primary outputs.                                                                                                                                |
|             |        |      |Optimizations such as constant propagation or redundancy removal could change the connections so a hierarchical instance does not drive any primary outputs anymore. To see the    |
|             |        |      | list of deleted hierarchical instances, set the 'information_level' attribute to 2 or above. If the message is truncated set the message attribute 'truncate' to false to see the |
|             |        |      | complete list. To prevent this optimization, set the 'delete_unloaded_insts' root/subdesign attribute to 'false' or 'preserve' instance attribute to 'true'.                      |
| GLO-40      |Info    |    1 |Combinational hierarchical blocks with identical inputs have been merged.                                                                                                          |
|             |        |      |This optimization usually reduces design area. To prevent merging of combinational hierarchical blocks, set the 'merge_combinational_hier_instances' root attribute to 'false' or  |
|             |        |      | the 'merge_combinational_hier_instance' instance attribute to 'false'.                                                                                                            |
| GLO-51      |Info    |   31 |Hierarchical instance automatically ungrouped.                                                                                                                                     |
|             |        |      |Hierarchical instances can be automatically ungrouped to allow for better area or timing optimization. To prevent this ungroup, set the root-level attribute 'auto_ungroup' to     |
|             |        |      | 'none'. You can also prevent individual ungroup with setting the attribute 'ungroup_ok' of instances or modules to 'false'.                                                       |
| LBR-9       |Warning |   24 |Library cell has no output pins defined.                                                                                                                                           |
|             |        |      |Add the missing output pin(s)                                                                                                                                                      |
|             |        |      | , then reload the library. Else the library cell will be marked as timing model i.e. unusable. Timing_model means that the cell does not have any defined function. If there is   |
|             |        |      | no output pin, Genus will mark library cell as unusable i.e. the attribute 'usable' will be marked to 'false' on the libcell. Therefore, the cell is not used for mapping and it  |
|             |        |      | will not be picked up from the library for synthesis. If you query the attribute 'unusable_reason' on the libcell; result will be: 'Library cell has no output pins.'Note: The    |
|             |        |      | message LBR-9 is only for the logical pins and not for the power_ground pins. Genus will depend upon the output function defined in the pin group (output pin)                    |
|             |        |      | of the cell, to use it for mapping. The pg_pin will not have any function defined.                                                                                                |
| LBR-40      |Info    |   11 |An unsupported construct was detected in this library.                                                                                                                             |
|             |        |      |Check to see if this construct is really needed for synthesis. Many liberty constructs are not actually required.                                                                  |
| LBR-81      |Warning |   12 |Non-monotonic wireload model found.                                                                                                                                                |
|             |        |      |Non-monotonic wireload models can cause problems during synthesis and/or mapping.  Raising some of the points in the curve to give it a monotonic shape.                           |
| LBR-155     |Info    |  134 |Mismatch in unateness between 'timing_sense' attribute and the function.                                                                                                           |
|             |        |      |The 'timing_sense' attribute will be respected.                                                                                                                                    |
| LBR-161     |Info    |    1 |Setting the maximum print count of this message to 10 if information_level is less than 9.                                                                                         |
| LBR-162     |Info    |   67 |Both 'pos_unate' and 'neg_unate' timing_sense arcs have been processed.                                                                                                            |
|             |        |      |Setting the 'timing_sense' to non_unate.                                                                                                                                           |
| LBR-412     |Info    |    1 |Created nominal operating condition.                                                                                                                                               |
|             |        |      |The nominal operating condition is represented, either by the nominal PVT values specified in the library source (via nom_process,nom_voltage and nom_temperature respectively)    |
|             |        |      | , or by the default PVT values (1.0,1.0,1.0).                                                                                                                                     |
| PHYS-752    |Info    |    1 |Partition Based Synthesis execution skipped.                                                                                                                                       |
| RTLOPT-30   |Info    |   10 |Accepted resource sharing opportunity.                                                                                                                                             |
| RTLOPT-40   |Info    |   13 |Transformed datapath macro.                                                                                                                                                        |
| SYNTH-1     |Info    |    1 |Synthesizing.                                                                                                                                                                      |
| TIM-1000    |Info    |    1 |Multimode clock gating check is disabled.                                                                                                                                          |
-------------------------------------------------------------------------------------------------------------------------------------------------------------------------------------------------------------------
Mapper: Libraries have:
	domain _default_: 328 combo usable cells and 62 sequential usable cells
Multi-threaded constant propagation [1|0] ...
Multi-threaded Virtual Mapping    (8 threads per ST process, 8 of 16 CPUs usable)
==================================
Stage : first_condense 
==================================
  =================
   Message Summary
  =================
-------------------------------------------------------------------------------------------------------------------------------------------------------------------------------------------------------------------
|   Id   |Sev  |Count |                                                                                       Message Text                                                                                        |
-------------------------------------------------------------------------------------------------------------------------------------------------------------------------------------------------------------------
| GB-6   |Info |   48 |A datapath component has been ungrouped.                                                                                                                                                   |
| GLO-51 |Info |    6 |Hierarchical instance automatically ungrouped.                                                                                                                                             |
|        |     |      |Hierarchical instances can be automatically ungrouped to allow for better area or timing optimization. To prevent this ungroup, set the root-level attribute 'auto_ungroup' to 'none'. You |
|        |     |      | can also prevent individual ungroup with setting the attribute 'ungroup_ok' of instances or modules to 'false'.                                                                           |
-------------------------------------------------------------------------------------------------------------------------------------------------------------------------------------------------------------------
 
Global mapping target info
==========================
Cost Group 'clk' target slack:  -337 ps
Target path end-point (Pin: status_r_reg[1]/d)


State Retention Synthesis Status
================================

Category                        Flops   Percentage
--------------------------------------------------
Total instances                   119        100.0
Excluded from State Retention     119        100.0
    - Will not convert            119        100.0
      - Preserved                   0          0.0
      - Power intent excluded     119        100.0
    - Could not convert             0          0.0
      - Scan type                   0          0.0
      - No suitable cell            0          0.0
State Retention instances           0          0.0
--------------------------------------------------

PBS_Generic_Opt-Post - Elapsed_Time 105, CPU_Time 104.946073
stamp 'PBS_Generic_Opt-Post' being created for table 'pbs_debug'

  Total Time (Wall) |  Stage Time (Wall)  |   % (Wall)   |    Date - Time     |  Memory   | Stage
--------------------+---------------------+--------------+--------------------+-----------+----------------------
 00:00:07(00:00:04) |  00:00:00(00:00:00) |   0.0(  0.0) |    2:31:20 (Sep24) |  496.5 MB | PBS_Generic-Start
--------------------+---------------------+--------------+--------------------+-----------+----------------------
 00:01:51(00:01:49) |  00:01:44(00:01:45) | 100.0(100.0) |    2:33:05 (Sep24) |  956.6 MB | PBS_Generic_Opt-Post
--------------------+---------------------+--------------+--------------------+-----------+----------------------
Number of threads: 8 * 1   (id: pbs_debug, time_info v1.57)
Info: (*N*) indicates data that was populated from previously saved time_info database
Info: CPU time includes time of parent + longest thread
PBS_Generic-Postgen HBO Optimizations - Elapsed_Time 0, CPU_Time 0.0
stamp 'PBS_Generic-Postgen HBO Optimizations' being created for table 'pbs_debug'

  Total Time (Wall) |  Stage Time (Wall)  |   % (Wall)   |    Date - Time     |  Memory   | Stage
--------------------+---------------------+--------------+--------------------+-----------+----------------------
 00:00:07(00:00:04) |  00:00:00(00:00:00) |   0.0(  0.0) |    2:31:20 (Sep24) |  496.5 MB | PBS_Generic-Start
--------------------+---------------------+--------------+--------------------+-----------+----------------------
 00:01:51(00:01:49) |  00:01:44(00:01:45) | 100.0(100.0) |    2:33:05 (Sep24) |  956.6 MB | PBS_Generic_Opt-Post
--------------------+---------------------+--------------+--------------------+-----------+----------------------
 00:01:51(00:01:49) |  00:00:00(00:00:00) |   0.0(  0.0) |    2:33:05 (Sep24) |  956.6 MB | PBS_Generic-Postgen HBO Optimizations
--------------------+---------------------+--------------+--------------------+-----------+----------------------
Number of threads: 8 * 1   (id: pbs_debug, time_info v1.57)
Info: (*N*) indicates data that was populated from previously saved time_info database
Info: CPU time includes time of parent + longest thread
##>=================== Cadence Confidential (Generic-Logical) ===================
##>=================== Cadence Confidential (Generic-Logical) ===================
##>Main Thread Summary:
##>----------------------------------------------------------------------------------------
##>STEP                           Elapsed       WNS       TNS     Insts      Area    Memory
##>----------------------------------------------------------------------------------------
##>G:Initial                            0         -         -      8204    286890       496
##>G:Setup                              0         -         -         -         -         -
##>G:Launch ST                          0         -         -         -         -         -
##>G:Design Partition                   0         -         -         -         -         -
##>G:Create Partition Netlists          0         -         -         -         -         -
##>G:Init Power                         0         -         -         -         -         -
##>G:Budgeting                          0         -         -         -         -         -
##>G:Derenv-DB                          0         -         -         -         -         -
##>G:Debug Outputs                      0         -         -         -         -         -
##>G:ST loading                         0         -         -         -         -         -
##>G:Distributed                        0         -         -         -         -         -
##>G:Timer                              0         -         -         -         -         -
##>G:Assembly                           0         -         -         -         -         -
##>G:DFT                                0         -         -         -         -         -
##>G:Const Prop                         0         -         -      8660     75395       956
##>G:Misc                             105
##>----------------------------------------------------------------------------------------
##>Total Elapsed                      105
##>========================================================================================
Info    : Done synthesizing. [SYNTH-2]
        : Done synthesizing 'coprocessor' to generic gates.
      flow.cputime  flow.realtime  timing.setup.tns  timing.setup.wns  snapshot
UM:*                                                                   syn_gen
##Generic Timing Info for library domain: _default_ typical gate delay: 148.6 ps std_slew: 21.4 ps std_load: 4.9 fF
Info    : Mapping. [SYNTH-4]
        : Mapping 'coprocessor' using 'high' effort.
Mapper: Libraries have:
	domain _default_: 328 combo usable cells and 62 sequential usable cells
Configuring mapper costing (none)
TNS Restructuring config: no_value at stage: map applied.
PBS_TechMap-Start - Elapsed_Time 0, CPU_Time 0.0
stamp 'PBS_TechMap-Start' being created for table 'pbs_debug'

  Total Time (Wall) |  Stage Time (Wall)  |   % (Wall)   |    Date - Time     |  Memory   | Stage
--------------------+---------------------+--------------+--------------------+-----------+----------------------
 00:00:07(00:00:04) |  00:00:00(00:00:00) |   0.0(  0.0) |    2:31:20 (Sep24) |  496.5 MB | PBS_Generic-Start
--------------------+---------------------+--------------+--------------------+-----------+----------------------
 00:01:51(00:01:49) |  00:01:44(00:01:45) | 100.0(100.0) |    2:33:05 (Sep24) |  956.6 MB | PBS_Generic_Opt-Post
--------------------+---------------------+--------------+--------------------+-----------+----------------------
 00:01:51(00:01:49) |  00:00:00(00:00:00) |   0.0(  0.0) |    2:33:05 (Sep24) |  956.6 MB | PBS_Generic-Postgen HBO Optimizations
--------------------+---------------------+--------------+--------------------+-----------+----------------------
 00:01:51(00:01:49) |  00:00:00(00:00:00) |   0.0(  0.0) |    2:33:05 (Sep24) |  956.6 MB | PBS_TechMap-Start
--------------------+---------------------+--------------+--------------------+-----------+----------------------
Number of threads: 8 * 1   (id: pbs_debug, time_info v1.57)
Info: (*N*) indicates data that was populated from previously saved time_info database
Info: CPU time includes time of parent + longest thread
PBS_TechMap-Premap HBO Optimizations - Elapsed_Time 0, CPU_Time 0.0
stamp 'PBS_TechMap-Premap HBO Optimizations' being created for table 'pbs_debug'

  Total Time (Wall) |  Stage Time (Wall)  |   % (Wall)   |    Date - Time     |  Memory   | Stage
--------------------+---------------------+--------------+--------------------+-----------+----------------------
 00:00:07(00:00:04) |  00:00:00(00:00:00) |   0.0(  0.0) |    2:31:20 (Sep24) |  496.5 MB | PBS_Generic-Start
--------------------+---------------------+--------------+--------------------+-----------+----------------------
 00:01:51(00:01:49) |  00:01:44(00:01:45) | 100.0(100.0) |    2:33:05 (Sep24) |  956.6 MB | PBS_Generic_Opt-Post
--------------------+---------------------+--------------+--------------------+-----------+----------------------
 00:01:51(00:01:49) |  00:00:00(00:00:00) |   0.0(  0.0) |    2:33:05 (Sep24) |  956.6 MB | PBS_Generic-Postgen HBO Optimizations
--------------------+---------------------+--------------+--------------------+-----------+----------------------
 00:01:51(00:01:49) |  00:00:00(00:00:00) |   0.0(  0.0) |    2:33:05 (Sep24) |  956.6 MB | PBS_TechMap-Start
--------------------+---------------------+--------------+--------------------+-----------+----------------------
 00:01:51(00:01:49) |  00:00:00(00:00:00) |   0.0(  0.0) |    2:33:05 (Sep24) |  956.6 MB | PBS_TechMap-Premap HBO Optimizations
--------------------+---------------------+--------------+--------------------+-----------+----------------------
Number of threads: 8 * 1   (id: pbs_debug, time_info v1.57)
Info: (*N*) indicates data that was populated from previously saved time_info database
Info: CPU time includes time of parent + longest thread
Info    : Partition Based Synthesis execution skipped. [PHYS-752]
        : Design size is less than the partition size '100000' for distributed mapping optimization to kick in.
Mapper: Libraries have:
	domain _default_: 328 combo usable cells and 62 sequential usable cells
Multi-threaded Virtual Mapping    (8 threads per ST process, 8 of 16 CPUs usable)
 
Global mapping target info
==========================
Cost Group 'clk' target slack:  -328 ps
Target path end-point (Pin: result_r_reg[14]/d)

Multi-threaded Technology Mapping (8 threads per ST process, 8 of 16 CPUs usable)
 
Global mapping status
=====================
                                   Group   
                                  Tot Wrst 
                           Total  Weighted 
Operation                   Area   Slacks  
 global_map                48500    -1755 
            Worst cost_group: clk, WNS: -1755.8
            Path: in2_r_reg[1]/CLK --> result_r_reg[14]/D

    Cost Group            Target    Slack    Diff.  Constr.
-----------------------------------------------------------
           clk              -328    -1756     -18%     7576 

 
Global incremental target info
==============================
Cost Group 'clk' target slack: -1752 ps
Target path end-point (Pin: result_r_reg[14]/D (sky130_fd_sc_hd__dfrtp_1/D))

==================================
Stage : global_incr_map 
==================================
  =================
   Message Summary
  =================
-------------------------------------------------------------------------------------------------------------------------------------------------------------------------------------------------------------------
|    Id    |Sev  |Count |                                                                                      Message Text                                                                                       |
-------------------------------------------------------------------------------------------------------------------------------------------------------------------------------------------------------------------
| GLO-51   |Info |    1 |Hierarchical instance automatically ungrouped.                                                                                                                                           |
|          |     |      |Hierarchical instances can be automatically ungrouped to allow for better area or timing optimization. To prevent this ungroup, set the root-level attribute 'auto_ungroup' to 'none'.   |
|          |     |      | You can also prevent individual ungroup with setting the attribute 'ungroup_ok' of instances or modules to 'false'.                                                                     |
| PA-7     |Info |    6 |Resetting power analysis results.                                                                                                                                                        |
|          |     |      |All computed switching activities are removed.                                                                                                                                           |
| PHYS-752 |Info |    1 |Partition Based Synthesis execution skipped.                                                                                                                                             |
| SYNTH-2  |Info |    1 |Done synthesizing.                                                                                                                                                                       |
| SYNTH-4  |Info |    1 |Mapping.                                                                                                                                                                                 |
-------------------------------------------------------------------------------------------------------------------------------------------------------------------------------------------------------------------
 
Global incremental optimization status
======================================
                                   Group   
                                  Tot Wrst 
                           Total  Weighted 
Operation                   Area   Slacks  
 global_incr               35469    -1784 
            Worst cost_group: clk, WNS: -1784.4
            Path: in2_r_reg[0]/CLK --> result_r_reg[14]/D

    Cost Group            Target    Slack    Diff.  Constr.
-----------------------------------------------------------
           clk             -1752    -1784      +0%     7576 


State Retention Synthesis Status
================================

Category                        Flops   Percentage
--------------------------------------------------
Total instances                   119        100.0
Excluded from State Retention     119        100.0
    - Will not convert            119        100.0
      - Preserved                   0          0.0
      - Power intent excluded     119        100.0
    - Could not convert             0          0.0
      - Scan type                   0          0.0
      - No suitable cell            0          0.0
State Retention instances           0          0.0
--------------------------------------------------

INFO: skipping constant propagation
PBS_Techmap-Global Mapping - Elapsed_Time 51, CPU_Time 51.293796
stamp 'PBS_Techmap-Global Mapping' being created for table 'pbs_debug'

  Total Time (Wall) |  Stage Time (Wall)  |   % (Wall)   |    Date - Time     |  Memory   | Stage
--------------------+---------------------+--------------+--------------------+-----------+----------------------
 00:00:07(00:00:04) |  00:00:00(00:00:00) |   0.0(  0.0) |    2:31:20 (Sep24) |  496.5 MB | PBS_Generic-Start
--------------------+---------------------+--------------+--------------------+-----------+----------------------
 00:01:51(00:01:49) |  00:01:44(00:01:45) |  67.2( 67.3) |    2:33:05 (Sep24) |  956.6 MB | PBS_Generic_Opt-Post
--------------------+---------------------+--------------+--------------------+-----------+----------------------
 00:01:51(00:01:49) |  00:00:00(00:00:00) |   0.0(  0.0) |    2:33:05 (Sep24) |  956.6 MB | PBS_Generic-Postgen HBO Optimizations
--------------------+---------------------+--------------+--------------------+-----------+----------------------
 00:01:51(00:01:49) |  00:00:00(00:00:00) |   0.0(  0.0) |    2:33:05 (Sep24) |  956.6 MB | PBS_TechMap-Start
--------------------+---------------------+--------------+--------------------+-----------+----------------------
 00:01:51(00:01:49) |  00:00:00(00:00:00) |   0.0(  0.0) |    2:33:05 (Sep24) |  956.6 MB | PBS_TechMap-Premap HBO Optimizations
--------------------+---------------------+--------------+--------------------+-----------+----------------------
 00:02:43(00:02:40) |  00:00:51(00:00:51) |  32.8( 32.7) |    2:33:56 (Sep24) |  954.6 MB | PBS_Techmap-Global Mapping
--------------------+---------------------+--------------+--------------------+-----------+----------------------
Number of threads: 8 * 1   (id: pbs_debug, time_info v1.57)
Info: (*N*) indicates data that was populated from previously saved time_info database
Info: CPU time includes time of parent + longest thread
Warning : Command 'commit_power_intent' cannot proceed as there is no power intent loaded. [CPI-506]
        : Command 'commit_power_intent' requires a valid power_intent to be loaded.
Info    : Wrote formal verification information. [CFM-5]
        : Wrote 'fv/coprocessor/fv_map.fv.json' for netlist 'fv/coprocessor/fv_map.v.gz'.
Info    : Existing dofile found. Copied as fv/coprocessor/rtl_to_fv_map.do~.
Info    : Wrote dofile. [CFM-1]
        : Dofile is 'fv/coprocessor/rtl_to_fv_map.do'.
        : Alias mapping flow is enabled.
PBS_TechMap-Datapath Postmap Operations - Elapsed_Time 1, CPU_Time -0.02301199999999426
stamp 'PBS_TechMap-Datapath Postmap Operations' being created for table 'pbs_debug'

  Total Time (Wall) |  Stage Time (Wall)  |   % (Wall)   |    Date - Time     |  Memory   | Stage
--------------------+---------------------+--------------+--------------------+-----------+----------------------
 00:00:07(00:00:04) |  00:00:00(00:00:00) |   0.0(  0.0) |    2:31:20 (Sep24) |  496.5 MB | PBS_Generic-Start
--------------------+---------------------+--------------+--------------------+-----------+----------------------
 00:01:51(00:01:49) |  00:01:44(00:01:45) |  67.2( 66.9) |    2:33:05 (Sep24) |  956.6 MB | PBS_Generic_Opt-Post
--------------------+---------------------+--------------+--------------------+-----------+----------------------
 00:01:51(00:01:49) |  00:00:00(00:00:00) |   0.0(  0.0) |    2:33:05 (Sep24) |  956.6 MB | PBS_Generic-Postgen HBO Optimizations
--------------------+---------------------+--------------+--------------------+-----------+----------------------
 00:01:51(00:01:49) |  00:00:00(00:00:00) |   0.0(  0.0) |    2:33:05 (Sep24) |  956.6 MB | PBS_TechMap-Start
--------------------+---------------------+--------------+--------------------+-----------+----------------------
 00:01:51(00:01:49) |  00:00:00(00:00:00) |   0.0(  0.0) |    2:33:05 (Sep24) |  956.6 MB | PBS_TechMap-Premap HBO Optimizations
--------------------+---------------------+--------------+--------------------+-----------+----------------------
 00:02:43(00:02:40) |  00:00:51(00:00:51) |  32.8( 32.5) |    2:33:56 (Sep24) |  954.6 MB | PBS_Techmap-Global Mapping
--------------------+---------------------+--------------+--------------------+-----------+----------------------
 00:02:43(00:02:41) |  00:00:00(00:00:01) |  -0.0(  0.6) |    2:33:57 (Sep24) |  954.6 MB | PBS_TechMap-Datapath Postmap Operations
--------------------+---------------------+--------------+--------------------+-----------+----------------------
Number of threads: 8 * 1   (id: pbs_debug, time_info v1.57)
Info: (*N*) indicates data that was populated from previously saved time_info database
Info: CPU time includes time of parent + longest thread
PBS_TechMap-Postmap HBO Optimizations - Elapsed_Time 0, CPU_Time 0.9775970000000029
stamp 'PBS_TechMap-Postmap HBO Optimizations' being created for table 'pbs_debug'

  Total Time (Wall) |  Stage Time (Wall)  |   % (Wall)   |    Date - Time     |  Memory   | Stage
--------------------+---------------------+--------------+--------------------+-----------+----------------------
 00:00:07(00:00:04) |  00:00:00(00:00:00) |   0.0(  0.0) |    2:31:20 (Sep24) |  496.5 MB | PBS_Generic-Start
--------------------+---------------------+--------------+--------------------+-----------+----------------------
 00:01:51(00:01:49) |  00:01:44(00:01:45) |  66.8( 66.9) |    2:33:05 (Sep24) |  956.6 MB | PBS_Generic_Opt-Post
--------------------+---------------------+--------------+--------------------+-----------+----------------------
 00:01:51(00:01:49) |  00:00:00(00:00:00) |   0.0(  0.0) |    2:33:05 (Sep24) |  956.6 MB | PBS_Generic-Postgen HBO Optimizations
--------------------+---------------------+--------------+--------------------+-----------+----------------------
 00:01:51(00:01:49) |  00:00:00(00:00:00) |   0.0(  0.0) |    2:33:05 (Sep24) |  956.6 MB | PBS_TechMap-Start
--------------------+---------------------+--------------+--------------------+-----------+----------------------
 00:01:51(00:01:49) |  00:00:00(00:00:00) |   0.0(  0.0) |    2:33:05 (Sep24) |  956.6 MB | PBS_TechMap-Premap HBO Optimizations
--------------------+---------------------+--------------+--------------------+-----------+----------------------
 00:02:43(00:02:40) |  00:00:51(00:00:51) |  32.6( 32.5) |    2:33:56 (Sep24) |  954.6 MB | PBS_Techmap-Global Mapping
--------------------+---------------------+--------------+--------------------+-----------+----------------------
 00:02:43(00:02:41) |  00:00:00(00:00:01) |  -0.0(  0.6) |    2:33:57 (Sep24) |  954.6 MB | PBS_TechMap-Datapath Postmap Operations
--------------------+---------------------+--------------+--------------------+-----------+----------------------
 00:02:44(00:02:41) |  00:00:00(00:00:00) |   0.6(  0.0) |    2:33:57 (Sep24) |  954.6 MB | PBS_TechMap-Postmap HBO Optimizations
--------------------+---------------------+--------------+--------------------+-----------+----------------------
Number of threads: 8 * 1   (id: pbs_debug, time_info v1.57)
Info: (*N*) indicates data that was populated from previously saved time_info database
Info: CPU time includes time of parent + longest thread
 Doing ConstProp on design:coprocessor ... 

Time taken by ConstProp Step: 00:00:00
PBS_TechMap-Postmap Clock Gating - Elapsed_Time 0, CPU_Time 0.0
stamp 'PBS_TechMap-Postmap Clock Gating' being created for table 'pbs_debug'

  Total Time (Wall) |  Stage Time (Wall)  |   % (Wall)   |    Date - Time     |  Memory   | Stage
--------------------+---------------------+--------------+--------------------+-----------+----------------------
 00:00:07(00:00:04) |  00:00:00(00:00:00) |   0.0(  0.0) |    2:31:20 (Sep24) |  496.5 MB | PBS_Generic-Start
--------------------+---------------------+--------------+--------------------+-----------+----------------------
 00:01:51(00:01:49) |  00:01:44(00:01:45) |  66.8( 66.9) |    2:33:05 (Sep24) |  956.6 MB | PBS_Generic_Opt-Post
--------------------+---------------------+--------------+--------------------+-----------+----------------------
 00:01:51(00:01:49) |  00:00:00(00:00:00) |   0.0(  0.0) |    2:33:05 (Sep24) |  956.6 MB | PBS_Generic-Postgen HBO Optimizations
--------------------+---------------------+--------------+--------------------+-----------+----------------------
 00:01:51(00:01:49) |  00:00:00(00:00:00) |   0.0(  0.0) |    2:33:05 (Sep24) |  956.6 MB | PBS_TechMap-Start
--------------------+---------------------+--------------+--------------------+-----------+----------------------
 00:01:51(00:01:49) |  00:00:00(00:00:00) |   0.0(  0.0) |    2:33:05 (Sep24) |  956.6 MB | PBS_TechMap-Premap HBO Optimizations
--------------------+---------------------+--------------+--------------------+-----------+----------------------
 00:02:43(00:02:40) |  00:00:51(00:00:51) |  32.6( 32.5) |    2:33:56 (Sep24) |  954.6 MB | PBS_Techmap-Global Mapping
--------------------+---------------------+--------------+--------------------+-----------+----------------------
 00:02:43(00:02:41) |  00:00:00(00:00:01) |  -0.0(  0.6) |    2:33:57 (Sep24) |  954.6 MB | PBS_TechMap-Datapath Postmap Operations
--------------------+---------------------+--------------+--------------------+-----------+----------------------
 00:02:44(00:02:41) |  00:00:00(00:00:00) |   0.6(  0.0) |    2:33:57 (Sep24) |  954.6 MB | PBS_TechMap-Postmap HBO Optimizations
--------------------+---------------------+--------------+--------------------+-----------+----------------------
 00:02:44(00:02:41) |  00:00:00(00:00:00) |   0.0(  0.0) |    2:33:57 (Sep24) |  954.6 MB | PBS_TechMap-Postmap Clock Gating
--------------------+---------------------+--------------+--------------------+-----------+----------------------
Number of threads: 8 * 1   (id: pbs_debug, time_info v1.57)
Info: (*N*) indicates data that was populated from previously saved time_info database
Info: CPU time includes time of parent + longest thread
-------------------------------------------------------------------------------
 hi_fo_buf                 35469    -1784    -26565         0        0
            Worst cost_group: clk, WNS: -1784.4
            Path: in2_r_reg[0]/CLK --> result_r_reg[14]/D

           Trick     Calls     Accepts   Attempts    Time(secs) 
-----------------------------------------------------------
       hi_fo_buf         0  (        0 /        0 )  0.00

 
Incremental optimization status
===============================
                                   Group   
                                  Tot Wrst     Total - - DRC Totals - -
                           Total  Weighted      Neg      Max       Max 
Operation                   Area   Slacks      Slack    Trans      Cap 
 init_delay                35469    -1784    -26565         0        0
            Worst cost_group: clk, WNS: -1784.4
            Path: in2_r_reg[0]/CLK --> result_r_reg[14]/D
 incr_delay                39579    -1560    -24293         0        0
            Worst cost_group: clk, WNS: -1560.6
            Path: in2_r_reg[0]/CLK --> result_r_reg[14]/D
 incr_delay                40032    -1488    -23134         0        0
            Worst cost_group: clk, WNS: -1488.4
            Path: in2_r_reg[0]/CLK --> result_r_reg[14]/D
 incr_delay                40337    -1474    -22972         0        0
            Worst cost_group: clk, WNS: -1474.8
            Path: in2_r_reg[0]/CLK --> result_r_reg[14]/D
 incr_delay                40744    -1464    -22812         0        0
            Worst cost_group: clk, WNS: -1464.6
            Path: in2_r_reg[1]/CLK --> result_r_reg[14]/D
 incr_delay                40782    -1461    -22806         0        0
            Worst cost_group: clk, WNS: -1461.8
            Path: in2_r_reg[1]/CLK --> result_r_reg[14]/D

           Trick     Calls     Accepts   Attempts    Time(secs) 
-----------------------------------------------------------
       crit_upsz      1558  (      338 /      376 )  3.00
    plc_bal_star         0  (        0 /        0 )  0.00
     drc_buftimb         0  (        0 /        0 )  0.00
          plc_st       583  (        0 /        0 )  0.00
    plc_st_fence       583  (        0 /        0 )  0.00
        plc_star       583  (        0 /        0 )  0.00
      plc_laf_st       583  (        0 /        0 )  0.00
 plc_laf_st_fence       583  (        0 /        0 )  0.00
     drc_buftims         0  (        0 /        0 )  0.00
            fopt      1048  (      130 /      133 )  1.89
   plc_laf_lo_st       590  (        0 /        0 )  0.00
       plc_lo_st       590  (        0 /        0 )  0.00
        mb_split       590  (        0 /        0 )  0.00

 
Local TNS optimization status
=============================
                                   Group   
                                  Tot Wrst     Total - - DRC Totals - -
                           Total  Weighted      Neg      Max       Max 
Operation                   Area   Slacks      Slack    Trans      Cap 
 init_tns                  40782    -1461    -22806         0        0
            Worst cost_group: clk, WNS: -1461.8
            Path: in2_r_reg[1]/CLK --> result_r_reg[14]/D
 incr_tns                  40783    -1454    -22330         0        0
            Worst cost_group: clk, WNS: -1454.7
            Path: in2_r_reg[1]/CLK --> result_r_reg[14]/D
 incr_tns                  40783    -1454    -22330         0        0
            Worst cost_group: clk, WNS: -1454.7
            Path: in2_r_reg[1]/CLK --> result_r_reg[14]/D

           Trick     Calls     Accepts   Attempts    Time(secs) 
-----------------------------------------------------------
    plc_bal_star         0  (        0 /        0 )  0.00
     drc_buftimb         0  (        0 /        0 )  0.00
     drc_buftims         0  (        0 /        0 )  0.00
       crit_upsz       651  (       28 /       65 )  0.47
   plc_laf_lo_st       623  (        0 /        0 )  0.00
       plc_lo_st       623  (        0 /        0 )  0.00
            fopt       623  (        0 /        0 )  0.02
       crit_dnsz       849  (       44 /      129 )  0.70
             dup       579  (        0 /        0 )  0.01
        setup_dn       579  (        0 /        0 )  0.00
        mb_split       579  (        0 /        0 )  0.00

PBS_TechMap-Postmap Cleanup - Elapsed_Time 7, CPU_Time 6.947554000000025
stamp 'PBS_TechMap-Postmap Cleanup' being created for table 'pbs_debug'

  Total Time (Wall) |  Stage Time (Wall)  |   % (Wall)   |    Date - Time     |  Memory   | Stage
--------------------+---------------------+--------------+--------------------+-----------+----------------------
 00:00:07(00:00:04) |  00:00:00(00:00:00) |   0.0(  0.0) |    2:31:20 (Sep24) |  496.5 MB | PBS_Generic-Start
--------------------+---------------------+--------------+--------------------+-----------+----------------------
 00:01:51(00:01:49) |  00:01:44(00:01:45) |  63.9( 64.0) |    2:33:05 (Sep24) |  956.6 MB | PBS_Generic_Opt-Post
--------------------+---------------------+--------------+--------------------+-----------+----------------------
 00:01:51(00:01:49) |  00:00:00(00:00:00) |   0.0(  0.0) |    2:33:05 (Sep24) |  956.6 MB | PBS_Generic-Postgen HBO Optimizations
--------------------+---------------------+--------------+--------------------+-----------+----------------------
 00:01:51(00:01:49) |  00:00:00(00:00:00) |   0.0(  0.0) |    2:33:05 (Sep24) |  956.6 MB | PBS_TechMap-Start
--------------------+---------------------+--------------+--------------------+-----------+----------------------
 00:01:51(00:01:49) |  00:00:00(00:00:00) |   0.0(  0.0) |    2:33:05 (Sep24) |  956.6 MB | PBS_TechMap-Premap HBO Optimizations
--------------------+---------------------+--------------+--------------------+-----------+----------------------
 00:02:43(00:02:40) |  00:00:51(00:00:51) |  31.2( 31.1) |    2:33:56 (Sep24) |  954.6 MB | PBS_Techmap-Global Mapping
--------------------+---------------------+--------------+--------------------+-----------+----------------------
 00:02:43(00:02:41) |  00:00:00(00:00:01) |  -0.0(  0.6) |    2:33:57 (Sep24) |  954.6 MB | PBS_TechMap-Datapath Postmap Operations
--------------------+---------------------+--------------+--------------------+-----------+----------------------
 00:02:44(00:02:41) |  00:00:00(00:00:00) |   0.6(  0.0) |    2:33:57 (Sep24) |  954.6 MB | PBS_TechMap-Postmap HBO Optimizations
--------------------+---------------------+--------------+--------------------+-----------+----------------------
 00:02:44(00:02:41) |  00:00:00(00:00:00) |   0.0(  0.0) |    2:33:57 (Sep24) |  954.6 MB | PBS_TechMap-Postmap Clock Gating
--------------------+---------------------+--------------+--------------------+-----------+----------------------
 00:02:51(00:02:48) |  00:00:06(00:00:07) |   4.2(  4.3) |    2:34:04 (Sep24) |  952.2 MB | PBS_TechMap-Postmap Cleanup
--------------------+---------------------+--------------+--------------------+-----------+----------------------
Number of threads: 8 * 1   (id: pbs_debug, time_info v1.57)
Info: (*N*) indicates data that was populated from previously saved time_info database
Info: CPU time includes time of parent + longest thread
PBS_Techmap-Post_MBCI - Elapsed_Time 0, CPU_Time 0.0
stamp 'PBS_Techmap-Post_MBCI' being created for table 'pbs_debug'

  Total Time (Wall) |  Stage Time (Wall)  |   % (Wall)   |    Date - Time     |  Memory   | Stage
--------------------+---------------------+--------------+--------------------+-----------+----------------------
 00:00:07(00:00:04) |  00:00:00(00:00:00) |   0.0(  0.0) |    2:31:20 (Sep24) |  496.5 MB | PBS_Generic-Start
--------------------+---------------------+--------------+--------------------+-----------+----------------------
 00:01:51(00:01:49) |  00:01:44(00:01:45) |  63.9( 64.0) |    2:33:05 (Sep24) |  956.6 MB | PBS_Generic_Opt-Post
--------------------+---------------------+--------------+--------------------+-----------+----------------------
 00:01:51(00:01:49) |  00:00:00(00:00:00) |   0.0(  0.0) |    2:33:05 (Sep24) |  956.6 MB | PBS_Generic-Postgen HBO Optimizations
--------------------+---------------------+--------------+--------------------+-----------+----------------------
 00:01:51(00:01:49) |  00:00:00(00:00:00) |   0.0(  0.0) |    2:33:05 (Sep24) |  956.6 MB | PBS_TechMap-Start
--------------------+---------------------+--------------+--------------------+-----------+----------------------
 00:01:51(00:01:49) |  00:00:00(00:00:00) |   0.0(  0.0) |    2:33:05 (Sep24) |  956.6 MB | PBS_TechMap-Premap HBO Optimizations
--------------------+---------------------+--------------+--------------------+-----------+----------------------
 00:02:43(00:02:40) |  00:00:51(00:00:51) |  31.2( 31.1) |    2:33:56 (Sep24) |  954.6 MB | PBS_Techmap-Global Mapping
--------------------+---------------------+--------------+--------------------+-----------+----------------------
 00:02:43(00:02:41) |  00:00:00(00:00:01) |  -0.0(  0.6) |    2:33:57 (Sep24) |  954.6 MB | PBS_TechMap-Datapath Postmap Operations
--------------------+---------------------+--------------+--------------------+-----------+----------------------
 00:02:44(00:02:41) |  00:00:00(00:00:00) |   0.6(  0.0) |    2:33:57 (Sep24) |  954.6 MB | PBS_TechMap-Postmap HBO Optimizations
--------------------+---------------------+--------------+--------------------+-----------+----------------------
 00:02:44(00:02:41) |  00:00:00(00:00:00) |   0.0(  0.0) |    2:33:57 (Sep24) |  954.6 MB | PBS_TechMap-Postmap Clock Gating
--------------------+---------------------+--------------+--------------------+-----------+----------------------
 00:02:51(00:02:48) |  00:00:06(00:00:07) |   4.2(  4.3) |    2:34:04 (Sep24) |  952.2 MB | PBS_TechMap-Postmap Cleanup
--------------------+---------------------+--------------+--------------------+-----------+----------------------
 00:02:51(00:02:48) |  00:00:00(00:00:00) |   0.0(  0.0) |    2:34:04 (Sep24) |  952.2 MB | PBS_Techmap-Post_MBCI
--------------------+---------------------+--------------+--------------------+-----------+----------------------
Number of threads: 8 * 1   (id: pbs_debug, time_info v1.57)
Info: (*N*) indicates data that was populated from previously saved time_info database
Info: CPU time includes time of parent + longest thread
##>=================== Cadence Confidential (Mapping-Logical) ===================
##>Main Thread Summary:
##>----------------------------------------------------------------------------------------
##>STEP                           Elapsed       WNS       TNS     Insts      Area    Memory
##>----------------------------------------------------------------------------------------
##>M:Initial                            0         -         -      8660     75395       956
##>M:Pre Cleanup                        0         -         -      8660     75395       956
##>M:Setup                              0         -         -         -         -         -
##>M:Launch ST                          0         -         -         -         -         -
##>M:Design Partition                   0         -         -         -         -         -
##>M:Create Partition Netlists          0         -         -         -         -         -
##>M:Init Power                         0         -         -         -         -         -
##>M:Budgeting                          0         -         -         -         -         -
##>M:Derenv-DB                          0         -         -         -         -         -
##>M:Debug Outputs                      0         -         -         -         -         -
##>M:ST loading                         0         -         -         -         -         -
##>M:Distributed                        0         -         -         -         -         -
##>M:Timer                              0         -         -         -         -         -
##>M:Assembly                           0         -         -         -         -         -
##>M:DFT                                0         -         -         -         -         -
##>M:DP Operations                      1         -         -      6316     35469       954
##>M:Const Prop                         0     -1784     26511      6316     35469       954
##>M:Cleanup                            7     -1454     22330      7534     40782       952
##>M:MBCI                               0         -         -      7534     40782       952
##>M:Const Gate Removal                 0         -         -         -         -         -
##>M:Misc                              51
##>----------------------------------------------------------------------------------------
##>Total Elapsed                       59
##>========================================================================================
Info    : Done mapping. [SYNTH-5]
        : Done mapping 'coprocessor'.
      flow.cputime  flow.realtime  timing.setup.tns  timing.setup.wns  snapshot
UM:*                                                                   syn_map
Info    : Incrementally optimizing. [SYNTH-7]
        : Incrementally optimizing 'coprocessor' using 'high' effort.
 
Incremental optimization status
===============================
                                   Group   
                                  Tot Wrst     Total - - DRC Totals - -
                           Total  Weighted      Neg      Max       Max 
Operation                   Area   Slacks      Slack    Trans      Cap 
 init_iopt                 40783    -1454    -22330         0        0
            Worst cost_group: clk, WNS: -1454.7
            Path: in2_r_reg[1]/CLK --> result_r_reg[14]/D
-------------------------------------------------------------------------------
 const_prop                40783    -1454    -22330         0        0
            Worst cost_group: clk, WNS: -1454.7
            Path: in2_r_reg[1]/CLK --> result_r_reg[14]/D
 simp_cc_inputs            40719    -1443    -22252         0        0
            Worst cost_group: clk, WNS: -1443.6
            Path: in2_r_reg[0]/CLK --> result_r_reg[14]/D
-------------------------------------------------------------------------------
 hi_fo_buf                 40719    -1443    -22252         0        0
            Worst cost_group: clk, WNS: -1443.6
            Path: in2_r_reg[0]/CLK --> result_r_reg[14]/D

           Trick     Calls     Accepts   Attempts    Time(secs) 
-----------------------------------------------------------
       hi_fo_buf         0  (        0 /        0 )  0.00

 
Incremental optimization status
===============================
                                   Group   
                                  Tot Wrst     Total - - DRC Totals - -
                           Total  Weighted      Neg      Max       Max 
Operation                   Area   Slacks      Slack    Trans      Cap 
 init_delay                40719    -1443    -22252         0        0
            Worst cost_group: clk, WNS: -1443.6
            Path: in2_r_reg[0]/CLK --> result_r_reg[14]/D
 incr_delay                41708    -1328    -21014         0        0
            Worst cost_group: clk, WNS: -1328.1
            Path: in1_r_reg[0]/CLK --> result_r_reg[11]/D
 incr_delay                43201    -1198    -19099         0        0
            Worst cost_group: clk, WNS: -1198.4
            Path: in2_r_reg[1]/CLK --> result_r_reg[11]/D
 incr_delay                43543    -1110    -17842         0        0
            Worst cost_group: clk, WNS: -1110.7
            Path: in1_r_reg[0]/CLK --> status_r_reg[1]/D
 incr_delay                43672    -1090    -17375         0        0
            Worst cost_group: clk, WNS: -1090.3
            Path: in2_r_reg[8]/CLK --> status_r_reg[1]/D
 incr_delay                43713    -1083    -17381         0        0
            Worst cost_group: clk, WNS: -1083.3
            Path: in2_r_reg[6]/CLK --> status_r_reg[1]/D
 incr_delay                43822    -1075    -17266         0        0
            Worst cost_group: clk, WNS: -1075.5
            Path: in2_r_reg[0]/CLK --> status_r_reg[1]/D
 incr_delay                43873    -1071    -17200         0        0
            Worst cost_group: clk, WNS: -1071.5
            Path: in2_r_reg[6]/CLK --> status_r_reg[1]/D
 incr_delay                43906    -1060    -16953         0        0
            Worst cost_group: clk, WNS: -1060.1
            Path: in1_r_reg[0]/CLK --> status_r_reg[1]/D
 incr_delay                44070    -1042    -16644         0        0
            Worst cost_group: clk, WNS: -1042.5
            Path: in1_r_reg[0]/CLK --> status_r_reg[1]/D
 incr_delay                44182    -1032    -16475         0        0
            Worst cost_group: clk, WNS: -1032.0
            Path: in1_r_reg[0]/CLK --> status_r_reg[1]/D
 incr_delay                44194    -1025    -16359         0        0
            Worst cost_group: clk, WNS: -1025.0
            Path: in2_r_reg[8]/CLK --> status_r_reg[1]/D
 incr_delay                44192    -1024    -16358         0        0
            Worst cost_group: clk, WNS: -1024.9
            Path: in2_r_reg[8]/CLK --> status_r_reg[1]/D

           Trick     Calls     Accepts   Attempts    Time(secs) 
-----------------------------------------------------------
        crit_msz      2356  (      327 /      508 )  6.21
       crit_upsz      2059  (      143 /      164 )  1.96
       crit_slew      1418  (       14 /       59 )  1.28
        setup_dn      1280  (        0 /        0 )  0.00
    plc_bal_star         0  (        0 /        0 )  0.00
     drc_buftimb         0  (        0 /        0 )  0.00
          plc_st      1280  (        0 /        0 )  0.00
    plc_st_fence      1280  (        0 /        0 )  0.00
        plc_star      1280  (        0 /        0 )  0.00
      plc_laf_st      1280  (        0 /        0 )  0.00
 plc_laf_st_fence      1280  (        0 /        0 )  0.00
     drc_buftims         0  (        0 /        0 )  0.00
   plc_laf_lo_st      1280  (        0 /        0 )  0.00
       plc_lo_st      1280  (        0 /        0 )  0.00
            fopt      1280  (        0 /        0 )  0.02
       crit_swap      1369  (        5 /        6 )  0.29
       mux2_swap      1291  (        0 /        0 )  0.00
       crit_dnsz      2394  (       33 /       44 )  1.31
       load_swap      1294  (        0 /        1 )  0.45
            fopt      1634  (       65 /       80 )  1.55
        setup_dn      1288  (        0 /        0 )  0.00
       load_isol      2054  (      142 /      153 )  4.38
       load_isol      1315  (        0 /        0 )  0.25
        move_for      1575  (       14 /       24 )  0.69
        move_for      1339  (        0 /       11 )  0.29
          rem_bi      1339  (        0 /       13 )  0.20
         offload      1343  (        1 /        4 )  0.11
          rem_bi      1370  (        2 /       66 )  0.83
         offload      1438  (        5 /       18 )  0.55
           phase      1340  (        0 /        0 )  0.00
        in_phase      1340  (        0 /        0 )  0.00
       merge_bit      1540  (       15 /       40 )  0.41
     merge_idrvr      1314  (        0 /        0 )  0.00
     merge_iload      1314  (        0 /        0 )  0.00
    merge_idload      1578  (        5 /       52 )  0.71
      merge_drvr      1340  (        2 /       33 )  0.38
      merge_load      1291  (        0 /       30 )  0.35
          decomp      1455  (       17 /       19 )  1.01
        p_decomp      1291  (        0 /        0 )  0.33
        levelize      1291  (        0 /       26 )  0.32
        mb_split      1291  (        0 /        0 )  0.00
             dup      1297  (        3 /        8 )  0.23
      mux_retime      1280  (        0 /        3 )  0.01
         buf2inv      1280  (        0 /        0 )  0.00
             exp       115  (        9 /      107 )  1.84
       gate_deco       569  (        2 /        4 )  3.71
       gcomp_tim      3852  (       52 /      103 )  6.90
  inv_pair_2_buf      1396  (        0 /        0 )  0.01

 incr_delay                44386     -886    -13720         0        0
            Worst cost_group: clk, WNS: -886.3
            Path: in1_r_reg[0]/CLK --> status_r_reg[1]/D
 incr_delay                44962     -687    -11138         0        0
            Worst cost_group: clk, WNS: -687.9
            Path: in1_r_reg[0]/CLK --> result_r_reg[15]/D
 incr_delay                44998     -676    -10888         0        0
            Worst cost_group: clk, WNS: -676.0
            Path: in1_r_reg[0]/CLK --> result_r_reg[15]/D
 incr_delay                45064     -667    -10687         0        0
            Worst cost_group: clk, WNS: -667.9
            Path: in1_r_reg[0]/CLK --> result_r_reg[15]/D
 incr_delay                45307     -421     -6556         0        0
            Worst cost_group: clk, WNS: -421.0
            Path: in2_r_reg[4]/CLK --> result_r_reg[14]/D
 incr_delay                45602     -352     -5434         0        0
            Worst cost_group: clk, WNS: -352.2
            Path: in2_r_reg[4]/CLK --> result_r_reg[13]/D
 incr_delay                45835     -332     -4960         0        0
            Worst cost_group: clk, WNS: -332.8
            Path: in2_r_reg[4]/CLK --> result_r_reg[13]/D
 incr_delay                46024     -309     -4672         0        0
            Worst cost_group: clk, WNS: -309.8
            Path: in2_r_reg[4]/CLK --> status_r_reg[1]/D
 incr_delay                46105     -294     -4469         0        0
            Worst cost_group: clk, WNS: -294.8
            Path: in2_r_reg[4]/CLK --> status_r_reg[1]/D
 incr_delay                46209     -287     -4090         0        0
            Worst cost_group: clk, WNS: -287.6
            Path: in2_r_reg[4]/CLK --> status_r_reg[1]/D
 incr_delay                46471     -258     -3719         0        0
            Worst cost_group: clk, WNS: -258.4
            Path: in2_r_reg[0]/CLK --> status_r_reg[1]/D
 incr_delay                46617     -244     -3505         0        0
            Worst cost_group: clk, WNS: -244.8
            Path: in1_r_reg[0]/CLK --> status_r_reg[1]/D
 incr_delay                46660     -240     -3327         0        0
            Worst cost_group: clk, WNS: -240.2
            Path: in2_r_reg[4]/CLK --> status_r_reg[1]/D
 incr_delay                46652     -237     -3282         0        0
            Worst cost_group: clk, WNS: -237.4
            Path: in1_r_reg[0]/CLK --> status_r_reg[1]/D
 incr_delay                46700     -227     -3184         0        0
            Worst cost_group: clk, WNS: -227.3
            Path: in2_r_reg[1]/CLK --> status_r_reg[1]/D
 incr_delay                46745     -220     -3099         0        0
            Worst cost_group: clk, WNS: -220.9
            Path: in2_r_reg[4]/CLK --> status_r_reg[1]/D
 incr_delay                46845     -209     -2963         0        0
            Worst cost_group: clk, WNS: -209.3
            Path: in2_r_reg[1]/CLK --> status_r_reg[1]/D
 incr_delay                46847     -207     -2887         0        0
            Worst cost_group: clk, WNS: -207.2
            Path: in2_r_reg[0]/CLK --> status_r_reg[1]/D
 incr_delay                46837     -202     -2863         0        0
            Worst cost_group: clk, WNS: -202.6
            Path: in2_r_reg[1]/CLK --> status_r_reg[1]/D
 incr_delay                46996     -183     -2563         0        0
            Worst cost_group: clk, WNS: -183.3
            Path: in2_r_reg[3]/CLK --> status_r_reg[1]/D
 incr_delay                47044     -176     -2426         0        0
            Worst cost_group: clk, WNS: -176.0
            Path: in2_r_reg[3]/CLK --> status_r_reg[1]/D
 incr_delay                47044     -174     -2428         0        0
            Worst cost_group: clk, WNS: -174.1
            Path: in2_r_reg[0]/CLK --> status_r_reg[1]/D
 incr_delay                47048     -173     -2427         0        0
            Worst cost_group: clk, WNS: -173.2
            Path: in2_r_reg[0]/CLK --> status_r_reg[1]/D
 incr_delay                47129     -162     -2278         0        0
            Worst cost_group: clk, WNS: -162.2
            Path: in2_r_reg[2]/CLK --> status_r_reg[1]/D
 incr_delay                47128     -161     -2259         0        0
            Worst cost_group: clk, WNS: -161.3
            Path: in1_r_reg[0]/CLK --> status_r_reg[1]/D
 incr_delay                47130     -161     -2257         0        0
            Worst cost_group: clk, WNS: -161.0
            Path: in1_r_reg[0]/CLK --> status_r_reg[1]/D
 incr_delay                47116     -160     -2235         0        0
            Worst cost_group: clk, WNS: -160.2
            Path: in2_r_reg[2]/CLK --> status_r_reg[1]/D
 incr_delay                47166     -155     -2157         0        0
            Worst cost_group: clk, WNS: -155.7
            Path: in2_r_reg[2]/CLK --> status_r_reg[1]/D
 incr_delay                47173     -155     -2129         0        0
            Worst cost_group: clk, WNS: -155.2
            Path: in2_r_reg[2]/CLK --> status_r_reg[1]/D
 incr_delay                47175     -154     -2123         0        0
            Worst cost_group: clk, WNS: -154.0
            Path: in1_r_reg[0]/CLK --> status_r_reg[1]/D
 incr_delay                47204     -149     -1991         0        0
            Worst cost_group: clk, WNS: -149.5
            Path: in2_r_reg[1]/CLK --> status_r_reg[1]/D
 incr_delay                47204     -149     -1989         0        0
            Worst cost_group: clk, WNS: -149.4
            Path: in1_r_reg[0]/CLK --> status_r_reg[1]/D
 incr_delay                47324     -142     -1889         0        0
            Worst cost_group: clk, WNS: -142.0
            Path: in1_r_reg[0]/CLK --> status_r_reg[1]/D
 incr_delay                47324     -141     -1880         0        0
            Worst cost_group: clk, WNS: -141.0
            Path: in2_r_reg[6]/CLK --> status_r_reg[1]/D
 incr_delay                47328     -139     -1828         0        0
            Worst cost_group: clk, WNS: -139.7
            Path: in2_r_reg[6]/CLK --> status_r_reg[1]/D
 incr_delay                47388     -136     -1804         0        0
            Worst cost_group: clk, WNS: -136.5
            Path: in1_r_reg[0]/CLK --> status_r_reg[1]/D
 incr_delay                47387     -134     -1791         0        0
            Worst cost_group: clk, WNS: -134.7
            Path: in2_r_reg[9]/CLK --> status_r_reg[1]/D

           Trick     Calls     Accepts   Attempts    Time(secs) 
-----------------------------------------------------------
         crr_220       247  (       94 /      244 )  26.49
        crr_glob      1599  (       53 /       94 )  1.70
         crr_200       602  (      294 /      594 )  9.14
        crr_glob      4376  (      266 /      294 )  2.71
         crr_300       399  (       89 /      389 )  8.41
        crr_glob      1705  (       66 /       89 )  1.29
         crr_400       378  (       65 /      365 )  9.90
        crr_glob      1600  (       41 /       65 )  1.18
         crr_111       615  (      311 /      611 )  30.61
        crr_glob      4331  (      240 /      311 )  4.54
         crr_210       476  (      165 /      465 )  20.70
        crr_glob      2849  (      111 /      165 )  2.75
         crr_110       439  (      125 /      425 )  10.84
        crr_glob      1511  (       74 /      125 )  2.00
         crr_101       461  (      124 /      424 )  8.15
        crr_glob      2178  (       99 /      124 )  1.53
         crr_201       411  (      104 /      404 )  12.47
        crr_glob      1854  (       71 /      104 )  1.81
         crr_211       382  (       77 /      377 )  26.20
        crr_glob      1167  (       26 /       77 )  1.93
        crit_msz      1567  (      115 /      248 )  3.77
       crit_upsz      1748  (      104 /      121 )  1.72
       crit_slew      1293  (       13 /       39 )  0.91
        setup_dn      2197  (        0 /        0 )  0.00
    plc_bal_star         0  (        0 /        0 )  0.00
     drc_buftimb         0  (        0 /        0 )  0.00
          plc_st      1110  (        0 /        0 )  0.00
    plc_st_fence      1110  (        0 /        0 )  0.00
        plc_star      1110  (        0 /        0 )  0.00
      plc_laf_st      1110  (        0 /        0 )  0.00
 plc_laf_st_fence      1110  (        0 /        0 )  0.00
     drc_buftims         0  (        0 /        0 )  0.00
       plc_lo_st      1110  (        0 /        0 )  0.00
            fopt      2340  (       28 /       43 )  1.03
       crit_swap      1293  (       17 /       19 )  0.53
       mux2_swap      1113  (        0 /        0 )  0.00
       crit_dnsz      1786  (       14 /       36 )  0.98
       load_swap      1105  (        1 /        1 )  0.37
            fopt      2340  (       28 /       43 )  1.03
        setup_dn      2197  (        0 /        0 )  0.00
       load_isol      2526  (       44 /       47 )  3.18
       load_isol      2526  (       44 /       47 )  3.18
        move_for      2338  (       12 /       23 )  0.84
        move_for      2338  (       12 /       23 )  0.84
          rem_bi      2200  (        0 /       55 )  0.89
         offload      2214  (        1 /        8 )  0.48
          rem_bi      2200  (        0 /       55 )  0.89
         offload      2214  (        1 /        8 )  0.48
       merge_bit      1420  (       17 /       28 )  0.33
     merge_idrvr      1121  (        0 /        0 )  0.00
     merge_iload      1121  (        0 /        0 )  0.00
    merge_idload      1146  (        2 /       61 )  0.75
      merge_drvr      1101  (        0 /        1 )  0.01
      merge_load      1101  (        0 /        1 )  0.01
           phase      1101  (        0 /        0 )  0.00
          decomp      1101  (        0 /        2 )  0.54
        p_decomp      1101  (        0 /        0 )  0.17
        levelize      1101  (        0 /        6 )  0.08
        mb_split      1101  (        0 /        0 )  0.00
        in_phase      1101  (        0 /        0 )  0.00
             dup      1106  (        1 /        1 )  0.06
      mux_retime      1104  (        0 /        0 )  0.00
         buf2inv      1104  (        0 /        0 )  0.00
             exp       151  (        6 /      142 )  3.69
       gate_deco       489  (        0 /        0 )  3.11
       gcomp_tim      2700  (        6 /       39 )  4.32
  inv_pair_2_buf      1197  (        0 /        0 )  0.00
 init_drc                  47387     -134     -1791         0        0
            Worst cost_group: clk, WNS: -134.7
            Path: in2_r_reg[9]/CLK --> status_r_reg[1]/D

           Trick     Calls     Accepts   Attempts    Time(secs) 
-----------------------------------------------------------
          plc_st         0  (        0 /        0 )  0.00
        plc_star         0  (        0 /        0 )  0.00
        drc_bufs         0  (        0 /        0 )  0.00
        drc_fopt         0  (        0 /        0 )  0.00
        drc_bufb         0  (        0 /        0 )  0.00
      simple_buf         0  (        0 /        0 )  0.00
             dup         0  (        0 /        0 )  0.00
       crit_dnsz         0  (        0 /        0 )  0.00
       crit_upsz         0  (        0 /        0 )  0.00
       crit_slew         0  (        0 /        0 )  0.00


           Trick     Calls     Accepts   Attempts    Time(secs) 
-----------------------------------------------------------
          plc_st         0  (        0 /        0 )  0.00
        plc_star         0  (        0 /        0 )  0.00
      drc_buf_sp         0  (        0 /        0 )  0.00
        drc_bufs         0  (        0 /        0 )  0.00
        drc_fopt         0  (        0 /        0 )  0.00
        drc_bufb         0  (        0 /        0 )  0.00
      simple_buf         0  (        0 /        0 )  0.00
             dup         0  (        0 /        0 )  0.00
       crit_dnsz         0  (        0 /        0 )  0.00
       crit_upsz         0  (        0 /        0 )  0.00


           Trick     Calls     Accepts   Attempts    Time(secs) 
-----------------------------------------------------------
          plc_st         0  (        0 /        0 )  0.00
        plc_star         0  (        0 /        0 )  0.00
      drc_buf_sp         0  (        0 /        0 )  0.00
        drc_bufs         0  (        0 /        0 )  0.00
        drc_fopt         0  (        0 /        0 )  0.00
        drc_bufb         0  (        0 /        0 )  0.00
             dup         0  (        0 /        0 )  0.00
       crit_dnsz         0  (        0 /        0 )  0.00
       crit_upsz         0  (        0 /        0 )  0.00

 init_tns                  47387     -134     -1791         0        0
            Worst cost_group: clk, WNS: -134.7
            Path: in2_r_reg[9]/CLK --> status_r_reg[1]/D
 incr_tns                  47273     -122      -643         0        0
            Worst cost_group: clk, WNS: -122.4
            Path: in1_r_reg[0]/CLK --> status_r_reg[1]/D
 incr_tns                  47273     -122      -643         0        0
            Worst cost_group: clk, WNS: -122.4
            Path: in1_r_reg[0]/CLK --> status_r_reg[1]/D

           Trick     Calls     Accepts   Attempts    Time(secs) 
-----------------------------------------------------------
            fopt       798  (        2 /        4 )  0.19
    plc_bal_star         0  (        0 /        0 )  0.00
     drc_buftimb         0  (        0 /        0 )  0.00
     drc_buftims         0  (        0 /        0 )  0.00
        crit_msz       796  (       80 /      191 )  1.65
       crit_upsz       716  (       24 /       88 )  0.60
   plc_laf_lo_st       692  (        0 /        0 )  0.00
       plc_lo_st       692  (        0 /        0 )  0.00
       crit_swap       692  (        6 /       42 )  0.27
       mux2_swap       686  (        0 /        0 )  0.00
       crit_dnsz       861  (       25 /      113 )  0.75
       load_swap       661  (        0 /       67 )  0.45
            fopt       661  (       12 /       31 )  0.42
        setup_dn       649  (        0 /        0 )  0.00
       load_isol       649  (        6 /       17 )  1.10
       load_isol       643  (        0 /        0 )  0.11
        move_for       643  (        3 /       10 )  0.18
        move_for       640  (        1 /        5 )  0.11
          rem_bi       639  (        0 /        3 )  0.04
         offload       639  (        0 /        3 )  0.04
          rem_bi       639  (        7 /       12 )  0.14
         offload       632  (        0 /        7 )  0.19
       merge_bit       677  (        8 /       11 )  0.06
     merge_idrvr       625  (        0 /        0 )  0.00
     merge_iload       625  (        0 /        0 )  0.00
    merge_idload       625  (        4 /        8 )  0.18
      merge_drvr       621  (        0 /        2 )  0.02
      merge_load       621  (        2 /        4 )  0.04
           phase       619  (        0 /        0 )  0.00
          decomp       619  (        3 /        7 )  0.35
        p_decomp       616  (        0 /        0 )  0.12
        levelize       616  (        0 /        1 )  0.01
        mb_split       616  (        0 /        0 )  0.00
             dup       616  (        0 /        2 )  0.04
      mux_retime       616  (        0 /        1 )  0.00
       crr_local       616  (       50 /      170 )  8.17
         buf2inv       566  (        0 /        0 )  0.00

 init_area                 47273     -122      -643         0        0
            Worst cost_group: clk, WNS: -122.4
            Path: in1_r_reg[0]/CLK --> status_r_reg[1]/D
 undup                     47228     -122      -643         0        0
            Worst cost_group: clk, WNS: -122.4
            Path: in1_r_reg[0]/CLK --> status_r_reg[1]/D
 rem_buf                   45968     -122      -641         0        0
            Worst cost_group: clk, WNS: -122.4
            Path: in1_r_reg[0]/CLK --> status_r_reg[1]/D
 rem_inv                   44199     -122      -639         0        0
            Worst cost_group: clk, WNS: -122.3
            Path: in1_r_reg[0]/CLK --> status_r_reg[1]/D
 merge_bi                  42989     -120      -625         0        0
            Worst cost_group: clk, WNS: -120.9
            Path: in1_r_reg[0]/CLK --> status_r_reg[1]/D
 merge_bi                  42805     -120      -621         0        0
            Worst cost_group: clk, WNS: -120.9
            Path: in1_r_reg[0]/CLK --> status_r_reg[1]/D
 rem_inv_qb                42804     -120      -621         0        0
            Worst cost_group: clk, WNS: -120.9
            Path: in1_r_reg[0]/CLK --> status_r_reg[1]/D
 seq_res_area              42806     -120      -620         0        0
            Worst cost_group: clk, WNS: -120.3
            Path: in1_r_reg[0]/CLK --> status_r_reg[1]/D
 io_phase                  42580     -119      -592         0        0
            Worst cost_group: clk, WNS: -119.2
            Path: in1_r_reg[0]/CLK --> status_r_reg[1]/D
 gate_comp                 42244     -119      -574         0        0
            Worst cost_group: clk, WNS: -119.0
            Path: in1_r_reg[0]/CLK --> status_r_reg[1]/D
 glob_area                 41849     -118      -573         0        0
            Worst cost_group: clk, WNS: -118.1
            Path: in1_r_reg[0]/CLK --> status_r_reg[1]/D
 area_down                 41574     -118      -568         0        0
            Worst cost_group: clk, WNS: -118.1
            Path: in1_r_reg[0]/CLK --> status_r_reg[1]/D
 rem_buf                   41387     -118      -568         0        0
            Worst cost_group: clk, WNS: -118.1
            Path: in1_r_reg[0]/CLK --> status_r_reg[1]/D
 rem_inv                   41132     -118      -565         0        0
            Worst cost_group: clk, WNS: -118.1
            Path: in1_r_reg[0]/CLK --> status_r_reg[1]/D
 merge_bi                  40952     -118      -565         0        0
            Worst cost_group: clk, WNS: -118.1
            Path: in1_r_reg[0]/CLK --> status_r_reg[1]/D
 merge_bi                  40942     -118      -565         0        0
            Worst cost_group: clk, WNS: -118.1
            Path: in1_r_reg[0]/CLK --> status_r_reg[1]/D
 rem_inv_qb                40942     -118      -565         0        0
            Worst cost_group: clk, WNS: -118.1
            Path: in1_r_reg[0]/CLK --> status_r_reg[1]/D

           Trick     Calls     Accepts   Attempts    Time(secs) 
-----------------------------------------------------------
           undup        33  (        8 /       10 )  0.10
         rem_buf       587  (      220 /      288 )  1.21
         rem_inv      1348  (      443 /      626 )  2.53
        merge_bi       819  (      377 /      452 )  1.70
      rem_inv_qb         3  (        1 /        1 )  0.00
    seq_res_area         9  (        2 /        3 )  0.56
        io_phase       806  (      116 /      136 )  1.28
       gate_comp      2824  (       85 /      116 )  4.28
       gcomp_mog         8  (        0 /        1 )  0.29
       glob_area       160  (       96 /      160 )  2.13
       area_down       268  (       79 /      130 )  1.54
      size_n_buf         1  (        0 /        0 )  0.01
  gate_deco_area         0  (        0 /        0 )  0.00
         rem_buf       359  (       42 /       85 )  0.70
         rem_inv       658  (       63 /      134 )  1.15
        merge_bi       416  (       56 /      111 )  0.84
      rem_inv_qb         1  (        1 /        1 )  0.00

 
Incremental optimization status
===============================
                                   Group   
                                  Tot Wrst     Total - - DRC Totals - -
                           Total  Weighted      Neg      Max       Max 
Operation                   Area   Slacks      Slack    Trans      Cap 
 init_delay                40942     -118      -565         0        0
            Worst cost_group: clk, WNS: -118.1
            Path: in1_r_reg[0]/CLK --> status_r_reg[1]/D
 incr_delay                40946     -118      -564         0        0
            Worst cost_group: clk, WNS: -118.0
            Path: in1_r_reg[0]/CLK --> status_r_reg[1]/D
 incr_delay                40948     -113      -551         0        0
            Worst cost_group: clk, WNS: -113.9
            Path: in2_r_reg[0]/CLK --> status_r_reg[1]/D
 incr_delay                40956     -105      -537         0        0
            Worst cost_group: clk, WNS: -105.4
            Path: in2_r_reg[6]/CLK --> status_r_reg[1]/D
 incr_delay                40976      -97      -550         0        0
            Worst cost_group: clk, WNS: -97.7
            Path: in1_r_reg[0]/CLK --> status_r_reg[1]/D
 incr_delay                40993      -94      -715         0        0
            Worst cost_group: clk, WNS: -94.5
            Path: in1_r_reg[0]/CLK --> status_r_reg[1]/D
 incr_delay                40993      -94      -714         0        0
            Worst cost_group: clk, WNS: -94.5
            Path: in1_r_reg[0]/CLK --> status_r_reg[1]/D
 incr_delay                40993      -92      -688         0        0
            Worst cost_group: clk, WNS: -92.4
            Path: in1_r_reg[0]/CLK --> status_r_reg[1]/D
 incr_delay                41092      -80      -539         0        0
            Worst cost_group: clk, WNS: -80.1
            Path: in1_r_reg[0]/CLK --> status_r_reg[1]/D
 incr_delay                41092      -79      -539         0        0
            Worst cost_group: clk, WNS: -79.5
            Path: in1_r_reg[0]/CLK --> status_r_reg[1]/D
 incr_delay                41112      -73      -506         0        0
            Worst cost_group: clk, WNS: -73.5
            Path: in1_r_reg[0]/CLK --> status_r_reg[1]/D
 incr_delay                41124      -73      -505         0        0
            Worst cost_group: clk, WNS: -73.4
            Path: in2_r_reg[0]/CLK --> status_r_reg[1]/D
 incr_delay                41119      -73      -467         0        0
            Worst cost_group: clk, WNS: -73.0
            Path: in1_r_reg[0]/CLK --> status_r_reg[1]/D
 incr_delay                41119      -72      -464         0        0
            Worst cost_group: clk, WNS: -72.9
            Path: in1_r_reg[0]/CLK --> status_r_reg[1]/D
 incr_delay                41129      -72      -451         0        0
            Worst cost_group: clk, WNS: -72.0
            Path: in1_r_reg[0]/CLK --> status_r_reg[1]/D
 incr_delay                41129      -68      -447         0        0
            Worst cost_group: clk, WNS: -68.2
            Path: in1_r_reg[0]/CLK --> status_r_reg[1]/D
 incr_delay                41157      -62      -415         0        0
            Worst cost_group: clk, WNS: -62.9
            Path: in2_r_reg[6]/CLK --> status_r_reg[1]/D
 incr_delay                41166      -61      -413         0        0
            Worst cost_group: clk, WNS: -61.9
            Path: in1_r_reg[0]/CLK --> status_r_reg[1]/D
 incr_delay                41171      -61      -412         0        0
            Worst cost_group: clk, WNS: -61.5
            Path: in1_r_reg[0]/CLK --> status_r_reg[1]/D
 incr_delay                41164      -60      -407         0        0
            Worst cost_group: clk, WNS: -60.9
            Path: in2_r_reg[6]/CLK --> status_r_reg[1]/D
 incr_delay                41164      -60      -405         0        0
            Worst cost_group: clk, WNS: -60.1
            Path: in2_r_reg[6]/CLK --> status_r_reg[1]/D
 incr_delay                41196      -59      -402         0        0
            Worst cost_group: clk, WNS: -59.2
            Path: in2_r_reg[6]/CLK --> status_r_reg[1]/D
 incr_delay                41235      -57      -376         0        0
            Worst cost_group: clk, WNS: -57.9
            Path: in2_r_reg[6]/CLK --> status_r_reg[1]/D
 incr_delay                41237      -57      -376         0        0
            Worst cost_group: clk, WNS: -57.7
            Path: in2_r_reg[6]/CLK --> status_r_reg[1]/D

           Trick     Calls     Accepts   Attempts    Time(secs) 
-----------------------------------------------------------
         crr_220       170  (       12 /      162 )  18.12
        crr_glob       368  (        4 /       12 )  0.56
         crr_200       339  (       27 /      327 )  4.67
        crr_glob       948  (       21 /       27 )  0.51
         crr_300       202  (        8 /      195 )  3.67
        crr_glob       484  (        0 /        8 )  0.24
         crr_400       186  (        5 /      179 )  4.52
        crr_glob       533  (        2 /        5 )  0.28
         crr_111       351  (       45 /      345 )  13.30
        crr_glob       924  (       15 /       45 )  1.04
         crr_210       304  (       31 /      287 )  10.56
        crr_glob       780  (       11 /       31 )  0.66
         crr_110       317  (       33 /      303 )  6.49
        crr_glob       471  (        9 /       33 )  0.64
         crr_101       349  (       33 /      333 )  5.24
        crr_glob       810  (       14 /       33 )  0.61
         crr_201       268  (       14 /      263 )  6.07
        crr_glob       558  (        3 /       14 )  0.43
         crr_211       303  (       20 /      297 )  18.21
        crr_glob       673  (        4 /       20 )  0.85
        crit_msz       607  (       30 /       78 )  1.31
       crit_upsz       532  (       13 /       19 )  0.47
       crit_slew       528  (        3 /       11 )  0.47
        setup_dn       998  (        0 /        0 )  0.00
    plc_bal_star         0  (        0 /        0 )  0.00
     drc_buftimb         0  (        0 /        0 )  0.00
          plc_st       514  (        0 /        0 )  0.00
    plc_st_fence       514  (        0 /        0 )  0.00
        plc_star       514  (        0 /        0 )  0.00
      plc_laf_st       514  (        0 /        0 )  0.00
 plc_laf_st_fence       514  (        0 /        0 )  0.00
     drc_buftims         0  (        0 /        0 )  0.00
       plc_lo_st       514  (        0 /        0 )  0.00
            fopt       998  (        0 /        4 )  0.26
       crit_swap       514  (        0 /        6 )  0.28
       mux2_swap       514  (        0 /        0 )  0.00
       crit_dnsz       618  (        0 /        1 )  0.29
       load_swap       499  (        1 /        1 )  0.17
            fopt       998  (        0 /        4 )  0.26
        setup_dn       998  (        0 /        0 )  0.00
       load_isol      1093  (        7 /        8 )  1.16
       load_isol      1093  (        7 /        8 )  1.16
        move_for      1008  (        1 /        7 )  0.37
        move_for      1008  (        1 /        7 )  0.37
          rem_bi       976  (        0 /       25 )  0.35
         offload       976  (        0 /        4 )  0.24
          rem_bi       976  (        0 /       25 )  0.35
         offload       976  (        0 /        4 )  0.24
       merge_bit       525  (        0 /        4 )  0.10
     merge_idrvr       488  (        0 /        0 )  0.00
     merge_iload       488  (        0 /        0 )  0.00
    merge_idload       488  (        0 /       36 )  0.55
      merge_drvr       488  (        0 /        0 )  0.00
      merge_load       488  (        0 /        0 )  0.00
           phase       488  (        0 /        0 )  0.00
          decomp       488  (        0 /        0 )  0.23
        p_decomp       488  (        0 /        0 )  0.09
        levelize       488  (        0 /        1 )  0.01
        mb_split       488  (        0 /        0 )  0.00
        in_phase       488  (        0 /        0 )  0.00
             dup       488  (        0 /        0 )  0.01
      mux_retime       488  (        0 /        0 )  0.00
         buf2inv       488  (        0 /        0 )  0.00
             exp        79  (        1 /       76 )  1.82
       gate_deco       198  (        0 /        0 )  1.58
       gcomp_tim      1067  (        1 /       13 )  2.04
  inv_pair_2_buf       484  (        0 /        0 )  0.00
 init_drc                  41237      -57      -376         0        0
            Worst cost_group: clk, WNS: -57.7
            Path: in2_r_reg[6]/CLK --> status_r_reg[1]/D

           Trick     Calls     Accepts   Attempts    Time(secs) 
-----------------------------------------------------------
          plc_st         0  (        0 /        0 )  0.00
        plc_star         0  (        0 /        0 )  0.00
        drc_bufs         0  (        0 /        0 )  0.00
        drc_fopt         0  (        0 /        0 )  0.00
        drc_bufb         0  (        0 /        0 )  0.00
      simple_buf         0  (        0 /        0 )  0.00
             dup         0  (        0 /        0 )  0.00
       crit_dnsz         0  (        0 /        0 )  0.00
       crit_upsz         0  (        0 /        0 )  0.00
       crit_slew         0  (        0 /        0 )  0.00


           Trick     Calls     Accepts   Attempts    Time(secs) 
-----------------------------------------------------------
          plc_st         0  (        0 /        0 )  0.00
        plc_star         0  (        0 /        0 )  0.00
        drc_bufs         0  (        0 /        0 )  0.00
        drc_fopt         0  (        0 /        0 )  0.00
        drc_bufb         0  (        0 /        0 )  0.00
      simple_buf         0  (        0 /        0 )  0.00
             dup         0  (        0 /        0 )  0.00
       crit_dnsz         0  (        0 /        0 )  0.00
       crit_upsz         0  (        0 /        0 )  0.00


           Trick     Calls     Accepts   Attempts    Time(secs) 
-----------------------------------------------------------
          plc_st         0  (        0 /        0 )  0.00
        plc_star         0  (        0 /        0 )  0.00
        drc_bufs         0  (        0 /        0 )  0.00
        drc_fopt         0  (        0 /        0 )  0.00
        drc_bufb         0  (        0 /        0 )  0.00
             dup         0  (        0 /        0 )  0.00
       crit_dnsz         0  (        0 /        0 )  0.00
       crit_upsz         0  (        0 /        0 )  0.00

 init_tns                  41237      -57      -376         0        0
            Worst cost_group: clk, WNS: -57.7
            Path: in2_r_reg[6]/CLK --> status_r_reg[1]/D
 incr_tns                  41362      -55      -141         0        0
            Worst cost_group: clk, WNS: -55.8
            Path: in1_r_reg[0]/CLK --> status_r_reg[1]/D
 incr_tns                  41362      -55      -141         0        0
            Worst cost_group: clk, WNS: -55.8
            Path: in1_r_reg[0]/CLK --> status_r_reg[1]/D

           Trick     Calls     Accepts   Attempts    Time(secs) 
-----------------------------------------------------------
            fopt       318  (        1 /        2 )  0.11
    plc_bal_star         0  (        0 /        0 )  0.00
     drc_buftimb         0  (        0 /        0 )  0.00
     drc_buftims         0  (        0 /        0 )  0.00
        crit_msz       317  (       26 /       77 )  0.76
       crit_upsz       291  (        4 /       40 )  0.33
   plc_laf_lo_st       287  (        0 /        0 )  0.00
       plc_lo_st       287  (        0 /        0 )  0.00
       crit_swap       287  (        4 /       26 )  0.19
       mux2_swap       283  (        0 /        0 )  0.00
       crit_dnsz       383  (       14 /       62 )  0.41
       load_swap       269  (        0 /       45 )  0.24
            fopt       269  (        8 /       18 )  0.21
        setup_dn       261  (        0 /        0 )  0.00
       load_isol       261  (        4 /       15 )  0.49
       load_isol       257  (        0 /        0 )  0.07
        move_for       257  (        0 /        5 )  0.10
        move_for       257  (        0 /        1 )  0.04
          rem_bi       257  (        0 /        0 )  0.00
         offload       257  (        0 /        0 )  0.01
          rem_bi       257  (        0 /        2 )  0.06
         offload       257  (        0 /        2 )  0.09
       merge_bit       278  (        2 /        5 )  0.07
     merge_idrvr       255  (        0 /        0 )  0.00
     merge_iload       255  (        0 /        0 )  0.00
    merge_idload       255  (        1 /        3 )  0.09
      merge_drvr       254  (        0 /        0 )  0.01
      merge_load       254  (        0 /        1 )  0.01
           phase       254  (        0 /        0 )  0.00
          decomp       254  (        2 /        4 )  0.17
        p_decomp       252  (        0 /        0 )  0.05
        levelize       252  (        0 /        1 )  0.01
        mb_split       252  (        0 /        0 )  0.00
             dup       252  (        0 /        2 )  0.02
      mux_retime       252  (        0 /        0 )  0.00
       crr_local       252  (        9 /       63 )  3.40
         buf2inv       243  (        0 /        0 )  0.00

 init_area                 41362      -55      -141         0        0
            Worst cost_group: clk, WNS: -55.8
            Path: in1_r_reg[0]/CLK --> status_r_reg[1]/D
 undup                     41325      -55      -141         0        0
            Worst cost_group: clk, WNS: -55.8
            Path: in1_r_reg[0]/CLK --> status_r_reg[1]/D
 rem_buf                   41147      -55      -141         0        0
            Worst cost_group: clk, WNS: -55.8
            Path: in1_r_reg[0]/CLK --> status_r_reg[1]/D
 rem_inv                   40818      -55      -141         0        0
            Worst cost_group: clk, WNS: -55.8
            Path: in1_r_reg[0]/CLK --> status_r_reg[1]/D
 merge_bi                  40581      -55      -141         0        0
            Worst cost_group: clk, WNS: -55.8
            Path: in1_r_reg[0]/CLK --> status_r_reg[1]/D
 merge_bi                  40553      -55      -141         0        0
            Worst cost_group: clk, WNS: -55.8
            Path: in1_r_reg[0]/CLK --> status_r_reg[1]/D
 io_phase                  40506      -55      -141         0        0
            Worst cost_group: clk, WNS: -55.7
            Path: in1_r_reg[0]/CLK --> status_r_reg[1]/D
 gate_comp                 40391      -55      -141         0        0
            Worst cost_group: clk, WNS: -55.7
            Path: in1_r_reg[0]/CLK --> status_r_reg[1]/D
 glob_area                 40217      -55      -137         0        0
            Worst cost_group: clk, WNS: -55.4
            Path: in1_r_reg[0]/CLK --> status_r_reg[1]/D
 area_down                 40085      -55      -136         0        0
            Worst cost_group: clk, WNS: -55.4
            Path: in1_r_reg[0]/CLK --> status_r_reg[1]/D

           Trick     Calls     Accepts   Attempts    Time(secs) 
-----------------------------------------------------------
           undup        34  (       10 /       10 )  0.09
         rem_buf       334  (       39 /       48 )  0.63
         rem_inv       588  (       81 /      104 )  1.14
        merge_bi       375  (       74 /      107 )  0.85
      rem_inv_qb         0  (        0 /        0 )  0.00
        io_phase       607  (       34 /       46 )  0.83
       gate_comp      2577  (       33 /       66 )  3.77
       gcomp_mog         9  (        0 /        1 )  0.34
       glob_area       145  (       66 /      145 )  1.50
       area_down       236  (       46 /       81 )  1.09
      size_n_buf         0  (        0 /        0 )  0.00
  gate_deco_area         0  (        0 /        0 )  0.00

 
Incremental optimization status
===============================
                                   Group   
                                  Tot Wrst     Total - - DRC Totals - -
                           Total  Weighted      Neg      Max       Max 
Operation                   Area   Slacks      Slack    Trans      Cap 
 init_delay                40085      -55      -136         0        0
            Worst cost_group: clk, WNS: -55.4
            Path: in1_r_reg[0]/CLK --> status_r_reg[1]/D
 incr_delay                40137      -50      -127         0        0
            Worst cost_group: clk, WNS: -50.9
            Path: in1_r_reg[0]/CLK --> status_r_reg[1]/D
 incr_delay                40145      -49      -123         0        0
            Worst cost_group: clk, WNS: -49.4
            Path: in1_r_reg[0]/CLK --> status_r_reg[1]/D
 incr_delay                40154      -47      -117         0        0
            Worst cost_group: clk, WNS: -47.7
            Path: in1_r_reg[0]/CLK --> status_r_reg[1]/D
 incr_delay                40272      -47      -127         0        0
            Worst cost_group: clk, WNS: -47.1
            Path: in1_r_reg[0]/CLK --> status_r_reg[1]/D
 incr_delay                40292      -45      -123         0        0
            Worst cost_group: clk, WNS: -45.1
            Path: in1_r_reg[0]/CLK --> status_r_reg[1]/D
 incr_delay                40311      -43      -143         0        0
            Worst cost_group: clk, WNS: -43.4
            Path: in1_r_reg[0]/CLK --> status_r_reg[1]/D
 incr_delay                40319      -43      -143         0        0
            Worst cost_group: clk, WNS: -43.3
            Path: in1_r_reg[0]/CLK --> status_r_reg[1]/D

           Trick     Calls     Accepts   Attempts    Time(secs) 
-----------------------------------------------------------
        crit_msz       891  (       20 /       93 )  1.63
       crit_upsz       914  (       14 /       36 )  0.82
       crit_slew       892  (        7 /       21 )  0.67
        setup_dn       804  (        0 /        0 )  0.00
    plc_bal_star         0  (        0 /        0 )  0.00
     drc_buftimb         0  (        0 /        0 )  0.00
          plc_st       804  (        0 /        0 )  0.00
    plc_st_fence       804  (        0 /        0 )  0.00
        plc_star       804  (        0 /        0 )  0.00
      plc_laf_st       804  (        0 /        0 )  0.00
 plc_laf_st_fence       804  (        0 /        0 )  0.00
     drc_buftims         0  (        0 /        0 )  0.00
   plc_laf_lo_st       804  (        0 /        0 )  0.00
       plc_lo_st       804  (        0 /        0 )  0.00
            fopt       804  (        0 /        0 )  0.01
       crit_swap       804  (        0 /        3 )  0.25
       mux2_swap       804  (        0 /        0 )  0.00
       crit_dnsz      1159  (        4 /       13 )  0.59
       load_swap       777  (        0 /        4 )  0.29
            fopt       800  (        4 /       16 )  0.54
        setup_dn       777  (        0 /        0 )  0.00
       load_isol       814  (        6 /        6 )  1.39
       load_isol       774  (        0 /        0 )  0.19
        move_for       774  (        0 /        3 )  0.22
        move_for       815  (        1 /        1 )  0.10
          rem_bi       786  (        0 /        3 )  0.04
         offload       786  (        0 /        0 )  0.02
          rem_bi       786  (        0 /       30 )  0.38
         offload       786  (        0 /        6 )  0.27
           phase       786  (        0 /        0 )  0.00
        in_phase       786  (        0 /        0 )  0.00
       merge_bit       914  (        2 /       13 )  0.23
     merge_idrvr       820  (        0 /        0 )  0.00
     merge_iload       820  (        0 /        0 )  0.00
    merge_idload       883  (        1 /       62 )  0.87
      merge_drvr       819  (        0 /        0 )  0.00
      merge_load       819  (        0 /        0 )  0.00
          decomp       817  (        1 /        1 )  0.43
        p_decomp       809  (        0 /        0 )  0.13
        levelize       809  (        0 /        5 )  0.06
        mb_split       809  (        0 /        0 )  0.00
             dup       809  (        0 /        0 )  0.05
      mux_retime       809  (        0 /        0 )  0.00
         buf2inv       809  (        0 /        0 )  0.00
             exp        23  (        4 /       22 )  0.35
       gate_deco       350  (        0 /        0 )  2.52
       gcomp_tim      1347  (        0 /        9 )  2.05
  inv_pair_2_buf       828  (        0 /        0 )  0.00

 init_drc                  40319      -43      -143         0        0
            Worst cost_group: clk, WNS: -43.3
            Path: in1_r_reg[0]/CLK --> status_r_reg[1]/D

           Trick     Calls     Accepts   Attempts    Time(secs) 
-----------------------------------------------------------
          plc_st         0  (        0 /        0 )  0.00
        plc_star         0  (        0 /        0 )  0.00
        drc_bufs         0  (        0 /        0 )  0.00
        drc_fopt         0  (        0 /        0 )  0.00
        drc_bufb         0  (        0 /        0 )  0.00
      simple_buf         0  (        0 /        0 )  0.00
             dup         0  (        0 /        0 )  0.00
       crit_dnsz         0  (        0 /        0 )  0.00
       crit_upsz         0  (        0 /        0 )  0.00
       crit_slew         0  (        0 /        0 )  0.00


           Trick     Calls     Accepts   Attempts    Time(secs) 
-----------------------------------------------------------
          plc_st         0  (        0 /        0 )  0.00
        plc_star         0  (        0 /        0 )  0.00
        drc_bufs         0  (        0 /        0 )  0.00
        drc_fopt         0  (        0 /        0 )  0.00
        drc_bufb         0  (        0 /        0 )  0.00
      simple_buf         0  (        0 /        0 )  0.00
             dup         0  (        0 /        0 )  0.00
       crit_dnsz         0  (        0 /        0 )  0.00
       crit_upsz         0  (        0 /        0 )  0.00


           Trick     Calls     Accepts   Attempts    Time(secs) 
-----------------------------------------------------------
          plc_st         0  (        0 /        0 )  0.00
        plc_star         0  (        0 /        0 )  0.00
        drc_bufs         0  (        0 /        0 )  0.00
        drc_fopt         0  (        0 /        0 )  0.00
        drc_bufb         0  (        0 /        0 )  0.00
             dup         0  (        0 /        0 )  0.00
       crit_dnsz         0  (        0 /        0 )  0.00
       crit_upsz         0  (        0 /        0 )  0.00

==================================
Stage : incr_opt 
==================================
  =================
   Message Summary
  =================
-------------------------------------------------------------------------------------------------------------
|   Id    |  Sev   |Count |                                  Message Text                                   |
-------------------------------------------------------------------------------------------------------------
| CFM-1   |Info    |    1 |Wrote dofile.                                                                    |
| CFM-5   |Info    |    1 |Wrote formal verification information.                                           |
| CPI-506 |Warning |    1 |Command 'commit_power_intent' cannot proceed as there is no power intent loaded. |
| PA-7    |Info    |    4 |Resetting power analysis results.                                                |
|         |        |      |All computed switching activities are removed.                                   |
| SYNTH-5 |Info    |    1 |Done mapping.                                                                    |
| SYNTH-7 |Info    |    1 |Incrementally optimizing.                                                        |
-------------------------------------------------------------------------------------------------------------
Info    : Done incrementally optimizing. [SYNTH-8]
        : Done incrementally optimizing 'coprocessor'.
      flow.cputime  flow.realtime  timing.setup.tns  timing.setup.wns  snapshot
UM:*                                                                   syn_opt
Info    : Joules engine is used. [RPT-16]
        : Joules engine is being used for the command report_power.
Info   : ACTP-0001 [ACTPInfo] Activity propagation started for stim#0 netlist
       : coprocessor
Info   : ACTP-0009 [ACTPInfo] Activity Propagation Progress Report :   0%   1%   2%   3%   4%   5%   6%   7%   8%   9%  10%  11%  12%  13%  14%  15%  16%  17%  18%  19%  20%  21%  22%  23%  24%  25%  26%  27%  28%  29%  30%  31%  32%  33%  34%  35%  36%  37%  38%  39%  40%  41%  42%  43%  44%  45%  46%  47%  48%  49%  50%  51%  52%  53%  54%  55%  56%  57%  58%  59%  60%  61%  62%  63%  64%  65%  66%  67%  68%  69%  70%  71%  72%  73%  74%  75%  76%  77%  78%  79%  80%  81%  82%  83%  84%  85%  86%  87%  88%  89%  90%  91%  92%  93%  94%  95%  96%  97%  98%  99% 100%
Info   : ACTP-0001 Activity propagation ended for stim#0
Info   : PWRA-0001 [PwrInfo] compute_power effective options 
       : -mode : vectorless
       : -skip_propagation : 1
       : -frequency_scaling_factor : 1.0
       : -use_clock_freq : stim
       : -stim :/stim#0
       : -fromGenus : 1
Info   : ACTP-0001 Timing initialization started
Info   : ACTP-0001 Timing initialization ended
Info   : PWRA-0002 [PwrInfo] Skipping activity propagation due to -skip_ap
       : option....
Warning: PWRA-0302 [PwrWarn] Frequency scaling is not applicable for vectorless
       : flow. Ignoring frequency scaling.
Warning: PWRA-0304 [PwrWarn] -stim option is not applicable with vectorless mode
       : of power analysis, ignored this option.
Info   : PWRA-0002 Started 'vectorless' power computation.
Info   : PWRA-0009 [PwrInfo] Power Computation Progress Report :  13%  27%  40%  54%  68%  86% 100%
Info   : PWRA-0002 Finished power computation.
Info   : PWRA-0007 [PwrInfo] Completed successfully.
       : Info=6, Warn=2, Error=0, Fatal=0
Output file: ./sweep_fresh/power_132.rpt
@file(fresh_point.tcl) 93: set area_out [expr {$area_val eq "" ? "NA" : $area_val}]
@file(fresh_point.tcl) 94: set wns_out  [expr {$wns_ns   eq "" ? "NA" : $wns_ns}]
@file(fresh_point.tcl) 95: set leak_out [expr {$leak_val eq "" ? "NA" : $leak_val}]
@file(fresh_point.tcl) 96: set dyn_out  [expr {$dyn_val  eq "" ? "NA" : $dyn_val}]
@file(fresh_point.tcl) 97: set tot_out  [expr {$tot_val  eq "" ? "NA" : $tot_val}]
@file(fresh_point.tcl) 98: set timing_met [passes $wns_ns]
@file(fresh_point.tcl) 99: set fh [open $OUT_DIR/row_${FREQ}.csv w]
@file(fresh_point.tcl) 100: puts -nonewline $fh "$FREQ,$period,$wns_out,NA,$area_out,$leak_out,$dyn_out,$tot_out,$timing_met"
@file(fresh_point.tcl) 101: close $fh
@file(fresh_point.tcl) 103: exit

Lic Summary:
[02:41:11.223194] Cdslmd servers: cadence-c2s
[02:41:11.223200] Feature usage summary:
[02:41:11.223200] Genus_Synthesis

