
Cadence Innovus(TM) Implementation System.
Copyright 2021 Cadence Design Systems, Inc. All rights reserved worldwide.

Version:	v21.15-s110_1, built Fri Sep 23 13:08:12 PDT 2022
Options:	-no_gui -files run_flow.tcl -log runB/innovus 
Date:		Thu Sep 24 16:16:38 2026
Host:		vlsiece24.iitr.ac.in (x86_64 w/Linux 4.18.0-553.105.1.el8_10.x86_64) (8cores*16cpus*11th Gen Intel(R) Core(TM) i7-11700 @ 2.50GHz 16384KB)
OS:		Red Hat Enterprise Linux release 8.10 (Ootpa)

License:
		[16:16:38.275913] Configured Lic search path (21.01-s002): 5280@14.139.1.126

		invs	Innovus Implementation System	21.1	checkout succeeded
		8 CPU jobs allowed with the current license(s). Use setMultiCpuUsage to set your required CPU count.
Change the soft stacksize limit to 0.2%RAM (30 mbytes). Set global soft_stack_size_limit to change the value.

**INFO:  MMMC transition support version v31-84 

<CMD> set_global _enable_mmmc_by_default_flow      $CTE::mmmc_default
<CMD> suppressMessage ENCEXT-2799
<CMD> getVersion
[INFO] Loading PVS 22.20 fill procedures
**WARN: Tk package not loaded. The PVS fill DRC monitor is disabled.
Sourcing file "run_flow.tcl" ...
<CMD> set init_verilog ./runB/pt/coprocessor_netlist.v
<CMD> set init_top_cell coprocessor
<CMD> set init_lef_file {../lib/sky130_fd_sc_hd_innovus.tlef ../lib/sky130_fd_sc_hd.lef}
<CMD> set init_mmmc_file ./runB/mmmc.tcl
<CMD> init_design
#% Begin Load MMMC data ... (date=09/24 16:16:50, mem=910.0M)
#% End Load MMMC data ... (date=09/24 16:16:50, total cpu=0:00:00.0, real=0:00:00.0, peak res=911.1M, current mem=911.1M)
RC_TYP

Loading LEF file ../lib/sky130_fd_sc_hd_innovus.tlef ...

Loading LEF file ../lib/sky130_fd_sc_hd.lef ...
WARNING (LEFPARS-2008): NOWIREEXTENSIONATPIN statement is obsolete in version 5.6 or later.
The NOWIREEXTENSIONATPIN statement will be ignored. See file ../lib/sky130_fd_sc_hd.lef at line 2.
**WARN: (IMPLF-108):	There is no overlap layer defined in any LEF file
so you are unable to create rectilinear partition in a hierarchical flow.
Set DBUPerIGU to M1 pitch 460.
**WARN: (IMPLF-201):	Pin 'X' in macro 'sky130_fd_sc_hd__probec_p_8' has no ANTENNADIFFAREA value defined. The library data is incomplete and some process antenna rules will not be checked correctly.
Type 'man IMPLF-201' for more detail.
**WARN: (IMPLF-201):	Pin 'X' in macro 'sky130_fd_sc_hd__probe_p_8' has no ANTENNADIFFAREA value defined. The library data is incomplete and some process antenna rules will not be checked correctly.
Type 'man IMPLF-201' for more detail.
**WARN: (IMPLF-201):	Pin 'LO' in macro 'sky130_fd_sc_hd__macro_sparecell' has no ANTENNADIFFAREA value defined. The library data is incomplete and some process antenna rules will not be checked correctly.
Type 'man IMPLF-201' for more detail.
**WARN: (IMPLF-201):	Pin 'HI' in macro 'sky130_fd_sc_hd__conb_1' has no ANTENNADIFFAREA value defined. The library data is incomplete and some process antenna rules will not be checked correctly.
Type 'man IMPLF-201' for more detail.
**WARN: (IMPLF-201):	Pin 'LO' in macro 'sky130_fd_sc_hd__conb_1' has no ANTENNADIFFAREA value defined. The library data is incomplete and some process antenna rules will not be checked correctly.
Type 'man IMPLF-201' for more detail.

##  Check design process and node:  
##  Both design process and tech node are not set.

Loading view definition file from ./runB/mmmc.tcl
Reading LIB_TYP timing library '/home/harshit/Desktop/rtltogds6/synth/.testing_pluto/PositCoprocessor_UART/gds/lib/sky130_fd_sc_hd__tt_025C_1v80.lib' ...
**WARN: (TECHLIB-302):	No function defined for cell 'sky130_fd_sc_hd__lpflow_decapkapwr_8'. The cell will only be used for analysis. (File /home/harshit/Desktop/rtltogds6/synth/.testing_pluto/PositCoprocessor_UART/gds/lib/sky130_fd_sc_hd__tt_025C_1v80.lib)
**WARN: (TECHLIB-302):	No function defined for cell 'sky130_fd_sc_hd__lpflow_decapkapwr_6'. The cell will only be used for analysis. (File /home/harshit/Desktop/rtltogds6/synth/.testing_pluto/PositCoprocessor_UART/gds/lib/sky130_fd_sc_hd__tt_025C_1v80.lib)
**WARN: (TECHLIB-302):	No function defined for cell 'sky130_fd_sc_hd__lpflow_decapkapwr_4'. The cell will only be used for analysis. (File /home/harshit/Desktop/rtltogds6/synth/.testing_pluto/PositCoprocessor_UART/gds/lib/sky130_fd_sc_hd__tt_025C_1v80.lib)
**WARN: (TECHLIB-302):	No function defined for cell 'sky130_fd_sc_hd__lpflow_decapkapwr_3'. The cell will only be used for analysis. (File /home/harshit/Desktop/rtltogds6/synth/.testing_pluto/PositCoprocessor_UART/gds/lib/sky130_fd_sc_hd__tt_025C_1v80.lib)
**WARN: (TECHLIB-302):	No function defined for cell 'sky130_fd_sc_hd__lpflow_decapkapwr_12'. The cell will only be used for analysis. (File /home/harshit/Desktop/rtltogds6/synth/.testing_pluto/PositCoprocessor_UART/gds/lib/sky130_fd_sc_hd__tt_025C_1v80.lib)
**WARN: (TECHLIB-302):	No function defined for cell 'sky130_fd_sc_hd__lpflow_bleeder_1'. The cell will only be used for analysis. (File /home/harshit/Desktop/rtltogds6/synth/.testing_pluto/PositCoprocessor_UART/gds/lib/sky130_fd_sc_hd__tt_025C_1v80.lib)
**WARN: (TECHLIB-302):	No function defined for cell 'sky130_fd_sc_hd__diode_2'. The cell will only be used for analysis. (File /home/harshit/Desktop/rtltogds6/synth/.testing_pluto/PositCoprocessor_UART/gds/lib/sky130_fd_sc_hd__tt_025C_1v80.lib)
**WARN: (TECHLIB-302):	No function defined for cell 'sky130_fd_sc_hd__decap_8'. The cell will only be used for analysis. (File /home/harshit/Desktop/rtltogds6/synth/.testing_pluto/PositCoprocessor_UART/gds/lib/sky130_fd_sc_hd__tt_025C_1v80.lib)
**WARN: (TECHLIB-302):	No function defined for cell 'sky130_fd_sc_hd__decap_6'. The cell will only be used for analysis. (File /home/harshit/Desktop/rtltogds6/synth/.testing_pluto/PositCoprocessor_UART/gds/lib/sky130_fd_sc_hd__tt_025C_1v80.lib)
**WARN: (TECHLIB-302):	No function defined for cell 'sky130_fd_sc_hd__decap_4'. The cell will only be used for analysis. (File /home/harshit/Desktop/rtltogds6/synth/.testing_pluto/PositCoprocessor_UART/gds/lib/sky130_fd_sc_hd__tt_025C_1v80.lib)
**WARN: (TECHLIB-302):	No function defined for cell 'sky130_fd_sc_hd__decap_3'. The cell will only be used for analysis. (File /home/harshit/Desktop/rtltogds6/synth/.testing_pluto/PositCoprocessor_UART/gds/lib/sky130_fd_sc_hd__tt_025C_1v80.lib)
**WARN: (TECHLIB-302):	No function defined for cell 'sky130_fd_sc_hd__decap_12'. The cell will only be used for analysis. (File /home/harshit/Desktop/rtltogds6/synth/.testing_pluto/PositCoprocessor_UART/gds/lib/sky130_fd_sc_hd__tt_025C_1v80.lib)
Read 428 cells in library 'sky130_fd_sc_hd__tt_025C_1v80' 
*** End library_loading (cpu=0.00min, real=0.00min, mem=33.5M, fe_cpu=0.17min, fe_real=0.20min, fe_mem=992.7M) ***
#% Begin Load netlist data ... (date=09/24 16:16:50, mem=931.6M)
*** Begin netlist parsing (mem=992.7M) ***
Created 428 new cells from 1 timing libraries.
Reading netlist ...
Backslashed names will retain backslash and a trailing blank character.
Reading verilog netlist './runB/pt/coprocessor_netlist.v'

*** Memory Usage v#1 (Current mem = 992.734M, initial mem = 483.887M) ***
*** End netlist parsing (cpu=0:00:00.0, real=0:00:00.0, mem=992.7M) ***
#% End Load netlist data ... (date=09/24 16:16:50, total cpu=0:00:00.0, real=0:00:00.0, peak res=942.4M, current mem=942.4M)
Set top cell to coprocessor.
Hooked 428 DB cells to tlib cells.
Starting recursive module instantiation check.
No recursion found.
Building hierarchical netlist for Cell coprocessor ...
*** Netlist is unique.
** info: there are 438 modules.
** info: there are 7207 stdCell insts.

*** Memory Usage v#1 (Current mem = 1043.148M, initial mem = 483.887M) ***
Adjust met3 preferred direction offset from 0.34 to 0.17.
Adjust met4 preferred direction offset from 0.46 to 0.23.
Adjust met5 preferred direction offset from 1.7 to 0.17.
Start create_tracks
Generated pitch 3.66 in met5 is different from 3.4 defined in technology file in preferred direction.
Generated pitch 0.69 in met4 is different from 0.92 defined in technology file in preferred direction.
Generated pitch 0.61 in met3 is different from 0.68 defined in technology file in preferred direction.
Extraction setup Started 
Initializing multi-corner RC extraction with 1 active RC Corners ...
**WARN: (IMPEXT-2773):	The via resistance between layers POLY and M1 could not be determined from the LEF technology file because the via resistance specification is missing. A default of 4 Ohms will be used as via resistance between these layers.
Type 'man IMPEXT-2773' for more detail.
**WARN: (IMPEXT-2773):	The via resistance between layers M1 and M2 could not be determined from the LEF technology file because the via resistance specification is missing. A default of 4 Ohms will be used as via resistance between these layers.
Type 'man IMPEXT-2773' for more detail.
**WARN: (IMPEXT-2773):	The via resistance between layers M2 and M3 could not be determined from the LEF technology file because the via resistance specification is missing. A default of 4 Ohms will be used as via resistance between these layers.
Type 'man IMPEXT-2773' for more detail.
**WARN: (IMPEXT-2773):	The via resistance between layers M3 and M4 could not be determined from the LEF technology file because the via resistance specification is missing. A default of 4 Ohms will be used as via resistance between these layers.
Type 'man IMPEXT-2773' for more detail.
**WARN: (IMPEXT-2773):	The via resistance between layers M4 and M5 could not be determined from the LEF technology file because the via resistance specification is missing. A default of 4 Ohms will be used as via resistance between these layers.
Type 'man IMPEXT-2773' for more detail.
**WARN: (IMPEXT-2773):	The via resistance between layers M5 and M6 could not be determined from the LEF technology file because the via resistance specification is missing. A default of 4 Ohms will be used as via resistance between these layers.
Type 'man IMPEXT-2773' for more detail.
**WARN: (IMPEXT-2766):	The sheet resistance for layer M1 is not defined in the cap table. Therefore, the LEF value 12.2 will be used instead. To avoid this message, update the relevant cap table to include the sheet resistance for the specified layer and read it back in.
**WARN: (IMPEXT-2766):	The sheet resistance for layer M2 is not defined in the cap table. Therefore, the LEF value 0.125 will be used instead. To avoid this message, update the relevant cap table to include the sheet resistance for the specified layer and read it back in.
**WARN: (IMPEXT-2766):	The sheet resistance for layer M3 is not defined in the cap table. Therefore, the LEF value 0.125 will be used instead. To avoid this message, update the relevant cap table to include the sheet resistance for the specified layer and read it back in.
**WARN: (IMPEXT-2766):	The sheet resistance for layer M4 is not defined in the cap table. Therefore, the LEF value 0.047 will be used instead. To avoid this message, update the relevant cap table to include the sheet resistance for the specified layer and read it back in.
**WARN: (IMPEXT-2766):	The sheet resistance for layer M5 is not defined in the cap table. Therefore, the LEF value 0.047 will be used instead. To avoid this message, update the relevant cap table to include the sheet resistance for the specified layer and read it back in.
**WARN: (IMPEXT-2766):	The sheet resistance for layer M6 is not defined in the cap table. Therefore, the LEF value 0.0285 will be used instead. To avoid this message, update the relevant cap table to include the sheet resistance for the specified layer and read it back in.
Summary of Active RC-Corners : 
 
 Analysis View: VIEW_TYP
    RC-Corner Name        : RC_TYP
    RC-Corner Index       : 0
    RC-Corner Temperature : 25 Celsius
    RC-Corner Cap Table   : ''
    RC-Corner PreRoute Res Factor         : 1
    RC-Corner PreRoute Cap Factor         : 1
    RC-Corner PostRoute Res Factor        : 1 {1 1 1}
    RC-Corner PostRoute Cap Factor        : 1 {1 1 1}
    RC-Corner PostRoute XCap Factor       : 1 {1 1 1}
    RC-Corner PreRoute Clock Res Factor   : 1	[Derived from Cap Table]
    RC-Corner PreRoute Clock Cap Factor   : 1	[Derived from Cap Table]
    RC-Corner PostRoute Clock Cap Factor  : 1 {1 1 1} 	[Derived from postRoute_cap (effortLevel low)]
    RC-Corner PostRoute Clock Res Factor  : 1 {1 1 1} 	[Derived from postRoute_res (effortLevel low)]
    RC-Corner PostRoute Clock coupling capacitance Factor : 1 {1 1 1} 
Updating RC grid for preRoute extraction ...
Initializing multi-corner resistance tables ...
*Info: initialize multi-corner CTS.
Reading timing constraints file './runB/pt/coprocessor.sdc' ...
Current (total cpu=0:00:10.3, real=0:00:12.0, peak res=1218.8M, current mem=1218.8M)
**WARN: (TCLCMD-1461):	Skipped unsupported command: set_units (File ./runB/pt/coprocessor.sdc, Line 9).

**WARN: (TCLCMD-1461):	Skipped unsupported command: set_units (File ./runB/pt/coprocessor.sdc, Line 10).

coprocessor
INFO (CTE): Reading of timing constraints file ./runB/pt/coprocessor.sdc completed, with 2 WARNING
Ending "Constraint file reading stats" (total cpu=0:00:00.0, real=0:00:00.0, peak res=1237.4M, current mem=1237.4M)
Current (total cpu=0:00:10.4, real=0:00:12.0, peak res=1237.4M, current mem=1237.4M)
Total number of combinational cells: 329
Total number of sequential cells: 68
Total number of tristate cells: 13
Total number of level shifter cells: 7
Total number of power gating cells: 0
Total number of isolation cells: 11
Total number of power switch cells: 0
Total number of pulse generator cells: 0
Total number of always on buffers: 0
Total number of retention cells: 0
List of usable buffers: sky130_fd_sc_hd__buf_1 sky130_fd_sc_hd__buf_12 sky130_fd_sc_hd__buf_16 sky130_fd_sc_hd__buf_2 sky130_fd_sc_hd__buf_4 sky130_fd_sc_hd__buf_6 sky130_fd_sc_hd__buf_8 sky130_fd_sc_hd__clkbuf_1 sky130_fd_sc_hd__clkbuf_16 sky130_fd_sc_hd__clkbuf_2 sky130_fd_sc_hd__clkbuf_4 sky130_fd_sc_hd__clkbuf_8 sky130_fd_sc_hd__dlymetal6s2s_1 sky130_fd_sc_hd__probec_p_8 sky130_fd_sc_hd__probe_p_8
Total number of usable buffers: 15
List of unusable buffers:
Total number of unusable buffers: 0
List of usable inverters: sky130_fd_sc_hd__bufinv_16 sky130_fd_sc_hd__clkinv_1 sky130_fd_sc_hd__bufinv_8 sky130_fd_sc_hd__clkinv_16 sky130_fd_sc_hd__clkinv_2 sky130_fd_sc_hd__clkinv_4 sky130_fd_sc_hd__clkinv_8 sky130_fd_sc_hd__inv_1 sky130_fd_sc_hd__clkinvlp_2 sky130_fd_sc_hd__clkinvlp_4 sky130_fd_sc_hd__inv_12 sky130_fd_sc_hd__inv_16 sky130_fd_sc_hd__inv_2 sky130_fd_sc_hd__inv_4 sky130_fd_sc_hd__inv_6 sky130_fd_sc_hd__inv_8
Total number of usable inverters: 16
List of unusable inverters:
Total number of unusable inverters: 0
List of identified usable delay cells: sky130_fd_sc_hd__bufbuf_16 sky130_fd_sc_hd__bufbuf_8 sky130_fd_sc_hd__clkdlybuf4s15_1 sky130_fd_sc_hd__clkdlybuf4s15_2 sky130_fd_sc_hd__clkdlybuf4s18_1 sky130_fd_sc_hd__clkdlybuf4s18_2 sky130_fd_sc_hd__clkdlybuf4s25_1 sky130_fd_sc_hd__clkdlybuf4s50_1 sky130_fd_sc_hd__clkdlybuf4s25_2 sky130_fd_sc_hd__clkdlybuf4s50_2 sky130_fd_sc_hd__dlygate4sd2_1 sky130_fd_sc_hd__dlygate4sd1_1 sky130_fd_sc_hd__dlygate4sd3_1 sky130_fd_sc_hd__dlymetal6s6s_1 sky130_fd_sc_hd__dlymetal6s4s_1
Total number of identified usable delay cells: 15
List of identified unusable delay cells:
Total number of identified unusable delay cells: 0

*** Summary of all messages that are not suppressed in this session:
Severity  ID               Count  Summary                                  
WARNING   IMPLF-201            5  Pin '%s' in macro '%s' has no ANTENNADIF...
WARNING   IMPLF-108            1  There is no overlap layer defined in any...
WARNING   IMPEXT-2766          6  The sheet resistance for layer %s is not...
WARNING   IMPEXT-2773          6  The via resistance between layers %s and...
WARNING   TCLCMD-1461          2  Skipped unsupported command: %s          
WARNING   TECHLIB-302         12  No function defined for cell '%s'. The c...
*** Message Summary: 32 warning(s), 0 error(s)

<CMD> floorPlan -d 330 325 10 10 10 10
**WARN: (IMPFP-4026):	Adjusting core to 'Left' to 10.120000 due to track/row misalignment. To force the value, specify the -noSnapToGrid option or use fpiSetSnapRule command to specify the die/core to different grid.
**WARN: (IMPFP-4026):	Adjusting core to 'Bottom' to 9.860000 due to track/row misalignment. To force the value, specify the -noSnapToGrid option or use fpiSetSnapRule command to specify the die/core to different grid.
**WARN: (IMPFP-4026):	Adjusting core to 'Right' to 10.120000 due to track/row misalignment. To force the value, specify the -noSnapToGrid option or use fpiSetSnapRule command to specify the die/core to different grid.
**WARN: (IMPFP-4026):	Adjusting core to 'Top' to 9.860000 due to track/row misalignment. To force the value, specify the -noSnapToGrid option or use fpiSetSnapRule command to specify the die/core to different grid.
Adjust met3 preferred direction offset from 0.34 to 0.17.
Adjust met4 preferred direction offset from 0.46 to 0.23.
Adjust met5 preferred direction offset from 1.7 to 0.17.
Start create_tracks
Generated pitch 3.66 in met5 is different from 3.4 defined in technology file in preferred direction.
Generated pitch 0.69 in met4 is different from 0.92 defined in technology file in preferred direction.
Generated pitch 0.61 in met3 is different from 0.68 defined in technology file in preferred direction.
**WARN: (IMPFP-325):	Floorplan of the design is resized. All current floorplan objects are automatically derived based on specified new floorplan. This may change blocks, fixed standard cells, existing routes and blockages.
<CMD> place_opt_design
**INFO: User settings:
setDelayCalMode -engine  aae

*** place_opt_design #1 [begin] : totSession cpu/real = 0:00:10.4/0:00:10.5 (1.0), mem = 1337.1M
No user sequential activity specified, applying default sequential activity of "0.2" for Dynamic Power reporting.
'set_default_switching_activity' finished successfully.
*** Starting GigaPlace ***
Estimated cell power/ground rail width = 0.340 um
*** GlobalPlace #1 [begin] (place_opt_design #1) : totSession cpu/real = 0:00:10.5/0:00:10.5 (1.0), mem = 1339.5M
**ERROR: (IMPSP-9099):	Scan chains exist in this design but are not defined for 17.65% flops. Placement and timing QoR can be severely impacted in this case!
It is highly recommend to define scan chains either through input scan def (preferred) or specifyScanChain.
*** Start deleteBufferTree ***
Info: Detect buffers to remove automatically.
Analyzing netlist ...
Updating netlist

*summary: 867 instances (buffers/inverters) removed
*** Finish deleteBufferTree (0:00:00.3) ***
Effort level <high> specified for tdgp_reg2reg_default path_group
Deleted 0 physical inst  (cell - / prefix -).
INFO: #ExclusiveGroups=0
INFO: There are no Exclusive Groups.
Extracting standard cell pins and blockage ...... 
Pin and blockage extraction finished
Extracting macro/IO cell pins and blockage ...... 
Pin and blockage extraction finished
No user-set net weight.
Net fanout histogram:
2		: 3834 (59.3%) nets
3		: 1247 (19.3%) nets
4     -	14	: 1241 (19.2%) nets
15    -	39	: 138 (2.1%) nets
40    -	79	: 6 (0.1%) nets
80    -	159	: 2 (0.0%) nets
160   -	319	: 0 (0.0%) nets
320   -	639	: 0 (0.0%) nets
640   -	1279	: 0 (0.0%) nets
1280  -	2559	: 0 (0.0%) nets
2560  -	5119	: 0 (0.0%) nets
5120+		: 0 (0.0%) nets
Options: timingDriven clkGateAware ignoreScan pinGuide congEffort=auto gpeffort=medium 
Scan chains were not defined.
#std cell=6436 (0 fixed + 6436 movable) #buf cell=0 #inv cell=794 #block=0 (0 floating + 0 preplaced)
#ioInst=0 #net=6468 #term=21908 #term/net=3.39, #fixedIo=0, #floatIo=0, #fixedPin=0, #floatPin=4
stdCell: 6436 single + 0 double + 0 multi
Total standard cell length = 13.1404 (mm), area = 0.0357 (mm^2)
Average module density = 0.379.
Density for the design = 0.379.
       = stdcell_area 28566 sites (35742 um^2) / alloc_area 75376 sites (94310 um^2).
Pin Density = 0.2906.
            = total # of pins 21908 / total area 75376.
=== lastAutoLevel = 8 
Clock gating cells determined by native netlist tracing.
Iteration  1: Total net bbox = 3.327e-10 (1.83e-10 1.50e-10)
              Est.  stn bbox = 3.719e-10 (2.04e-10 1.68e-10)
              cpu = 0:00:00.0 real = 0:00:00.0 mem = 1427.4M
Iteration  2: Total net bbox = 3.327e-10 (1.83e-10 1.50e-10)
              Est.  stn bbox = 3.719e-10 (2.04e-10 1.68e-10)
              cpu = 0:00:00.0 real = 0:00:00.0 mem = 1427.4M
*** Finished SKP initialization (cpu=0:00:00.7, real=0:00:01.0)***
Iteration  3: Total net bbox = 1.020e+03 (5.94e+02 4.26e+02)
              Est.  stn bbox = 1.184e+03 (6.94e+02 4.91e+02)
              cpu = 0:00:00.9 real = 0:00:01.0 mem = 1475.3M
Iteration  4: Total net bbox = 5.366e+04 (2.79e+04 2.58e+04)
              Est.  stn bbox = 6.509e+04 (3.42e+04 3.09e+04)
              cpu = 0:00:00.8 real = 0:00:01.0 mem = 1490.0M
Iteration  5: Total net bbox = 5.366e+04 (2.79e+04 2.58e+04)
              Est.  stn bbox = 6.509e+04 (3.42e+04 3.09e+04)
              cpu = 0:00:00.0 real = 0:00:00.0 mem = 1490.0M
Iteration  6: Total net bbox = 1.055e+05 (5.42e+04 5.14e+04)
              Est.  stn bbox = 1.307e+05 (6.72e+04 6.35e+04)
              cpu = 0:00:00.9 real = 0:00:01.0 mem = 1476.0M
Iteration  7: Total net bbox = 1.189e+05 (5.97e+04 5.92e+04)
              Est.  stn bbox = 1.482e+05 (7.45e+04 7.37e+04)
              cpu = 0:00:01.1 real = 0:00:01.0 mem = 1476.0M
Iteration  8: Total net bbox = 1.189e+05 (5.97e+04 5.92e+04)
              Est.  stn bbox = 1.482e+05 (7.45e+04 7.37e+04)
              cpu = 0:00:00.0 real = 0:00:00.0 mem = 1476.0M
Iteration  9: Total net bbox = 1.652e+05 (7.97e+04 8.55e+04)
              Est.  stn bbox = 2.080e+05 (1.01e+05 1.07e+05)
              cpu = 0:00:01.7 real = 0:00:02.0 mem = 1473.9M
Iteration 10: Total net bbox = 1.652e+05 (7.97e+04 8.55e+04)
              Est.  stn bbox = 2.080e+05 (1.01e+05 1.07e+05)
              cpu = 0:00:00.0 real = 0:00:00.0 mem = 1473.9M
Iteration 11: Total net bbox = 1.742e+05 (7.49e+04 9.93e+04)
              Est.  stn bbox = 2.186e+05 (9.43e+04 1.24e+05)
              cpu = 0:00:05.4 real = 0:00:05.0 mem = 1473.9M
Iteration 12: Total net bbox = 1.742e+05 (7.49e+04 9.93e+04)
              Est.  stn bbox = 2.186e+05 (9.43e+04 1.24e+05)
              cpu = 0:00:00.0 real = 0:00:01.0 mem = 1473.9M
Iteration 13: Total net bbox = 1.742e+05 (7.49e+04 9.93e+04)
              Est.  stn bbox = 2.186e+05 (9.43e+04 1.24e+05)
              cpu = 0:00:00.0 real = 0:00:00.0 mem = 1473.9M
Finished Global Placement (cpu=0:00:10.8, real=0:00:13.0, mem=1473.9M)
Keep Tdgp Graph and DB for later use
Info: 0 clock gating cells identified, 0 (on average) moved 0/5
**WARN: (IMPSP-9025):	No scan chain specified/traced.
Type 'man IMPSP-9025' for more detail.
*** Starting refinePlace (0:00:21.8 mem=1473.9M) ***
Total net bbox length = 1.742e+05 (7.487e+04 9.930e+04) (ext = 5.068e+02)
Move report: Detail placement moves 6436 insts, mean move: 1.31 um, max move: 48.05 um 
	Max move on inst (g110650__7482): (183.30, 126.82) --> (167.90, 159.46)
	Runtime: CPU: 0:00:00.4 REAL: 0:00:00.0 MEM: 1492.6MB
Summary Report:
Instances move: 6436 (out of 6436 movable)
Instances flipped: 0
Mean displacement: 1.31 um
Max displacement: 48.05 um (Instance: g110650__7482) (183.304, 126.818) -> (167.9, 159.46)
	Length: 5 sites, height: 1 rows, site name: unithd, cell type: sky130_fd_sc_hd__o22ai_1
Total net bbox length = 1.728e+05 (7.307e+04 9.977e+04) (ext = 4.513e+02)
Runtime: CPU: 0:00:00.4 REAL: 0:00:00.0 MEM: 1492.6MB
*** Finished refinePlace (0:00:22.3 mem=1492.6M) ***
*** Finished Initial Placement (cpu=0:00:11.2, real=0:00:13.0, mem=1487.6M) ***
Effort level <high> specified for tdgp_reg2reg_default path_group

*** Start incrementalPlace ***
No Views given, use default active views for adaptive view pruning
SKP will enable view:
  VIEW_TYP
[NR-eGR] Track table information for default rule: 
[NR-eGR] li1 has single uniform track structure
[NR-eGR] met1 has single uniform track structure
[NR-eGR] met2 has single uniform track structure
[NR-eGR] met3 has single uniform track structure
[NR-eGR] met4 has single uniform track structure
[NR-eGR] met5 has single uniform track structure
[NR-eGR] Read 0 PG shapes
[NR-eGR] Read 0 clock shapes
[NR-eGR] Read 0 other shapes
[NR-eGR] #Routing Blockages  : 0
[NR-eGR] #Instance Blockages : 15419
[NR-eGR] #PG Blockages       : 0
[NR-eGR] #Halo Blockages     : 0
[NR-eGR] #Boundary Blockages : 0
[NR-eGR] #Clock Blockages    : 0
[NR-eGR] #Other Blockages    : 0
[NR-eGR] Num Prerouted Nets = 0  Num Prerouted Wires = 0
[NR-eGR] Read 6465 nets ( ignored 0 )
[NR-eGR] There are 1 clock nets ( 0 with NDR ).
[NR-eGR] ============ Routing rule table ============
[NR-eGR] Rule id: 0  Nets: 6465
[NR-eGR] ========================================
[NR-eGR] 
[NR-eGR] Layer group 1: route 6465 net(s) in layer range [2, 6]
[NR-eGR] Early Global Route overflow of layer group 1: 4.86% H + 3.74% V. EstWL: 2.145019e+05um
[NR-eGR] Congestion Analysis By layer: (blocked Gcells are excluded) 
[NR-eGR]                        OverCon           OverCon           OverCon            
[NR-eGR]                         #Gcell            #Gcell            #Gcell     %Gcell
[NR-eGR]        Layer             (1-2)             (3-4)             (5-6)    OverCon
[NR-eGR] --------------------------------------------------------------------------------
[NR-eGR]     li1 ( 1)         0( 0.00%)         0( 0.00%)         0( 0.00%)   ( 0.00%) 
[NR-eGR]    met1 ( 2)       434( 3.04%)        18( 0.13%)         0( 0.00%)   ( 3.17%) 
[NR-eGR]    met2 ( 3)       474( 3.32%)        28( 0.20%)         3( 0.02%)   ( 3.54%) 
[NR-eGR]    met3 ( 4)       435( 3.05%)        36( 0.25%)         5( 0.04%)   ( 3.33%) 
[NR-eGR]    met4 ( 5)        88( 0.62%)         2( 0.01%)         0( 0.00%)   ( 0.63%) 
[NR-eGR]    met5 ( 6)         0( 0.00%)         0( 0.00%)         0( 0.00%)   ( 0.00%) 
[NR-eGR] --------------------------------------------------------------------------------
[NR-eGR]        Total      1431( 2.11%)        84( 0.12%)         8( 0.01%)   ( 2.25%) 
[NR-eGR] 
[NR-eGR] Overflow after Early Global Route 1.38% H + 1.43% V
Early Global Route congestion estimation runtime: 0.13 seconds, mem = 1492.7M
Local HotSpot Analysis: normalized max congestion hotspot area = 9.00, normalized total congestion hotspot area = 28.00 (area is in unit of 4 std-cell row bins)
Skipped repairing congestion.
[NR-eGR]               Length (um)   Vias 
[NR-eGR] ---------------------------------
[NR-eGR]  li1   (1V)             0  21779 
[NR-eGR]  met1  (2H)         69790  31327 
[NR-eGR]  met2  (3V)         89642   3266 
[NR-eGR]  met3  (4H)         31065   1806 
[NR-eGR]  met4  (5V)         32228     49 
[NR-eGR]  met5  (6H)            96      0 
[NR-eGR] ---------------------------------
[NR-eGR]        Total       222822  58227 
[NR-eGR] --------------------------------------------------------------------------
[NR-eGR] Total half perimeter of net bounding box: 172837um
[NR-eGR] Total length: 222822um, number of vias: 58227
[NR-eGR] --------------------------------------------------------------------------
[NR-eGR] Total eGR-routed clock nets wire length: 587um, number of vias: 354
[NR-eGR] --------------------------------------------------------------------------
Early Global Route wiring runtime: 0.07 seconds, mem = 1492.7M
0 delay mode for cte disabled.

*** Finished incrementalPlace (cpu=0:00:00.2, real=0:00:00.0)***
**ERROR: (IMPSP-9099):	Scan chains exist in this design but are not defined for 17.65% flops. Placement and timing QoR can be severely impacted in this case!
It is highly recommend to define scan chains either through input scan def (preferred) or specifyScanChain.
Tdgp not successfully inited but do clear! skip clearing
**placeDesign ... cpu = 0: 0:12, real = 0: 0:13, mem = 1487.7M **
AAE DB initialization (MEM=1510.55 CPU=0:00:00.0 REAL=0:00:00.0) 
*** GlobalPlace #1 [finish] (place_opt_design #1) : cpu/real = 0:00:12.5/0:00:14.0 (0.9), totSession cpu/real = 0:00:22.9/0:00:24.6 (0.9), mem = 1510.6M
Enable CTE adjustment.
**optDesign ... cpu = 0:00:00, real = 0:00:00, mem = 1418.2M, totSessionCpu=0:00:23 **
**WARN: (IMPOPT-576):	4 nets have unplaced terms. 
GigaOpt running with 1 threads.
*** InitOpt #1 [begin] (place_opt_design #1) : totSession cpu/real = 0:00:22.9/0:00:24.6 (0.9), mem = 1510.6M
**INFO: setDesignMode -flowEffort standard -> setting 'setOptMode -allEndPoints true' for the duration of this command.
Updating RC grid for preRoute extraction ...
Initializing multi-corner resistance tables ...
**WARN: (IMPOPT-665):	clk : Net has unplaced terms or is connected to uplaced instances in design. 
Type 'man IMPOPT-665' for more detail.
**WARN: (IMPOPT-665):	rst : Net has unplaced terms or is connected to uplaced instances in design. 
Type 'man IMPOPT-665' for more detail.
**WARN: (IMPOPT-665):	rx : Net has unplaced terms or is connected to uplaced instances in design. 
Type 'man IMPOPT-665' for more detail.
**WARN: (IMPOPT-665):	tx : Net has unplaced terms or is connected to uplaced instances in design. 
Type 'man IMPOPT-665' for more detail.
AAE DB initialization (MEM=1518.57 CPU=0:00:00.0 REAL=0:00:00.0) 
Setting timing_disable_library_data_to_data_checks to 'true'.
Setting timing_disable_user_data_to_data_checks to 'true'.
**optDesign ... cpu = 0:00:01, real = 0:00:01, mem = 1425.9M, totSessionCpu=0:00:24 **
*** optDesign -preCTS ***
DRC Margin: user margin 0.0; extra margin 0.2
Setup Target Slack: user slack 0; extra slack 0.0
Hold Target Slack: user slack 0
**INFO: The delay profiles based on paritioning incorrect, turning off vt filtering
**WARN: (IMPOPT-3195):	Analysis mode has changed.
Type 'man IMPOPT-3195' for more detail.
[NR-eGR] Started Early Global Route kernel ( Curr Mem: 1518.57 MB )
[NR-eGR] Track table information for default rule: 
[NR-eGR] li1 has single uniform track structure
[NR-eGR] met1 has single uniform track structure
[NR-eGR] met2 has single uniform track structure
[NR-eGR] met3 has single uniform track structure
[NR-eGR] met4 has single uniform track structure
[NR-eGR] met5 has single uniform track structure
[NR-eGR] Read 0 PG shapes
[NR-eGR] Read 0 clock shapes
[NR-eGR] Read 0 other shapes
[NR-eGR] #Routing Blockages  : 0
[NR-eGR] #Instance Blockages : 15419
[NR-eGR] #PG Blockages       : 0
[NR-eGR] #Halo Blockages     : 0
[NR-eGR] #Boundary Blockages : 0
[NR-eGR] #Clock Blockages    : 0
[NR-eGR] #Other Blockages    : 0
[NR-eGR] Num Prerouted Nets = 0  Num Prerouted Wires = 0
[NR-eGR] Read 6465 nets ( ignored 0 )
[NR-eGR] There are 1 clock nets ( 0 with NDR ).
[NR-eGR] ============ Routing rule table ============
[NR-eGR] Rule id: 0  Nets: 6465
[NR-eGR] ========================================
[NR-eGR] 
[NR-eGR] Layer group 1: route 6465 net(s) in layer range [2, 6]
[NR-eGR] Early Global Route overflow of layer group 1: 4.77% H + 4.25% V. EstWL: 2.168547e+05um
[NR-eGR] Congestion Analysis By layer: (blocked Gcells are excluded) 
[NR-eGR]                        OverCon           OverCon           OverCon            
[NR-eGR]                         #Gcell            #Gcell            #Gcell     %Gcell
[NR-eGR]        Layer             (1-2)             (3-4)             (5-6)    OverCon
[NR-eGR] --------------------------------------------------------------------------------
[NR-eGR]     li1 ( 1)         0( 0.00%)         0( 0.00%)         0( 0.00%)   ( 0.00%) 
[NR-eGR]    met1 ( 2)       429( 3.00%)        14( 0.10%)         0( 0.00%)   ( 3.10%) 
[NR-eGR]    met2 ( 3)       576( 4.03%)        51( 0.36%)         0( 0.00%)   ( 4.39%) 
[NR-eGR]    met3 ( 4)       445( 3.12%)        34( 0.24%)         2( 0.01%)   ( 3.37%) 
[NR-eGR]    met4 ( 5)       103( 0.72%)         0( 0.00%)         0( 0.00%)   ( 0.72%) 
[NR-eGR]    met5 ( 6)         0( 0.00%)         0( 0.00%)         0( 0.00%)   ( 0.00%) 
[NR-eGR] --------------------------------------------------------------------------------
[NR-eGR]        Total      1553( 2.29%)        99( 0.15%)         2( 0.00%)   ( 2.44%) 
[NR-eGR] 
[NR-eGR] Overflow after Early Global Route 1.17% H + 1.66% V
[NR-eGR]               Length (um)   Vias 
[NR-eGR] ---------------------------------
[NR-eGR]  li1   (1V)             0  21779 
[NR-eGR]  met1  (2H)         69772  31324 
[NR-eGR]  met2  (3V)         91024   3294 
[NR-eGR]  met3  (4H)         31302   1850 
[NR-eGR]  met4  (5V)         32951     39 
[NR-eGR]  met5  (6H)           116      0 
[NR-eGR] ---------------------------------
[NR-eGR]        Total       225165  58286 
[NR-eGR] --------------------------------------------------------------------------
[NR-eGR] Total half perimeter of net bounding box: 172837um
[NR-eGR] Total length: 225165um, number of vias: 58286
[NR-eGR] --------------------------------------------------------------------------
[NR-eGR] Total eGR-routed clock nets wire length: 673um, number of vias: 362
[NR-eGR] --------------------------------------------------------------------------
[NR-eGR] Finished Early Global Route kernel ( CPU: 0.18 sec, Real: 0.18 sec, Curr Mem: 1518.57 MB )
Extraction called for design 'coprocessor' of instances=6436 and nets=6477 using extraction engine 'preRoute' .
**WARN: (IMPEXT-3530):	The process node is not set. Use the command setDesignMode -process <process node> prior to extraction for maximum accuracy and optimal automatic threshold setting.
Type 'man IMPEXT-3530' for more detail.
PreRoute RC Extraction called for design coprocessor.
RC Extraction called in multi-corner(1) mode.
**WARN: (IMPEXT-6197):	The Cap table file is not specified. This will result in lower parasitic accuracy when using preRoute extraction or postRoute extraction with effort level 'low'. It is recommended to generate the Cap table file using the 'generateCapTbl' command and specify it before extraction using 'create_rc_corner/update_rc_corner -cap_table'.
Type 'man IMPEXT-6197' for more detail.
RCMode: PreRoute
      RC Corner Indexes            0   
Capacitance Scaling Factor   : 1.00000 
Resistance Scaling Factor    : 1.00000 
Clock Cap. Scaling Factor    : 1.00000 
Clock Res. Scaling Factor    : 1.00000 
Shrink Factor                : 1.00000
PreRoute extraction is honoring NDR/Shielding/ExtraSpace for clock nets.
Updating RC grid for preRoute extraction ...
Initializing multi-corner resistance tables ...
PreRoute RC Extraction DONE (CPU Time: 0:00:00.0  Real Time: 0:00:00.0  MEM: 1518.574M)
Starting delay calculation for Setup views
AAE_INFO: opIsDesignInPostRouteState() is 0
#################################################################################
# Design Stage: PreRoute
# Design Name: coprocessor
# Design Mode: 90nm
# Analysis Mode: MMMC Non-OCV 
# Parasitics Mode: No SPEF/RCDB 
# Signoff Settings: SI Off 
#################################################################################
Calculate delays in Single mode...
Start delay calculation (fullDC) (1 T). (MEM=1527.36)
siFlow : Timing analysis mode is single, using late cdB files
**WARN: (IMPEXT-2882):	Unable to find the resistance for via 'L1M1_PR' in Cap table or LEF or OA files. The default value of 4.0 ohms is being assigned. To avoid this, check the Cap table and LEF and OA files, provide the resistance and read the files again.
**WARN: (IMPEXT-2882):	Unable to find the resistance for via 'M1M2_PR_M' in Cap table or LEF or OA files. The default value of 4.0 ohms is being assigned. To avoid this, check the Cap table and LEF and OA files, provide the resistance and read the files again.
**WARN: (IMPEXT-2882):	Unable to find the resistance for via 'M2M3_PR_R' in Cap table or LEF or OA files. The default value of 4.0 ohms is being assigned. To avoid this, check the Cap table and LEF and OA files, provide the resistance and read the files again.
**WARN: (IMPEXT-2882):	Unable to find the resistance for via 'M3M4_PR_MR' in Cap table or LEF or OA files. The default value of 4.0 ohms is being assigned. To avoid this, check the Cap table and LEF and OA files, provide the resistance and read the files again.
**WARN: (IMPEXT-2882):	Unable to find the resistance for via 'M4M5_PR_MR' in Cap table or LEF or OA files. The default value of 4.0 ohms is being assigned. To avoid this, check the Cap table and LEF and OA files, provide the resistance and read the files again.
Total number of fetched objects 6470
End delay calculation. (MEM=1664.5 CPU=0:00:00.5 REAL=0:00:01.0)
End delay calculation (fullDC). (MEM=1664.5 CPU=0:00:00.6 REAL=0:00:01.0)
*** Done Building Timing Graph (cpu=0:00:00.8 real=0:00:01.0 totSessionCpu=0:00:25.9 mem=1656.5M)

------------------------------------------------------------------
             Initial Summary
------------------------------------------------------------------

Setup views included:
 VIEW_TYP 

+--------------------+---------+
|     Setup mode     |   all   |
+--------------------+---------+
|           WNS (ns):| -8.762  |
|           TNS (ns):|-145.571 |
|    Violating Paths:|   18    |
|          All Paths:|   345   |
+--------------------+---------+

+----------------+-------------------------------+------------------+
|                |              Real             |       Total      |
|    DRVs        +------------------+------------+------------------|
|                |  Nr nets(terms)  | Worst Vio  |  Nr nets(terms)  |
+----------------+------------------+------------+------------------+
|   max_cap      |     14 (14)      |   -0.338   |     14 (14)      |
|   max_tran     |     14 (445)     |   -2.703   |     14 (445)     |
|   max_fanout   |      0 (0)       |     0      |      0 (0)       |
|   max_length   |      0 (0)       |     0      |      0 (0)       |
+----------------+------------------+------------+------------------+

Density: 37.898%
------------------------------------------------------------------
**optDesign ... cpu = 0:00:03, real = 0:00:03, mem = 1476.5M, totSessionCpu=0:00:26 **
*** InitOpt #1 [finish] (place_opt_design #1) : cpu/real = 0:00:03.0/0:00:03.0 (1.0), totSession cpu/real = 0:00:25.9/0:00:27.6 (0.9), mem = 1629.8M
** INFO : this run is activating medium effort placeOptDesign flow
*** Starting optimizing excluded clock nets MEM= 1629.8M) ***
*info: No excluded clock nets to be optimized.
*** Finished optimizing excluded clock nets (CPU Time= 0:00:00.0  MEM= 1629.8M) ***
Begin: GigaOpt Route Type Constraints Refinement
*** CongRefineRouteType #1 [begin] (place_opt_design #1) : totSession cpu/real = 0:00:26.0/0:00:27.6 (0.9), mem = 1629.8M
Updated routing constraints on 0 nets.
Bottom Preferred Layer:
    None
Via Pillar Rule:
    None
*** CongRefineRouteType #1 [finish] (place_opt_design #1) : cpu/real = 0:00:00.1/0:00:00.1 (0.9), totSession cpu/real = 0:00:26.0/0:00:27.7 (0.9), mem = 1740.7M
End: GigaOpt Route Type Constraints Refinement
The useful skew maximum allowed delay is: 0.3
*** SimplifyNetlist #1 [begin] (place_opt_design #1) : totSession cpu/real = 0:00:26.1/0:00:27.8 (0.9), mem = 1740.7M
Info: 1 clock net  excluded from IPO operation.

Footprint cell information for calculating maxBufDist
*info: There are 13 candidate Buffer cells
*info: There are 13 candidate Inverter cells


Netlist preparation processing... 
Removed 0 instance
*info: Marking 0 isolation instances dont touch
*info: Marking 0 level shifter instances dont touch
*** SimplifyNetlist #1 [finish] (place_opt_design #1) : cpu/real = 0:00:01.2/0:00:01.1 (1.0), totSession cpu/real = 0:00:27.3/0:00:28.9 (0.9), mem = 1703.9M
Begin: GigaOpt high fanout net optimization
*** DrvOpt #1 [begin] (place_opt_design #1) : totSession cpu/real = 0:00:27.3/0:00:28.9 (0.9), mem = 1697.9M
Info: 1 clock net  excluded from IPO operation.
*** DrvOpt #1 [finish] (place_opt_design #1) : cpu/real = 0:00:01.0/0:00:01.0 (1.0), totSession cpu/real = 0:00:28.3/0:00:29.9 (0.9), mem = 1704.0M
End: GigaOpt high fanout net optimization
Begin: GigaOpt DRV Optimization
*** DrvOpt #2 [begin] (place_opt_design #1) : totSession cpu/real = 0:00:28.3/0:00:29.9 (0.9), mem = 1704.0M
Info: 1 clock net  excluded from IPO operation.
+-------------------------------------------------------------------------------------------------------------------------------------------------------+
|        max-tran       |        max-cap        |  max-fanout |  max-length |       setup       |        |        |        |       |          |         |
+-------------------------------------------------------------------------------------------------------------------------------------------------------+
| nets | terms|  wViol  | nets | terms|  wViol  | nets | terms| nets | terms|   WNS   |   TNS   |  #Buf  |  #Inv  | #Resize|Density|   Real   |   Mem   |
+-------------------------------------------------------------------------------------------------------------------------------------------------------+
|    26|   714|    -3.00|    26|    26|    -0.37|     0|     0|     0|     0|    -8.76|  -145.57|       0|       0|       0| 37.90%|          |         |
|     0|     0|     0.00|     0|     0|     0.00|     0|     0|     0|     0|    -6.42|  -109.22|      13|       0|      17| 37.98%| 0:00:01.0|  1799.9M|
|     0|     0|     0.00|     0|     0|     0.00|     0|     0|     0|     0|    -6.42|  -109.22|       0|       0|       0| 37.98%| 0:00:00.0|  1799.9M|
+-------------------------------------------------------------------------------------------------------------------------------------------------------+
Bottom Preferred Layer:
    None
Via Pillar Rule:
    None

*** Finish DRV Fixing (cpu=0:00:00.6 real=0:00:01.0 mem=1799.9M) ***

*** DrvOpt #2 [finish] (place_opt_design #1) : cpu/real = 0:00:00.8/0:00:00.8 (1.0), totSession cpu/real = 0:00:29.1/0:00:30.7 (0.9), mem = 1718.8M
End: GigaOpt DRV Optimization
**optDesign ... cpu = 0:00:06, real = 0:00:06, mem = 1551.8M, totSessionCpu=0:00:29 **

Active setup views:
 VIEW_TYP
  Dominating endpoints: 0
  Dominating TNS: -0.000

Begin: GigaOpt Global Optimization
*info: use new DP (enabled)
Info: 1 clock net  excluded from IPO operation.
*** GlobalOpt #1 [begin] (place_opt_design #1) : totSession cpu/real = 0:00:29.1/0:00:30.8 (0.9), mem = 1756.9M
*info: 1 clock net excluded
*info: 7 no-driver nets excluded.
** GigaOpt Global Opt WNS Slack -6.416  TNS Slack -109.222 
+--------+--------+---------+------------+--------+----------+---------+--------------------------------------------------+
|  WNS   |  TNS   | Density |    Real    |  Mem   |Worst View|Pathgroup|                    End Point                     |
+--------+--------+---------+------------+--------+----------+---------+--------------------------------------------------+
|  -6.416|-109.222|   37.98%|   0:00:00.0| 1795.1M|  VIEW_TYP|  default| result_r_reg[10]/D                               |
|  -4.112| -66.759|   38.57%|   0:00:02.0| 1824.2M|  VIEW_TYP|  default| result_r_reg[6]/D                                |
|  -3.609| -58.551|   38.81%|   0:00:01.0| 1826.7M|  VIEW_TYP|  default| result_r_reg[6]/D                                |
|  -3.609| -58.551|   38.81%|   0:00:00.0| 1826.7M|  VIEW_TYP|  default| result_r_reg[6]/D                                |
|  -2.694| -42.807|   39.20%|   0:00:02.0| 1826.7M|  VIEW_TYP|  default| result_r_reg[10]/D                               |
|  -2.272| -35.903|   39.40%|   0:00:03.0| 1850.8M|  VIEW_TYP|  default| result_r_reg[12]/D                               |
|  -2.256| -35.630|   39.43%|   0:00:00.0| 1850.8M|  VIEW_TYP|  default| result_r_reg[12]/D                               |
|  -2.256| -35.630|   39.43%|   0:00:00.0| 1850.8M|  VIEW_TYP|  default| result_r_reg[12]/D                               |
|  -2.188| -33.769|   39.53%|   0:00:01.0| 1850.8M|  VIEW_TYP|  default| result_r_reg[12]/D                               |
|  -1.956| -29.930|   39.75%|   0:00:01.0| 1850.8M|  VIEW_TYP|  default| result_r_reg[12]/D                               |
|  -1.956| -29.696|   39.77%|   0:00:00.0| 1850.8M|  VIEW_TYP|  default| result_r_reg[12]/D                               |
|  -1.956| -29.696|   39.77%|   0:00:00.0| 1850.8M|  VIEW_TYP|  default| result_r_reg[12]/D                               |
|  -1.856| -28.427|   39.94%|   0:00:01.0| 1850.8M|  VIEW_TYP|  default| result_r_reg[14]/D                               |
|  -1.687| -25.866|   40.12%|   0:00:01.0| 1869.9M|  VIEW_TYP|  default| result_r_reg[14]/D                               |
|  -1.640| -25.161|   40.19%|   0:00:00.0| 1869.9M|  VIEW_TYP|  default| result_r_reg[14]/D                               |
|  -1.640| -25.161|   40.19%|   0:00:00.0| 1869.9M|  VIEW_TYP|  default| result_r_reg[14]/D                               |
|  -1.484| -22.696|   40.42%|   0:00:01.0| 1869.9M|  VIEW_TYP|  default| result_r_reg[14]/D                               |
|  -1.433| -21.814|   40.64%|   0:00:01.0| 1869.9M|  VIEW_TYP|  default| result_r_reg[14]/D                               |
|  -1.375| -20.938|   40.71%|   0:00:00.0| 1869.9M|  VIEW_TYP|  default| result_r_reg[14]/D                               |
|  -1.375| -20.938|   40.71%|   0:00:01.0| 1869.9M|  VIEW_TYP|  default| result_r_reg[14]/D                               |
|  -1.275| -19.417|   40.96%|   0:00:00.0| 1869.9M|  VIEW_TYP|  default| result_r_reg[14]/D                               |
|  -1.206| -18.384|   41.05%|   0:00:02.0| 1869.9M|  VIEW_TYP|  default| result_r_reg[14]/D                               |
+--------+--------+---------+------------+--------+----------+---------+--------------------------------------------------+

*** Finish pre-CTS Global Setup Fixing (cpu=0:00:16.7 real=0:00:17.0 mem=1869.9M) ***

*** Finish pre-CTS Setup Fixing (cpu=0:00:16.7 real=0:00:17.0 mem=1869.9M) ***
Bottom Preferred Layer:
    None
Via Pillar Rule:
    None
** GigaOpt Global Opt End WNS Slack -1.206  TNS Slack -18.384 
*** GlobalOpt #1 [finish] (place_opt_design #1) : cpu/real = 0:00:17.8/0:00:17.9 (1.0), totSession cpu/real = 0:00:46.9/0:00:48.6 (1.0), mem = 1746.8M
End: GigaOpt Global Optimization
*** Timing NOT met, worst failing slack is -1.206
*** Check timing (0:00:00.0)
Info: 1 clock net  excluded from IPO operation.
Begin: Area Reclaim Optimization
*** AreaOpt #1 [begin] (place_opt_design #1) : totSession cpu/real = 0:00:47.0/0:00:48.7 (1.0), mem = 1804.0M
Reclaim Optimization WNS Slack -1.206  TNS Slack -18.384 Density 41.05
+---------+---------+--------+--------+------------+--------+
| Density | Commits |  WNS   |  TNS   |    Real    |  Mem   |
+---------+---------+--------+--------+------------+--------+
|   41.05%|        -|  -1.206| -18.384|   0:00:00.0| 1806.0M|
|   41.04%|        3|  -1.206| -18.384|   0:00:00.0| 1831.1M|
|   41.04%|        0|  -1.206| -18.384|   0:00:00.0| 1831.1M|
|   41.01%|        4|  -1.206| -18.384|   0:00:00.0| 1831.1M|
|   40.87%|       69|  -1.187| -18.106|   0:00:01.0| 1831.1M|
|   40.87%|        0|  -1.187| -18.106|   0:00:00.0| 1831.1M|
|   40.87%|        0|  -1.187| -18.106|   0:00:00.0| 1831.1M|
+---------+---------+--------+--------+------------+--------+
Reclaim Optimization End WNS Slack -1.187  TNS Slack -18.106 Density 40.87
Bottom Preferred Layer:
    None
Via Pillar Rule:
    None

Number of times islegalLocAvaiable called = 0 skipped = 0, called in commitmove = 0, skipped in commitmove = 0
End: Core Area Reclaim Optimization (cpu = 0:00:02.5) (real = 0:00:02.0) **
*** AreaOpt #1 [finish] (place_opt_design #1) : cpu/real = 0:00:02.5/0:00:02.5 (1.0), totSession cpu/real = 0:00:49.5/0:00:51.2 (1.0), mem = 1831.1M
Executing incremental physical updates
Executing incremental physical updates
End: Area Reclaim Optimization (cpu=0:00:03, real=0:00:02, mem=1751.05M, totSessionCpu=0:00:50).
*** IncrReplace #1 [begin] (place_opt_design #1) : totSession cpu/real = 0:00:49.5/0:00:51.3 (1.0), mem = 1751.0M

*** Start incrementalPlace ***
No Views given, use default active views for adaptive view pruning
SKP will enable view:
  VIEW_TYP
[NR-eGR] Track table information for default rule: 
[NR-eGR] li1 has single uniform track structure
[NR-eGR] met1 has single uniform track structure
[NR-eGR] met2 has single uniform track structure
[NR-eGR] met3 has single uniform track structure
[NR-eGR] met4 has single uniform track structure
[NR-eGR] met5 has single uniform track structure
[NR-eGR] Read 0 PG shapes
[NR-eGR] Read 0 clock shapes
[NR-eGR] Read 0 other shapes
[NR-eGR] #Routing Blockages  : 0
[NR-eGR] #Instance Blockages : 16171
[NR-eGR] #PG Blockages       : 0
[NR-eGR] #Halo Blockages     : 0
[NR-eGR] #Boundary Blockages : 0
[NR-eGR] #Clock Blockages    : 0
[NR-eGR] #Other Blockages    : 0
[NR-eGR] Num Prerouted Nets = 0  Num Prerouted Wires = 0
[NR-eGR] Read 6841 nets ( ignored 0 )
[NR-eGR] There are 1 clock nets ( 0 with NDR ).
[NR-eGR] ============ Routing rule table ============
[NR-eGR] Rule id: 0  Nets: 6841
[NR-eGR] ========================================
[NR-eGR] 
[NR-eGR] Layer group 1: route 6841 net(s) in layer range [2, 6]
[NR-eGR] Early Global Route overflow of layer group 1: 5.50% H + 3.73% V. EstWL: 2.175837e+05um
[NR-eGR] Congestion Analysis By layer: (blocked Gcells are excluded) 
[NR-eGR]                        OverCon           OverCon           OverCon           OverCon            
[NR-eGR]                         #Gcell            #Gcell            #Gcell            #Gcell     %Gcell
[NR-eGR]        Layer             (1-2)             (3-4)             (5-6)               (7)    OverCon
[NR-eGR] -------------------------------------------------------------------------------------------------
[NR-eGR]     li1 ( 1)         0( 0.00%)         0( 0.00%)         0( 0.00%)         0( 0.00%)   ( 0.00%) 
[NR-eGR]    met1 ( 2)       478( 3.35%)        34( 0.24%)         5( 0.04%)         1( 0.01%)   ( 3.63%) 
[NR-eGR]    met2 ( 3)       449( 3.14%)        40( 0.28%)         1( 0.01%)         0( 0.00%)   ( 3.43%) 
[NR-eGR]    met3 ( 4)       486( 3.40%)        33( 0.23%)         7( 0.05%)         0( 0.00%)   ( 3.68%) 
[NR-eGR]    met4 ( 5)        76( 0.53%)         1( 0.01%)         0( 0.00%)         0( 0.00%)   ( 0.54%) 
[NR-eGR]    met5 ( 6)         0( 0.00%)         0( 0.00%)         0( 0.00%)         0( 0.00%)   ( 0.00%) 
[NR-eGR] -------------------------------------------------------------------------------------------------
[NR-eGR]        Total      1489( 2.20%)       108( 0.16%)        13( 0.02%)         1( 0.00%)   ( 2.38%) 
[NR-eGR] 
[NR-eGR] Overflow after Early Global Route 1.58% H + 1.35% V
Early Global Route congestion estimation runtime: 0.11 seconds, mem = 1754.7M
Local HotSpot Analysis: normalized max congestion hotspot area = 7.00, normalized total congestion hotspot area = 22.00 (area is in unit of 4 std-cell row bins)

=== incrementalPlace Internal Loop 1 ===
*** Finished SKP initialization (cpu=0:00:00.3, real=0:00:00.0)***
Iteration  6: Total net bbox = 1.788e+05 (8.80e+04 9.09e+04)
              Est.  stn bbox = 2.147e+05 (1.06e+05 1.08e+05)
              cpu = 0:00:01.0 real = 0:00:01.0 mem = 1771.1M
Iteration  7: Total net bbox = 1.828e+05 (8.91e+04 9.37e+04)
              Est.  stn bbox = 2.192e+05 (1.07e+05 1.12e+05)
              cpu = 0:00:01.3 real = 0:00:01.0 mem = 1763.7M
Iteration  8: Total net bbox = 1.835e+05 (8.96e+04 9.39e+04)
              Est.  stn bbox = 2.199e+05 (1.08e+05 1.12e+05)
              cpu = 0:00:00.9 real = 0:00:00.0 mem = 1760.7M
Iteration  9: Total net bbox = 1.845e+05 (9.05e+04 9.40e+04)
              Est.  stn bbox = 2.200e+05 (1.08e+05 1.12e+05)
              cpu = 0:00:01.4 real = 0:00:02.0 mem = 1760.7M
Iteration 10: Total net bbox = 1.706e+05 (7.69e+04 9.37e+04)
              Est.  stn bbox = 2.029e+05 (9.18e+04 1.11e+05)
              cpu = 0:00:00.8 real = 0:00:01.0 mem = 1760.7M
Move report: Timing Driven Placement moves 6812 insts, mean move: 24.14 um, max move: 230.22 um 
	Max move on inst (FE_OFC820_n_3306): (162.84, 140.42) --> (262.50, 270.98)

Finished Incremental Placement (cpu=0:00:06.0, real=0:00:06.0, mem=1760.7M)
**WARN: (IMPSP-9025):	No scan chain specified/traced.
Type 'man IMPSP-9025' for more detail.
*** Starting refinePlace (0:00:55.7 mem=1760.7M) ***
Total net bbox length = 1.740e+05 (7.904e+04 9.493e+04) (ext = 5.277e+02)
**WARN: (IMPSP-5140):	Global net connect rules have not been created. Added  insts would have no supply connectivity, and would fail DRC.
Type 'man IMPSP-5140' for more detail.
**WARN: (IMPSP-315):	Found 6812 instances insts with no PG Term connections.
Type 'man IMPSP-315' for more detail.
Move report: Detail placement moves 6812 insts, mean move: 0.51 um, max move: 22.59 um 
	Max move on inst (g110692__9315): (233.71, 213.94) --> (256.22, 213.86)
	Runtime: CPU: 0:00:00.3 REAL: 0:00:00.0 MEM: 1763.5MB
Summary Report:
Instances move: 6812 (out of 6812 movable)
Instances flipped: 0
Mean displacement: 0.51 um
Max displacement: 22.59 um (Instance: g110692__9315) (233.707, 213.94) -> (256.22, 213.86)
	Length: 3 sites, height: 1 rows, site name: unithd, cell type: sky130_fd_sc_hd__nand2_1
Total net bbox length = 1.708e+05 (7.570e+04 9.507e+04) (ext = 5.244e+02)
Runtime: CPU: 0:00:00.3 REAL: 0:00:00.0 MEM: 1763.5MB
*** Finished refinePlace (0:00:56.0 mem=1763.5M) ***
[NR-eGR] Track table information for default rule: 
[NR-eGR] li1 has single uniform track structure
[NR-eGR] met1 has single uniform track structure
[NR-eGR] met2 has single uniform track structure
[NR-eGR] met3 has single uniform track structure
[NR-eGR] met4 has single uniform track structure
[NR-eGR] met5 has single uniform track structure
[NR-eGR] Read 0 PG shapes
[NR-eGR] Read 0 clock shapes
[NR-eGR] Read 0 other shapes
[NR-eGR] #Routing Blockages  : 0
[NR-eGR] #Instance Blockages : 16171
[NR-eGR] #PG Blockages       : 0
[NR-eGR] #Halo Blockages     : 0
[NR-eGR] #Boundary Blockages : 0
[NR-eGR] #Clock Blockages    : 0
[NR-eGR] #Other Blockages    : 0
[NR-eGR] Num Prerouted Nets = 0  Num Prerouted Wires = 0
[NR-eGR] Read 6841 nets ( ignored 0 )
[NR-eGR] There are 1 clock nets ( 0 with NDR ).
[NR-eGR] ============ Routing rule table ============
[NR-eGR] Rule id: 0  Nets: 6841
[NR-eGR] ========================================
[NR-eGR] 
[NR-eGR] Layer group 1: route 6841 net(s) in layer range [2, 6]
[NR-eGR] Early Global Route overflow of layer group 1: 4.99% H + 4.46% V. EstWL: 2.001974e+05um
[NR-eGR] Congestion Analysis By layer: (blocked Gcells are excluded) 
[NR-eGR]                        OverCon           OverCon           OverCon            
[NR-eGR]                         #Gcell            #Gcell            #Gcell     %Gcell
[NR-eGR]        Layer             (1-2)             (3-4)             (5-6)    OverCon
[NR-eGR] --------------------------------------------------------------------------------
[NR-eGR]     li1 ( 1)         0( 0.00%)         0( 0.00%)         0( 0.00%)   ( 0.00%) 
[NR-eGR]    met1 ( 2)       466( 3.26%)        28( 0.20%)         1( 0.01%)   ( 3.47%) 
[NR-eGR]    met2 ( 3)       531( 3.72%)        57( 0.40%)         2( 0.01%)   ( 4.13%) 
[NR-eGR]    met3 ( 4)       471( 3.30%)        43( 0.30%)         3( 0.02%)   ( 3.62%) 
[NR-eGR]    met4 ( 5)        73( 0.51%)         4( 0.03%)         0( 0.00%)   ( 0.54%) 
[NR-eGR]    met5 ( 6)         0( 0.00%)         0( 0.00%)         0( 0.00%)   ( 0.00%) 
[NR-eGR] --------------------------------------------------------------------------------
[NR-eGR]        Total      1541( 2.28%)       132( 0.20%)         6( 0.01%)   ( 2.48%) 
[NR-eGR] 
[NR-eGR] Overflow after Early Global Route 1.38% H + 1.62% V
Early Global Route congestion estimation runtime: 0.11 seconds, mem = 1757.5M
Local HotSpot Analysis: normalized max congestion hotspot area = 12.00, normalized total congestion hotspot area = 30.00 (area is in unit of 4 std-cell row bins)

=== incrementalPlace Internal Loop 2 ===
Iteration  6: Total net bbox = 1.619e+05 (7.82e+04 8.38e+04)
              Est.  stn bbox = 1.966e+05 (9.51e+04 1.02e+05)
              cpu = 0:00:01.0 real = 0:00:02.0 mem = 1767.5M
Iteration  7: Total net bbox = 1.620e+05 (7.85e+04 8.35e+04)
              Est.  stn bbox = 1.969e+05 (9.55e+04 1.01e+05)
              cpu = 0:00:00.6 real = 0:00:00.0 mem = 1764.5M
Iteration  8: Total net bbox = 1.931e+05 (9.37e+04 9.94e+04)
              Est.  stn bbox = 2.315e+05 (1.13e+05 1.19e+05)
              cpu = 0:00:00.9 real = 0:00:01.0 mem = 1764.5M
Iteration  9: Total net bbox = 1.938e+05 (9.47e+04 9.91e+04)
              Est.  stn bbox = 2.313e+05 (1.13e+05 1.18e+05)
              cpu = 0:00:01.5 real = 0:00:02.0 mem = 1764.5M
Iteration 10: Total net bbox = 1.802e+05 (8.16e+04 9.87e+04)
              Est.  stn bbox = 2.146e+05 (9.73e+04 1.17e+05)
              cpu = 0:00:00.8 real = 0:00:01.0 mem = 1764.5M
Move report: Timing Driven Placement moves 6812 insts, mean move: 12.38 um, max move: 103.75 um 
	Max move on inst (g110851): (168.36, 303.62) --> (187.80, 219.32)

Finished Incremental Placement (cpu=0:00:05.1, real=0:00:06.0, mem=1764.5M)
*** Starting refinePlace (0:01:01 mem=1764.5M) ***
Total net bbox length = 1.836e+05 (8.366e+04 9.992e+04) (ext = 5.355e+02)
**WARN: (IMPSP-5140):	Global net connect rules have not been created. Added  insts would have no supply connectivity, and would fail DRC.
Type 'man IMPSP-5140' for more detail.
**WARN: (IMPSP-315):	Found 6812 instances insts with no PG Term connections.
Type 'man IMPSP-315' for more detail.
Move report: Detail placement moves 6812 insts, mean move: 0.54 um, max move: 19.80 um 
	Max move on inst (FE_OFC125_n_3920): (237.83, 194.81) --> (218.04, 194.82)
	Runtime: CPU: 0:00:00.3 REAL: 0:00:00.0 MEM: 1764.5MB
Summary Report:
Instances move: 6812 (out of 6812 movable)
Instances flipped: 0
Mean displacement: 0.54 um
Max displacement: 19.80 um (Instance: FE_OFC125_n_3920) (237.833, 194.811) -> (218.04, 194.82)
	Length: 3 sites, height: 1 rows, site name: unithd, cell type: sky130_fd_sc_hd__inv_2
Total net bbox length = 1.803e+05 (8.027e+04 1.000e+05) (ext = 5.101e+02)
Runtime: CPU: 0:00:00.3 REAL: 0:00:00.0 MEM: 1764.5MB
*** Finished refinePlace (0:01:02 mem=1764.5M) ***
[NR-eGR] Track table information for default rule: 
[NR-eGR] li1 has single uniform track structure
[NR-eGR] met1 has single uniform track structure
[NR-eGR] met2 has single uniform track structure
[NR-eGR] met3 has single uniform track structure
[NR-eGR] met4 has single uniform track structure
[NR-eGR] met5 has single uniform track structure
[NR-eGR] Read 0 PG shapes
[NR-eGR] Read 0 clock shapes
[NR-eGR] Read 0 other shapes
[NR-eGR] #Routing Blockages  : 0
[NR-eGR] #Instance Blockages : 16171
[NR-eGR] #PG Blockages       : 0
[NR-eGR] #Halo Blockages     : 0
[NR-eGR] #Boundary Blockages : 0
[NR-eGR] #Clock Blockages    : 0
[NR-eGR] #Other Blockages    : 0
[NR-eGR] Num Prerouted Nets = 0  Num Prerouted Wires = 0
[NR-eGR] Read 6841 nets ( ignored 0 )
[NR-eGR] There are 1 clock nets ( 0 with NDR ).
[NR-eGR] ============ Routing rule table ============
[NR-eGR] Rule id: 0  Nets: 6841
[NR-eGR] ========================================
[NR-eGR] 
[NR-eGR] Layer group 1: route 6841 net(s) in layer range [2, 6]
[NR-eGR] Early Global Route overflow of layer group 1: 3.52% H + 2.76% V. EstWL: 2.122933e+05um
[NR-eGR] Congestion Analysis By layer: (blocked Gcells are excluded) 
[NR-eGR]                        OverCon           OverCon           OverCon           OverCon            
[NR-eGR]                         #Gcell            #Gcell            #Gcell            #Gcell     %Gcell
[NR-eGR]        Layer             (1-2)             (3-4)             (5-6)               (7)    OverCon
[NR-eGR] -------------------------------------------------------------------------------------------------
[NR-eGR]     li1 ( 1)         0( 0.00%)         0( 0.00%)         0( 0.00%)         0( 0.00%)   ( 0.00%) 
[NR-eGR]    met1 ( 2)       391( 2.74%)        16( 0.11%)         0( 0.00%)         0( 0.00%)   ( 2.85%) 
[NR-eGR]    met2 ( 3)       441( 3.09%)        18( 0.13%)         0( 0.00%)         0( 0.00%)   ( 3.21%) 
[NR-eGR]    met3 ( 4)       409( 2.86%)        31( 0.22%)         1( 0.01%)         1( 0.01%)   ( 3.10%) 
[NR-eGR]    met4 ( 5)        32( 0.22%)         1( 0.01%)         0( 0.00%)         0( 0.00%)   ( 0.23%) 
[NR-eGR]    met5 ( 6)         0( 0.00%)         0( 0.00%)         0( 0.00%)         0( 0.00%)   ( 0.00%) 
[NR-eGR] -------------------------------------------------------------------------------------------------
[NR-eGR]        Total      1273( 1.88%)        66( 0.10%)         1( 0.00%)         1( 0.00%)   ( 1.98%) 
[NR-eGR] 
[NR-eGR] Overflow after Early Global Route 1.10% H + 0.94% V
Early Global Route congestion estimation runtime: 0.11 seconds, mem = 1760.5M
Local HotSpot Analysis: normalized max congestion hotspot area = 0.00, normalized total congestion hotspot area = 0.00 (area is in unit of 4 std-cell row bins)
[NR-eGR]               Length (um)   Vias 
[NR-eGR] ---------------------------------
[NR-eGR]  li1   (1V)             0  22525 
[NR-eGR]  met1  (2H)         70440  32645 
[NR-eGR]  met2  (3V)         88277   3081 
[NR-eGR]  met3  (4H)         31309   1687 
[NR-eGR]  met4  (5V)         30679     47 
[NR-eGR]  met5  (6H)            72      0 
[NR-eGR] ---------------------------------
[NR-eGR]        Total       220777  59985 
[NR-eGR] --------------------------------------------------------------------------
[NR-eGR] Total half perimeter of net bounding box: 180312um
[NR-eGR] Total length: 220777um, number of vias: 59985
[NR-eGR] --------------------------------------------------------------------------
[NR-eGR] Total eGR-routed clock nets wire length: 650um, number of vias: 349
[NR-eGR] --------------------------------------------------------------------------
Early Global Route wiring runtime: 0.07 seconds, mem = 1760.5M
0 delay mode for cte disabled.

*** Finished incrementalPlace (cpu=0:00:12.2, real=0:00:13.0)***
Start to check current routing status for nets...
All nets are already routed correctly.
End to check current routing status for nets (mem=1750.5M)
Extraction called for design 'coprocessor' of instances=6812 and nets=6853 using extraction engine 'preRoute' .
**WARN: (IMPEXT-3530):	The process node is not set. Use the command setDesignMode -process <process node> prior to extraction for maximum accuracy and optimal automatic threshold setting.
Type 'man IMPEXT-3530' for more detail.
PreRoute RC Extraction called for design coprocessor.
RC Extraction called in multi-corner(1) mode.
**WARN: (IMPEXT-6197):	The Cap table file is not specified. This will result in lower parasitic accuracy when using preRoute extraction or postRoute extraction with effort level 'low'. It is recommended to generate the Cap table file using the 'generateCapTbl' command and specify it before extraction using 'create_rc_corner/update_rc_corner -cap_table'.
Type 'man IMPEXT-6197' for more detail.
RCMode: PreRoute
      RC Corner Indexes            0   
Capacitance Scaling Factor   : 1.00000 
Resistance Scaling Factor    : 1.00000 
Clock Cap. Scaling Factor    : 1.00000 
Clock Res. Scaling Factor    : 1.00000 
Shrink Factor                : 1.00000
PreRoute extraction is honoring NDR/Shielding/ExtraSpace for clock nets.
Updating RC grid for preRoute extraction ...
Initializing multi-corner resistance tables ...
PreRoute RC Extraction DONE (CPU Time: 0:00:00.0  Real Time: 0:00:00.0  MEM: 1750.492M)
Compute RC Scale Done ...
**optDesign ... cpu = 0:00:39, real = 0:00:39, mem = 1566.6M, totSessionCpu=0:01:02 **
AAE_INFO: opIsDesignInPostRouteState() is 0
#################################################################################
# Design Stage: PreRoute
# Design Name: coprocessor
# Design Mode: 90nm
# Analysis Mode: MMMC Non-OCV 
# Parasitics Mode: No SPEF/RCDB 
# Signoff Settings: SI Off 
#################################################################################
Calculate delays in Single mode...
Start delay calculation (fullDC) (1 T). (MEM=1744.59)
Total number of fetched objects 6846
End delay calculation. (MEM=1772.54 CPU=0:00:00.5 REAL=0:00:00.0)
End delay calculation (fullDC). (MEM=1772.54 CPU=0:00:00.6 REAL=0:00:00.0)
*** IncrReplace #1 [finish] (place_opt_design #1) : cpu/real = 0:00:13.2/0:00:13.9 (0.9), totSession cpu/real = 0:01:02.7/0:01:05.2 (1.0), mem = 1772.5M
*** Timing NOT met, worst failing slack is -1.451
*** Check timing (0:00:00.0)
Begin: GigaOpt Optimization in WNS mode
Info: 1 clock net  excluded from IPO operation.
*** WnsOpt #1 [begin] (place_opt_design #1) : totSession cpu/real = 0:01:02.8/0:01:05.3 (1.0), mem = 1788.5M
*info: 1 clock net excluded
*info: 7 no-driver nets excluded.
** GigaOpt Optimizer WNS Slack -1.451 TNS Slack -22.137 Density 40.87
OptDebug: Start of Optimizer WNS Pass 0:
+----------+------+-------+
|Path Group|   WNS|    TNS|
+----------+------+-------+
|default   | 6.216|  0.000|
|reg2reg   |-1.451|-22.137|
|HEPG      |-1.451|-22.137|
|All Paths |-1.451|-22.137|
+----------+------+-------+

Active Path Group: reg2reg  
+--------+---------+--------+---------+---------+------------+--------+----------+---------+--------------------------------------------------+
|  WNS   | All WNS |  TNS   | All TNS | Density |    Real    |  Mem   |Worst View|Pathgroup|                    End Point                     |
+--------+---------+--------+---------+---------+------------+--------+----------+---------+--------------------------------------------------+
|  -1.451|   -1.451| -22.137|  -22.137|   40.87%|   0:00:00.0| 1823.6M|  VIEW_TYP|  reg2reg| result_r_reg[10]/D                               |
|  -1.403|   -1.403| -21.405|  -21.405|   40.88%|   0:00:00.0| 1842.7M|  VIEW_TYP|  reg2reg| result_r_reg[10]/D                               |
|  -1.382|   -1.382| -21.096|  -21.096|   40.88%|   0:00:00.0| 1842.7M|  VIEW_TYP|  reg2reg| result_r_reg[10]/D                               |
|  -1.313|   -1.313| -19.918|  -19.918|   40.91%|   0:00:00.0| 1842.7M|  VIEW_TYP|  reg2reg| result_r_reg[10]/D                               |
|  -1.263|   -1.263| -19.131|  -19.131|   40.93%|   0:00:00.0| 1842.7M|  VIEW_TYP|  reg2reg| result_r_reg[10]/D                               |
|  -1.227|   -1.227| -18.515|  -18.515|   40.95%|   0:00:00.0| 1843.7M|  VIEW_TYP|  reg2reg| result_r_reg[10]/D                               |
|  -1.208|   -1.208| -18.235|  -18.235|   40.95%|   0:00:00.0| 1843.7M|  VIEW_TYP|  reg2reg| result_r_reg[10]/D                               |
|  -1.176|   -1.176| -17.695|  -17.695|   40.97%|   0:00:00.0| 1843.7M|  VIEW_TYP|  reg2reg| result_r_reg[10]/D                               |
|  -1.135|   -1.135| -17.223|  -17.223|   41.01%|   0:00:00.0| 1843.7M|  VIEW_TYP|  reg2reg| result_r_reg[10]/D                               |
|  -1.119|   -1.119| -17.222|  -17.222|   41.01%|   0:00:00.0| 1843.7M|  VIEW_TYP|  reg2reg| result_r_reg[11]/D                               |
|  -1.085|   -1.085| -16.689|  -16.689|   41.02%|   0:00:00.0| 1843.7M|  VIEW_TYP|  reg2reg| result_r_reg[10]/D                               |
|  -1.052|   -1.052| -16.182|  -16.182|   41.08%|   0:00:01.0| 1851.7M|  VIEW_TYP|  reg2reg| result_r_reg[11]/D                               |
|  -1.016|   -1.016| -15.549|  -15.549|   41.13%|   0:00:00.0| 1852.7M|  VIEW_TYP|  reg2reg| result_r_reg[11]/D                               |
|  -0.986|   -0.986| -15.140|  -15.140|   41.17%|   0:00:00.0| 1852.7M|  VIEW_TYP|  reg2reg| result_r_reg[11]/D                               |
|  -0.949|   -0.949| -14.557|  -14.557|   41.25%|   0:00:00.0| 1852.7M|  VIEW_TYP|  reg2reg| result_r_reg[11]/D                               |
|  -0.914|   -0.914| -14.102|  -14.102|   41.30%|   0:00:00.0| 1852.7M|  VIEW_TYP|  reg2reg| result_r_reg[12]/D                               |
|  -0.872|   -0.872| -13.624|  -13.624|   41.34%|   0:00:00.0| 1852.7M|  VIEW_TYP|  reg2reg| result_r_reg[12]/D                               |
|  -0.855|   -0.855| -13.143|  -13.143|   41.42%|   0:00:00.0| 1852.7M|  VIEW_TYP|  reg2reg| result_r_reg[12]/D                               |
|  -0.839|   -0.839| -12.900|  -12.900|   41.44%|   0:00:00.0| 1852.7M|  VIEW_TYP|  reg2reg| result_r_reg[12]/D                               |
|  -0.789|   -0.789| -12.484|  -12.484|   41.47%|   0:00:01.0| 1852.7M|  VIEW_TYP|  reg2reg| result_r_reg[12]/D                               |
|  -0.763|   -0.763| -11.985|  -11.985|   41.54%|   0:00:00.0| 1852.7M|  VIEW_TYP|  reg2reg| result_r_reg[12]/D                               |
|  -0.755|   -0.755| -11.842|  -11.842|   41.66%|   0:00:00.0| 1852.7M|  VIEW_TYP|  reg2reg| result_r_reg[12]/D                               |
|  -0.730|   -0.730| -11.467|  -11.467|   41.67%|   0:00:00.0| 1852.7M|  VIEW_TYP|  reg2reg| result_r_reg[12]/D                               |
|  -0.708|   -0.708| -11.141|  -11.141|   41.71%|   0:00:00.0| 1852.7M|  VIEW_TYP|  reg2reg| result_r_reg[12]/D                               |
|  -0.687|   -0.687| -10.818|  -10.818|   41.75%|   0:00:00.0| 1852.7M|  VIEW_TYP|  reg2reg| result_r_reg[12]/D                               |
|  -0.666|   -0.666| -10.540|  -10.540|   41.81%|   0:00:00.0| 1852.7M|  VIEW_TYP|  reg2reg| result_r_reg[12]/D                               |
|  -0.627|   -0.627| -10.017|  -10.017|   41.87%|   0:00:00.0| 1873.3M|  VIEW_TYP|  reg2reg| result_r_reg[12]/D                               |
|  -0.600|   -0.600|  -9.640|   -9.640|   41.90%|   0:00:01.0| 1873.3M|  VIEW_TYP|  reg2reg| result_r_reg[12]/D                               |
|  -0.585|   -0.585|  -9.441|   -9.441|   42.01%|   0:00:00.0| 1873.3M|  VIEW_TYP|  reg2reg| result_r_reg[12]/D                               |
|  -0.576|   -0.576|  -9.312|   -9.312|   42.09%|   0:00:00.0| 1873.3M|  VIEW_TYP|  reg2reg| result_r_reg[12]/D                               |
|  -0.556|   -0.556|  -8.944|   -8.944|   42.15%|   0:00:00.0| 1873.3M|  VIEW_TYP|  reg2reg| result_r_reg[12]/D                               |
|  -0.533|   -0.533|  -8.497|   -8.497|   42.20%|   0:00:00.0| 1873.3M|  VIEW_TYP|  reg2reg| result_r_reg[12]/D                               |
|  -0.512|   -0.512|  -8.234|   -8.234|   42.32%|   0:00:00.0| 1873.3M|  VIEW_TYP|  reg2reg| result_r_reg[12]/D                               |
|  -0.483|   -0.483|  -7.784|   -7.784|   42.41%|   0:00:01.0| 1873.3M|  VIEW_TYP|  reg2reg| result_r_reg[12]/D                               |
|  -0.466|   -0.466|  -7.486|   -7.486|   42.51%|   0:00:00.0| 1873.3M|  VIEW_TYP|  reg2reg| result_r_reg[12]/D                               |
|  -0.455|   -0.455|  -7.280|   -7.280|   42.58%|   0:00:00.0| 1873.3M|  VIEW_TYP|  reg2reg| result_r_reg[12]/D                               |
|  -0.448|   -0.448|  -7.161|   -7.161|   42.66%|   0:00:00.0| 1873.3M|  VIEW_TYP|  reg2reg| result_r_reg[12]/D                               |
|  -0.429|   -0.429|  -6.895|   -6.895|   42.70%|   0:00:00.0| 1873.3M|  VIEW_TYP|  reg2reg| result_r_reg[12]/D                               |
|  -0.416|   -0.416|  -6.560|   -6.560|   42.81%|   0:00:00.0| 1873.3M|  VIEW_TYP|  reg2reg| result_r_reg[12]/D                               |
|  -0.400|   -0.400|  -6.338|   -6.338|   42.85%|   0:00:00.0| 1873.3M|  VIEW_TYP|  reg2reg| result_r_reg[12]/D                               |
|  -0.389|   -0.389|  -6.093|   -6.093|   42.94%|   0:00:01.0| 1873.3M|  VIEW_TYP|  reg2reg| result_r_reg[12]/D                               |
|  -0.381|   -0.381|  -5.981|   -5.981|   43.05%|   0:00:00.0| 1873.3M|  VIEW_TYP|  reg2reg| result_r_reg[12]/D                               |
|  -0.381|   -0.381|  -5.868|   -5.868|   43.19%|   0:00:00.0| 1873.3M|  VIEW_TYP|  reg2reg| result_r_reg[12]/D                               |
|  -0.358|   -0.358|  -5.548|   -5.548|   43.21%|   0:00:00.0| 1873.3M|  VIEW_TYP|  reg2reg| result_r_reg[12]/D                               |
|  -0.334|   -0.334|  -5.168|   -5.168|   43.40%|   0:00:00.0| 1873.3M|  VIEW_TYP|  reg2reg| result_r_reg[12]/D                               |
|  -0.321|   -0.321|  -4.890|   -4.890|   43.57%|   0:00:01.0| 1873.3M|  VIEW_TYP|  reg2reg| result_r_reg[12]/D                               |
|  -0.298|   -0.298|  -4.630|   -4.630|   43.66%|   0:00:00.0| 1873.3M|  VIEW_TYP|  reg2reg| result_r_reg[12]/D                               |
|  -0.272|   -0.272|  -4.038|   -4.038|   43.73%|   0:00:00.0| 1873.3M|  VIEW_TYP|  reg2reg| status_r_reg[0]/D                                |
|  -0.252|   -0.252|  -3.621|   -3.621|   43.83%|   0:00:01.0| 1873.3M|  VIEW_TYP|  reg2reg| result_r_reg[12]/D                               |
|  -0.250|   -0.250|  -3.511|   -3.511|   44.13%|   0:00:00.0| 1873.3M|  VIEW_TYP|  reg2reg| result_r_reg[12]/D                               |
|  -0.226|   -0.226|  -3.202|   -3.202|   44.16%|   0:00:00.0| 1873.3M|  VIEW_TYP|  reg2reg| result_r_reg[12]/D                               |
|  -0.207|   -0.207|  -2.907|   -2.907|   44.36%|   0:00:01.0| 1873.3M|  VIEW_TYP|  reg2reg| status_r_reg[0]/D                                |
|  -0.191|   -0.191|  -2.665|   -2.665|   44.46%|   0:00:00.0| 1873.3M|  VIEW_TYP|  reg2reg| result_r_reg[14]/D                               |
|  -0.166|   -0.166|  -2.361|   -2.361|   44.63%|   0:00:00.0| 1873.3M|  VIEW_TYP|  reg2reg| result_r_reg[5]/D                                |
|  -0.139|   -0.139|  -1.915|   -1.915|   44.76%|   0:00:01.0| 1873.3M|  VIEW_TYP|  reg2reg| status_r_reg[0]/D                                |
|  -0.110|   -0.110|  -1.242|   -1.242|   44.85%|   0:00:00.0| 1873.3M|  VIEW_TYP|  reg2reg| result_r_reg[14]/D                               |
|  -0.102|   -0.102|  -1.084|   -1.084|   45.09%|   0:00:00.0| 1873.3M|  VIEW_TYP|  reg2reg| result_r_reg[12]/D                               |
|  -0.083|   -0.083|  -0.810|   -0.810|   45.15%|   0:00:01.0| 1873.3M|  VIEW_TYP|  reg2reg| result_r_reg[12]/D                               |
|  -0.067|   -0.067|  -0.610|   -0.610|   45.28%|   0:00:00.0| 1873.3M|  VIEW_TYP|  reg2reg| result_r_reg[12]/D                               |
|  -0.060|   -0.060|  -0.410|   -0.410|   45.43%|   0:00:01.0| 1873.3M|  VIEW_TYP|  reg2reg| status_r_reg[0]/D                                |
|  -0.061|   -0.061|  -0.335|   -0.335|   45.46%|   0:00:00.0| 1873.3M|  VIEW_TYP|  reg2reg| status_r_reg[0]/D                                |
|  -0.042|   -0.042|  -0.263|   -0.263|   45.51%|   0:00:00.0| 1873.3M|  VIEW_TYP|  reg2reg| status_r_reg[0]/D                                |
|  -0.037|   -0.037|  -0.190|   -0.190|   45.60%|   0:00:00.0| 1873.3M|  VIEW_TYP|  reg2reg| result_r_reg[11]/D                               |
|  -0.013|   -0.013|  -0.058|   -0.058|   45.63%|   0:00:00.0| 1857.8M|  VIEW_TYP|  reg2reg| result_r_reg[11]/D                               |
|   0.001|    0.001|   0.000|    0.000|   45.84%|   0:00:01.0| 1857.8M|  VIEW_TYP|  reg2reg| result_r_reg[12]/D                               |
|   0.022|    0.022|   0.000|    0.000|   45.89%|   0:00:00.0| 1857.8M|  VIEW_TYP|  reg2reg| result_r_reg[6]/D                                |
|   0.039|    0.039|   0.000|    0.000|   46.03%|   0:00:01.0| 1857.8M|  VIEW_TYP|  reg2reg| result_r_reg[11]/D                               |
|   0.046|    0.046|   0.000|    0.000|   46.09%|   0:00:00.0| 1857.8M|  VIEW_TYP|  reg2reg| result_r_reg[13]/D                               |
|   0.046|    0.046|   0.000|    0.000|   46.09%|   0:00:00.0| 1857.8M|  VIEW_TYP|  reg2reg| result_r_reg[13]/D                               |
+--------+---------+--------+---------+---------+------------+--------+----------+---------+--------------------------------------------------+

*** Finish Core Optimize Step (cpu=0:00:13.3 real=0:00:13.0 mem=1857.8M) ***

*** Finished Optimize Step Cumulative (cpu=0:00:13.3 real=0:00:13.0 mem=1857.8M) ***
OptDebug: End of Optimizer WNS Pass 0:
+----------+-----+-----+
|Path Group|  WNS|  TNS|
+----------+-----+-----+
|default   |6.216|0.000|
|reg2reg   |0.046|0.000|
|HEPG      |0.046|0.000|
|All Paths |0.046|0.000|
+----------+-----+-----+

** GigaOpt Optimizer WNS Slack 0.046 TNS Slack 0.000 Density 46.09
Begin: Area Reclaim Optimization
*** AreaOpt #2 [begin] (WnsOpt #1 / place_opt_design #1) : totSession cpu/real = 0:01:17.4/0:01:19.9 (1.0), mem = 1857.8M
Reclaim Optimization WNS Slack 0.000  TNS Slack 0.000 Density 46.09
+---------+---------+--------+--------+------------+--------+
| Density | Commits |  WNS   |  TNS   |    Real    |  Mem   |
+---------+---------+--------+--------+------------+--------+
|   46.09%|        -|   0.000|   0.000|   0:00:00.0| 1857.8M|
|   45.70%|       76|   0.000|   0.000|   0:00:01.0| 1857.8M|
|   44.32%|      390|  -0.002|  -0.004|   0:00:03.0| 1857.8M|
|   44.29%|       10|  -0.002|  -0.004|   0:00:00.0| 1857.8M|
|   44.29%|        1|  -0.002|  -0.004|   0:00:00.0| 1857.8M|
|   44.29%|        0|  -0.002|  -0.004|   0:00:00.0| 1857.8M|
+---------+---------+--------+--------+------------+--------+
Reclaim Optimization End WNS Slack -0.002  TNS Slack -0.004 Density 44.29
Bottom Preferred Layer:
    None
Via Pillar Rule:
    None

Number of times islegalLocAvaiable called = 615 skipped = 0, called in commitmove = 401, skipped in commitmove = 0
End: Core Area Reclaim Optimization (cpu = 0:00:03.7) (real = 0:00:04.0) **
*** AreaOpt #2 [finish] (WnsOpt #1 / place_opt_design #1) : cpu/real = 0:00:03.7/0:00:03.8 (1.0), totSession cpu/real = 0:01:21.2/0:01:23.7 (1.0), mem = 1857.8M
End: Area Reclaim Optimization (cpu=0:00:04, real=0:00:04, mem=1857.77M, totSessionCpu=0:01:21).
*** Starting refinePlace (0:01:21 mem=1857.8M) ***
Total net bbox length = 1.823e+05 (8.171e+04 1.006e+05) (ext = 5.101e+02)
**WARN: (IMPSP-5140):	Global net connect rules have not been created. Added  insts would have no supply connectivity, and would fail DRC.
Type 'man IMPSP-5140' for more detail.
**WARN: (IMPSP-315):	Found 6837 instances insts with no PG Term connections.
Type 'man IMPSP-315' for more detail.

Starting Small incrNP...
Skipped incrNP (cpu=0:00:00.0, real=0:00:00.0, mem=1857.8M)
End of Small incrNP (cpu=0:00:00.0, real=0:00:00.0)
Move report: Detail placement moves 994 insts, mean move: 0.91 um, max move: 5.02 um 
	Max move on inst (alu_inst_muldiv_inst_mul_349_24_g9602): (49.68, 270.98) --> (51.98, 273.70)
	Runtime: CPU: 0:00:00.1 REAL: 0:00:00.0 MEM: 1857.8MB
Summary Report:
Instances move: 994 (out of 6837 movable)
Instances flipped: 0
Mean displacement: 0.91 um
Max displacement: 5.02 um (Instance: alu_inst_muldiv_inst_mul_349_24_g9602) (49.68, 270.98) -> (51.98, 273.7)
	Length: 3 sites, height: 1 rows, site name: unithd, cell type: sky130_fd_sc_hd__inv_1
Total net bbox length = 1.828e+05 (8.205e+04 1.007e+05) (ext = 5.101e+02)
Runtime: CPU: 0:00:00.1 REAL: 0:00:00.0 MEM: 1857.8MB
*** Finished refinePlace (0:01:21 mem=1857.8M) ***
*** maximum move = 5.02 um ***
*** Finished re-routing un-routed nets (1857.8M) ***

*** Finish Physical Update (cpu=0:00:00.2 real=0:00:00.0 mem=1857.8M) ***
** GigaOpt Optimizer WNS Slack -0.002 TNS Slack -0.004 Density 44.29
OptDebug: Start of Optimizer WNS Pass 1:
+----------+------+------+
|Path Group|   WNS|   TNS|
+----------+------+------+
|default   | 6.216| 0.000|
|reg2reg   |-0.002|-0.004|
|HEPG      |-0.002|-0.004|
|All Paths |-0.002|-0.004|
+----------+------+------+

Active Path Group: reg2reg  
+--------+---------+--------+---------+---------+------------+--------+----------+---------+--------------------------------------------------+
|  WNS   | All WNS |  TNS   | All TNS | Density |    Real    |  Mem   |Worst View|Pathgroup|                    End Point                     |
+--------+---------+--------+---------+---------+------------+--------+----------+---------+--------------------------------------------------+
|  -0.002|   -0.002|  -0.004|   -0.004|   44.29%|   0:00:00.0| 1857.8M|  VIEW_TYP|  reg2reg| result_r_reg[9]/D                                |
|   0.010|    0.010|   0.000|    0.000|   44.61%|   0:00:01.0| 1895.9M|  VIEW_TYP|  reg2reg| result_r_reg[6]/D                                |
|   0.024|    0.024|   0.000|    0.000|   44.73%|   0:00:01.0| 1895.9M|  VIEW_TYP|  reg2reg| result_r_reg[12]/D                               |
|   0.041|    0.041|   0.000|    0.000|   44.93%|   0:00:01.0| 1895.9M|  VIEW_TYP|  reg2reg| result_r_reg[12]/D                               |
|   0.063|    0.063|   0.000|    0.000|   44.94%|   0:00:00.0| 1895.9M|  VIEW_TYP|  reg2reg| result_r_reg[12]/D                               |
|   0.063|    0.063|   0.000|    0.000|   44.94%|   0:00:00.0| 1895.9M|  VIEW_TYP|  reg2reg| result_r_reg[12]/D                               |
+--------+---------+--------+---------+---------+------------+--------+----------+---------+--------------------------------------------------+

*** Finish Core Optimize Step (cpu=0:00:02.9 real=0:00:03.0 mem=1895.9M) ***

*** Finished Optimize Step Cumulative (cpu=0:00:03.0 real=0:00:03.0 mem=1895.9M) ***
OptDebug: End of Optimizer WNS Pass 1:
+----------+-----+-----+
|Path Group|  WNS|  TNS|
+----------+-----+-----+
|default   |6.216|0.000|
|reg2reg   |0.063|0.000|
|HEPG      |0.063|0.000|
|All Paths |0.063|0.000|
+----------+-----+-----+

** GigaOpt Optimizer WNS Slack 0.063 TNS Slack 0.000 Density 44.94
Begin: Area Reclaim Optimization
*** AreaOpt #3 [begin] (WnsOpt #1 / place_opt_design #1) : totSession cpu/real = 0:01:24.4/0:01:26.9 (1.0), mem = 1895.9M
Reclaim Optimization WNS Slack 0.000  TNS Slack 0.000 Density 44.94
+---------+---------+--------+--------+------------+--------+
| Density | Commits |  WNS   |  TNS   |    Real    |  Mem   |
+---------+---------+--------+--------+------------+--------+
|   44.94%|        -|   0.000|   0.000|   0:00:00.0| 1895.9M|
|   44.63%|       50|   0.000|   0.000|   0:00:01.0| 1895.9M|
|   44.04%|      172|  -0.005|  -0.009|   0:00:01.0| 1895.9M|
|   44.04%|        1|  -0.005|  -0.009|   0:00:01.0| 1895.9M|
|   44.04%|        0|  -0.005|  -0.009|   0:00:00.0| 1895.9M|
+---------+---------+--------+--------+------------+--------+
Reclaim Optimization End WNS Slack -0.005  TNS Slack -0.009 Density 44.04
Bottom Preferred Layer:
    None
Via Pillar Rule:
    None

Number of times islegalLocAvaiable called = 290 skipped = 0, called in commitmove = 173, skipped in commitmove = 0
End: Core Area Reclaim Optimization (cpu = 0:00:02.5) (real = 0:00:03.0) **
*** AreaOpt #3 [finish] (WnsOpt #1 / place_opt_design #1) : cpu/real = 0:00:02.5/0:00:02.6 (1.0), totSession cpu/real = 0:01:26.9/0:01:29.5 (1.0), mem = 1895.9M
End: Area Reclaim Optimization (cpu=0:00:02, real=0:00:03, mem=1857.93M, totSessionCpu=0:01:27).
*** Starting refinePlace (0:01:27 mem=1857.9M) ***
Total net bbox length = 1.839e+05 (8.237e+04 1.016e+05) (ext = 5.101e+02)
**WARN: (IMPSP-5140):	Global net connect rules have not been created. Added  insts would have no supply connectivity, and would fail DRC.
Type 'man IMPSP-5140' for more detail.
**WARN: (IMPSP-315):	Found 6875 instances insts with no PG Term connections.
Type 'man IMPSP-315' for more detail.

Starting Small incrNP...
Skipped incrNP (cpu=0:00:00.0, real=0:00:00.0, mem=1857.9M)
End of Small incrNP (cpu=0:00:00.0, real=0:00:00.0)
Move report: Detail placement moves 272 insts, mean move: 0.77 um, max move: 3.64 um 
	Max move on inst (g110497__116711): (158.24, 197.54) --> (157.32, 194.82)
	Runtime: CPU: 0:00:00.1 REAL: 0:00:00.0 MEM: 1857.9MB
Summary Report:
Instances move: 272 (out of 6875 movable)
Instances flipped: 0
Mean displacement: 0.77 um
Max displacement: 3.64 um (Instance: g110497__116711) (158.24, 197.54) -> (157.32, 194.82)
	Length: 5 sites, height: 1 rows, site name: unithd, cell type: sky130_fd_sc_hd__o22ai_1
Total net bbox length = 1.841e+05 (8.249e+04 1.016e+05) (ext = 5.101e+02)
Runtime: CPU: 0:00:00.1 REAL: 0:00:00.0 MEM: 1857.9MB
*** Finished refinePlace (0:01:27 mem=1857.9M) ***
*** maximum move = 3.64 um ***
*** Finished re-routing un-routed nets (1857.9M) ***

*** Finish Physical Update (cpu=0:00:00.2 real=0:00:00.0 mem=1857.9M) ***
** GigaOpt Optimizer WNS Slack -0.005 TNS Slack -0.009 Density 44.04
Active Path Group: reg2reg  
+--------+---------+--------+---------+---------+------------+--------+----------+---------+--------------------------------------------------+
|  WNS   | All WNS |  TNS   | All TNS | Density |    Real    |  Mem   |Worst View|Pathgroup|                    End Point                     |
+--------+---------+--------+---------+---------+------------+--------+----------+---------+--------------------------------------------------+
|  -0.005|   -0.005|  -0.009|   -0.009|   44.04%|   0:00:00.0| 1857.9M|  VIEW_TYP|  reg2reg| result_r_reg[5]/D                                |
|   0.003|    0.003|   0.000|    0.000|   44.36%|   0:00:01.0| 1879.5M|  VIEW_TYP|  reg2reg| result_r_reg[12]/D                               |
|   0.026|    0.026|   0.000|    0.000|   44.45%|   0:00:00.0| 1879.5M|  VIEW_TYP|  reg2reg| status_r_reg[1]/D                                |
|   0.035|    0.035|   0.000|    0.000|   44.60%|   0:00:01.0| 1879.5M|  VIEW_TYP|  reg2reg| result_r_reg[12]/D                               |
|   0.059|    0.059|   0.000|    0.000|   44.62%|   0:00:00.0| 1879.5M|  VIEW_TYP|  reg2reg| result_r_reg[12]/D                               |
|   0.059|    0.059|   0.000|    0.000|   44.62%|   0:00:00.0| 1879.5M|  VIEW_TYP|  reg2reg| result_r_reg[12]/D                               |
+--------+---------+--------+---------+---------+------------+--------+----------+---------+--------------------------------------------------+

*** Finish Core Optimize Step (cpu=0:00:02.2 real=0:00:02.0 mem=1879.5M) ***

*** Finished Optimize Step Cumulative (cpu=0:00:02.2 real=0:00:02.0 mem=1879.5M) ***
*** Starting refinePlace (0:01:29 mem=1857.5M) ***
Total net bbox length = 1.858e+05 (8.330e+04 1.025e+05) (ext = 5.101e+02)
**WARN: (IMPSP-5140):	Global net connect rules have not been created. Added  insts would have no supply connectivity, and would fail DRC.
Type 'man IMPSP-5140' for more detail.
**WARN: (IMPSP-315):	Found 6938 instances insts with no PG Term connections.
Type 'man IMPSP-315' for more detail.
Move report: Detail placement moves 143 insts, mean move: 2.26 um, max move: 17.74 um 
	Max move on inst (g127704): (172.50, 88.74) --> (176.64, 75.14)
	Runtime: CPU: 0:00:00.1 REAL: 0:00:00.0 MEM: 1860.6MB
Summary Report:
Instances move: 143 (out of 6938 movable)
Instances flipped: 0
Mean displacement: 2.26 um
Max displacement: 17.74 um (Instance: g127704) (172.5, 88.74) -> (176.64, 75.14)
	Length: 3 sites, height: 1 rows, site name: unithd, cell type: sky130_fd_sc_hd__nand2_1
Total net bbox length = 1.861e+05 (8.344e+04 1.026e+05) (ext = 5.101e+02)
Runtime: CPU: 0:00:00.1 REAL: 0:00:00.0 MEM: 1860.6MB
*** Finished refinePlace (0:01:29 mem=1860.6M) ***
*** maximum move = 17.74 um ***
*** Finished re-routing un-routed nets (1857.6M) ***

*** Finish Physical Update (cpu=0:00:00.1 real=0:00:00.0 mem=1857.6M) ***
** GigaOpt Optimizer WNS Slack 0.059 TNS Slack 0.000 Density 44.62
OptDebug: End of Setup Fixing:
+----------+-----+-----+
|Path Group|  WNS|  TNS|
+----------+-----+-----+
|default   |6.216|0.000|
|reg2reg   |0.059|0.000|
|HEPG      |0.059|0.000|
|All Paths |0.059|0.000|
+----------+-----+-----+

Bottom Preferred Layer:
    None
Via Pillar Rule:
    None

*** Finish pre-CTS Setup Fixing (cpu=0:00:25.6 real=0:00:26.0 mem=1857.6M) ***

*** WnsOpt #1 [finish] (place_opt_design #1) : cpu/real = 0:00:26.6/0:00:26.8 (1.0), totSession cpu/real = 0:01:29.5/0:01:32.1 (1.0), mem = 1775.5M
End: GigaOpt Optimization in WNS mode
*** Timing Is met
*** Check timing (0:00:00.0)
Info: 1 clock net  excluded from IPO operation.
Begin: Area Reclaim Optimization
*** AreaOpt #4 [begin] (place_opt_design #1) : totSession cpu/real = 0:01:29.5/0:01:32.1 (1.0), mem = 1832.7M
Reclaim Optimization WNS Slack 0.000  TNS Slack 0.000 Density 44.62
+---------+---------+--------+--------+------------+--------+
| Density | Commits |  WNS   |  TNS   |    Real    |  Mem   |
+---------+---------+--------+--------+------------+--------+
|   44.62%|        -|   0.000|   0.000|   0:00:00.0| 1832.7M|
|   43.86%|      162|   0.000|   0.000|   0:00:08.0| 1899.5M|
+---------+---------+--------+--------+------------+--------+
Reclaim Optimization End WNS Slack 0.000  TNS Slack 0.000 Density 43.86
Bottom Preferred Layer:
    None
Via Pillar Rule:
    None

Number of times islegalLocAvaiable called = 0 skipped = 0, called in commitmove = 0, skipped in commitmove = 0
End: Core Area Reclaim Optimization (cpu = 0:00:07.7) (real = 0:00:08.0) **
*** AreaOpt #4 [finish] (place_opt_design #1) : cpu/real = 0:00:07.7/0:00:07.8 (1.0), totSession cpu/real = 0:01:37.3/0:01:39.9 (1.0), mem = 1899.5M
End: Area Reclaim Optimization (cpu=0:00:08, real=0:00:08, mem=1781.39M, totSessionCpu=0:01:37).
Info: 1 clock net  excluded from IPO operation.
Begin: Area Reclaim Optimization
*** AreaOpt #5 [begin] (place_opt_design #1) : totSession cpu/real = 0:01:37.3/0:01:40.0 (1.0), mem = 1838.6M
Reclaim Optimization WNS Slack 0.000  TNS Slack 0.000 Density 43.86
+---------+---------+--------+--------+------------+--------+
| Density | Commits |  WNS   |  TNS   |    Real    |  Mem   |
+---------+---------+--------+--------+------------+--------+
|   43.86%|        -|   0.000|   0.000|   0:00:00.0| 1838.6M|
|   43.86%|        0|   0.000|   0.000|   0:00:00.0| 1838.6M|
|   43.82%|        9|   0.000|   0.000|   0:00:01.0| 1862.2M|
|   43.10%|      204|   0.000|   0.000|   0:00:01.0| 1862.2M|
|   43.06%|       16|   0.000|   0.000|   0:00:00.0| 1862.2M|
|   43.06%|        0|   0.000|   0.000|   0:00:00.0| 1862.2M|
|   43.06%|        0|   0.000|   0.000|   0:00:00.0| 1862.2M|
+---------+---------+--------+--------+------------+--------+
Reclaim Optimization End WNS Slack 0.000  TNS Slack 0.000 Density 43.06
Bottom Preferred Layer:
    None
Via Pillar Rule:
    None

Number of times islegalLocAvaiable called = 324 skipped = 0, called in commitmove = 220, skipped in commitmove = 0
End: Core Area Reclaim Optimization (cpu = 0:00:02.4) (real = 0:00:02.0) **
*** Starting refinePlace (0:01:40 mem=1862.2M) ***
Total net bbox length = 1.855e+05 (8.287e+04 1.026e+05) (ext = 5.101e+02)
**WARN: (IMPSP-5140):	Global net connect rules have not been created. Added  insts would have no supply connectivity, and would fail DRC.
Type 'man IMPSP-5140' for more detail.
**WARN: (IMPSP-315):	Found 6903 instances insts with no PG Term connections.
Type 'man IMPSP-315' for more detail.
Move report: Detail placement moves 228 insts, mean move: 1.60 um, max move: 13.76 um 
	Max move on inst (g108707): (118.22, 99.62) --> (107.18, 96.90)
	Runtime: CPU: 0:00:00.1 REAL: 0:00:01.0 MEM: 1866.3MB
Summary Report:
Instances move: 228 (out of 6903 movable)
Instances flipped: 0
Mean displacement: 1.60 um
Max displacement: 13.76 um (Instance: g108707) (118.22, 99.62) -> (107.18, 96.9)
	Length: 3 sites, height: 1 rows, site name: unithd, cell type: sky130_fd_sc_hd__nand2_1
Total net bbox length = 1.857e+05 (8.299e+04 1.027e+05) (ext = 5.101e+02)
Runtime: CPU: 0:00:00.1 REAL: 0:00:01.0 MEM: 1866.3MB
*** Finished refinePlace (0:01:40 mem=1866.3M) ***
*** maximum move = 13.76 um ***
*** Finished re-routing un-routed nets (1862.3M) ***

*** Finish Physical Update (cpu=0:00:00.1 real=0:00:01.0 mem=1862.3M) ***
*** AreaOpt #5 [finish] (place_opt_design #1) : cpu/real = 0:00:02.5/0:00:02.5 (1.0), totSession cpu/real = 0:01:39.8/0:01:42.5 (1.0), mem = 1862.3M
End: Area Reclaim Optimization (cpu=0:00:03, real=0:00:03, mem=1782.21M, totSessionCpu=0:01:40).
Begin: GigaOpt postEco DRV Optimization
*** DrvOpt #3 [begin] (place_opt_design #1) : totSession cpu/real = 0:01:39.9/0:01:42.6 (1.0), mem = 1782.2M
Info: 1 clock net  excluded from IPO operation.
+-------------------------------------------------------------------------------------------------------------------------------------------------------+
|        max-tran       |        max-cap        |  max-fanout |  max-length |       setup       |        |        |        |       |          |         |
+-------------------------------------------------------------------------------------------------------------------------------------------------------+
| nets | terms|  wViol  | nets | terms|  wViol  | nets | terms| nets | terms|   WNS   |   TNS   |  #Buf  |  #Inv  | #Resize|Density|   Real   |   Mem   |
+-------------------------------------------------------------------------------------------------------------------------------------------------------+
|     1|    13|    -0.01|     1|     1|    -0.00|     0|     0|     0|     0|     0.00|     0.00|       0|       0|       0| 43.06%|          |         |
|     0|     0|     0.00|     0|     0|     0.00|     0|     0|     0|     0|     0.00|     0.00|       1|       0|       0| 43.06%| 0:00:00.0|  1865.5M|
|     0|     0|     0.00|     0|     0|     0.00|     0|     0|     0|     0|     0.00|     0.00|       0|       0|       0| 43.06%| 0:00:00.0|  1865.5M|
+-------------------------------------------------------------------------------------------------------------------------------------------------------+
Bottom Preferred Layer:
    None
Via Pillar Rule:
    None

*** Finish DRV Fixing (cpu=0:00:00.1 real=0:00:00.0 mem=1865.5M) ***

*** DrvOpt #3 [finish] (place_opt_design #1) : cpu/real = 0:00:00.3/0:00:00.3 (1.0), totSession cpu/real = 0:01:40.2/0:01:42.8 (1.0), mem = 1782.5M
End: GigaOpt postEco DRV Optimization
Running refinePlace -preserveRouting true -hardFence false
*** Starting refinePlace (0:01:40 mem=1782.5M) ***
**WARN: (IMPSP-5140):	Global net connect rules have not been created. Added  insts would have no supply connectivity, and would fail DRC.
Type 'man IMPSP-5140' for more detail.
**WARN: (IMPSP-315):	Found 6904 instances insts with no PG Term connections.
Type 'man IMPSP-315' for more detail.

Starting Small incrNP...
Skipped incrNP (cpu=0:00:00.0, real=0:00:00.0, mem=1782.5M)
End of Small incrNP (cpu=0:00:00.0, real=0:00:00.0)
Move report: Detail placement moves 1 insts, mean move: 1.38 um, max move: 1.38 um 
	Max move on inst (FE_OFC1411_n_23): (80.96, 69.70) --> (79.58, 69.70)
	Runtime: CPU: 0:00:00.1 REAL: 0:00:00.0 MEM: 1783.5MB
Summary Report:
Instances move: 1 (out of 6904 movable)
Instances flipped: 0
Mean displacement: 1.38 um
Max displacement: 1.38 um (Instance: FE_OFC1411_n_23) (80.96, 69.7) -> (79.58, 69.7)
	Length: 3 sites, height: 1 rows, site name: unithd, cell type: sky130_fd_sc_hd__clkbuf_1
Runtime: CPU: 0:00:00.1 REAL: 0:00:00.0 MEM: 1783.5MB
*** Finished refinePlace (0:01:40 mem=1783.5M) ***
Register exp ratio and priority group on 0 nets on 6938 nets : 

Active setup views:
 VIEW_TYP
  Dominating endpoints: 0
  Dominating TNS: -0.000

Extraction called for design 'coprocessor' of instances=6904 and nets=6945 using extraction engine 'preRoute' .
**WARN: (IMPEXT-3530):	The process node is not set. Use the command setDesignMode -process <process node> prior to extraction for maximum accuracy and optimal automatic threshold setting.
Type 'man IMPEXT-3530' for more detail.
PreRoute RC Extraction called for design coprocessor.
RC Extraction called in multi-corner(1) mode.
**WARN: (IMPEXT-6197):	The Cap table file is not specified. This will result in lower parasitic accuracy when using preRoute extraction or postRoute extraction with effort level 'low'. It is recommended to generate the Cap table file using the 'generateCapTbl' command and specify it before extraction using 'create_rc_corner/update_rc_corner -cap_table'.
Type 'man IMPEXT-6197' for more detail.
RCMode: PreRoute
      RC Corner Indexes            0   
Capacitance Scaling Factor   : 1.00000 
Resistance Scaling Factor    : 1.00000 
Clock Cap. Scaling Factor    : 1.00000 
Clock Res. Scaling Factor    : 1.00000 
Shrink Factor                : 1.00000
PreRoute extraction is honoring NDR/Shielding/ExtraSpace for clock nets.
Skipped RC grid update for preRoute extraction.
Initializing multi-corner resistance tables ...
PreRoute RC Extraction DONE (CPU Time: 0:00:00.0  Real Time: 0:00:00.0  MEM: 1812.105M)
Skewing Data Summary (End_of_FINAL)
--------------------------------------------------
 Total skewed count:0
--------------------------------------------------
Starting delay calculation for Setup views
AAE_INFO: opIsDesignInPostRouteState() is 0
#################################################################################
# Design Stage: PreRoute
# Design Name: coprocessor
# Design Mode: 90nm
# Analysis Mode: MMMC Non-OCV 
# Parasitics Mode: No SPEF/RCDB 
# Signoff Settings: SI Off 
#################################################################################
Calculate delays in Single mode...
Start delay calculation (fullDC) (1 T). (MEM=1802.11)
Total number of fetched objects 6938
End delay calculation. (MEM=1786.14 CPU=0:00:00.5 REAL=0:00:01.0)
End delay calculation (fullDC). (MEM=1786.14 CPU=0:00:00.6 REAL=0:00:01.0)
*** Done Building Timing Graph (cpu=0:00:00.8 real=0:00:01.0 totSessionCpu=0:01:41 mem=1786.1M)
[NR-eGR] Track table information for default rule: 
[NR-eGR] li1 has single uniform track structure
[NR-eGR] met1 has single uniform track structure
[NR-eGR] met2 has single uniform track structure
[NR-eGR] met3 has single uniform track structure
[NR-eGR] met4 has single uniform track structure
[NR-eGR] met5 has single uniform track structure
[NR-eGR] Read 0 PG shapes
[NR-eGR] Read 0 clock shapes
[NR-eGR] Read 0 other shapes
[NR-eGR] #Routing Blockages  : 0
[NR-eGR] #Instance Blockages : 16382
[NR-eGR] #PG Blockages       : 0
[NR-eGR] #Halo Blockages     : 0
[NR-eGR] #Boundary Blockages : 0
[NR-eGR] #Clock Blockages    : 0
[NR-eGR] #Other Blockages    : 0
[NR-eGR] Num Prerouted Nets = 0  Num Prerouted Wires = 0
[NR-eGR] Read 6933 nets ( ignored 0 )
[NR-eGR] There are 1 clock nets ( 0 with NDR ).
[NR-eGR] ============ Routing rule table ============
[NR-eGR] Rule id: 0  Nets: 6933
[NR-eGR] ========================================
[NR-eGR] 
[NR-eGR] Layer group 1: route 6933 net(s) in layer range [2, 6]
[NR-eGR] Early Global Route overflow of layer group 1: 3.91% H + 2.53% V. EstWL: 2.163733e+05um
[NR-eGR] Congestion Analysis By layer: (blocked Gcells are excluded) 
[NR-eGR]                        OverCon           OverCon           OverCon            
[NR-eGR]                         #Gcell            #Gcell            #Gcell     %Gcell
[NR-eGR]        Layer             (1-2)             (3-4)             (5-6)    OverCon
[NR-eGR] --------------------------------------------------------------------------------
[NR-eGR]     li1 ( 1)         0( 0.00%)         0( 0.00%)         0( 0.00%)   ( 0.00%) 
[NR-eGR]    met1 ( 2)       451( 3.16%)        19( 0.13%)         0( 0.00%)   ( 3.29%) 
[NR-eGR]    met2 ( 3)       419( 2.93%)        18( 0.13%)         1( 0.01%)   ( 3.07%) 
[NR-eGR]    met3 ( 4)       484( 3.39%)        34( 0.24%)         4( 0.03%)   ( 3.66%) 
[NR-eGR]    met4 ( 5)        26( 0.18%)         3( 0.02%)         0( 0.00%)   ( 0.20%) 
[NR-eGR]    met5 ( 6)         0( 0.00%)         0( 0.00%)         0( 0.00%)   ( 0.00%) 
[NR-eGR] --------------------------------------------------------------------------------
[NR-eGR]        Total      1380( 2.04%)        74( 0.11%)         5( 0.01%)   ( 2.16%) 
[NR-eGR] 
[NR-eGR] Overflow after Early Global Route 1.21% H + 0.92% V
[NR-eGR] Finished Early Global Route kernel ( CPU: 0.11 sec, Real: 0.11 sec, Curr Mem: 1794.14 MB )
[hotspot] +------------+---------------+---------------+
[hotspot] |            |   max hotspot | total hotspot |
[hotspot] +------------+---------------+---------------+
[hotspot] | normalized |          2.00 |          7.00 |
[hotspot] +------------+---------------+---------------+
Local HotSpot Analysis: normalized max congestion hotspot area = 2.00, normalized total congestion hotspot area = 7.00 (area is in unit of 4 std-cell row bins)
[hotspot] top 5 congestion hotspot bounding boxes and scores of normalized hotspot
[hotspot] +-----+-------------------------------------+---------------+
[hotspot] | top |            hotspot bbox             | hotspot score |
[hotspot] +-----+-------------------------------------+---------------+
[hotspot] |  1  |   263.08   230.18   273.96   251.94 |        2.00   |
[hotspot] +-----+-------------------------------------+---------------+
[hotspot] |  2  |   230.44   132.26   241.32   143.14 |        1.00   |
[hotspot] +-----+-------------------------------------+---------------+
[hotspot] |  3  |   252.20   143.14   263.08   154.02 |        1.00   |
[hotspot] +-----+-------------------------------------+---------------+
[hotspot] |  4  |   252.20   164.90   263.08   175.78 |        1.00   |
[hotspot] +-----+-------------------------------------+---------------+
[hotspot] |  5  |   143.40   230.18   154.28   241.06 |        1.00   |
[hotspot] +-----+-------------------------------------+---------------+
[hotspot] Hotspot report including placement blocked areas
[hotspot] +------------+---------------+---------------+
[hotspot] |            |   max hotspot | total hotspot |
[hotspot] +------------+---------------+---------------+
[hotspot] | normalized |          2.00 |          7.00 |
[hotspot] +------------+---------------+---------------+
Local HotSpot Analysis (blockage included): normalized max congestion hotspot area = 2.00, normalized total congestion hotspot area = 7.00 (area is in unit of 4 std-cell row bins)
[hotspot] top 5 congestion hotspot bounding boxes and scores of normalized hotspot
[hotspot] +-----+-------------------------------------+---------------+
[hotspot] | top |            hotspot bbox             | hotspot score |
[hotspot] +-----+-------------------------------------+---------------+
[hotspot] |  1  |   263.08   230.18   273.96   251.94 |        2.00   |
[hotspot] +-----+-------------------------------------+---------------+
[hotspot] |  2  |   230.44   132.26   241.32   143.14 |        1.00   |
[hotspot] +-----+-------------------------------------+---------------+
[hotspot] |  3  |   252.20   143.14   263.08   154.02 |        1.00   |
[hotspot] +-----+-------------------------------------+---------------+
[hotspot] |  4  |   252.20   164.90   263.08   175.78 |        1.00   |
[hotspot] +-----+-------------------------------------+---------------+
[hotspot] |  5  |   143.40   230.18   154.28   241.06 |        1.00   |
[hotspot] +-----+-------------------------------------+---------------+
Reported timing to dir ./timingReports
**optDesign ... cpu = 0:01:18, real = 0:01:19, mem = 1608.7M, totSessionCpu=0:01:41 **

------------------------------------------------------------------
     optDesign Final Summary
------------------------------------------------------------------

Setup views included:
 VIEW_TYP 

+--------------------+---------+---------+---------+
|     Setup mode     |   all   | reg2reg | default |
+--------------------+---------+---------+---------+
|           WNS (ns):| -0.003  | -0.003  |  6.280  |
|           TNS (ns):| -0.003  | -0.003  |  0.000  |
|    Violating Paths:|    1    |    1    |    0    |
|          All Paths:|   345   |   224   |   121   |
+--------------------+---------+---------+---------+

+----------------+-------------------------------+------------------+
|                |              Real             |       Total      |
|    DRVs        +------------------+------------+------------------|
|                |  Nr nets(terms)  | Worst Vio  |  Nr nets(terms)  |
+----------------+------------------+------------+------------------+
|   max_cap      |      0 (0)       |   0.000    |      0 (0)       |
|   max_tran     |      0 (0)       |   0.000    |      0 (0)       |
|   max_fanout   |      0 (0)       |     0      |      0 (0)       |
|   max_length   |      0 (0)       |     0      |      0 (0)       |
+----------------+------------------+------------+------------------+

Density: 43.063%
Routing Overflow: 1.21% H and 0.92% V
------------------------------------------------------------------
**optDesign ... cpu = 0:01:19, real = 0:01:20, mem = 1612.2M, totSessionCpu=0:01:42 **
**WARN: (IMPOPT-3195):	Analysis mode has changed.
Type 'man IMPOPT-3195' for more detail.
*** Finished optDesign ***
Disable CTE adjustment.
**place_opt_design ... cpu = 0:01:31, real = 0:01:34, mem = 1712.6M **
*** Finished GigaPlace ***

*** Summary of all messages that are not suppressed in this session:
Severity  ID               Count  Summary                                  
WARNING   IMPEXT-6197          3  The Cap table file is not specified. Thi...
WARNING   IMPEXT-2882          5  Unable to find the resistance for via '%...
WARNING   IMPEXT-3530          3  The process node is not set. Use the com...
WARNING   IMPSP-5140           7  Global net connect rules have not been c...
WARNING   IMPSP-315            7  Found %d instances insts with no PG Term...
WARNING   IMPSP-9025           2  No scan chain specified/traced.          
ERROR     IMPSP-9099           2  Scan chains exist in this design but are...
WARNING   IMPOPT-576           1  %d nets have unplaced terms.             
WARNING   IMPOPT-3195          2  Analysis mode has changed.               
WARNING   IMPOPT-665           4  %s : Net has unplaced terms or is connec...
*** Message Summary: 34 warning(s), 2 error(s)

*** place_opt_design #1 [finish] : cpu/real = 0:01:31.2/0:01:34.6 (1.0), totSession cpu/real = 0:01:41.7/0:01:45.1 (1.0), mem = 1712.6M
<CMD> saveDesign ./runB/place.enc
#% Begin save design ... (date=09/24 16:18:25, mem=1551.9M)
% Begin Save ccopt configuration ... (date=09/24 16:18:25, mem=1551.9M)
% End Save ccopt configuration ... (date=09/24 16:18:25, total cpu=0:00:00.0, real=0:00:00.0, peak res=1553.5M, current mem=1553.5M)
% Begin Save netlist data ... (date=09/24 16:18:25, mem=1553.5M)
Writing Binary DB to ./runB/place.enc.dat/coprocessor.v.bin in single-threaded mode...
% End Save netlist data ... (date=09/24 16:18:25, total cpu=0:00:00.0, real=0:00:00.0, peak res=1553.8M, current mem=1553.8M)
Saving symbol-table file ...
Saving congestion map file ./runB/place.enc.dat/coprocessor.route.congmap.gz ...
% Begin Save AAE data ... (date=09/24 16:18:25, mem=1553.8M)
Saving AAE Data ...
% End Save AAE data ... (date=09/24 16:18:26, total cpu=0:00:00.0, real=0:00:00.0, peak res=1553.8M, current mem=1553.8M)
Saving preference file ./runB/place.enc.dat/gui.pref.tcl ...
Saving mode setting ...
Saving global file ...
% Begin Save floorplan data ... (date=09/24 16:18:26, mem=1555.3M)
Saving floorplan file ...
% End Save floorplan data ... (date=09/24 16:18:26, total cpu=0:00:00.0, real=0:00:00.0, peak res=1555.3M, current mem=1555.3M)
Saving Drc markers ...
... No Drc file written since there is no markers found.
% Begin Save placement data ... (date=09/24 16:18:26, mem=1555.3M)
** Saving stdCellPlacement_binary (version# 2) ...
Save Adaptive View Pruning View Names to Binary file
% End Save placement data ... (date=09/24 16:18:26, total cpu=0:00:00.0, real=0:00:00.0, peak res=1555.6M, current mem=1555.6M)
% Begin Save routing data ... (date=09/24 16:18:26, mem=1555.6M)
Saving route file ...
*** Completed saveRoute (cpu=0:00:00.0 real=0:00:00.0 mem=1714.1M) ***
% End Save routing data ... (date=09/24 16:18:26, total cpu=0:00:00.0, real=0:00:00.0, peak res=1555.9M, current mem=1555.9M)
Saving property file ./runB/place.enc.dat/coprocessor.prop
*** Completed saveProperty (cpu=0:00:00.0 real=0:00:00.0 mem=1717.1M) ***
Saving rc congestion map ./runB/place.enc.dat/coprocessor.congmap.gz ...
% Begin Save power constraints data ... (date=09/24 16:18:26, mem=1557.1M)
% End Save power constraints data ... (date=09/24 16:18:26, total cpu=0:00:00.0, real=0:00:00.0, peak res=1557.1M, current mem=1557.1M)
RC_TYP
Generated self-contained design place.enc.dat
#% End save design ... (date=09/24 16:18:26, total cpu=0:00:00.3, real=0:00:01.0, peak res=1559.6M, current mem=1559.6M)
*** Message Summary: 0 warning(s), 0 error(s)

<CMD> ccopt_design
#% Begin ccopt_design (date=09/24 16:18:26, mem=1559.6M)
Turning off fast DC mode.
*** ccopt_design #1 [begin] : totSession cpu/real = 0:01:42.0/0:01:46.2 (1.0), mem = 1731.8M
Runtime...
**INFO: User's settings:
setNanoRouteMode -extractThirdPartyCompatible  false
setNanoRouteMode -grouteExpTdStdDelay          42.5
setExtractRCMode -engine                       preRoute
setDelayCalMode -enable_high_fanout            true
setDelayCalMode -engine                        aae
setDelayCalMode -ignoreNetLoad                 false
setDelayCalMode -socv_accuracy_mode            low
setOptMode -activeHoldViews                    { VIEW_TYP }
setOptMode -activeSetupViews                   { VIEW_TYP }
setOptMode -autoSetupViews                     { VIEW_TYP}
setOptMode -autoTDGRSetupViews                 { VIEW_TYP}
setOptMode -drcMargin                          0
setOptMode -fixDrc                             true
setOptMode -optimizeFF                         true
setOptMode -preserveAllSequential              true
setOptMode -setupTargetSlack                   0

(ccopt_design): CTS Engine: auto. Used Spec: CCOPT spec from create_ccopt_clock_tree_spec.
(ccopt_design): create_ccopt_clock_tree_spec
Creating clock tree spec for modes (timing configs): CONSTRAINTS
extract_clock_generator_skew_groups=true: create_ccopt_clock_tree_spec will generate skew groups with a name prefix of "_clock_gen" to balance clock generator connected flops with the clock generator they drive.
Reset timing graph...
Ignoring AAE DB Resetting ...
Reset timing graph done.
Ignoring AAE DB Resetting ...
Analyzing clock structure...
Analyzing clock structure done.
Reset timing graph...
Ignoring AAE DB Resetting ...
Reset timing graph done.
Extracting original clock gating for clk...
  clock_tree clk contains 119 sinks and 0 clock gates.
Extracting original clock gating for clk done.
The skew group clk/CONSTRAINTS was created. It contains 119 sinks and 1 sources.
Checking clock tree convergence...
Checking clock tree convergence done.
Placement constraints of type 'region' or 'fence' will not be downgraded to 'guide' because the property change_fences_to_guides has been set to false.
Set place::cacheFPlanSiteMark to 1
'setDesignMode -flowEffort standard' => 'setOptMode -usefulSkewCCOpt standard' 
Using CCOpt effort standard.
CCOpt::Phase::Initialization...
Check Prerequisites...
Leaving CCOpt scope - CheckPlace...
Begin checking placement ... (start mem=1731.8M, init mem=1731.8M)
*info: Placed = 6904          
*info: Unplaced = 0           
Placement Density:43.06%(40613/94310)
Placement Density (including fixed std cells):43.06%(40613/94310)
Finished checkPlace (total: cpu=0:00:00.0, real=0:00:00.0; vio checks: cpu=0:00:00.0, real=0:00:00.0; mem=1731.8M)
Leaving CCOpt scope - CheckPlace done. (took cpu=0:00:00.0 real=0:00:00.0)
Innovus will update I/O latencies
Found 0 ideal nets, 0 pins with transition annotations, 0 instances with delay annotations, 0 nets with delay annotations, refer to logv for details.

Check Prerequisites done. (took cpu=0:00:00.0 real=0:00:00.0)
CCOpt::Phase::Initialization done. (took cpu=0:00:00.0 real=0:00:00.0)
Executing ccopt post-processing.
Synthesizing clock trees with CCOpt...
*** CTS #1 [begin] (ccopt_design #1) : totSession cpu/real = 0:01:42.2/0:01:46.4 (1.0), mem = 1731.8M
CCOpt::Phase::PreparingToBalance...
Leaving CCOpt scope - Initializing power interface...
Leaving CCOpt scope - Initializing power interface done. (took cpu=0:00:00.0 real=0:00:00.0)
Found 0 advancing pin insertion delay (0.000% of 119 clock tree sinks)
Found 0 delaying pin insertion delay (0.000% of 119 clock tree sinks)
Leaving CCOpt scope - optDesignGlobalRouteStep...
[NR-eGR] Started Early Global Route kernel ( Curr Mem: 1725.79 MB )
[NR-eGR] Track table information for default rule: 
[NR-eGR] li1 has single uniform track structure
[NR-eGR] met1 has single uniform track structure
[NR-eGR] met2 has single uniform track structure
[NR-eGR] met3 has single uniform track structure
[NR-eGR] met4 has single uniform track structure
[NR-eGR] met5 has single uniform track structure
[NR-eGR] Read 0 PG shapes
[NR-eGR] Read 0 clock shapes
[NR-eGR] Read 0 other shapes
[NR-eGR] #Routing Blockages  : 0
[NR-eGR] #Instance Blockages : 16382
[NR-eGR] #PG Blockages       : 0
[NR-eGR] #Halo Blockages     : 0
[NR-eGR] #Boundary Blockages : 0
[NR-eGR] #Clock Blockages    : 0
[NR-eGR] #Other Blockages    : 0
[NR-eGR] Num Prerouted Nets = 0  Num Prerouted Wires = 0
[NR-eGR] Read 6933 nets ( ignored 0 )
[NR-eGR] There are 1 clock nets ( 0 with NDR ).
[NR-eGR] ============ Routing rule table ============
[NR-eGR] Rule id: 0  Nets: 6933
[NR-eGR] ========================================
[NR-eGR] 
[NR-eGR] Layer group 1: route 6933 net(s) in layer range [2, 6]
[NR-eGR] Early Global Route overflow of layer group 1: 3.91% H + 2.53% V. EstWL: 2.163733e+05um
[NR-eGR] Congestion Analysis By layer: (blocked Gcells are excluded) 
[NR-eGR]                        OverCon           OverCon           OverCon            
[NR-eGR]                         #Gcell            #Gcell            #Gcell     %Gcell
[NR-eGR]        Layer             (1-2)             (3-4)             (5-6)    OverCon
[NR-eGR] --------------------------------------------------------------------------------
[NR-eGR]     li1 ( 1)         0( 0.00%)         0( 0.00%)         0( 0.00%)   ( 0.00%) 
[NR-eGR]    met1 ( 2)       451( 3.16%)        19( 0.13%)         0( 0.00%)   ( 3.29%) 
[NR-eGR]    met2 ( 3)       419( 2.93%)        18( 0.13%)         1( 0.01%)   ( 3.07%) 
[NR-eGR]    met3 ( 4)       484( 3.39%)        34( 0.24%)         4( 0.03%)   ( 3.66%) 
[NR-eGR]    met4 ( 5)        26( 0.18%)         3( 0.02%)         0( 0.00%)   ( 0.20%) 
[NR-eGR]    met5 ( 6)         0( 0.00%)         0( 0.00%)         0( 0.00%)   ( 0.00%) 
[NR-eGR] --------------------------------------------------------------------------------
[NR-eGR]        Total      1380( 2.04%)        74( 0.11%)         5( 0.01%)   ( 2.16%) 
[NR-eGR] 
[NR-eGR] Overflow after Early Global Route 1.21% H + 0.92% V
[NR-eGR]               Length (um)   Vias 
[NR-eGR] ---------------------------------
[NR-eGR]  li1   (1V)             0  22715 
[NR-eGR]  met1  (2H)         71864  33287 
[NR-eGR]  met2  (3V)         89632   3199 
[NR-eGR]  met3  (4H)         32322   1761 
[NR-eGR]  met4  (5V)         31171     29 
[NR-eGR]  met5  (6H)            79      0 
[NR-eGR] ---------------------------------
[NR-eGR]        Total       225069  60991 
[NR-eGR] --------------------------------------------------------------------------
[NR-eGR] Total half perimeter of net bounding box: 185689um
[NR-eGR] Total length: 225069um, number of vias: 60991
[NR-eGR] --------------------------------------------------------------------------
[NR-eGR] Total eGR-routed clock nets wire length: 648um, number of vias: 351
[NR-eGR] --------------------------------------------------------------------------
[NR-eGR] Finished Early Global Route kernel ( CPU: 0.18 sec, Real: 0.18 sec, Curr Mem: 1725.79 MB )
Leaving CCOpt scope - optDesignGlobalRouteStep done. (took cpu=0:00:00.2 real=0:00:00.2)
Legalization setup...
Using cell based legalization.
Initializing placement interface...
  Use check_library -place or consult logv if problems occur.
  Leaving CCOpt scope - Initializing placement interface...
  Leaving CCOpt scope - Initializing placement interface done. (took cpu=0:00:00.0 real=0:00:00.0)
Initializing placement interface done.
Leaving CCOpt scope - Cleaning up placement interface...
Leaving CCOpt scope - Cleaning up placement interface done. (took cpu=0:00:00.0 real=0:00:00.0)
Leaving CCOpt scope - Initializing placement interface...
Leaving CCOpt scope - Initializing placement interface done. (took cpu=0:00:00.0 real=0:00:00.0)
Legalization setup done. (took cpu=0:00:00.0 real=0:00:00.0)
Validating CTS configuration...
Checking module port directions...
Checking module port directions done. (took cpu=0:00:00.0 real=0:00:00.0)
Non-default CCOpt properties:
  Public non-default CCOpt properties:
    cts_merge_clock_gates is set for at least one object
    cts_merge_clock_logic is set for at least one object
    route_type is set for at least one object
  No private non-default CCOpt properties
Route type trimming info:
  No route type modifications were made.
**WARN: (IMPCCOPT-1183):	The library has no usable balanced buffers for power domain auto-default, while balancing clock_tree clk. If this is not intended behavior, you can specify a list of lib_cells to use with the buffer_cells property.
Updating RC grid for preRoute extraction ...
Initializing multi-corner resistance tables ...
**ERROR: (IMPCCOPT-1209):	Non-leaf transition time target of 0.133ns is too low on the rising edge. The largest clock gate is unable to drive the largest inverter in power_domain auto-default. To adhere to the given transition time target, you will need to select a stronger clock gate, increase the transition time target to at least 0.133ns or remove these driver cells from the CTS cell lists:  sky130_fd_sc_hd__clkinv_16.
Type 'man IMPCCOPT-1209' for more detail.
Clock tree balancer configuration for clock_tree clk:
Non-default CCOpt properties:
  Public non-default CCOpt properties:
    cts_merge_clock_gates: true (default: false)
    cts_merge_clock_logic: true (default: false)
    route_type (leaf): default_route_type_leaf (default: default)
    route_type (top): default_route_type_nonleaf (default: default)
    route_type (trunk): default_route_type_nonleaf (default: default)
  No private non-default CCOpt properties
For power domain auto-default:
  Buffers:     
  Inverters:   {sky130_fd_sc_hd__clkinv_16 sky130_fd_sc_hd__clkinv_8 sky130_fd_sc_hd__clkinv_4 sky130_fd_sc_hd__clkinv_2}
  Clock gates (with test): sky130_fd_sc_hd__sdlclkp_4 sky130_fd_sc_hd__sdlclkp_2 sky130_fd_sc_hd__sdlclkp_1 
  Clock gates   (no test): sky130_fd_sc_hd__dlclkp_4 sky130_fd_sc_hd__dlclkp_2 sky130_fd_sc_hd__dlclkp_1 
  Unblocked area available for placement of any clock cells in power_domain auto-default: 94310.451um^2
Top Routing info:
  Route-type name: default_route_type_nonleaf; Top/bottom preferred layer name: met3/met2; 
  Unshielded; Mask Constraint: 0; Source: route_type.
Trunk Routing info:
  Route-type name: default_route_type_nonleaf; Top/bottom preferred layer name: met3/met2; 
  Unshielded; Preferred extra space: 1; Mask Constraint: 0; Source: route_type.
Leaf Routing info:
  Route-type name: default_route_type_leaf; Top/bottom preferred layer name: met3/met2; 
  Unshielded; Preferred extra space: 1; Mask Constraint: 0; Source: route_type.
For timing_corner DELAY_TYP:both, late and power domain auto-default:
  Slew time target (leaf):    0.133ns
  Slew time target (trunk):   0.133ns
  Slew time target (top):     0.133ns (Note: no nets are considered top nets in this clock tree)
  Buffer unit delay: 0.148ns
  Buffer max distance: 741.132um
Fastest wire driving cells and distances:
  Inverter  : {lib_cell:sky130_fd_sc_hd__clkinv_16, fastest_considered_half_corner=DELAY_TYP:both.late, optimalDrivingDistance=741.132um, saturatedSlew=0.122ns, speed=4775.335um per ns, cellArea=40.517um^2 per 1000um}
  Clock gate (with test): {lib_cell:sky130_fd_sc_hd__sdlclkp_4, fastest_considered_half_corner=DELAY_TYP:both.late, optimalDrivingDistance=201.042um, saturatedSlew=0.121ns, speed=870.689um per ns, cellArea=112.024um^2 per 1000um}
  Clock gate   (no test): {lib_cell:sky130_fd_sc_hd__dlclkp_4, fastest_considered_half_corner=DELAY_TYP:both.late, optimalDrivingDistance=186.468um, saturatedSlew=0.121ns, speed=794.834um per ns, cellArea=114.070um^2 per 1000um}


Logic Sizing Table:

----------------------------------------------------------
Cell    Instance count    Source    Eligible library cells
----------------------------------------------------------
  (empty table)
----------------------------------------------------------


Clock tree balancer configuration for skew_group clk/CONSTRAINTS:
  Sources:                     pin clk
  Total number of sinks:       119
  Delay constrained sinks:     119
  Constrains:                  default
  Non-leaf sinks:              0
  Ignore pins:                 0
 Timing corner DELAY_TYP:both.late:
  Skew target:                 0.148ns
Primary reporting skew groups are:
skew_group clk/CONSTRAINTS with 119 clock sinks

Clock DAG stats initial state:
  cell counts      : b=0, i=0, icg=0, dcg=0, l=0, total=0
  sink counts      : regular=119, enable_latch=0, load_capacitance=0, antenna=0, node_sink=0, total=119
  misc counts      : r=1, pp=0
  cell areas       : b=0.000um^2, i=0.000um^2, icg=0.000um^2, dcg=0.000um^2, l=0.000um^2, total=0.000um^2
  hp wire lengths  : top=0.000um, trunk=0.000um, leaf=0.000um, total=0.000um
No ideal or dont_touch nets found in the clock tree
No dont_touch hnets found in the clock tree
No dont_touch hpins found in the clock network.
Checking for illegal sizes of clock logic instances...
Checking for illegal sizes of clock logic instances done. (took cpu=0:00:00.0 real=0:00:00.0)
Validating CTS configuration done. (took cpu=0:00:00.3 real=0:00:00.3)
CCOpt configuration status: all checks passed.
Adding exclusion drivers to pins that are effective_sink_type exclude...
    Adding exclusion drivers (these will be instances of the smallest area library cells).
  No exclusion drivers are needed.
Adding exclusion drivers to pins that are effective_sink_type exclude done.
Antenna diode management...
  Found 0 antenna diodes in the clock trees.
  
Antenna diode management done.
Adding driver cells for primary IOs...
  
  ----------------------------------------------------------------------------------------------
  CCOpt reported the following when adding drivers below input ports and above output ports     
  ----------------------------------------------------------------------------------------------
    (empty table)
  ----------------------------------------------------------------------------------------------
  
  
Adding driver cells for primary IOs done.
Adding driver cell for primary IO roots...
Adding driver cell for primary IO roots done.
Maximizing clock DAG abstraction...
  Removing clock DAG drivers
Maximizing clock DAG abstraction done.
CCOpt::Phase::PreparingToBalance done. (took cpu=0:00:00.5 real=0:00:00.5)
Synthesizing clock trees...
  Preparing To Balance...
  Leaving CCOpt scope - Cleaning up placement interface...
  Leaving CCOpt scope - Cleaning up placement interface done. (took cpu=0:00:00.0 real=0:00:00.0)
  Leaving CCOpt scope - Initializing placement interface...
  Leaving CCOpt scope - Initializing placement interface done. (took cpu=0:00:00.0 real=0:00:00.0)
  Merging duplicate siblings in DAG...
    Clock DAG stats before merging:
      cell counts      : b=0, i=0, icg=0, dcg=0, l=0, total=0
      sink counts      : regular=119, enable_latch=0, load_capacitance=0, antenna=0, node_sink=0, total=119
      misc counts      : r=1, pp=0
      cell areas       : b=0.000um^2, i=0.000um^2, icg=0.000um^2, dcg=0.000um^2, l=0.000um^2, total=0.000um^2
      hp wire lengths  : top=0.000um, trunk=0.000um, leaf=0.000um, total=0.000um
    Resynthesising clock tree into netlist...
      Reset timing graph...
Ignoring AAE DB Resetting ...
      Reset timing graph done.
    Resynthesising clock tree into netlist done.
    Merging duplicate clock dag driver clones in DAG...
    Merging duplicate clock dag driver clones in DAG done.
    
    Disconnecting clock tree from netlist...
    Disconnecting clock tree from netlist done.
  Merging duplicate siblings in DAG done.
  Applying movement limits...
  Applying movement limits done.
  Preparing To Balance done. (took cpu=0:00:00.0 real=0:00:00.0)
  CCOpt::Phase::Construction...
  Stage::Clustering...
  Clustering...
    Initialize for clustering...
    Clock DAG stats before clustering:
      cell counts      : b=0, i=0, icg=0, dcg=0, l=0, total=0
      sink counts      : regular=119, enable_latch=0, load_capacitance=0, antenna=0, node_sink=0, total=119
      misc counts      : r=1, pp=0
      cell areas       : b=0.000um^2, i=0.000um^2, icg=0.000um^2, dcg=0.000um^2, l=0.000um^2, total=0.000um^2
      hp wire lengths  : top=0.000um, trunk=0.000um, leaf=0.000um, total=0.000um
    Computing max distances from locked parents...
      Computing distance_from_locked_parent_restrictions for 0 nodes driven by 0 locked parents
    Computing max distances from locked parents done.
    Computing optimal clock node locations...
    : ...20% ...40% ...60% ...80% ...100% 
    Computing optimal clock node locations done. (took cpu=0:00:00.0 real=0:00:00.0)
    Initialize for clustering done. (took cpu=0:00:00.0 real=0:00:00.0)
    Bottom-up phase...
    Clustering bottom-up starting from leaves...
      Clustering clock_tree clk...
          Clock tree timing engine global stage delay update for DELAY_TYP:both.late...
          Clock tree timing engine global stage delay update for DELAY_TYP:both.late done. (took cpu=0:00:00.0 real=0:00:00.0)
      Clustering clock_tree clk done.
    Clustering bottom-up starting from leaves done.
    Rebuilding the clock tree after clustering...
    Rebuilding the clock tree after clustering done.
    Clock DAG stats after bottom-up phase:
      cell counts      : b=0, i=3, icg=0, dcg=0, l=0, total=3
      sink counts      : regular=119, enable_latch=0, load_capacitance=0, antenna=0, node_sink=0, total=119
      misc counts      : r=1, pp=0
      cell areas       : b=0.000um^2, i=90.086um^2, icg=0.000um^2, dcg=0.000um^2, l=0.000um^2, total=90.086um^2
      hp wire lengths  : top=0.000um, trunk=10.120um, leaf=259.990um, total=270.110um
    Clock DAG library cell distribution after bottom-up phase {count}:
       Invs: sky130_fd_sc_hd__clkinv_16: 3 
    Bottom-up phase done. (took cpu=0:00:00.0 real=0:00:00.0)
    Legalizing clock trees...
    Resynthesising clock tree into netlist...
      Reset timing graph...
Ignoring AAE DB Resetting ...
      Reset timing graph done.
    Resynthesising clock tree into netlist done.
    Commiting net attributes....
    Commiting net attributes. done.
    Leaving CCOpt scope - ClockRefiner...
    Performing a single pass refine place with checks partially disabled for clock sinks and datapath.
*** Starting refinePlace (0:01:43 mem=1730.6M) ***
Total net bbox length = 1.858e+05 (8.309e+04 1.028e+05) (ext = 6.047e+02)
Move report: Detail placement moves 19 insts, mean move: 2.90 um, max move: 8.16 um 
	Max move on inst (uart_inst_uart_rx_inst_rx_valid_reg): (125.58, 28.90) --> (125.58, 20.74)
	Runtime: CPU: 0:00:00.1 REAL: 0:00:00.0 MEM: 1749.6MB
Summary Report:
Instances move: 19 (out of 6907 movable)
Instances flipped: 0
Mean displacement: 2.90 um
Max displacement: 8.16 um (Instance: uart_inst_uart_rx_inst_rx_valid_reg) (125.58, 28.9) -> (125.58, 20.74)
	Length: 20 sites, height: 1 rows, site name: unithd, cell type: sky130_fd_sc_hd__dfrtp_1
Total net bbox length = 1.859e+05 (8.310e+04 1.028e+05) (ext = 5.993e+02)
Runtime: CPU: 0:00:00.1 REAL: 0:00:00.0 MEM: 1749.6MB
*** Finished refinePlace (0:01:43 mem=1749.6M) ***
    ClockRefiner summary
    All clock instances: Moved 9, flipped 4 and cell swapped 0 (out of a total of 122).
    The largest move was 8.16 um for uart_inst_uart_rx_inst_rx_valid_reg.
    Leaving CCOpt scope - ClockRefiner done. (took cpu=0:00:00.1 real=0:00:00.1)
    Disconnecting clock tree from netlist...
    Disconnecting clock tree from netlist done.
    Leaving CCOpt scope - Cleaning up placement interface...
    Leaving CCOpt scope - Cleaning up placement interface done. (took cpu=0:00:00.0 real=0:00:00.0)
    Leaving CCOpt scope - Initializing placement interface...
    Leaving CCOpt scope - Initializing placement interface done. (took cpu=0:00:00.0 real=0:00:00.0)
    Clock tree timing engine global stage delay update for DELAY_TYP:both.late...
    Clock tree timing engine global stage delay update for DELAY_TYP:both.late done. (took cpu=0:00:00.0 real=0:00:00.0)
    
    Clock tree legalization - Histogram:
    ====================================
    
    --------------------------------
    Movement (um)    Number of cells
    --------------------------------
    [4.6,5.02)              1
    [5.02,5.44)             1
    --------------------------------
    
    
    Clock tree legalization - Top 10 Movements:
    ===========================================
    
    ----------------------------------------------------------------------------------------------------------------------------------------------------------------------
    Movement (um)    Desired             Achieved            Node
                     location            location            
    ----------------------------------------------------------------------------------------------------------------------------------------------------------------------
        5.44         (124.660,28.900)    (124.660,23.460)    CTS_ccl_a_inv_00003 (a lib_cell sky130_fd_sc_hd__clkinv_16) at (124.660,23.460), in power domain auto-default
        4.6          (134.780,28.900)    (139.380,28.900)    CTS_ccl_a_inv_00001 (a lib_cell sky130_fd_sc_hd__clkinv_16) at (139.380,28.900), in power domain auto-default
        0            (144.780,29.872)    (144.780,29.872)    CTS_ccl_a_inv_00001 (a lib_cell sky130_fd_sc_hd__clkinv_16) at (139.380,28.900), in power domain auto-default
        0            (130.060,29.872)    (130.060,29.872)    CTS_ccl_a_inv_00002 (a lib_cell sky130_fd_sc_hd__clkinv_16) at (124.660,28.900), in power domain auto-default
        0            (130.060,24.432)    (130.060,24.432)    CTS_ccl_a_inv_00003 (a lib_cell sky130_fd_sc_hd__clkinv_16) at (124.660,23.460), in power domain auto-default
    ----------------------------------------------------------------------------------------------------------------------------------------------------------------------
    
    Legalizing clock trees done. (took cpu=0:00:00.1 real=0:00:00.1)
    Clock DAG stats after 'Clustering':
      cell counts      : b=0, i=3, icg=0, dcg=0, l=0, total=3
      sink counts      : regular=119, enable_latch=0, load_capacitance=0, antenna=0, node_sink=0, total=119
      misc counts      : r=1, pp=0
      cell areas       : b=0.000um^2, i=90.086um^2, icg=0.000um^2, dcg=0.000um^2, l=0.000um^2, total=90.086um^2
      cell capacitance : b=0.000pF, i=0.121pF, icg=0.000pF, dcg=0.000pF, l=0.000pF, total=0.121pF
      sink capacitance : total=0.259pF, avg=0.002pF, sd=0.000pF, min=0.002pF, max=0.003pF
      wire capacitance : top=0.000pF, trunk=0.003pF, leaf=0.085pF, total=0.088pF
      wire lengths     : top=0.000um, trunk=21.540um, leaf=646.311um, total=667.851um
      hp wire lengths  : top=0.000um, trunk=20.160um, leaf=259.990um, total=280.150um
    Clock DAG net violations after 'Clustering': none
    Clock DAG primary half-corner transition distribution after 'Clustering':
      Trunk : target=0.133ns count=2 avg=0.034ns sd=0.043ns min=0.003ns max=0.064ns {2 <= 0.080ns, 0 <= 0.106ns, 0 <= 0.120ns, 0 <= 0.126ns, 0 <= 0.133ns}
      Leaf  : target=0.133ns count=2 avg=0.122ns sd=0.006ns min=0.118ns max=0.126ns {0 <= 0.080ns, 0 <= 0.106ns, 1 <= 0.120ns, 1 <= 0.126ns, 0 <= 0.133ns}
    Clock DAG library cell distribution after 'Clustering' {count}:
       Invs: sky130_fd_sc_hd__clkinv_16: 3 
    Primary reporting skew groups after 'Clustering':
      skew_group clk/CONSTRAINTS: insertion delay [min=0.179, max=0.188, avg=0.184, sd=0.003], skew [0.008 vs 0.148], 100% {0.179, 0.188} (wid=0.010 ws=0.006) (gid=0.178 gs=0.002)
    Skew group summary after 'Clustering':
      skew_group clk/CONSTRAINTS: insertion delay [min=0.179, max=0.188, avg=0.184, sd=0.003], skew [0.008 vs 0.148], 100% {0.179, 0.188} (wid=0.010 ws=0.006) (gid=0.178 gs=0.002)
    Legalizer API calls during this step: 24 succeeded with high effort: 24 succeeded with medium effort: 0 succeeded with low effort: 0 succeeded with basic effort: 0 succeeded with basic unbounded effort: 0
  Clustering done. (took cpu=0:00:00.2 real=0:00:00.2)
  Looking for fanout violations...
  Looking for fanout violations done.
  CongRepair After Initial Clustering...
  Reset timing graph...
Ignoring AAE DB Resetting ...
  Reset timing graph done.
  Leaving CCOpt scope - Early Global Route...
  Clock implementation routing...
Net route status summary:
  Clock:         4 (unrouted=4, trialRouted=0, noStatus=0, routed=0, fixed=0, [crossesIlmBoundary=0, tooFewTerms=0, (crossesIlmBoundary AND tooFewTerms=0)])
  Non-clock:  6944 (unrouted=12, trialRouted=6932, noStatus=0, routed=0, fixed=0, [crossesIlmBoundary=0, tooFewTerms=9, (crossesIlmBoundary AND tooFewTerms=0)])
    Routing using eGR only...
      Early Global Route - eGR only step...
(ccopt eGR): There are 4 nets to be routed. 0 nets have skip routing designation.
(ccopt eGR): There are 4 nets for routing of which 3 have one or more fixed wires.
(ccopt eGR): Start to route 4 all nets
[NR-eGR] Track table information for default rule: 
[NR-eGR] li1 has single uniform track structure
[NR-eGR] met1 has single uniform track structure
[NR-eGR] met2 has single uniform track structure
[NR-eGR] met3 has single uniform track structure
[NR-eGR] met4 has single uniform track structure
[NR-eGR] met5 has single uniform track structure
[NR-eGR] Read 0 PG shapes
[NR-eGR] Read 0 clock shapes
[NR-eGR] Read 0 other shapes
[NR-eGR] #Routing Blockages  : 0
[NR-eGR] #Instance Blockages : 22643
[NR-eGR] #PG Blockages       : 0
[NR-eGR] #Halo Blockages     : 0
[NR-eGR] #Boundary Blockages : 0
[NR-eGR] #Clock Blockages    : 0
[NR-eGR] #Other Blockages    : 0
[NR-eGR] Num Prerouted Nets = 0  Num Prerouted Wires = 0
[NR-eGR] Read 6935 nets ( ignored 6932 )
[NR-eGR] Connected 0 must-join pins/ports
[NR-eGR] There are 3 clock nets ( 3 with NDR ).
[NR-eGR] ============ Routing rule table ============
[NR-eGR] Rule id: 0  Nets: 3
[NR-eGR] ========================================
[NR-eGR] 
[NR-eGR] Layer group 1: route 3 net(s) in layer range [3, 4]
[NR-eGR] Early Global Route overflow of layer group 1: 0.00% H + 0.00% V. EstWL: 6.174400e+02um
[NR-eGR] Congestion Analysis By layer: (blocked Gcells are excluded) 
[NR-eGR]                        OverCon            
[NR-eGR]                         #Gcell     %Gcell
[NR-eGR]        Layer             (1-0)    OverCon
[NR-eGR] ----------------------------------------------
[NR-eGR]     li1 ( 1)         0( 0.00%)   ( 0.00%) 
[NR-eGR]    met1 ( 2)         0( 0.00%)   ( 0.00%) 
[NR-eGR]    met2 ( 3)         0( 0.00%)   ( 0.00%) 
[NR-eGR]    met3 ( 4)         0( 0.00%)   ( 0.00%) 
[NR-eGR]    met4 ( 5)         0( 0.00%)   ( 0.00%) 
[NR-eGR]    met5 ( 6)         0( 0.00%)   ( 0.00%) 
[NR-eGR] ----------------------------------------------
[NR-eGR]        Total         0( 0.00%)   ( 0.00%) 
[NR-eGR] 
[NR-eGR] Overflow after Early Global Route 0.00% H + 0.00% V
[NR-eGR]               Length (um)   Vias 
[NR-eGR] ---------------------------------
[NR-eGR]  li1   (1V)             0  22718 
[NR-eGR]  met1  (2H)         71738  33215 
[NR-eGR]  met2  (3V)         89622   3236 
[NR-eGR]  met3  (4H)         32453   1761 
[NR-eGR]  met4  (5V)         31171     29 
[NR-eGR]  met5  (6H)            79      0 
[NR-eGR] ---------------------------------
[NR-eGR]        Total       225063  60959 
[NR-eGR] --------------------------------------------------------------------------
[NR-eGR] Total half perimeter of net bounding box: 185888um
[NR-eGR] Total length: 225063um, number of vias: 60959
[NR-eGR] --------------------------------------------------------------------------
[NR-eGR] Total eGR-routed clock nets wire length: 643um, number of vias: 319
[NR-eGR] --------------------------------------------------------------------------
[NR-eGR] Report for selected net(s) only.
[NR-eGR]               Length (um)  Vias 
[NR-eGR] --------------------------------
[NR-eGR]  li1   (1V)             0   122 
[NR-eGR]  met1  (2H)           142   149 
[NR-eGR]  met2  (3V)           344    48 
[NR-eGR]  met3  (4H)           157     0 
[NR-eGR]  met4  (5V)             0     0 
[NR-eGR]  met5  (6H)             0     0 
[NR-eGR] --------------------------------
[NR-eGR]        Total          643   319 
[NR-eGR] --------------------------------------------------------------------------
[NR-eGR] Total half perimeter of net bounding box: 272um
[NR-eGR] Total length: 643um, number of vias: 319
[NR-eGR] --------------------------------------------------------------------------
[NR-eGR] Total routed clock nets wire length: 643um, number of vias: 319
[NR-eGR] --------------------------------------------------------------------------
[NR-eGR] Finished Early Global Route kernel ( CPU: 0.04 sec, Real: 0.04 sec, Curr Mem: 1746.80 MB )
      Early Global Route - eGR only step done. (took cpu=0:00:00.1 real=0:00:00.1)
    Routing using eGR only done.
Net route status summary:
  Clock:         4 (unrouted=1, trialRouted=0, noStatus=0, routed=3, fixed=0, [crossesIlmBoundary=0, tooFewTerms=0, (crossesIlmBoundary AND tooFewTerms=0)])
  Non-clock:  6944 (unrouted=12, trialRouted=6932, noStatus=0, routed=0, fixed=0, [crossesIlmBoundary=0, tooFewTerms=9, (crossesIlmBoundary AND tooFewTerms=0)])

CCOPT: Done with clock implementation routing.

  Clock implementation routing done.
  CCOpt: Starting congestion repair using flow wrapper...
    Congestion Repair...
*** IncrReplace #1 [begin] (CTS #1 / ccopt_design #1) : totSession cpu/real = 0:01:43.0/0:01:47.2 (1.0), mem = 1746.8M
Info: Disable timing driven in postCTS congRepair.

Starting congRepair ...
[NR-eGR] Track table information for default rule: 
[NR-eGR] li1 has single uniform track structure
[NR-eGR] met1 has single uniform track structure
[NR-eGR] met2 has single uniform track structure
[NR-eGR] met3 has single uniform track structure
[NR-eGR] met4 has single uniform track structure
[NR-eGR] met5 has single uniform track structure
[NR-eGR] Read 0 PG shapes
[NR-eGR] Read 0 clock shapes
[NR-eGR] Read 0 other shapes
[NR-eGR] #Routing Blockages  : 0
[NR-eGR] #Instance Blockages : 16403
[NR-eGR] #PG Blockages       : 0
[NR-eGR] #Halo Blockages     : 0
[NR-eGR] #Boundary Blockages : 0
[NR-eGR] #Clock Blockages    : 0
[NR-eGR] #Other Blockages    : 0
[NR-eGR] Num Prerouted Nets = 3  Num Prerouted Wires = 371
[NR-eGR] Read 6935 nets ( ignored 3 )
[NR-eGR] ============ Routing rule table ============
[NR-eGR] Rule id: 1  Nets: 6932
[NR-eGR] ========================================
[NR-eGR] 
[NR-eGR] Layer group 1: route 6932 net(s) in layer range [2, 6]
[NR-eGR] Early Global Route overflow of layer group 1: 3.98% H + 2.62% V. EstWL: 2.158565e+05um
[NR-eGR] Congestion Analysis By layer: (blocked Gcells are excluded) 
[NR-eGR]                        OverCon           OverCon           OverCon            
[NR-eGR]                         #Gcell            #Gcell            #Gcell     %Gcell
[NR-eGR]        Layer             (1-2)             (3-4)             (5-6)    OverCon
[NR-eGR] --------------------------------------------------------------------------------
[NR-eGR]     li1 ( 1)         0( 0.00%)         0( 0.00%)         0( 0.00%)   ( 0.00%) 
[NR-eGR]    met1 ( 2)       441( 3.09%)        19( 0.13%)         0( 0.00%)   ( 3.22%) 
[NR-eGR]    met2 ( 3)       411( 2.88%)        16( 0.11%)         0( 0.00%)   ( 2.99%) 
[NR-eGR]    met3 ( 4)       467( 3.27%)        33( 0.23%)         2( 0.01%)   ( 3.52%) 
[NR-eGR]    met4 ( 5)        56( 0.39%)         2( 0.01%)         0( 0.00%)   ( 0.41%) 
[NR-eGR]    met5 ( 6)         0( 0.00%)         0( 0.00%)         0( 0.00%)   ( 0.00%) 
[NR-eGR] --------------------------------------------------------------------------------
[NR-eGR]        Total      1375( 2.03%)        70( 0.10%)         2( 0.00%)   ( 2.14%) 
[NR-eGR] 
[NR-eGR] Overflow after Early Global Route 1.08% H + 0.84% V
Early Global Route congestion estimation runtime: 0.11 seconds, mem = 1748.5M
Local HotSpot Analysis: normalized max congestion hotspot area = 1.00, normalized total congestion hotspot area = 5.00 (area is in unit of 4 std-cell row bins)
Skipped repairing congestion.
[NR-eGR]               Length (um)   Vias 
[NR-eGR] ---------------------------------
[NR-eGR]  li1   (1V)             0  22718 
[NR-eGR]  met1  (2H)         71887  33393 
[NR-eGR]  met2  (3V)         89288   3248 
[NR-eGR]  met3  (4H)         32354   1737 
[NR-eGR]  met4  (5V)         31596     44 
[NR-eGR]  met5  (6H)           106      0 
[NR-eGR] ---------------------------------
[NR-eGR]        Total       225232  61140 
[NR-eGR] --------------------------------------------------------------------------
[NR-eGR] Total half perimeter of net bounding box: 185888um
[NR-eGR] Total length: 225232um, number of vias: 61140
[NR-eGR] --------------------------------------------------------------------------
[NR-eGR] Total eGR-routed clock nets wire length: 0um, number of vias: 0
[NR-eGR] --------------------------------------------------------------------------
Early Global Route wiring runtime: 0.07 seconds, mem = 1748.5M
Tdgp not successfully inited but do clear! skip clearing
End of congRepair (cpu=0:00:00.2, real=0:00:00.0)
*** IncrReplace #1 [finish] (CTS #1 / ccopt_design #1) : cpu/real = 0:00:00.2/0:00:00.2 (1.1), totSession cpu/real = 0:01:43.2/0:01:47.4 (1.0), mem = 1748.5M
    Congestion Repair done. (took cpu=0:00:00.2 real=0:00:00.2)
  CCOpt: Starting congestion repair using flow wrapper done.
  Leaving CCOpt scope - Early Global Route done. (took cpu=0:00:00.3 real=0:00:00.3)
  Leaving CCOpt scope - extractRC...
  Updating RC parasitics by calling: "extractRC -noRouteCheck"...
Extraction called for design 'coprocessor' of instances=6907 and nets=6948 using extraction engine 'preRoute' .
**WARN: (IMPEXT-3530):	The process node is not set. Use the command setDesignMode -process <process node> prior to extraction for maximum accuracy and optimal automatic threshold setting.
Type 'man IMPEXT-3530' for more detail.
PreRoute RC Extraction called for design coprocessor.
RC Extraction called in multi-corner(1) mode.
**WARN: (IMPEXT-6197):	The Cap table file is not specified. This will result in lower parasitic accuracy when using preRoute extraction or postRoute extraction with effort level 'low'. It is recommended to generate the Cap table file using the 'generateCapTbl' command and specify it before extraction using 'create_rc_corner/update_rc_corner -cap_table'.
Type 'man IMPEXT-6197' for more detail.
RCMode: PreRoute
      RC Corner Indexes            0   
Capacitance Scaling Factor   : 1.00000 
Resistance Scaling Factor    : 1.00000 
Clock Cap. Scaling Factor    : 1.00000 
Clock Res. Scaling Factor    : 1.00000 
Shrink Factor                : 1.00000
PreRoute extraction is honoring NDR/Shielding/ExtraSpace for clock nets.
Updating RC grid for preRoute extraction ...
Initializing multi-corner resistance tables ...
PreRoute RC Extraction DONE (CPU Time: 0:00:00.0  Real Time: 0:00:00.0  MEM: 1748.492M)
  Updating RC parasitics by calling: "extractRC -noRouteCheck" done.
  Leaving CCOpt scope - extractRC done. (took cpu=0:00:00.0 real=0:00:00.0)
  Clock tree timing engine global stage delay update for DELAY_TYP:both.late...
  Clock tree timing engine global stage delay update for DELAY_TYP:both.late done. (took cpu=0:00:00.0 real=0:00:00.0)
  Clock DAG stats after clustering cong repair call:
    cell counts      : b=0, i=3, icg=0, dcg=0, l=0, total=3
    sink counts      : regular=119, enable_latch=0, load_capacitance=0, antenna=0, node_sink=0, total=119
    misc counts      : r=1, pp=0
    cell areas       : b=0.000um^2, i=90.086um^2, icg=0.000um^2, dcg=0.000um^2, l=0.000um^2, total=90.086um^2
    cell capacitance : b=0.000pF, i=0.121pF, icg=0.000pF, dcg=0.000pF, l=0.000pF, total=0.121pF
    sink capacitance : total=0.259pF, avg=0.002pF, sd=0.000pF, min=0.002pF, max=0.003pF
    wire capacitance : top=0.000pF, trunk=0.003pF, leaf=0.085pF, total=0.088pF
    wire lengths     : top=0.000um, trunk=21.540um, leaf=646.311um, total=667.851um
    hp wire lengths  : top=0.000um, trunk=20.160um, leaf=259.990um, total=280.150um
  Clock DAG net violations after clustering cong repair call: none
  Clock DAG primary half-corner transition distribution after clustering cong repair call:
    Trunk : target=0.133ns count=2 avg=0.034ns sd=0.043ns min=0.003ns max=0.064ns {2 <= 0.080ns, 0 <= 0.106ns, 0 <= 0.120ns, 0 <= 0.126ns, 0 <= 0.133ns}
    Leaf  : target=0.133ns count=2 avg=0.122ns sd=0.006ns min=0.118ns max=0.126ns {0 <= 0.080ns, 0 <= 0.106ns, 1 <= 0.120ns, 1 <= 0.126ns, 0 <= 0.133ns}
  Clock DAG library cell distribution after clustering cong repair call {count}:
     Invs: sky130_fd_sc_hd__clkinv_16: 3 
  Primary reporting skew groups after clustering cong repair call:
    skew_group clk/CONSTRAINTS: insertion delay [min=0.179, max=0.188, avg=0.184, sd=0.003], skew [0.008 vs 0.148], 100% {0.179, 0.188} (wid=0.010 ws=0.006) (gid=0.178 gs=0.002)
  Skew group summary after clustering cong repair call:
    skew_group clk/CONSTRAINTS: insertion delay [min=0.179, max=0.188, avg=0.184, sd=0.003], skew [0.008 vs 0.148], 100% {0.179, 0.188} (wid=0.010 ws=0.006) (gid=0.178 gs=0.002)
  CongRepair After Initial Clustering done. (took cpu=0:00:00.3 real=0:00:00.3)
  Stage::Clustering done. (took cpu=0:00:00.5 real=0:00:00.5)
  Stage::DRV Fixing...
  Fixing clock tree slew time and max cap violations...
    Fixing clock tree overload: ...20% ...40% ...60% ...80% ...100% 
    Clock DAG stats after 'Fixing clock tree slew time and max cap violations':
      cell counts      : b=0, i=3, icg=0, dcg=0, l=0, total=3
      sink counts      : regular=119, enable_latch=0, load_capacitance=0, antenna=0, node_sink=0, total=119
      misc counts      : r=1, pp=0
      cell areas       : b=0.000um^2, i=90.086um^2, icg=0.000um^2, dcg=0.000um^2, l=0.000um^2, total=90.086um^2
      cell capacitance : b=0.000pF, i=0.121pF, icg=0.000pF, dcg=0.000pF, l=0.000pF, total=0.121pF
      sink capacitance : total=0.259pF, avg=0.002pF, sd=0.000pF, min=0.002pF, max=0.003pF
      wire capacitance : top=0.000pF, trunk=0.003pF, leaf=0.085pF, total=0.088pF
      wire lengths     : top=0.000um, trunk=21.540um, leaf=646.311um, total=667.851um
      hp wire lengths  : top=0.000um, trunk=20.160um, leaf=259.990um, total=280.150um
    Clock DAG net violations after 'Fixing clock tree slew time and max cap violations': none
    Clock DAG primary half-corner transition distribution after 'Fixing clock tree slew time and max cap violations':
      Trunk : target=0.133ns count=2 avg=0.034ns sd=0.043ns min=0.003ns max=0.064ns {2 <= 0.080ns, 0 <= 0.106ns, 0 <= 0.120ns, 0 <= 0.126ns, 0 <= 0.133ns}
      Leaf  : target=0.133ns count=2 avg=0.122ns sd=0.006ns min=0.118ns max=0.126ns {0 <= 0.080ns, 0 <= 0.106ns, 1 <= 0.120ns, 1 <= 0.126ns, 0 <= 0.133ns}
    Clock DAG library cell distribution after 'Fixing clock tree slew time and max cap violations' {count}:
       Invs: sky130_fd_sc_hd__clkinv_16: 3 
    Primary reporting skew groups after 'Fixing clock tree slew time and max cap violations':
      skew_group clk/CONSTRAINTS: insertion delay [min=0.179, max=0.188], skew [0.008 vs 0.148]
    Skew group summary after 'Fixing clock tree slew time and max cap violations':
      skew_group clk/CONSTRAINTS: insertion delay [min=0.179, max=0.188], skew [0.008 vs 0.148]
    Legalizer API calls during this step: 0 succeeded with high effort: 0 succeeded with medium effort: 0 succeeded with low effort: 0 succeeded with basic effort: 0 succeeded with basic unbounded effort: 0
  Fixing clock tree slew time and max cap violations done. (took cpu=0:00:00.0 real=0:00:00.0)
  Fixing clock tree slew time and max cap violations - detailed pass...
    Fixing clock tree overload: ...20% ...40% ...60% ...80% ...100% 
    Clock DAG stats after 'Fixing clock tree slew time and max cap violations - detailed pass':
      cell counts      : b=0, i=3, icg=0, dcg=0, l=0, total=3
      sink counts      : regular=119, enable_latch=0, load_capacitance=0, antenna=0, node_sink=0, total=119
      misc counts      : r=1, pp=0
      cell areas       : b=0.000um^2, i=90.086um^2, icg=0.000um^2, dcg=0.000um^2, l=0.000um^2, total=90.086um^2
      cell capacitance : b=0.000pF, i=0.121pF, icg=0.000pF, dcg=0.000pF, l=0.000pF, total=0.121pF
      sink capacitance : total=0.259pF, avg=0.002pF, sd=0.000pF, min=0.002pF, max=0.003pF
      wire capacitance : top=0.000pF, trunk=0.003pF, leaf=0.085pF, total=0.088pF
      wire lengths     : top=0.000um, trunk=21.540um, leaf=646.311um, total=667.851um
      hp wire lengths  : top=0.000um, trunk=20.160um, leaf=259.990um, total=280.150um
    Clock DAG net violations after 'Fixing clock tree slew time and max cap violations - detailed pass': none
    Clock DAG primary half-corner transition distribution after 'Fixing clock tree slew time and max cap violations - detailed pass':
      Trunk : target=0.133ns count=2 avg=0.034ns sd=0.043ns min=0.003ns max=0.064ns {2 <= 0.080ns, 0 <= 0.106ns, 0 <= 0.120ns, 0 <= 0.126ns, 0 <= 0.133ns}
      Leaf  : target=0.133ns count=2 avg=0.122ns sd=0.006ns min=0.118ns max=0.126ns {0 <= 0.080ns, 0 <= 0.106ns, 1 <= 0.120ns, 1 <= 0.126ns, 0 <= 0.133ns}
    Clock DAG library cell distribution after 'Fixing clock tree slew time and max cap violations - detailed pass' {count}:
       Invs: sky130_fd_sc_hd__clkinv_16: 3 
    Primary reporting skew groups after 'Fixing clock tree slew time and max cap violations - detailed pass':
      skew_group clk/CONSTRAINTS: insertion delay [min=0.179, max=0.188, avg=0.184, sd=0.003], skew [0.008 vs 0.148], 100% {0.179, 0.188} (wid=0.010 ws=0.006) (gid=0.178 gs=0.002)
    Skew group summary after 'Fixing clock tree slew time and max cap violations - detailed pass':
      skew_group clk/CONSTRAINTS: insertion delay [min=0.179, max=0.188, avg=0.184, sd=0.003], skew [0.008 vs 0.148], 100% {0.179, 0.188} (wid=0.010 ws=0.006) (gid=0.178 gs=0.002)
    Legalizer API calls during this step: 0 succeeded with high effort: 0 succeeded with medium effort: 0 succeeded with low effort: 0 succeeded with basic effort: 0 succeeded with basic unbounded effort: 0
  Fixing clock tree slew time and max cap violations - detailed pass done. (took cpu=0:00:00.0 real=0:00:00.0)
  Stage::DRV Fixing done. (took cpu=0:00:00.0 real=0:00:00.0)
  Stage::Insertion Delay Reduction...
  Removing unnecessary root buffering...
    Clock DAG stats after 'Removing unnecessary root buffering':
      cell counts      : b=0, i=3, icg=0, dcg=0, l=0, total=3
      sink counts      : regular=119, enable_latch=0, load_capacitance=0, antenna=0, node_sink=0, total=119
      misc counts      : r=1, pp=0
      cell areas       : b=0.000um^2, i=90.086um^2, icg=0.000um^2, dcg=0.000um^2, l=0.000um^2, total=90.086um^2
      cell capacitance : b=0.000pF, i=0.121pF, icg=0.000pF, dcg=0.000pF, l=0.000pF, total=0.121pF
      sink capacitance : total=0.259pF, avg=0.002pF, sd=0.000pF, min=0.002pF, max=0.003pF
      wire capacitance : top=0.000pF, trunk=0.003pF, leaf=0.085pF, total=0.088pF
      wire lengths     : top=0.000um, trunk=21.540um, leaf=646.311um, total=667.851um
      hp wire lengths  : top=0.000um, trunk=20.160um, leaf=259.990um, total=280.150um
    Clock DAG net violations after 'Removing unnecessary root buffering': none
    Clock DAG primary half-corner transition distribution after 'Removing unnecessary root buffering':
      Trunk : target=0.133ns count=2 avg=0.034ns sd=0.043ns min=0.003ns max=0.064ns {2 <= 0.080ns, 0 <= 0.106ns, 0 <= 0.120ns, 0 <= 0.126ns, 0 <= 0.133ns}
      Leaf  : target=0.133ns count=2 avg=0.122ns sd=0.006ns min=0.118ns max=0.126ns {0 <= 0.080ns, 0 <= 0.106ns, 1 <= 0.120ns, 1 <= 0.126ns, 0 <= 0.133ns}
    Clock DAG library cell distribution after 'Removing unnecessary root buffering' {count}:
       Invs: sky130_fd_sc_hd__clkinv_16: 3 
    Primary reporting skew groups after 'Removing unnecessary root buffering':
      skew_group clk/CONSTRAINTS: insertion delay [min=0.179, max=0.188], skew [0.008 vs 0.148]
    Skew group summary after 'Removing unnecessary root buffering':
      skew_group clk/CONSTRAINTS: insertion delay [min=0.179, max=0.188], skew [0.008 vs 0.148]
    Legalizer API calls during this step: 0 succeeded with high effort: 0 succeeded with medium effort: 0 succeeded with low effort: 0 succeeded with basic effort: 0 succeeded with basic unbounded effort: 0
  Removing unnecessary root buffering done. (took cpu=0:00:00.0 real=0:00:00.0)
  Removing unconstrained drivers...
    Clock DAG stats after 'Removing unconstrained drivers':
      cell counts      : b=0, i=3, icg=0, dcg=0, l=0, total=3
      sink counts      : regular=119, enable_latch=0, load_capacitance=0, antenna=0, node_sink=0, total=119
      misc counts      : r=1, pp=0
      cell areas       : b=0.000um^2, i=90.086um^2, icg=0.000um^2, dcg=0.000um^2, l=0.000um^2, total=90.086um^2
      cell capacitance : b=0.000pF, i=0.121pF, icg=0.000pF, dcg=0.000pF, l=0.000pF, total=0.121pF
      sink capacitance : total=0.259pF, avg=0.002pF, sd=0.000pF, min=0.002pF, max=0.003pF
      wire capacitance : top=0.000pF, trunk=0.003pF, leaf=0.085pF, total=0.088pF
      wire lengths     : top=0.000um, trunk=21.540um, leaf=646.311um, total=667.851um
      hp wire lengths  : top=0.000um, trunk=20.160um, leaf=259.990um, total=280.150um
    Clock DAG net violations after 'Removing unconstrained drivers': none
    Clock DAG primary half-corner transition distribution after 'Removing unconstrained drivers':
      Trunk : target=0.133ns count=2 avg=0.034ns sd=0.043ns min=0.003ns max=0.064ns {2 <= 0.080ns, 0 <= 0.106ns, 0 <= 0.120ns, 0 <= 0.126ns, 0 <= 0.133ns}
      Leaf  : target=0.133ns count=2 avg=0.122ns sd=0.006ns min=0.118ns max=0.126ns {0 <= 0.080ns, 0 <= 0.106ns, 1 <= 0.120ns, 1 <= 0.126ns, 0 <= 0.133ns}
    Clock DAG library cell distribution after 'Removing unconstrained drivers' {count}:
       Invs: sky130_fd_sc_hd__clkinv_16: 3 
    Primary reporting skew groups after 'Removing unconstrained drivers':
      skew_group clk/CONSTRAINTS: insertion delay [min=0.179, max=0.188], skew [0.008 vs 0.148]
    Skew group summary after 'Removing unconstrained drivers':
      skew_group clk/CONSTRAINTS: insertion delay [min=0.179, max=0.188], skew [0.008 vs 0.148]
    Legalizer API calls during this step: 0 succeeded with high effort: 0 succeeded with medium effort: 0 succeeded with low effort: 0 succeeded with basic effort: 0 succeeded with basic unbounded effort: 0
  Removing unconstrained drivers done. (took cpu=0:00:00.0 real=0:00:00.0)
  Reducing insertion delay 1...
    Clock DAG stats after 'Reducing insertion delay 1':
      cell counts      : b=0, i=3, icg=0, dcg=0, l=0, total=3
      sink counts      : regular=119, enable_latch=0, load_capacitance=0, antenna=0, node_sink=0, total=119
      misc counts      : r=1, pp=0
      cell areas       : b=0.000um^2, i=90.086um^2, icg=0.000um^2, dcg=0.000um^2, l=0.000um^2, total=90.086um^2
      cell capacitance : b=0.000pF, i=0.121pF, icg=0.000pF, dcg=0.000pF, l=0.000pF, total=0.121pF
      sink capacitance : total=0.259pF, avg=0.002pF, sd=0.000pF, min=0.002pF, max=0.003pF
      wire capacitance : top=0.000pF, trunk=0.003pF, leaf=0.085pF, total=0.088pF
      wire lengths     : top=0.000um, trunk=21.540um, leaf=646.311um, total=667.851um
      hp wire lengths  : top=0.000um, trunk=20.160um, leaf=259.990um, total=280.150um
    Clock DAG net violations after 'Reducing insertion delay 1': none
    Clock DAG primary half-corner transition distribution after 'Reducing insertion delay 1':
      Trunk : target=0.133ns count=2 avg=0.034ns sd=0.043ns min=0.003ns max=0.064ns {2 <= 0.080ns, 0 <= 0.106ns, 0 <= 0.120ns, 0 <= 0.126ns, 0 <= 0.133ns}
      Leaf  : target=0.133ns count=2 avg=0.122ns sd=0.006ns min=0.118ns max=0.126ns {0 <= 0.080ns, 0 <= 0.106ns, 1 <= 0.120ns, 1 <= 0.126ns, 0 <= 0.133ns}
    Clock DAG library cell distribution after 'Reducing insertion delay 1' {count}:
       Invs: sky130_fd_sc_hd__clkinv_16: 3 
    Primary reporting skew groups after 'Reducing insertion delay 1':
      skew_group clk/CONSTRAINTS: insertion delay [min=0.179, max=0.188], skew [0.008 vs 0.148]
    Skew group summary after 'Reducing insertion delay 1':
      skew_group clk/CONSTRAINTS: insertion delay [min=0.179, max=0.188], skew [0.008 vs 0.148]
    Legalizer API calls during this step: 8 succeeded with high effort: 8 succeeded with medium effort: 0 succeeded with low effort: 0 succeeded with basic effort: 0 succeeded with basic unbounded effort: 0
  Reducing insertion delay 1 done. (took cpu=0:00:00.0 real=0:00:00.0)
  Removing longest path buffering...
    Clock DAG stats after 'Removing longest path buffering':
      cell counts      : b=0, i=3, icg=0, dcg=0, l=0, total=3
      sink counts      : regular=119, enable_latch=0, load_capacitance=0, antenna=0, node_sink=0, total=119
      misc counts      : r=1, pp=0
      cell areas       : b=0.000um^2, i=90.086um^2, icg=0.000um^2, dcg=0.000um^2, l=0.000um^2, total=90.086um^2
      cell capacitance : b=0.000pF, i=0.121pF, icg=0.000pF, dcg=0.000pF, l=0.000pF, total=0.121pF
      sink capacitance : total=0.259pF, avg=0.002pF, sd=0.000pF, min=0.002pF, max=0.003pF
      wire capacitance : top=0.000pF, trunk=0.003pF, leaf=0.085pF, total=0.088pF
      wire lengths     : top=0.000um, trunk=21.540um, leaf=646.311um, total=667.851um
      hp wire lengths  : top=0.000um, trunk=20.160um, leaf=259.990um, total=280.150um
    Clock DAG net violations after 'Removing longest path buffering': none
    Clock DAG primary half-corner transition distribution after 'Removing longest path buffering':
      Trunk : target=0.133ns count=2 avg=0.034ns sd=0.043ns min=0.003ns max=0.064ns {2 <= 0.080ns, 0 <= 0.106ns, 0 <= 0.120ns, 0 <= 0.126ns, 0 <= 0.133ns}
      Leaf  : target=0.133ns count=2 avg=0.122ns sd=0.006ns min=0.118ns max=0.126ns {0 <= 0.080ns, 0 <= 0.106ns, 1 <= 0.120ns, 1 <= 0.126ns, 0 <= 0.133ns}
    Clock DAG library cell distribution after 'Removing longest path buffering' {count}:
       Invs: sky130_fd_sc_hd__clkinv_16: 3 
    Primary reporting skew groups after 'Removing longest path buffering':
      skew_group clk/CONSTRAINTS: insertion delay [min=0.179, max=0.188], skew [0.008 vs 0.148]
    Skew group summary after 'Removing longest path buffering':
      skew_group clk/CONSTRAINTS: insertion delay [min=0.179, max=0.188], skew [0.008 vs 0.148]
    Legalizer API calls during this step: 0 succeeded with high effort: 0 succeeded with medium effort: 0 succeeded with low effort: 0 succeeded with basic effort: 0 succeeded with basic unbounded effort: 0
  Removing longest path buffering done. (took cpu=0:00:00.0 real=0:00:00.0)
  Reducing insertion delay 2...
    Clock DAG stats after 'Reducing insertion delay 2':
      cell counts      : b=0, i=3, icg=0, dcg=0, l=0, total=3
      sink counts      : regular=119, enable_latch=0, load_capacitance=0, antenna=0, node_sink=0, total=119
      misc counts      : r=1, pp=0
      cell areas       : b=0.000um^2, i=90.086um^2, icg=0.000um^2, dcg=0.000um^2, l=0.000um^2, total=90.086um^2
      cell capacitance : b=0.000pF, i=0.121pF, icg=0.000pF, dcg=0.000pF, l=0.000pF, total=0.121pF
      sink capacitance : total=0.259pF, avg=0.002pF, sd=0.000pF, min=0.002pF, max=0.003pF
      wire capacitance : top=0.000pF, trunk=0.003pF, leaf=0.085pF, total=0.088pF
      wire lengths     : top=0.000um, trunk=21.540um, leaf=646.311um, total=667.851um
      hp wire lengths  : top=0.000um, trunk=20.160um, leaf=259.990um, total=280.150um
    Clock DAG net violations after 'Reducing insertion delay 2': none
    Clock DAG primary half-corner transition distribution after 'Reducing insertion delay 2':
      Trunk : target=0.133ns count=2 avg=0.034ns sd=0.043ns min=0.003ns max=0.064ns {2 <= 0.080ns, 0 <= 0.106ns, 0 <= 0.120ns, 0 <= 0.126ns, 0 <= 0.133ns}
      Leaf  : target=0.133ns count=2 avg=0.122ns sd=0.006ns min=0.118ns max=0.126ns {0 <= 0.080ns, 0 <= 0.106ns, 1 <= 0.120ns, 1 <= 0.126ns, 0 <= 0.133ns}
    Clock DAG library cell distribution after 'Reducing insertion delay 2' {count}:
       Invs: sky130_fd_sc_hd__clkinv_16: 3 
    Primary reporting skew groups after 'Reducing insertion delay 2':
      skew_group clk/CONSTRAINTS: insertion delay [min=0.179, max=0.188, avg=0.184, sd=0.003], skew [0.008 vs 0.148], 100% {0.179, 0.188} (wid=0.010 ws=0.006) (gid=0.178 gs=0.002)
    Skew group summary after 'Reducing insertion delay 2':
      skew_group clk/CONSTRAINTS: insertion delay [min=0.179, max=0.188, avg=0.184, sd=0.003], skew [0.008 vs 0.148], 100% {0.179, 0.188} (wid=0.010 ws=0.006) (gid=0.178 gs=0.002)
    Legalizer API calls during this step: 64 succeeded with high effort: 64 succeeded with medium effort: 0 succeeded with low effort: 0 succeeded with basic effort: 0 succeeded with basic unbounded effort: 0
  Reducing insertion delay 2 done. (took cpu=0:00:00.1 real=0:00:00.1)
  Stage::Insertion Delay Reduction done. (took cpu=0:00:00.1 real=0:00:00.1)
  CCOpt::Phase::Construction done. (took cpu=0:00:00.6 real=0:00:00.6)
  CCOpt::Phase::Implementation...
  Stage::Reducing Power...
  Improving clock tree routing...
    Iteration 1...
    Iteration 1 done.
    Clock DAG stats after 'Improving clock tree routing':
      cell counts      : b=0, i=3, icg=0, dcg=0, l=0, total=3
      sink counts      : regular=119, enable_latch=0, load_capacitance=0, antenna=0, node_sink=0, total=119
      misc counts      : r=1, pp=0
      cell areas       : b=0.000um^2, i=90.086um^2, icg=0.000um^2, dcg=0.000um^2, l=0.000um^2, total=90.086um^2
      cell capacitance : b=0.000pF, i=0.121pF, icg=0.000pF, dcg=0.000pF, l=0.000pF, total=0.121pF
      sink capacitance : total=0.259pF, avg=0.002pF, sd=0.000pF, min=0.002pF, max=0.003pF
      wire capacitance : top=0.000pF, trunk=0.003pF, leaf=0.085pF, total=0.088pF
      wire lengths     : top=0.000um, trunk=21.540um, leaf=646.311um, total=667.851um
      hp wire lengths  : top=0.000um, trunk=20.160um, leaf=259.990um, total=280.150um
    Clock DAG net violations after 'Improving clock tree routing': none
    Clock DAG primary half-corner transition distribution after 'Improving clock tree routing':
      Trunk : target=0.133ns count=2 avg=0.034ns sd=0.043ns min=0.003ns max=0.064ns {2 <= 0.080ns, 0 <= 0.106ns, 0 <= 0.120ns, 0 <= 0.126ns, 0 <= 0.133ns}
      Leaf  : target=0.133ns count=2 avg=0.122ns sd=0.006ns min=0.118ns max=0.126ns {0 <= 0.080ns, 0 <= 0.106ns, 1 <= 0.120ns, 1 <= 0.126ns, 0 <= 0.133ns}
    Clock DAG library cell distribution after 'Improving clock tree routing' {count}:
       Invs: sky130_fd_sc_hd__clkinv_16: 3 
    Primary reporting skew groups after 'Improving clock tree routing':
      skew_group clk/CONSTRAINTS: insertion delay [min=0.179, max=0.188], skew [0.008 vs 0.148]
    Skew group summary after 'Improving clock tree routing':
      skew_group clk/CONSTRAINTS: insertion delay [min=0.179, max=0.188], skew [0.008 vs 0.148]
    Legalizer API calls during this step: 1 succeeded with high effort: 1 succeeded with medium effort: 0 succeeded with low effort: 0 succeeded with basic effort: 0 succeeded with basic unbounded effort: 0
  Improving clock tree routing done. (took cpu=0:00:00.0 real=0:00:00.0)
  Reducing clock tree power 1...
    Resizing gates:     ...20% ...40% ...60% ...80% ...Legalizing clock trees...
    Legalizing clock trees done. (took cpu=0:00:00.0 real=0:00:00.0)
    100% 
    Clock DAG stats after 'Reducing clock tree power 1':
      cell counts      : b=0, i=3, icg=0, dcg=0, l=0, total=3
      sink counts      : regular=119, enable_latch=0, load_capacitance=0, antenna=0, node_sink=0, total=119
      misc counts      : r=1, pp=0
      cell areas       : b=0.000um^2, i=90.086um^2, icg=0.000um^2, dcg=0.000um^2, l=0.000um^2, total=90.086um^2
      cell capacitance : b=0.000pF, i=0.121pF, icg=0.000pF, dcg=0.000pF, l=0.000pF, total=0.121pF
      sink capacitance : total=0.259pF, avg=0.002pF, sd=0.000pF, min=0.002pF, max=0.003pF
      wire capacitance : top=0.000pF, trunk=0.003pF, leaf=0.085pF, total=0.088pF
      wire lengths     : top=0.000um, trunk=21.540um, leaf=646.311um, total=667.851um
      hp wire lengths  : top=0.000um, trunk=20.160um, leaf=259.990um, total=280.150um
    Clock DAG net violations after 'Reducing clock tree power 1': none
    Clock DAG primary half-corner transition distribution after 'Reducing clock tree power 1':
      Trunk : target=0.133ns count=2 avg=0.034ns sd=0.043ns min=0.003ns max=0.064ns {2 <= 0.080ns, 0 <= 0.106ns, 0 <= 0.120ns, 0 <= 0.126ns, 0 <= 0.133ns}
      Leaf  : target=0.133ns count=2 avg=0.122ns sd=0.006ns min=0.118ns max=0.126ns {0 <= 0.080ns, 0 <= 0.106ns, 1 <= 0.120ns, 1 <= 0.126ns, 0 <= 0.133ns}
    Clock DAG library cell distribution after 'Reducing clock tree power 1' {count}:
       Invs: sky130_fd_sc_hd__clkinv_16: 3 
    Primary reporting skew groups after 'Reducing clock tree power 1':
      skew_group clk/CONSTRAINTS: insertion delay [min=0.179, max=0.188], skew [0.008 vs 0.148]
    Skew group summary after 'Reducing clock tree power 1':
      skew_group clk/CONSTRAINTS: insertion delay [min=0.179, max=0.188], skew [0.008 vs 0.148]
    Legalizer API calls during this step: 6 succeeded with high effort: 6 succeeded with medium effort: 0 succeeded with low effort: 0 succeeded with basic effort: 0 succeeded with basic unbounded effort: 0
  Reducing clock tree power 1 done. (took cpu=0:00:00.0 real=0:00:00.0)
  Reducing clock tree power 2...
    Clock DAG stats after 'Reducing clock tree power 2':
      cell counts      : b=0, i=3, icg=0, dcg=0, l=0, total=3
      sink counts      : regular=119, enable_latch=0, load_capacitance=0, antenna=0, node_sink=0, total=119
      misc counts      : r=1, pp=0
      cell areas       : b=0.000um^2, i=90.086um^2, icg=0.000um^2, dcg=0.000um^2, l=0.000um^2, total=90.086um^2
      cell capacitance : b=0.000pF, i=0.121pF, icg=0.000pF, dcg=0.000pF, l=0.000pF, total=0.121pF
      sink capacitance : total=0.259pF, avg=0.002pF, sd=0.000pF, min=0.002pF, max=0.003pF
      wire capacitance : top=0.000pF, trunk=0.003pF, leaf=0.085pF, total=0.088pF
      wire lengths     : top=0.000um, trunk=21.540um, leaf=646.311um, total=667.851um
      hp wire lengths  : top=0.000um, trunk=20.160um, leaf=259.990um, total=280.150um
    Clock DAG net violations after 'Reducing clock tree power 2': none
    Clock DAG primary half-corner transition distribution after 'Reducing clock tree power 2':
      Trunk : target=0.133ns count=2 avg=0.034ns sd=0.043ns min=0.003ns max=0.064ns {2 <= 0.080ns, 0 <= 0.106ns, 0 <= 0.120ns, 0 <= 0.126ns, 0 <= 0.133ns}
      Leaf  : target=0.133ns count=2 avg=0.122ns sd=0.006ns min=0.118ns max=0.126ns {0 <= 0.080ns, 0 <= 0.106ns, 1 <= 0.120ns, 1 <= 0.126ns, 0 <= 0.133ns}
    Clock DAG library cell distribution after 'Reducing clock tree power 2' {count}:
       Invs: sky130_fd_sc_hd__clkinv_16: 3 
    Primary reporting skew groups after 'Reducing clock tree power 2':
      skew_group clk/CONSTRAINTS: insertion delay [min=0.179, max=0.188, avg=0.184, sd=0.003], skew [0.008 vs 0.148], 100% {0.179, 0.188} (wid=0.010 ws=0.006) (gid=0.178 gs=0.002)
    Skew group summary after 'Reducing clock tree power 2':
      skew_group clk/CONSTRAINTS: insertion delay [min=0.179, max=0.188, avg=0.184, sd=0.003], skew [0.008 vs 0.148], 100% {0.179, 0.188} (wid=0.010 ws=0.006) (gid=0.178 gs=0.002)
    Legalizer API calls during this step: 0 succeeded with high effort: 0 succeeded with medium effort: 0 succeeded with low effort: 0 succeeded with basic effort: 0 succeeded with basic unbounded effort: 0
  Reducing clock tree power 2 done. (took cpu=0:00:00.0 real=0:00:00.0)
  Stage::Reducing Power done. (took cpu=0:00:00.0 real=0:00:00.0)
  Stage::Balancing...
  Approximately balancing fragments step...
    Resolve constraints - Approximately balancing fragments...
    Resolving skew group constraints...
      Solving LP: 1 skew groups; 2 fragments, 2 fraglets and 3 vertices; 25 variables and 66 constraints; tolerance 1
    Resolving skew group constraints done.
    Resolve constraints - Approximately balancing fragments done. (took cpu=0:00:00.0 real=0:00:00.0)
    Estimate delay to be added in balancing - Approximately balancing fragments...
    Trial balancer estimated the amount of delay to be added in balancing: 0.000ns
    Estimate delay to be added in balancing - Approximately balancing fragments done. (took cpu=0:00:00.0 real=0:00:00.0)
    Approximately balancing fragments...
      Moving gates to improve sub-tree skew...
        Tried: 5 Succeeded: 0
        Topology Tried: 0 Succeeded: 0
        0 Succeeded with SS ratio
        0 Succeeded with Lollipop: 0 with tier one, 0 with tier two. 
        Total reducing skew: 0 Average reducing skew for 0 nets : 0
        Clock DAG stats after 'Moving gates to improve sub-tree skew':
          cell counts      : b=0, i=3, icg=0, dcg=0, l=0, total=3
          sink counts      : regular=119, enable_latch=0, load_capacitance=0, antenna=0, node_sink=0, total=119
          misc counts      : r=1, pp=0
          cell areas       : b=0.000um^2, i=90.086um^2, icg=0.000um^2, dcg=0.000um^2, l=0.000um^2, total=90.086um^2
          cell capacitance : b=0.000pF, i=0.121pF, icg=0.000pF, dcg=0.000pF, l=0.000pF, total=0.121pF
          sink capacitance : total=0.259pF, avg=0.002pF, sd=0.000pF, min=0.002pF, max=0.003pF
          wire capacitance : top=0.000pF, trunk=0.003pF, leaf=0.085pF, total=0.088pF
          wire lengths     : top=0.000um, trunk=21.540um, leaf=646.311um, total=667.851um
          hp wire lengths  : top=0.000um, trunk=20.160um, leaf=259.990um, total=280.150um
        Clock DAG net violations after 'Moving gates to improve sub-tree skew': none
        Clock DAG primary half-corner transition distribution after 'Moving gates to improve sub-tree skew':
          Trunk : target=0.133ns count=2 avg=0.034ns sd=0.043ns min=0.003ns max=0.064ns {2 <= 0.080ns, 0 <= 0.106ns, 0 <= 0.120ns, 0 <= 0.126ns, 0 <= 0.133ns}
          Leaf  : target=0.133ns count=2 avg=0.122ns sd=0.006ns min=0.118ns max=0.126ns {0 <= 0.080ns, 0 <= 0.106ns, 1 <= 0.120ns, 1 <= 0.126ns, 0 <= 0.133ns}
        Clock DAG library cell distribution after 'Moving gates to improve sub-tree skew' {count}:
           Invs: sky130_fd_sc_hd__clkinv_16: 3 
        Legalizer API calls during this step: 0 succeeded with high effort: 0 succeeded with medium effort: 0 succeeded with low effort: 0 succeeded with basic effort: 0 succeeded with basic unbounded effort: 0
      Moving gates to improve sub-tree skew done. (took cpu=0:00:00.0 real=0:00:00.0)
      Approximately balancing fragments bottom up...
        bottom up balancing: ...20% ...40% ...60% ...80% ...100% 
        Clock DAG stats after 'Approximately balancing fragments bottom up':
          cell counts      : b=0, i=3, icg=0, dcg=0, l=0, total=3
          sink counts      : regular=119, enable_latch=0, load_capacitance=0, antenna=0, node_sink=0, total=119
          misc counts      : r=1, pp=0
          cell areas       : b=0.000um^2, i=90.086um^2, icg=0.000um^2, dcg=0.000um^2, l=0.000um^2, total=90.086um^2
          cell capacitance : b=0.000pF, i=0.121pF, icg=0.000pF, dcg=0.000pF, l=0.000pF, total=0.121pF
          sink capacitance : total=0.259pF, avg=0.002pF, sd=0.000pF, min=0.002pF, max=0.003pF
          wire capacitance : top=0.000pF, trunk=0.003pF, leaf=0.085pF, total=0.088pF
          wire lengths     : top=0.000um, trunk=21.540um, leaf=646.311um, total=667.851um
          hp wire lengths  : top=0.000um, trunk=20.160um, leaf=259.990um, total=280.150um
        Clock DAG net violations after 'Approximately balancing fragments bottom up': none
        Clock DAG primary half-corner transition distribution after 'Approximately balancing fragments bottom up':
          Trunk : target=0.133ns count=2 avg=0.034ns sd=0.043ns min=0.003ns max=0.064ns {2 <= 0.080ns, 0 <= 0.106ns, 0 <= 0.120ns, 0 <= 0.126ns, 0 <= 0.133ns}
          Leaf  : target=0.133ns count=2 avg=0.122ns sd=0.006ns min=0.118ns max=0.126ns {0 <= 0.080ns, 0 <= 0.106ns, 1 <= 0.120ns, 1 <= 0.126ns, 0 <= 0.133ns}
        Clock DAG library cell distribution after 'Approximately balancing fragments bottom up' {count}:
           Invs: sky130_fd_sc_hd__clkinv_16: 3 
        Legalizer API calls during this step: 0 succeeded with high effort: 0 succeeded with medium effort: 0 succeeded with low effort: 0 succeeded with basic effort: 0 succeeded with basic unbounded effort: 0
      Approximately balancing fragments bottom up done. (took cpu=0:00:00.0 real=0:00:00.0)
      Approximately balancing fragments, wire and cell delays...
      Approximately balancing fragments, wire and cell delays, iteration 1...
        Clock DAG stats after Approximately balancing fragments, wire and cell delays, iteration 1:
          cell counts      : b=0, i=3, icg=0, dcg=0, l=0, total=3
          sink counts      : regular=119, enable_latch=0, load_capacitance=0, antenna=0, node_sink=0, total=119
          misc counts      : r=1, pp=0
          cell areas       : b=0.000um^2, i=90.086um^2, icg=0.000um^2, dcg=0.000um^2, l=0.000um^2, total=90.086um^2
          cell capacitance : b=0.000pF, i=0.121pF, icg=0.000pF, dcg=0.000pF, l=0.000pF, total=0.121pF
          sink capacitance : total=0.259pF, avg=0.002pF, sd=0.000pF, min=0.002pF, max=0.003pF
          wire capacitance : top=0.000pF, trunk=0.003pF, leaf=0.085pF, total=0.088pF
          wire lengths     : top=0.000um, trunk=21.540um, leaf=646.311um, total=667.851um
          hp wire lengths  : top=0.000um, trunk=20.160um, leaf=259.990um, total=280.150um
        Clock DAG net violations after Approximately balancing fragments, wire and cell delays, iteration 1: none
        Clock DAG primary half-corner transition distribution after Approximately balancing fragments, wire and cell delays, iteration 1:
          Trunk : target=0.133ns count=2 avg=0.034ns sd=0.043ns min=0.003ns max=0.064ns {2 <= 0.080ns, 0 <= 0.106ns, 0 <= 0.120ns, 0 <= 0.126ns, 0 <= 0.133ns}
          Leaf  : target=0.133ns count=2 avg=0.122ns sd=0.006ns min=0.118ns max=0.126ns {0 <= 0.080ns, 0 <= 0.106ns, 1 <= 0.120ns, 1 <= 0.126ns, 0 <= 0.133ns}
        Clock DAG library cell distribution after Approximately balancing fragments, wire and cell delays, iteration 1 {count}:
           Invs: sky130_fd_sc_hd__clkinv_16: 3 
      Approximately balancing fragments, wire and cell delays, iteration 1 done.
      Approximately balancing fragments, wire and cell delays done. (took cpu=0:00:00.0 real=0:00:00.0)
    Approximately balancing fragments done.
    Clock DAG stats after 'Approximately balancing fragments step':
      cell counts      : b=0, i=3, icg=0, dcg=0, l=0, total=3
      sink counts      : regular=119, enable_latch=0, load_capacitance=0, antenna=0, node_sink=0, total=119
      misc counts      : r=1, pp=0
      cell areas       : b=0.000um^2, i=90.086um^2, icg=0.000um^2, dcg=0.000um^2, l=0.000um^2, total=90.086um^2
      cell capacitance : b=0.000pF, i=0.121pF, icg=0.000pF, dcg=0.000pF, l=0.000pF, total=0.121pF
      sink capacitance : total=0.259pF, avg=0.002pF, sd=0.000pF, min=0.002pF, max=0.003pF
      wire capacitance : top=0.000pF, trunk=0.003pF, leaf=0.085pF, total=0.088pF
      wire lengths     : top=0.000um, trunk=21.540um, leaf=646.311um, total=667.851um
      hp wire lengths  : top=0.000um, trunk=20.160um, leaf=259.990um, total=280.150um
    Clock DAG net violations after 'Approximately balancing fragments step': none
    Clock DAG primary half-corner transition distribution after 'Approximately balancing fragments step':
      Trunk : target=0.133ns count=2 avg=0.034ns sd=0.043ns min=0.003ns max=0.064ns {2 <= 0.080ns, 0 <= 0.106ns, 0 <= 0.120ns, 0 <= 0.126ns, 0 <= 0.133ns}
      Leaf  : target=0.133ns count=2 avg=0.122ns sd=0.006ns min=0.118ns max=0.126ns {0 <= 0.080ns, 0 <= 0.106ns, 1 <= 0.120ns, 1 <= 0.126ns, 0 <= 0.133ns}
    Clock DAG library cell distribution after 'Approximately balancing fragments step' {count}:
       Invs: sky130_fd_sc_hd__clkinv_16: 3 
    Legalizer API calls during this step: 0 succeeded with high effort: 0 succeeded with medium effort: 0 succeeded with low effort: 0 succeeded with basic effort: 0 succeeded with basic unbounded effort: 0
  Approximately balancing fragments step done. (took cpu=0:00:00.0 real=0:00:00.0)
  Clock DAG stats after Approximately balancing fragments:
    cell counts      : b=0, i=3, icg=0, dcg=0, l=0, total=3
    sink counts      : regular=119, enable_latch=0, load_capacitance=0, antenna=0, node_sink=0, total=119
    misc counts      : r=1, pp=0
    cell areas       : b=0.000um^2, i=90.086um^2, icg=0.000um^2, dcg=0.000um^2, l=0.000um^2, total=90.086um^2
    cell capacitance : b=0.000pF, i=0.121pF, icg=0.000pF, dcg=0.000pF, l=0.000pF, total=0.121pF
    sink capacitance : total=0.259pF, avg=0.002pF, sd=0.000pF, min=0.002pF, max=0.003pF
    wire capacitance : top=0.000pF, trunk=0.003pF, leaf=0.085pF, total=0.088pF
    wire lengths     : top=0.000um, trunk=21.540um, leaf=646.311um, total=667.851um
    hp wire lengths  : top=0.000um, trunk=20.160um, leaf=259.990um, total=280.150um
  Clock DAG net violations after Approximately balancing fragments: none
  Clock DAG primary half-corner transition distribution after Approximately balancing fragments:
    Trunk : target=0.133ns count=2 avg=0.034ns sd=0.043ns min=0.003ns max=0.064ns {2 <= 0.080ns, 0 <= 0.106ns, 0 <= 0.120ns, 0 <= 0.126ns, 0 <= 0.133ns}
    Leaf  : target=0.133ns count=2 avg=0.122ns sd=0.006ns min=0.118ns max=0.126ns {0 <= 0.080ns, 0 <= 0.106ns, 1 <= 0.120ns, 1 <= 0.126ns, 0 <= 0.133ns}
  Clock DAG library cell distribution after Approximately balancing fragments {count}:
     Invs: sky130_fd_sc_hd__clkinv_16: 3 
  Primary reporting skew groups after Approximately balancing fragments:
    skew_group clk/CONSTRAINTS: insertion delay [min=0.179, max=0.188], skew [0.008 vs 0.148]
  Skew group summary after Approximately balancing fragments:
    skew_group clk/CONSTRAINTS: insertion delay [min=0.179, max=0.188], skew [0.008 vs 0.148]
  Improving fragments clock skew...
    Clock DAG stats after 'Improving fragments clock skew':
      cell counts      : b=0, i=3, icg=0, dcg=0, l=0, total=3
      sink counts      : regular=119, enable_latch=0, load_capacitance=0, antenna=0, node_sink=0, total=119
      misc counts      : r=1, pp=0
      cell areas       : b=0.000um^2, i=90.086um^2, icg=0.000um^2, dcg=0.000um^2, l=0.000um^2, total=90.086um^2
      cell capacitance : b=0.000pF, i=0.121pF, icg=0.000pF, dcg=0.000pF, l=0.000pF, total=0.121pF
      sink capacitance : total=0.259pF, avg=0.002pF, sd=0.000pF, min=0.002pF, max=0.003pF
      wire capacitance : top=0.000pF, trunk=0.003pF, leaf=0.085pF, total=0.088pF
      wire lengths     : top=0.000um, trunk=21.540um, leaf=646.311um, total=667.851um
      hp wire lengths  : top=0.000um, trunk=20.160um, leaf=259.990um, total=280.150um
    Clock DAG net violations after 'Improving fragments clock skew': none
    Clock DAG primary half-corner transition distribution after 'Improving fragments clock skew':
      Trunk : target=0.133ns count=2 avg=0.034ns sd=0.043ns min=0.003ns max=0.064ns {2 <= 0.080ns, 0 <= 0.106ns, 0 <= 0.120ns, 0 <= 0.126ns, 0 <= 0.133ns}
      Leaf  : target=0.133ns count=2 avg=0.122ns sd=0.006ns min=0.118ns max=0.126ns {0 <= 0.080ns, 0 <= 0.106ns, 1 <= 0.120ns, 1 <= 0.126ns, 0 <= 0.133ns}
    Clock DAG library cell distribution after 'Improving fragments clock skew' {count}:
       Invs: sky130_fd_sc_hd__clkinv_16: 3 
    Primary reporting skew groups after 'Improving fragments clock skew':
      skew_group clk/CONSTRAINTS: insertion delay [min=0.179, max=0.188], skew [0.008 vs 0.148]
    Skew group summary after 'Improving fragments clock skew':
      skew_group clk/CONSTRAINTS: insertion delay [min=0.179, max=0.188], skew [0.008 vs 0.148]
    Legalizer API calls during this step: 0 succeeded with high effort: 0 succeeded with medium effort: 0 succeeded with low effort: 0 succeeded with basic effort: 0 succeeded with basic unbounded effort: 0
  Improving fragments clock skew done. (took cpu=0:00:00.0 real=0:00:00.0)
  Approximately balancing step...
    Resolve constraints - Approximately balancing...
    Resolving skew group constraints...
      Solving LP: 1 skew groups; 2 fragments, 2 fraglets and 3 vertices; 25 variables and 66 constraints; tolerance 1
    Resolving skew group constraints done.
    Resolve constraints - Approximately balancing done. (took cpu=0:00:00.0 real=0:00:00.0)
    Approximately balancing...
      Approximately balancing, wire and cell delays...
      Approximately balancing, wire and cell delays, iteration 1...
        Clock DAG stats after Approximately balancing, wire and cell delays, iteration 1:
          cell counts      : b=0, i=3, icg=0, dcg=0, l=0, total=3
          sink counts      : regular=119, enable_latch=0, load_capacitance=0, antenna=0, node_sink=0, total=119
          misc counts      : r=1, pp=0
          cell areas       : b=0.000um^2, i=90.086um^2, icg=0.000um^2, dcg=0.000um^2, l=0.000um^2, total=90.086um^2
          cell capacitance : b=0.000pF, i=0.121pF, icg=0.000pF, dcg=0.000pF, l=0.000pF, total=0.121pF
          sink capacitance : total=0.259pF, avg=0.002pF, sd=0.000pF, min=0.002pF, max=0.003pF
          wire capacitance : top=0.000pF, trunk=0.003pF, leaf=0.085pF, total=0.088pF
          wire lengths     : top=0.000um, trunk=21.540um, leaf=646.311um, total=667.851um
          hp wire lengths  : top=0.000um, trunk=20.160um, leaf=259.990um, total=280.150um
        Clock DAG net violations after Approximately balancing, wire and cell delays, iteration 1: none
        Clock DAG primary half-corner transition distribution after Approximately balancing, wire and cell delays, iteration 1:
          Trunk : target=0.133ns count=2 avg=0.034ns sd=0.043ns min=0.003ns max=0.064ns {2 <= 0.080ns, 0 <= 0.106ns, 0 <= 0.120ns, 0 <= 0.126ns, 0 <= 0.133ns}
          Leaf  : target=0.133ns count=2 avg=0.122ns sd=0.006ns min=0.118ns max=0.126ns {0 <= 0.080ns, 0 <= 0.106ns, 1 <= 0.120ns, 1 <= 0.126ns, 0 <= 0.133ns}
        Clock DAG library cell distribution after Approximately balancing, wire and cell delays, iteration 1 {count}:
           Invs: sky130_fd_sc_hd__clkinv_16: 3 
      Approximately balancing, wire and cell delays, iteration 1 done.
      Approximately balancing, wire and cell delays done. (took cpu=0:00:00.0 real=0:00:00.0)
    Approximately balancing done.
    Clock DAG stats after 'Approximately balancing step':
      cell counts      : b=0, i=3, icg=0, dcg=0, l=0, total=3
      sink counts      : regular=119, enable_latch=0, load_capacitance=0, antenna=0, node_sink=0, total=119
      misc counts      : r=1, pp=0
      cell areas       : b=0.000um^2, i=90.086um^2, icg=0.000um^2, dcg=0.000um^2, l=0.000um^2, total=90.086um^2
      cell capacitance : b=0.000pF, i=0.121pF, icg=0.000pF, dcg=0.000pF, l=0.000pF, total=0.121pF
      sink capacitance : total=0.259pF, avg=0.002pF, sd=0.000pF, min=0.002pF, max=0.003pF
      wire capacitance : top=0.000pF, trunk=0.003pF, leaf=0.085pF, total=0.088pF
      wire lengths     : top=0.000um, trunk=21.540um, leaf=646.311um, total=667.851um
      hp wire lengths  : top=0.000um, trunk=20.160um, leaf=259.990um, total=280.150um
    Clock DAG net violations after 'Approximately balancing step': none
    Clock DAG primary half-corner transition distribution after 'Approximately balancing step':
      Trunk : target=0.133ns count=2 avg=0.034ns sd=0.043ns min=0.003ns max=0.064ns {2 <= 0.080ns, 0 <= 0.106ns, 0 <= 0.120ns, 0 <= 0.126ns, 0 <= 0.133ns}
      Leaf  : target=0.133ns count=2 avg=0.122ns sd=0.006ns min=0.118ns max=0.126ns {0 <= 0.080ns, 0 <= 0.106ns, 1 <= 0.120ns, 1 <= 0.126ns, 0 <= 0.133ns}
    Clock DAG library cell distribution after 'Approximately balancing step' {count}:
       Invs: sky130_fd_sc_hd__clkinv_16: 3 
    Primary reporting skew groups after 'Approximately balancing step':
      skew_group clk/CONSTRAINTS: insertion delay [min=0.179, max=0.188], skew [0.008 vs 0.148]
    Skew group summary after 'Approximately balancing step':
      skew_group clk/CONSTRAINTS: insertion delay [min=0.179, max=0.188], skew [0.008 vs 0.148]
    Legalizer API calls during this step: 0 succeeded with high effort: 0 succeeded with medium effort: 0 succeeded with low effort: 0 succeeded with basic effort: 0 succeeded with basic unbounded effort: 0
  Approximately balancing step done. (took cpu=0:00:00.0 real=0:00:00.0)
  Fixing clock tree overload...
    Fixing clock tree overload: ...20% ...40% ...60% ...80% ...100% 
    Clock DAG stats after 'Fixing clock tree overload':
      cell counts      : b=0, i=3, icg=0, dcg=0, l=0, total=3
      sink counts      : regular=119, enable_latch=0, load_capacitance=0, antenna=0, node_sink=0, total=119
      misc counts      : r=1, pp=0
      cell areas       : b=0.000um^2, i=90.086um^2, icg=0.000um^2, dcg=0.000um^2, l=0.000um^2, total=90.086um^2
      cell capacitance : b=0.000pF, i=0.121pF, icg=0.000pF, dcg=0.000pF, l=0.000pF, total=0.121pF
      sink capacitance : total=0.259pF, avg=0.002pF, sd=0.000pF, min=0.002pF, max=0.003pF
      wire capacitance : top=0.000pF, trunk=0.003pF, leaf=0.085pF, total=0.088pF
      wire lengths     : top=0.000um, trunk=21.540um, leaf=646.311um, total=667.851um
      hp wire lengths  : top=0.000um, trunk=20.160um, leaf=259.990um, total=280.150um
    Clock DAG net violations after 'Fixing clock tree overload': none
    Clock DAG primary half-corner transition distribution after 'Fixing clock tree overload':
      Trunk : target=0.133ns count=2 avg=0.034ns sd=0.043ns min=0.003ns max=0.064ns {2 <= 0.080ns, 0 <= 0.106ns, 0 <= 0.120ns, 0 <= 0.126ns, 0 <= 0.133ns}
      Leaf  : target=0.133ns count=2 avg=0.122ns sd=0.006ns min=0.118ns max=0.126ns {0 <= 0.080ns, 0 <= 0.106ns, 1 <= 0.120ns, 1 <= 0.126ns, 0 <= 0.133ns}
    Clock DAG library cell distribution after 'Fixing clock tree overload' {count}:
       Invs: sky130_fd_sc_hd__clkinv_16: 3 
    Primary reporting skew groups after 'Fixing clock tree overload':
      skew_group clk/CONSTRAINTS: insertion delay [min=0.179, max=0.188], skew [0.008 vs 0.148]
    Skew group summary after 'Fixing clock tree overload':
      skew_group clk/CONSTRAINTS: insertion delay [min=0.179, max=0.188], skew [0.008 vs 0.148]
    Legalizer API calls during this step: 0 succeeded with high effort: 0 succeeded with medium effort: 0 succeeded with low effort: 0 succeeded with basic effort: 0 succeeded with basic unbounded effort: 0
  Fixing clock tree overload done. (took cpu=0:00:00.0 real=0:00:00.0)
  Approximately balancing paths...
    Added 0 buffers.
    Clock DAG stats after 'Approximately balancing paths':
      cell counts      : b=0, i=3, icg=0, dcg=0, l=0, total=3
      sink counts      : regular=119, enable_latch=0, load_capacitance=0, antenna=0, node_sink=0, total=119
      misc counts      : r=1, pp=0
      cell areas       : b=0.000um^2, i=90.086um^2, icg=0.000um^2, dcg=0.000um^2, l=0.000um^2, total=90.086um^2
      cell capacitance : b=0.000pF, i=0.121pF, icg=0.000pF, dcg=0.000pF, l=0.000pF, total=0.121pF
      sink capacitance : total=0.259pF, avg=0.002pF, sd=0.000pF, min=0.002pF, max=0.003pF
      wire capacitance : top=0.000pF, trunk=0.003pF, leaf=0.085pF, total=0.088pF
      wire lengths     : top=0.000um, trunk=21.540um, leaf=646.311um, total=667.851um
      hp wire lengths  : top=0.000um, trunk=20.160um, leaf=259.990um, total=280.150um
    Clock DAG net violations after 'Approximately balancing paths': none
    Clock DAG primary half-corner transition distribution after 'Approximately balancing paths':
      Trunk : target=0.133ns count=2 avg=0.034ns sd=0.043ns min=0.003ns max=0.064ns {2 <= 0.080ns, 0 <= 0.106ns, 0 <= 0.120ns, 0 <= 0.126ns, 0 <= 0.133ns}
      Leaf  : target=0.133ns count=2 avg=0.122ns sd=0.006ns min=0.118ns max=0.126ns {0 <= 0.080ns, 0 <= 0.106ns, 1 <= 0.120ns, 1 <= 0.126ns, 0 <= 0.133ns}
    Clock DAG library cell distribution after 'Approximately balancing paths' {count}:
       Invs: sky130_fd_sc_hd__clkinv_16: 3 
    Primary reporting skew groups after 'Approximately balancing paths':
      skew_group clk/CONSTRAINTS: insertion delay [min=0.179, max=0.188, avg=0.184, sd=0.003], skew [0.008 vs 0.148], 100% {0.179, 0.188} (wid=0.010 ws=0.006) (gid=0.178 gs=0.002)
    Skew group summary after 'Approximately balancing paths':
      skew_group clk/CONSTRAINTS: insertion delay [min=0.179, max=0.188, avg=0.184, sd=0.003], skew [0.008 vs 0.148], 100% {0.179, 0.188} (wid=0.010 ws=0.006) (gid=0.178 gs=0.002)
    Legalizer API calls during this step: 0 succeeded with high effort: 0 succeeded with medium effort: 0 succeeded with low effort: 0 succeeded with basic effort: 0 succeeded with basic unbounded effort: 0
  Approximately balancing paths done. (took cpu=0:00:00.0 real=0:00:00.0)
  Stage::Balancing done. (took cpu=0:00:00.0 real=0:00:00.0)
  Stage::Polishing...
  Clock tree timing engine global stage delay update for DELAY_TYP:both.late...
  Clock tree timing engine global stage delay update for DELAY_TYP:both.late done. (took cpu=0:00:00.0 real=0:00:00.0)
  Clock DAG stats before polishing:
    cell counts      : b=0, i=3, icg=0, dcg=0, l=0, total=3
    sink counts      : regular=119, enable_latch=0, load_capacitance=0, antenna=0, node_sink=0, total=119
    misc counts      : r=1, pp=0
    cell areas       : b=0.000um^2, i=90.086um^2, icg=0.000um^2, dcg=0.000um^2, l=0.000um^2, total=90.086um^2
    cell capacitance : b=0.000pF, i=0.121pF, icg=0.000pF, dcg=0.000pF, l=0.000pF, total=0.121pF
    sink capacitance : total=0.259pF, avg=0.002pF, sd=0.000pF, min=0.002pF, max=0.003pF
    wire capacitance : top=0.000pF, trunk=0.003pF, leaf=0.085pF, total=0.088pF
    wire lengths     : top=0.000um, trunk=21.540um, leaf=646.311um, total=667.851um
    hp wire lengths  : top=0.000um, trunk=20.160um, leaf=259.990um, total=280.150um
  Clock DAG net violations before polishing: none
  Clock DAG primary half-corner transition distribution before polishing:
    Trunk : target=0.133ns count=2 avg=0.034ns sd=0.043ns min=0.003ns max=0.064ns {2 <= 0.080ns, 0 <= 0.106ns, 0 <= 0.120ns, 0 <= 0.126ns, 0 <= 0.133ns}
    Leaf  : target=0.133ns count=2 avg=0.122ns sd=0.006ns min=0.118ns max=0.126ns {0 <= 0.080ns, 0 <= 0.106ns, 1 <= 0.120ns, 1 <= 0.126ns, 0 <= 0.133ns}
  Clock DAG library cell distribution before polishing {count}:
     Invs: sky130_fd_sc_hd__clkinv_16: 3 
  Primary reporting skew groups before polishing:
    skew_group clk/CONSTRAINTS: insertion delay [min=0.180, max=0.188], skew [0.008 vs 0.148]
  Skew group summary before polishing:
    skew_group clk/CONSTRAINTS: insertion delay [min=0.180, max=0.188], skew [0.008 vs 0.148]
  Merging balancing drivers for power...
    Tried: 5 Succeeded: 0
    Clock DAG stats after 'Merging balancing drivers for power':
      cell counts      : b=0, i=3, icg=0, dcg=0, l=0, total=3
      sink counts      : regular=119, enable_latch=0, load_capacitance=0, antenna=0, node_sink=0, total=119
      misc counts      : r=1, pp=0
      cell areas       : b=0.000um^2, i=90.086um^2, icg=0.000um^2, dcg=0.000um^2, l=0.000um^2, total=90.086um^2
      cell capacitance : b=0.000pF, i=0.121pF, icg=0.000pF, dcg=0.000pF, l=0.000pF, total=0.121pF
      sink capacitance : total=0.259pF, avg=0.002pF, sd=0.000pF, min=0.002pF, max=0.003pF
      wire capacitance : top=0.000pF, trunk=0.003pF, leaf=0.085pF, total=0.088pF
      wire lengths     : top=0.000um, trunk=21.540um, leaf=646.311um, total=667.851um
      hp wire lengths  : top=0.000um, trunk=20.160um, leaf=259.990um, total=280.150um
    Clock DAG net violations after 'Merging balancing drivers for power': none
    Clock DAG primary half-corner transition distribution after 'Merging balancing drivers for power':
      Trunk : target=0.133ns count=2 avg=0.034ns sd=0.043ns min=0.003ns max=0.064ns {2 <= 0.080ns, 0 <= 0.106ns, 0 <= 0.120ns, 0 <= 0.126ns, 0 <= 0.133ns}
      Leaf  : target=0.133ns count=2 avg=0.122ns sd=0.006ns min=0.118ns max=0.126ns {0 <= 0.080ns, 0 <= 0.106ns, 1 <= 0.120ns, 1 <= 0.126ns, 0 <= 0.133ns}
    Clock DAG library cell distribution after 'Merging balancing drivers for power' {count}:
       Invs: sky130_fd_sc_hd__clkinv_16: 3 
    Primary reporting skew groups after 'Merging balancing drivers for power':
      skew_group clk/CONSTRAINTS: insertion delay [min=0.180, max=0.188], skew [0.008 vs 0.148]
    Skew group summary after 'Merging balancing drivers for power':
      skew_group clk/CONSTRAINTS: insertion delay [min=0.180, max=0.188], skew [0.008 vs 0.148]
    Legalizer API calls during this step: 0 succeeded with high effort: 0 succeeded with medium effort: 0 succeeded with low effort: 0 succeeded with basic effort: 0 succeeded with basic unbounded effort: 0
  Merging balancing drivers for power done. (took cpu=0:00:00.0 real=0:00:00.0)
  Improving clock skew...
    Clock DAG stats after 'Improving clock skew':
      cell counts      : b=0, i=3, icg=0, dcg=0, l=0, total=3
      sink counts      : regular=119, enable_latch=0, load_capacitance=0, antenna=0, node_sink=0, total=119
      misc counts      : r=1, pp=0
      cell areas       : b=0.000um^2, i=90.086um^2, icg=0.000um^2, dcg=0.000um^2, l=0.000um^2, total=90.086um^2
      cell capacitance : b=0.000pF, i=0.121pF, icg=0.000pF, dcg=0.000pF, l=0.000pF, total=0.121pF
      sink capacitance : total=0.259pF, avg=0.002pF, sd=0.000pF, min=0.002pF, max=0.003pF
      wire capacitance : top=0.000pF, trunk=0.003pF, leaf=0.085pF, total=0.088pF
      wire lengths     : top=0.000um, trunk=21.540um, leaf=646.311um, total=667.851um
      hp wire lengths  : top=0.000um, trunk=20.160um, leaf=259.990um, total=280.150um
    Clock DAG net violations after 'Improving clock skew': none
    Clock DAG primary half-corner transition distribution after 'Improving clock skew':
      Trunk : target=0.133ns count=2 avg=0.034ns sd=0.043ns min=0.003ns max=0.064ns {2 <= 0.080ns, 0 <= 0.106ns, 0 <= 0.120ns, 0 <= 0.126ns, 0 <= 0.133ns}
      Leaf  : target=0.133ns count=2 avg=0.122ns sd=0.006ns min=0.118ns max=0.126ns {0 <= 0.080ns, 0 <= 0.106ns, 1 <= 0.120ns, 1 <= 0.126ns, 0 <= 0.133ns}
    Clock DAG library cell distribution after 'Improving clock skew' {count}:
       Invs: sky130_fd_sc_hd__clkinv_16: 3 
    Primary reporting skew groups after 'Improving clock skew':
      skew_group clk/CONSTRAINTS: insertion delay [min=0.180, max=0.188, avg=0.184, sd=0.003], skew [0.008 vs 0.148], 100% {0.180, 0.188} (wid=0.010 ws=0.006) (gid=0.178 gs=0.002)
    Skew group summary after 'Improving clock skew':
      skew_group clk/CONSTRAINTS: insertion delay [min=0.180, max=0.188, avg=0.184, sd=0.003], skew [0.008 vs 0.148], 100% {0.180, 0.188} (wid=0.010 ws=0.006) (gid=0.178 gs=0.002)
    Legalizer API calls during this step: 0 succeeded with high effort: 0 succeeded with medium effort: 0 succeeded with low effort: 0 succeeded with basic effort: 0 succeeded with basic unbounded effort: 0
  Improving clock skew done. (took cpu=0:00:00.0 real=0:00:00.0)
  Moving gates to reduce wire capacitance...
    Modified slew target multipliers. Leaf=(1 to 0.9) Trunk=(1 to 0.95) Top=(1 to 0.95)
    Iteration 1...
      Artificially removing short and long paths...
        Legalizer API calls during this step: 0 succeeded with high effort: 0 succeeded with medium effort: 0 succeeded with low effort: 0 succeeded with basic effort: 0 succeeded with basic unbounded effort: 0
      Artificially removing short and long paths done. (took cpu=0:00:00.0 real=0:00:00.0)
      Moving gates to reduce wire capacitance - iteration 1: WireCapReduction...
        Legalizing clock trees...
        Legalizing clock trees done. (took cpu=0:00:00.0 real=0:00:00.0)
        Legalizer API calls during this step: 20 succeeded with high effort: 20 succeeded with medium effort: 0 succeeded with low effort: 0 succeeded with basic effort: 0 succeeded with basic unbounded effort: 0
      Moving gates to reduce wire capacitance - iteration 1: WireCapReduction done. (took cpu=0:00:00.0 real=0:00:00.0)
      Moving gates to reduce wire capacitance - iteration 1: MoveGates...
        Moving gates:         ...20% ...40% ...60% ...80% ...Legalizing clock trees...
        Legalizing clock trees done. (took cpu=0:00:00.0 real=0:00:00.0)
        100% 
        Legalizer API calls during this step: 42 succeeded with high effort: 42 succeeded with medium effort: 0 succeeded with low effort: 0 succeeded with basic effort: 0 succeeded with basic unbounded effort: 0
      Moving gates to reduce wire capacitance - iteration 1: MoveGates done. (took cpu=0:00:00.0 real=0:00:00.0)
    Iteration 1 done.
    Iteration 2...
      Artificially removing short and long paths...
        Legalizer API calls during this step: 0 succeeded with high effort: 0 succeeded with medium effort: 0 succeeded with low effort: 0 succeeded with basic effort: 0 succeeded with basic unbounded effort: 0
      Artificially removing short and long paths done. (took cpu=0:00:00.0 real=0:00:00.0)
      Moving gates to reduce wire capacitance - iteration 2: WireCapReduction...
        Legalizing clock trees...
        Legalizing clock trees done. (took cpu=0:00:00.0 real=0:00:00.0)
        Legalizer API calls during this step: 18 succeeded with high effort: 18 succeeded with medium effort: 0 succeeded with low effort: 0 succeeded with basic effort: 0 succeeded with basic unbounded effort: 0
      Moving gates to reduce wire capacitance - iteration 2: WireCapReduction done. (took cpu=0:00:00.0 real=0:00:00.0)
      Moving gates to reduce wire capacitance - iteration 2: MoveGates...
        Moving gates:         ...20% ...40% ...60% ...80% ...Legalizing clock trees...
        Legalizing clock trees done. (took cpu=0:00:00.0 real=0:00:00.0)
        100% 
        Legalizer API calls during this step: 42 succeeded with high effort: 42 succeeded with medium effort: 0 succeeded with low effort: 0 succeeded with basic effort: 0 succeeded with basic unbounded effort: 0
      Moving gates to reduce wire capacitance - iteration 2: MoveGates done. (took cpu=0:00:00.0 real=0:00:00.0)
    Iteration 2 done.
    Reverted slew target multipliers. Leaf=(0.9 to 1) Trunk=(0.95 to 1) Top=(0.95 to 1)
    Clock DAG stats after 'Moving gates to reduce wire capacitance':
      cell counts      : b=0, i=3, icg=0, dcg=0, l=0, total=3
      sink counts      : regular=119, enable_latch=0, load_capacitance=0, antenna=0, node_sink=0, total=119
      misc counts      : r=1, pp=0
      cell areas       : b=0.000um^2, i=90.086um^2, icg=0.000um^2, dcg=0.000um^2, l=0.000um^2, total=90.086um^2
      cell capacitance : b=0.000pF, i=0.121pF, icg=0.000pF, dcg=0.000pF, l=0.000pF, total=0.121pF
      sink capacitance : total=0.259pF, avg=0.002pF, sd=0.000pF, min=0.002pF, max=0.003pF
      wire capacitance : top=0.000pF, trunk=0.002pF, leaf=0.082pF, total=0.084pF
      wire lengths     : top=0.000um, trunk=17.725um, leaf=630.779um, total=648.504um
      hp wire lengths  : top=0.000um, trunk=22.340um, leaf=259.760um, total=282.100um
    Clock DAG net violations after 'Moving gates to reduce wire capacitance': none
    Clock DAG primary half-corner transition distribution after 'Moving gates to reduce wire capacitance':
      Trunk : target=0.133ns count=2 avg=0.034ns sd=0.043ns min=0.003ns max=0.064ns {2 <= 0.080ns, 0 <= 0.106ns, 0 <= 0.120ns, 0 <= 0.126ns, 0 <= 0.133ns}
      Leaf  : target=0.133ns count=2 avg=0.121ns sd=0.005ns min=0.117ns max=0.124ns {0 <= 0.080ns, 0 <= 0.106ns, 1 <= 0.120ns, 1 <= 0.126ns, 0 <= 0.133ns}
    Clock DAG library cell distribution after 'Moving gates to reduce wire capacitance' {count}:
       Invs: sky130_fd_sc_hd__clkinv_16: 3 
    Primary reporting skew groups after 'Moving gates to reduce wire capacitance':
      skew_group clk/CONSTRAINTS: insertion delay [min=0.176, max=0.185, avg=0.183, sd=0.002], skew [0.009 vs 0.148], 100% {0.176, 0.185} (wid=0.008 ws=0.005) (gid=0.179 gs=0.006)
    Skew group summary after 'Moving gates to reduce wire capacitance':
      skew_group clk/CONSTRAINTS: insertion delay [min=0.176, max=0.185, avg=0.183, sd=0.002], skew [0.009 vs 0.148], 100% {0.176, 0.185} (wid=0.008 ws=0.005) (gid=0.179 gs=0.006)
    Legalizer API calls during this step: 122 succeeded with high effort: 122 succeeded with medium effort: 0 succeeded with low effort: 0 succeeded with basic effort: 0 succeeded with basic unbounded effort: 0
  Moving gates to reduce wire capacitance done. (took cpu=0:00:00.1 real=0:00:00.1)
  Reducing clock tree power 3...
    Artificially removing short and long paths...
      Legalizer API calls during this step: 0 succeeded with high effort: 0 succeeded with medium effort: 0 succeeded with low effort: 0 succeeded with basic effort: 0 succeeded with basic unbounded effort: 0
    Artificially removing short and long paths done. (took cpu=0:00:00.0 real=0:00:00.0)
    Initial gate capacitance is (rise=0.380pF fall=0.341pF).
    Resizing gates:     ...20% ...40% ...60% ...80% ...Legalizing clock trees...
    Legalizing clock trees done. (took cpu=0:00:00.0 real=0:00:00.0)
    100% 
    Clock DAG stats after 'Reducing clock tree power 3':
      cell counts      : b=0, i=3, icg=0, dcg=0, l=0, total=3
      sink counts      : regular=119, enable_latch=0, load_capacitance=0, antenna=0, node_sink=0, total=119
      misc counts      : r=1, pp=0
      cell areas       : b=0.000um^2, i=90.086um^2, icg=0.000um^2, dcg=0.000um^2, l=0.000um^2, total=90.086um^2
      cell capacitance : b=0.000pF, i=0.121pF, icg=0.000pF, dcg=0.000pF, l=0.000pF, total=0.121pF
      sink capacitance : total=0.259pF, avg=0.002pF, sd=0.000pF, min=0.002pF, max=0.003pF
      wire capacitance : top=0.000pF, trunk=0.002pF, leaf=0.082pF, total=0.084pF
      wire lengths     : top=0.000um, trunk=17.725um, leaf=630.779um, total=648.504um
      hp wire lengths  : top=0.000um, trunk=22.340um, leaf=259.760um, total=282.100um
    Clock DAG net violations after 'Reducing clock tree power 3': none
    Clock DAG primary half-corner transition distribution after 'Reducing clock tree power 3':
      Trunk : target=0.133ns count=2 avg=0.034ns sd=0.043ns min=0.003ns max=0.064ns {2 <= 0.080ns, 0 <= 0.106ns, 0 <= 0.120ns, 0 <= 0.126ns, 0 <= 0.133ns}
      Leaf  : target=0.133ns count=2 avg=0.121ns sd=0.005ns min=0.117ns max=0.124ns {0 <= 0.080ns, 0 <= 0.106ns, 1 <= 0.120ns, 1 <= 0.126ns, 0 <= 0.133ns}
    Clock DAG library cell distribution after 'Reducing clock tree power 3' {count}:
       Invs: sky130_fd_sc_hd__clkinv_16: 3 
    Primary reporting skew groups after 'Reducing clock tree power 3':
      skew_group clk/CONSTRAINTS: insertion delay [min=0.176, max=0.185, avg=0.183, sd=0.002], skew [0.009 vs 0.148], 100% {0.176, 0.185} (wid=0.008 ws=0.005) (gid=0.179 gs=0.006)
    Skew group summary after 'Reducing clock tree power 3':
      skew_group clk/CONSTRAINTS: insertion delay [min=0.176, max=0.185, avg=0.183, sd=0.002], skew [0.009 vs 0.148], 100% {0.176, 0.185} (wid=0.008 ws=0.005) (gid=0.179 gs=0.006)
    Legalizer API calls during this step: 6 succeeded with high effort: 6 succeeded with medium effort: 0 succeeded with low effort: 0 succeeded with basic effort: 0 succeeded with basic unbounded effort: 0
  Reducing clock tree power 3 done. (took cpu=0:00:00.0 real=0:00:00.0)
  Improving insertion delay...
    Clock DAG stats after 'Improving insertion delay':
      cell counts      : b=0, i=3, icg=0, dcg=0, l=0, total=3
      sink counts      : regular=119, enable_latch=0, load_capacitance=0, antenna=0, node_sink=0, total=119
      misc counts      : r=1, pp=0
      cell areas       : b=0.000um^2, i=90.086um^2, icg=0.000um^2, dcg=0.000um^2, l=0.000um^2, total=90.086um^2
      cell capacitance : b=0.000pF, i=0.121pF, icg=0.000pF, dcg=0.000pF, l=0.000pF, total=0.121pF
      sink capacitance : total=0.259pF, avg=0.002pF, sd=0.000pF, min=0.002pF, max=0.003pF
      wire capacitance : top=0.000pF, trunk=0.002pF, leaf=0.082pF, total=0.084pF
      wire lengths     : top=0.000um, trunk=17.725um, leaf=630.779um, total=648.504um
      hp wire lengths  : top=0.000um, trunk=22.340um, leaf=259.760um, total=282.100um
    Clock DAG net violations after 'Improving insertion delay': none
    Clock DAG primary half-corner transition distribution after 'Improving insertion delay':
      Trunk : target=0.133ns count=2 avg=0.034ns sd=0.043ns min=0.003ns max=0.064ns {2 <= 0.080ns, 0 <= 0.106ns, 0 <= 0.120ns, 0 <= 0.126ns, 0 <= 0.133ns}
      Leaf  : target=0.133ns count=2 avg=0.121ns sd=0.005ns min=0.117ns max=0.124ns {0 <= 0.080ns, 0 <= 0.106ns, 1 <= 0.120ns, 1 <= 0.126ns, 0 <= 0.133ns}
    Clock DAG library cell distribution after 'Improving insertion delay' {count}:
       Invs: sky130_fd_sc_hd__clkinv_16: 3 
    Primary reporting skew groups after 'Improving insertion delay':
      skew_group clk/CONSTRAINTS: insertion delay [min=0.176, max=0.185, avg=0.183, sd=0.002], skew [0.009 vs 0.148], 100% {0.176, 0.185} (wid=0.008 ws=0.005) (gid=0.179 gs=0.006)
    Skew group summary after 'Improving insertion delay':
      skew_group clk/CONSTRAINTS: insertion delay [min=0.176, max=0.185, avg=0.183, sd=0.002], skew [0.009 vs 0.148], 100% {0.176, 0.185} (wid=0.008 ws=0.005) (gid=0.179 gs=0.006)
    Legalizer API calls during this step: 0 succeeded with high effort: 0 succeeded with medium effort: 0 succeeded with low effort: 0 succeeded with basic effort: 0 succeeded with basic unbounded effort: 0
  Improving insertion delay done. (took cpu=0:00:00.0 real=0:00:00.0)
  Wire Opt OverFix...
    Wire Reduction extra effort...
      Modified slew target multipliers. Leaf=(1 to 0.95) Trunk=(1 to 1) Top=(1 to 1)
      Artificially removing short and long paths...
        Legalizer API calls during this step: 0 succeeded with high effort: 0 succeeded with medium effort: 0 succeeded with low effort: 0 succeeded with basic effort: 0 succeeded with basic unbounded effort: 0
      Artificially removing short and long paths done. (took cpu=0:00:00.0 real=0:00:00.0)
      Global shorten wires A0...
        Legalizer API calls during this step: 5 succeeded with high effort: 5 succeeded with medium effort: 0 succeeded with low effort: 0 succeeded with basic effort: 0 succeeded with basic unbounded effort: 0
      Global shorten wires A0 done. (took cpu=0:00:00.0 real=0:00:00.0)
      Move For Wirelength - core...
        Move for wirelength. considered=4, filtered=4, permitted=3, cannotCompute=0, computed=3, moveTooSmall=8, resolved=0, predictFail=0, currentlyIllegal=0, legalizationFail=0, legalizedMoveTooSmall=1, ignoredLeafDriver=0, worse=2, accepted=1
        Max accepted move=3.680um, total accepted move=3.680um, average move=3.680um
        Move for wirelength. considered=4, filtered=4, permitted=3, cannotCompute=0, computed=3, moveTooSmall=8, resolved=0, predictFail=0, currentlyIllegal=0, legalizationFail=0, legalizedMoveTooSmall=2, ignoredLeafDriver=0, worse=2, accepted=0
        Max accepted move=0.000um, total accepted move=0.000um
        Legalizer API calls during this step: 8 succeeded with high effort: 8 succeeded with medium effort: 0 succeeded with low effort: 0 succeeded with basic effort: 0 succeeded with basic unbounded effort: 0
      Move For Wirelength - core done. (took cpu=0:00:00.0 real=0:00:00.0)
      Global shorten wires A1...
        Legalizer API calls during this step: 5 succeeded with high effort: 5 succeeded with medium effort: 0 succeeded with low effort: 0 succeeded with basic effort: 0 succeeded with basic unbounded effort: 0
      Global shorten wires A1 done. (took cpu=0:00:00.0 real=0:00:00.0)
      Move For Wirelength - core...
        Move for wirelength. considered=4, filtered=4, permitted=3, cannotCompute=3, computed=0, moveTooSmall=5, resolved=0, predictFail=0, currentlyIllegal=0, legalizationFail=0, legalizedMoveTooSmall=0, ignoredLeafDriver=0, worse=0, accepted=0
        Max accepted move=0.000um, total accepted move=0.000um
        Legalizer API calls during this step: 0 succeeded with high effort: 0 succeeded with medium effort: 0 succeeded with low effort: 0 succeeded with basic effort: 0 succeeded with basic unbounded effort: 0
      Move For Wirelength - core done. (took cpu=0:00:00.0 real=0:00:00.0)
      Global shorten wires B...
        Legalizer API calls during this step: 16 succeeded with high effort: 16 succeeded with medium effort: 0 succeeded with low effort: 0 succeeded with basic effort: 0 succeeded with basic unbounded effort: 0
      Global shorten wires B done. (took cpu=0:00:00.0 real=0:00:00.0)
      Move For Wirelength - branch...
        Move for wirelength. considered=4, filtered=4, permitted=3, cannotCompute=0, computed=3, moveTooSmall=0, resolved=0, predictFail=0, currentlyIllegal=0, legalizationFail=0, legalizedMoveTooSmall=0, ignoredLeafDriver=0, worse=3, accepted=0
        Max accepted move=0.000um, total accepted move=0.000um
        Legalizer API calls during this step: 3 succeeded with high effort: 3 succeeded with medium effort: 0 succeeded with low effort: 0 succeeded with basic effort: 0 succeeded with basic unbounded effort: 0
      Move For Wirelength - branch done. (took cpu=0:00:00.0 real=0:00:00.0)
      Reverted slew target multipliers. Leaf=(0.95 to 1) Trunk=(1 to 1) Top=(1 to 1)
      Clock DAG stats after 'Wire Reduction extra effort':
        cell counts      : b=0, i=3, icg=0, dcg=0, l=0, total=3
        sink counts      : regular=119, enable_latch=0, load_capacitance=0, antenna=0, node_sink=0, total=119
        misc counts      : r=1, pp=0
        cell areas       : b=0.000um^2, i=90.086um^2, icg=0.000um^2, dcg=0.000um^2, l=0.000um^2, total=90.086um^2
        cell capacitance : b=0.000pF, i=0.121pF, icg=0.000pF, dcg=0.000pF, l=0.000pF, total=0.121pF
        sink capacitance : total=0.259pF, avg=0.002pF, sd=0.000pF, min=0.002pF, max=0.003pF
        wire capacitance : top=0.000pF, trunk=0.002pF, leaf=0.082pF, total=0.084pF
        wire lengths     : top=0.000um, trunk=17.725um, leaf=630.010um, total=647.735um
        hp wire lengths  : top=0.000um, trunk=26.020um, leaf=259.760um, total=285.780um
      Clock DAG net violations after 'Wire Reduction extra effort': none
      Clock DAG primary half-corner transition distribution after 'Wire Reduction extra effort':
        Trunk : target=0.133ns count=2 avg=0.034ns sd=0.043ns min=0.003ns max=0.064ns {2 <= 0.080ns, 0 <= 0.106ns, 0 <= 0.120ns, 0 <= 0.126ns, 0 <= 0.133ns}
        Leaf  : target=0.133ns count=2 avg=0.121ns sd=0.004ns min=0.117ns max=0.124ns {0 <= 0.080ns, 0 <= 0.106ns, 1 <= 0.120ns, 1 <= 0.126ns, 0 <= 0.133ns}
      Clock DAG library cell distribution after 'Wire Reduction extra effort' {count}:
         Invs: sky130_fd_sc_hd__clkinv_16: 3 
      Primary reporting skew groups after 'Wire Reduction extra effort':
        skew_group clk/CONSTRAINTS: insertion delay [min=0.176, max=0.185, avg=0.182, sd=0.002], skew [0.009 vs 0.148], 100% {0.176, 0.185} (wid=0.008 ws=0.005) (gid=0.180 gs=0.006)
      Skew group summary after 'Wire Reduction extra effort':
        skew_group clk/CONSTRAINTS: insertion delay [min=0.176, max=0.185, avg=0.182, sd=0.002], skew [0.009 vs 0.148], 100% {0.176, 0.185} (wid=0.008 ws=0.005) (gid=0.180 gs=0.006)
      Legalizer API calls during this step: 37 succeeded with high effort: 37 succeeded with medium effort: 0 succeeded with low effort: 0 succeeded with basic effort: 0 succeeded with basic unbounded effort: 0
    Wire Reduction extra effort done. (took cpu=0:00:00.0 real=0:00:00.0)
    Optimizing orientation...
    FlipOpt...
    Disconnecting clock tree from netlist...
    Disconnecting clock tree from netlist done.
    Performing Single Threaded FlipOpt
    Optimizing orientation on clock cells...
      Orientation Wirelength Optimization: Attempted = 5 , Succeeded = 0 , Constraints Broken = 3 , CannotMove = 2 , Illegal = 0 , Other = 0
    Optimizing orientation on clock cells done.
    Resynthesising clock tree into netlist...
      Reset timing graph...
Ignoring AAE DB Resetting ...
      Reset timing graph done.
    Resynthesising clock tree into netlist done.
    FlipOpt done. (took cpu=0:00:00.0 real=0:00:00.0)
    Optimizing orientation done. (took cpu=0:00:00.0 real=0:00:00.0)
    Clock DAG stats after 'Wire Opt OverFix':
      cell counts      : b=0, i=3, icg=0, dcg=0, l=0, total=3
      sink counts      : regular=119, enable_latch=0, load_capacitance=0, antenna=0, node_sink=0, total=119
      misc counts      : r=1, pp=0
      cell areas       : b=0.000um^2, i=90.086um^2, icg=0.000um^2, dcg=0.000um^2, l=0.000um^2, total=90.086um^2
      cell capacitance : b=0.000pF, i=0.121pF, icg=0.000pF, dcg=0.000pF, l=0.000pF, total=0.121pF
      sink capacitance : total=0.259pF, avg=0.002pF, sd=0.000pF, min=0.002pF, max=0.003pF
      wire capacitance : top=0.000pF, trunk=0.002pF, leaf=0.082pF, total=0.084pF
      wire lengths     : top=0.000um, trunk=17.725um, leaf=630.010um, total=647.735um
      hp wire lengths  : top=0.000um, trunk=26.020um, leaf=259.760um, total=285.780um
    Clock DAG net violations after 'Wire Opt OverFix': none
    Clock DAG primary half-corner transition distribution after 'Wire Opt OverFix':
      Trunk : target=0.133ns count=2 avg=0.034ns sd=0.043ns min=0.003ns max=0.064ns {2 <= 0.080ns, 0 <= 0.106ns, 0 <= 0.120ns, 0 <= 0.126ns, 0 <= 0.133ns}
      Leaf  : target=0.133ns count=2 avg=0.121ns sd=0.004ns min=0.117ns max=0.124ns {0 <= 0.080ns, 0 <= 0.106ns, 1 <= 0.120ns, 1 <= 0.126ns, 0 <= 0.133ns}
    Clock DAG library cell distribution after 'Wire Opt OverFix' {count}:
       Invs: sky130_fd_sc_hd__clkinv_16: 3 
    Primary reporting skew groups after 'Wire Opt OverFix':
      skew_group clk/CONSTRAINTS: insertion delay [min=0.176, max=0.185, avg=0.182, sd=0.002], skew [0.009 vs 0.148], 100% {0.176, 0.185} (wid=0.008 ws=0.005) (gid=0.180 gs=0.006)
    Skew group summary after 'Wire Opt OverFix':
      skew_group clk/CONSTRAINTS: insertion delay [min=0.176, max=0.185, avg=0.182, sd=0.002], skew [0.009 vs 0.148], 100% {0.176, 0.185} (wid=0.008 ws=0.005) (gid=0.180 gs=0.006)
    Legalizer API calls during this step: 37 succeeded with high effort: 37 succeeded with medium effort: 0 succeeded with low effort: 0 succeeded with basic effort: 0 succeeded with basic unbounded effort: 0
  Wire Opt OverFix done. (took cpu=0:00:00.0 real=0:00:00.0)
  Total capacitance is (rise=0.464pF fall=0.426pF), of which (rise=0.084pF fall=0.084pF) is wire, and (rise=0.380pF fall=0.341pF) is gate.
  Stage::Polishing done. (took cpu=0:00:00.1 real=0:00:00.1)
  Stage::Updating netlist...
  Reset timing graph...
Ignoring AAE DB Resetting ...
  Reset timing graph done.
  Setting non-default rules before calling refine place.
  Leaving CCOpt scope - Cleaning up placement interface...
  Leaving CCOpt scope - Cleaning up placement interface done. (took cpu=0:00:00.0 real=0:00:00.0)
  Leaving CCOpt scope - ClockRefiner...
  Soft fixed 3 clock instances.
  Performing Clock Only Refine Place.
*** Starting refinePlace (0:01:44 mem=1748.7M) ***
Total net bbox length = 1.859e+05 (8.310e+04 1.028e+05) (ext = 6.047e+02)
Move report: Detail placement moves 0 insts, mean move: 0.00 um, max move: 0.00 um 
	Runtime: CPU: 0:00:00.0 REAL: 0:00:00.0 MEM: 1748.7MB
Summary Report:
Instances move: 0 (out of 6907 movable)
Instances flipped: 0
Mean displacement: 0.00 um
Max displacement: 0.00 um 
Total net bbox length = 1.859e+05 (8.310e+04 1.028e+05) (ext = 6.047e+02)
Runtime: CPU: 0:00:00.0 REAL: 0:00:00.0 MEM: 1748.7MB
*** Finished refinePlace (0:01:44 mem=1748.7M) ***
  ClockRefiner summary
  All clock instances: Moved 0, flipped 0 and cell swapped 0 (out of a total of 122).
  Restoring pStatusCts on 3 clock instances.
  Leaving CCOpt scope - ClockRefiner done. (took cpu=0:00:00.0 real=0:00:00.0)
  Stage::Updating netlist done. (took cpu=0:00:00.0 real=0:00:00.0)
  CCOpt::Phase::Implementation done. (took cpu=0:00:00.2 real=0:00:00.2)
  CCOpt::Phase::eGRPC...
  eGR Post Conditioning loop iteration 0...
    Clock implementation routing...
      Leaving CCOpt scope - Routing Tools...
Net route status summary:
  Clock:         4 (unrouted=4, trialRouted=0, noStatus=0, routed=0, fixed=0, [crossesIlmBoundary=0, tooFewTerms=0, (crossesIlmBoundary AND tooFewTerms=0)])
  Non-clock:  6944 (unrouted=12, trialRouted=6932, noStatus=0, routed=0, fixed=0, [crossesIlmBoundary=0, tooFewTerms=9, (crossesIlmBoundary AND tooFewTerms=0)])
      Routing using eGR only...
        Early Global Route - eGR only step...
(ccopt eGR): There are 4 nets to be routed. 0 nets have skip routing designation.
(ccopt eGR): There are 4 nets for routing of which 3 have one or more fixed wires.
(ccopt eGR): Start to route 4 all nets
[NR-eGR] Track table information for default rule: 
[NR-eGR] li1 has single uniform track structure
[NR-eGR] met1 has single uniform track structure
[NR-eGR] met2 has single uniform track structure
[NR-eGR] met3 has single uniform track structure
[NR-eGR] met4 has single uniform track structure
[NR-eGR] met5 has single uniform track structure
[NR-eGR] Read 0 PG shapes
[NR-eGR] Read 0 clock shapes
[NR-eGR] Read 0 other shapes
[NR-eGR] #Routing Blockages  : 0
[NR-eGR] #Instance Blockages : 22643
[NR-eGR] #PG Blockages       : 0
[NR-eGR] #Halo Blockages     : 0
[NR-eGR] #Boundary Blockages : 0
[NR-eGR] #Clock Blockages    : 0
[NR-eGR] #Other Blockages    : 0
[NR-eGR] Num Prerouted Nets = 0  Num Prerouted Wires = 0
[NR-eGR] Read 6935 nets ( ignored 6932 )
[NR-eGR] Connected 0 must-join pins/ports
[NR-eGR] There are 3 clock nets ( 3 with NDR ).
[NR-eGR] ============ Routing rule table ============
[NR-eGR] Rule id: 0  Nets: 3
[NR-eGR] ========================================
[NR-eGR] 
[NR-eGR] Layer group 1: route 3 net(s) in layer range [3, 4]
[NR-eGR] Early Global Route overflow of layer group 1: 0.00% H + 0.00% V. EstWL: 6.392000e+02um
[NR-eGR] Congestion Analysis By layer: (blocked Gcells are excluded) 
[NR-eGR]                        OverCon            
[NR-eGR]                         #Gcell     %Gcell
[NR-eGR]        Layer             (1-0)    OverCon
[NR-eGR] ----------------------------------------------
[NR-eGR]     li1 ( 1)         0( 0.00%)   ( 0.00%) 
[NR-eGR]    met1 ( 2)         0( 0.00%)   ( 0.00%) 
[NR-eGR]    met2 ( 3)         0( 0.00%)   ( 0.00%) 
[NR-eGR]    met3 ( 4)         0( 0.00%)   ( 0.00%) 
[NR-eGR]    met4 ( 5)         0( 0.00%)   ( 0.00%) 
[NR-eGR]    met5 ( 6)         0( 0.00%)   ( 0.00%) 
[NR-eGR] ----------------------------------------------
[NR-eGR]        Total         0( 0.00%)   ( 0.00%) 
[NR-eGR] 
[NR-eGR] Overflow after Early Global Route 0.00% H + 0.00% V
[NR-eGR]               Length (um)   Vias 
[NR-eGR] ---------------------------------
[NR-eGR]  li1   (1V)             0  22718 
[NR-eGR]  met1  (2H)         71907  33391 
[NR-eGR]  met2  (3V)         89302   3242 
[NR-eGR]  met3  (4H)         32352   1737 
[NR-eGR]  met4  (5V)         31596     44 
[NR-eGR]  met5  (6H)           106      0 
[NR-eGR] ---------------------------------
[NR-eGR]        Total       225262  61132 
[NR-eGR] --------------------------------------------------------------------------
[NR-eGR] Total half perimeter of net bounding box: 185906um
[NR-eGR] Total length: 225262um, number of vias: 61132
[NR-eGR] --------------------------------------------------------------------------
[NR-eGR] Total eGR-routed clock nets wire length: 673um, number of vias: 311
[NR-eGR] --------------------------------------------------------------------------
[NR-eGR] Report for selected net(s) only.
[NR-eGR]               Length (um)  Vias 
[NR-eGR] --------------------------------
[NR-eGR]  li1   (1V)             0   122 
[NR-eGR]  met1  (2H)           162   147 
[NR-eGR]  met2  (3V)           357    42 
[NR-eGR]  met3  (4H)           154     0 
[NR-eGR]  met4  (5V)             0     0 
[NR-eGR]  met5  (6H)             0     0 
[NR-eGR] --------------------------------
[NR-eGR]        Total          673   311 
[NR-eGR] --------------------------------------------------------------------------
[NR-eGR] Total half perimeter of net bounding box: 283um
[NR-eGR] Total length: 673um, number of vias: 311
[NR-eGR] --------------------------------------------------------------------------
[NR-eGR] Total routed clock nets wire length: 673um, number of vias: 311
[NR-eGR] --------------------------------------------------------------------------
[NR-eGR] Finished Early Global Route kernel ( CPU: 0.04 sec, Real: 0.04 sec, Curr Mem: 1748.70 MB )
        Early Global Route - eGR only step done. (took cpu=0:00:00.1 real=0:00:00.1)
      Routing using eGR only done.
Net route status summary:
  Clock:         4 (unrouted=1, trialRouted=0, noStatus=0, routed=3, fixed=0, [crossesIlmBoundary=0, tooFewTerms=0, (crossesIlmBoundary AND tooFewTerms=0)])
  Non-clock:  6944 (unrouted=12, trialRouted=6932, noStatus=0, routed=0, fixed=0, [crossesIlmBoundary=0, tooFewTerms=9, (crossesIlmBoundary AND tooFewTerms=0)])

CCOPT: Done with clock implementation routing.

      Leaving CCOpt scope - Routing Tools done. (took cpu=0:00:00.1 real=0:00:00.1)
    Clock implementation routing done.
    Leaving CCOpt scope - extractRC...
    Updating RC parasitics by calling: "extractRC -noRouteCheck"...
Extraction called for design 'coprocessor' of instances=6907 and nets=6948 using extraction engine 'preRoute' .
**WARN: (IMPEXT-3530):	The process node is not set. Use the command setDesignMode -process <process node> prior to extraction for maximum accuracy and optimal automatic threshold setting.
Type 'man IMPEXT-3530' for more detail.
PreRoute RC Extraction called for design coprocessor.
RC Extraction called in multi-corner(1) mode.
**WARN: (IMPEXT-6197):	The Cap table file is not specified. This will result in lower parasitic accuracy when using preRoute extraction or postRoute extraction with effort level 'low'. It is recommended to generate the Cap table file using the 'generateCapTbl' command and specify it before extraction using 'create_rc_corner/update_rc_corner -cap_table'.
Type 'man IMPEXT-6197' for more detail.
RCMode: PreRoute
      RC Corner Indexes            0   
Capacitance Scaling Factor   : 1.00000 
Resistance Scaling Factor    : 1.00000 
Clock Cap. Scaling Factor    : 1.00000 
Clock Res. Scaling Factor    : 1.00000 
Shrink Factor                : 1.00000
PreRoute extraction is honoring NDR/Shielding/ExtraSpace for clock nets.
Updating RC grid for preRoute extraction ...
Initializing multi-corner resistance tables ...
PreRoute RC Extraction DONE (CPU Time: 0:00:00.0  Real Time: 0:00:00.0  MEM: 1748.703M)
    Updating RC parasitics by calling: "extractRC -noRouteCheck" done.
    Leaving CCOpt scope - extractRC done. (took cpu=0:00:00.0 real=0:00:00.0)
    Leaving CCOpt scope - Initializing placement interface...
    Leaving CCOpt scope - Initializing placement interface done. (took cpu=0:00:00.0 real=0:00:00.0)
    Calling post conditioning for eGRPC...
      eGRPC...
        eGRPC active optimizations:
         - Move Down
         - Downsizing before DRV sizing
         - DRV fixing with sizing
         - Move to fanout
         - Cloning
        
        Currently running CTS, using active skew data
        Reset bufferability constraints...
        Resetting previous bufferability status on all nets so that eGRPC will attempt to fix all clock tree violations.
        Clock tree timing engine global stage delay update for DELAY_TYP:both.late...
        Clock tree timing engine global stage delay update for DELAY_TYP:both.late done. (took cpu=0:00:00.0 real=0:00:00.0)
        Reset bufferability constraints done. (took cpu=0:00:00.0 real=0:00:00.0)
        Clock DAG stats eGRPC initial state:
          cell counts      : b=0, i=3, icg=0, dcg=0, l=0, total=3
          sink counts      : regular=119, enable_latch=0, load_capacitance=0, antenna=0, node_sink=0, total=119
          misc counts      : r=1, pp=0
          cell areas       : b=0.000um^2, i=90.086um^2, icg=0.000um^2, dcg=0.000um^2, l=0.000um^2, total=90.086um^2
          cell capacitance : b=0.000pF, i=0.121pF, icg=0.000pF, dcg=0.000pF, l=0.000pF, total=0.121pF
          sink capacitance : total=0.259pF, avg=0.002pF, sd=0.000pF, min=0.002pF, max=0.003pF
          wire capacitance : top=0.000pF, trunk=0.003pF, leaf=0.079pF, total=0.082pF
          wire lengths     : top=0.000um, trunk=22.845um, leaf=649.840um, total=672.685um
          hp wire lengths  : top=0.000um, trunk=26.020um, leaf=259.760um, total=285.780um
        Clock DAG net violations eGRPC initial state: none
        Clock DAG primary half-corner transition distribution eGRPC initial state:
          Trunk : target=0.133ns count=2 avg=0.033ns sd=0.043ns min=0.003ns max=0.064ns {2 <= 0.080ns, 0 <= 0.106ns, 0 <= 0.120ns, 0 <= 0.126ns, 0 <= 0.133ns}
          Leaf  : target=0.133ns count=2 avg=0.119ns sd=0.005ns min=0.116ns max=0.123ns {0 <= 0.080ns, 0 <= 0.106ns, 1 <= 0.120ns, 1 <= 0.126ns, 0 <= 0.133ns}
        Clock DAG library cell distribution eGRPC initial state {count}:
           Invs: sky130_fd_sc_hd__clkinv_16: 3 
        Primary reporting skew groups eGRPC initial state:
          skew_group clk/CONSTRAINTS: insertion delay [min=0.177, max=0.184, avg=0.181, sd=0.003], skew [0.007 vs 0.148], 100% {0.177, 0.184} (wid=0.006 ws=0.003) (gid=0.179 gs=0.005)
        Skew group summary eGRPC initial state:
          skew_group clk/CONSTRAINTS: insertion delay [min=0.177, max=0.184, avg=0.181, sd=0.003], skew [0.007 vs 0.148], 100% {0.177, 0.184} (wid=0.006 ws=0.003) (gid=0.179 gs=0.005)
        eGRPC Moving buffers...
          Violation analysis...
          Violation analysis done. (took cpu=0:00:00.0 real=0:00:00.0)
          Clock DAG stats after 'eGRPC Moving buffers':
            cell counts      : b=0, i=3, icg=0, dcg=0, l=0, total=3
            sink counts      : regular=119, enable_latch=0, load_capacitance=0, antenna=0, node_sink=0, total=119
            misc counts      : r=1, pp=0
            cell areas       : b=0.000um^2, i=90.086um^2, icg=0.000um^2, dcg=0.000um^2, l=0.000um^2, total=90.086um^2
            cell capacitance : b=0.000pF, i=0.121pF, icg=0.000pF, dcg=0.000pF, l=0.000pF, total=0.121pF
            sink capacitance : total=0.259pF, avg=0.002pF, sd=0.000pF, min=0.002pF, max=0.003pF
            wire capacitance : top=0.000pF, trunk=0.003pF, leaf=0.079pF, total=0.082pF
            wire lengths     : top=0.000um, trunk=22.845um, leaf=649.840um, total=672.685um
            hp wire lengths  : top=0.000um, trunk=26.020um, leaf=259.760um, total=285.780um
          Clock DAG net violations after 'eGRPC Moving buffers': none
          Clock DAG primary half-corner transition distribution after 'eGRPC Moving buffers':
            Trunk : target=0.133ns count=2 avg=0.033ns sd=0.043ns min=0.003ns max=0.064ns {2 <= 0.080ns, 0 <= 0.106ns, 0 <= 0.120ns, 0 <= 0.126ns, 0 <= 0.133ns}
            Leaf  : target=0.133ns count=2 avg=0.119ns sd=0.005ns min=0.116ns max=0.123ns {0 <= 0.080ns, 0 <= 0.106ns, 1 <= 0.120ns, 1 <= 0.126ns, 0 <= 0.133ns}
          Clock DAG library cell distribution after 'eGRPC Moving buffers' {count}:
             Invs: sky130_fd_sc_hd__clkinv_16: 3 
          Primary reporting skew groups after 'eGRPC Moving buffers':
            skew_group clk/CONSTRAINTS: insertion delay [min=0.177, max=0.184], skew [0.007 vs 0.148]
          Skew group summary after 'eGRPC Moving buffers':
            skew_group clk/CONSTRAINTS: insertion delay [min=0.177, max=0.184], skew [0.007 vs 0.148]
          Legalizer API calls during this step: 0 succeeded with high effort: 0 succeeded with medium effort: 0 succeeded with low effort: 0 succeeded with basic effort: 0 succeeded with basic unbounded effort: 0
        eGRPC Moving buffers done. (took cpu=0:00:00.0 real=0:00:00.0)
        eGRPC Initial Pass of Downsizing Clock Tree cells...
          Artificially removing long paths...
            Legalizer API calls during this step: 0 succeeded with high effort: 0 succeeded with medium effort: 0 succeeded with low effort: 0 succeeded with basic effort: 0 succeeded with basic unbounded effort: 0
          Artificially removing long paths done. (took cpu=0:00:00.0 real=0:00:00.0)
          Modifying slew-target multiplier from 1 to 0.9
          Downsizing prefiltering...
          Downsizing prefiltering done.
          Downsizing: ...20% ...40% ...60% ...80% ...100% 
          DoDownSizing Summary : numSized = 0, numUnchanged = 0, numSkippedDueToOther = 0, numSkippedDueToCloseToSlewTarget = 2, numSkippedDueToCloseToSkewTarget = 2
          CCOpt-eGRPC Downsizing: considered: 0, tested: 0, violation detected: 0, violation ignored (due to small violation): 0, cannot run: 0, attempted: 0, unsuccessful: 0, sized: 0
          Reverting slew-target multiplier from 0.9 to 1
          Clock DAG stats after 'eGRPC Initial Pass of Downsizing Clock Tree cells':
            cell counts      : b=0, i=3, icg=0, dcg=0, l=0, total=3
            sink counts      : regular=119, enable_latch=0, load_capacitance=0, antenna=0, node_sink=0, total=119
            misc counts      : r=1, pp=0
            cell areas       : b=0.000um^2, i=90.086um^2, icg=0.000um^2, dcg=0.000um^2, l=0.000um^2, total=90.086um^2
            cell capacitance : b=0.000pF, i=0.121pF, icg=0.000pF, dcg=0.000pF, l=0.000pF, total=0.121pF
            sink capacitance : total=0.259pF, avg=0.002pF, sd=0.000pF, min=0.002pF, max=0.003pF
            wire capacitance : top=0.000pF, trunk=0.003pF, leaf=0.079pF, total=0.082pF
            wire lengths     : top=0.000um, trunk=22.845um, leaf=649.840um, total=672.685um
            hp wire lengths  : top=0.000um, trunk=26.020um, leaf=259.760um, total=285.780um
          Clock DAG net violations after 'eGRPC Initial Pass of Downsizing Clock Tree cells': none
          Clock DAG primary half-corner transition distribution after 'eGRPC Initial Pass of Downsizing Clock Tree cells':
            Trunk : target=0.133ns count=2 avg=0.033ns sd=0.043ns min=0.003ns max=0.064ns {2 <= 0.080ns, 0 <= 0.106ns, 0 <= 0.120ns, 0 <= 0.126ns, 0 <= 0.133ns}
            Leaf  : target=0.133ns count=2 avg=0.119ns sd=0.005ns min=0.116ns max=0.123ns {0 <= 0.080ns, 0 <= 0.106ns, 1 <= 0.120ns, 1 <= 0.126ns, 0 <= 0.133ns}
          Clock DAG library cell distribution after 'eGRPC Initial Pass of Downsizing Clock Tree cells' {count}:
             Invs: sky130_fd_sc_hd__clkinv_16: 3 
          Primary reporting skew groups after 'eGRPC Initial Pass of Downsizing Clock Tree cells':
            skew_group clk/CONSTRAINTS: insertion delay [min=0.177, max=0.184], skew [0.007 vs 0.148]
          Skew group summary after 'eGRPC Initial Pass of Downsizing Clock Tree cells':
            skew_group clk/CONSTRAINTS: insertion delay [min=0.177, max=0.184], skew [0.007 vs 0.148]
          Legalizer API calls during this step: 0 succeeded with high effort: 0 succeeded with medium effort: 0 succeeded with low effort: 0 succeeded with basic effort: 0 succeeded with basic unbounded effort: 0
        eGRPC Initial Pass of Downsizing Clock Tree cells done. (took cpu=0:00:00.0 real=0:00:00.0)
        eGRPC Fixing DRVs...
          Fixing clock tree DRVs: ...20% ...40% ...60% ...80% ...100% 
          CCOpt-eGRPC: considered: 4, tested: 4, violation detected: 0, violation ignored (due to small violation): 0, cannot run: 0, attempted: 0, unsuccessful: 0, sized: 0
          
          Statistics: Fix DRVs (cell sizing):
          ===================================
          
          Cell changes by Net Type:
          
          -------------------------------------------------------------------------------------------------
          Net Type    Attempted    Upsized     Downsized    Swapped Same Size    Total Changed    Not Sized
          -------------------------------------------------------------------------------------------------
          top                0            0           0            0                    0                0
          trunk              0            0           0            0                    0                0
          leaf               0            0           0            0                    0                0
          -------------------------------------------------------------------------------------------------
          Total              0            0           0            0                    0                0
          -------------------------------------------------------------------------------------------------
          
          Upsized: 0, Downsized: 0, Sized but same area: 0, Unchanged: 0, Area change: 0.000um^2 (0.000%)
          Max. move: 0.000um, Min. move: 0.000um, Avg. move: N/A
          
          Clock DAG stats after 'eGRPC Fixing DRVs':
            cell counts      : b=0, i=3, icg=0, dcg=0, l=0, total=3
            sink counts      : regular=119, enable_latch=0, load_capacitance=0, antenna=0, node_sink=0, total=119
            misc counts      : r=1, pp=0
            cell areas       : b=0.000um^2, i=90.086um^2, icg=0.000um^2, dcg=0.000um^2, l=0.000um^2, total=90.086um^2
            cell capacitance : b=0.000pF, i=0.121pF, icg=0.000pF, dcg=0.000pF, l=0.000pF, total=0.121pF
            sink capacitance : total=0.259pF, avg=0.002pF, sd=0.000pF, min=0.002pF, max=0.003pF
            wire capacitance : top=0.000pF, trunk=0.003pF, leaf=0.079pF, total=0.082pF
            wire lengths     : top=0.000um, trunk=22.845um, leaf=649.840um, total=672.685um
            hp wire lengths  : top=0.000um, trunk=26.020um, leaf=259.760um, total=285.780um
          Clock DAG net violations after 'eGRPC Fixing DRVs': none
          Clock DAG primary half-corner transition distribution after 'eGRPC Fixing DRVs':
            Trunk : target=0.133ns count=2 avg=0.033ns sd=0.043ns min=0.003ns max=0.064ns {2 <= 0.080ns, 0 <= 0.106ns, 0 <= 0.120ns, 0 <= 0.126ns, 0 <= 0.133ns}
            Leaf  : target=0.133ns count=2 avg=0.119ns sd=0.005ns min=0.116ns max=0.123ns {0 <= 0.080ns, 0 <= 0.106ns, 1 <= 0.120ns, 1 <= 0.126ns, 0 <= 0.133ns}
          Clock DAG library cell distribution after 'eGRPC Fixing DRVs' {count}:
             Invs: sky130_fd_sc_hd__clkinv_16: 3 
          Primary reporting skew groups after 'eGRPC Fixing DRVs':
            skew_group clk/CONSTRAINTS: insertion delay [min=0.177, max=0.184], skew [0.007 vs 0.148]
          Skew group summary after 'eGRPC Fixing DRVs':
            skew_group clk/CONSTRAINTS: insertion delay [min=0.177, max=0.184], skew [0.007 vs 0.148]
          Legalizer API calls during this step: 0 succeeded with high effort: 0 succeeded with medium effort: 0 succeeded with low effort: 0 succeeded with basic effort: 0 succeeded with basic unbounded effort: 0
        eGRPC Fixing DRVs done. (took cpu=0:00:00.0 real=0:00:00.0)
        Reconnecting optimized routes...
        Reset timing graph...
Ignoring AAE DB Resetting ...
        Reset timing graph done.
**WARN: (IMPCCOPT-1304):	Net clk unexpectedly has no routing present after clock post-route optimization. Net will be implemented by a later routing step.
        Reconnecting optimized routes done. (took cpu=0:00:00.0 real=0:00:00.0)
        Violation analysis...
        Violation analysis done. (took cpu=0:00:00.0 real=0:00:00.0)
        Reset timing graph...
Ignoring AAE DB Resetting ...
        Reset timing graph done.
        Clock DAG stats before routing clock trees:
          cell counts      : b=0, i=3, icg=0, dcg=0, l=0, total=3
          sink counts      : regular=119, enable_latch=0, load_capacitance=0, antenna=0, node_sink=0, total=119
          misc counts      : r=1, pp=0
          cell areas       : b=0.000um^2, i=90.086um^2, icg=0.000um^2, dcg=0.000um^2, l=0.000um^2, total=90.086um^2
          cell capacitance : b=0.000pF, i=0.121pF, icg=0.000pF, dcg=0.000pF, l=0.000pF, total=0.121pF
          sink capacitance : total=0.259pF, avg=0.002pF, sd=0.000pF, min=0.002pF, max=0.003pF
          wire capacitance : top=0.000pF, trunk=0.003pF, leaf=0.079pF, total=0.082pF
          wire lengths     : top=0.000um, trunk=22.845um, leaf=649.840um, total=672.685um
          hp wire lengths  : top=0.000um, trunk=26.020um, leaf=259.760um, total=285.780um
        Clock DAG net violations before routing clock trees: none
        Clock DAG primary half-corner transition distribution before routing clock trees:
          Trunk : target=0.133ns count=2 avg=0.033ns sd=0.043ns min=0.003ns max=0.064ns {2 <= 0.080ns, 0 <= 0.106ns, 0 <= 0.120ns, 0 <= 0.126ns, 0 <= 0.133ns}
          Leaf  : target=0.133ns count=2 avg=0.119ns sd=0.005ns min=0.116ns max=0.123ns {0 <= 0.080ns, 0 <= 0.106ns, 1 <= 0.120ns, 1 <= 0.126ns, 0 <= 0.133ns}
        Clock DAG library cell distribution before routing clock trees {count}:
           Invs: sky130_fd_sc_hd__clkinv_16: 3 
        Primary reporting skew groups before routing clock trees:
          skew_group clk/CONSTRAINTS: insertion delay [min=0.177, max=0.184, avg=0.181, sd=0.003], skew [0.007 vs 0.148], 100% {0.177, 0.184} (wid=0.006 ws=0.003) (gid=0.179 gs=0.005)
        Skew group summary before routing clock trees:
          skew_group clk/CONSTRAINTS: insertion delay [min=0.177, max=0.184, avg=0.181, sd=0.003], skew [0.007 vs 0.148], 100% {0.177, 0.184} (wid=0.006 ws=0.003) (gid=0.179 gs=0.005)
      eGRPC done.
    Calling post conditioning for eGRPC done.
  eGR Post Conditioning loop iteration 0 done.
  Refine place not called during Post Conditioning. Calling it now the eGR->PC Loop is complete.
  Leaving CCOpt scope - Cleaning up placement interface...
  Leaving CCOpt scope - Cleaning up placement interface done. (took cpu=0:00:00.0 real=0:00:00.0)
  Leaving CCOpt scope - ClockRefiner...
  Soft fixed 3 clock instances.
  Performing Single Pass Refine Place.
*** Starting refinePlace (0:01:44 mem=1748.9M) ***
Total net bbox length = 1.859e+05 (8.310e+04 1.028e+05) (ext = 6.047e+02)
Move report: Detail placement moves 9 insts, mean move: 3.04 um, max move: 5.44 um 
	Max move on inst (g108314): (121.44, 18.02) --> (121.44, 12.58)
	Runtime: CPU: 0:00:00.1 REAL: 0:00:00.0 MEM: 1751.9MB
Summary Report:
Instances move: 9 (out of 6907 movable)
Instances flipped: 0
Mean displacement: 3.04 um
Max displacement: 5.44 um (Instance: g108314) (121.44, 18.02) -> (121.44, 12.58)
	Length: 10 sites, height: 1 rows, site name: unithd, cell type: sky130_fd_sc_hd__ha_1
Total net bbox length = 1.860e+05 (8.311e+04 1.028e+05) (ext = 6.047e+02)
Runtime: CPU: 0:00:00.1 REAL: 0:00:00.0 MEM: 1751.9MB
*** Finished refinePlace (0:01:44 mem=1751.9M) ***
  ClockRefiner summary
  All clock instances: Moved 0, flipped 0 and cell swapped 0 (out of a total of 122).
  Restoring pStatusCts on 3 clock instances.
  Leaving CCOpt scope - ClockRefiner done. (took cpu=0:00:00.1 real=0:00:00.1)
  CCOpt::Phase::eGRPC done. (took cpu=0:00:00.2 real=0:00:00.2)
  CCOpt::Phase::Routing...
  Clock implementation routing...
    Leaving CCOpt scope - Routing Tools...
Net route status summary:
  Clock:         4 (unrouted=0, trialRouted=0, noStatus=0, routed=4, fixed=0, [crossesIlmBoundary=0, tooFewTerms=0, (crossesIlmBoundary AND tooFewTerms=0)])
  Non-clock:  6944 (unrouted=12, trialRouted=6932, noStatus=0, routed=0, fixed=0, [crossesIlmBoundary=0, tooFewTerms=9, (crossesIlmBoundary AND tooFewTerms=0)])
    Routing using eGR in eGR->NR Step...
      Early Global Route - eGR->Nr High Frequency step...
(ccopt eGR): There are 4 nets to be routed. 0 nets have skip routing designation.
(ccopt eGR): There are 4 nets for routing of which 3 have one or more fixed wires.
(ccopt eGR): Start to route 4 all nets
[NR-eGR] Track table information for default rule: 
[NR-eGR] li1 has single uniform track structure
[NR-eGR] met1 has single uniform track structure
[NR-eGR] met2 has single uniform track structure
[NR-eGR] met3 has single uniform track structure
[NR-eGR] met4 has single uniform track structure
[NR-eGR] met5 has single uniform track structure
[NR-eGR] Read 0 PG shapes
[NR-eGR] Read 0 clock shapes
[NR-eGR] Read 0 other shapes
[NR-eGR] #Routing Blockages  : 0
[NR-eGR] #Instance Blockages : 22643
[NR-eGR] #PG Blockages       : 0
[NR-eGR] #Halo Blockages     : 0
[NR-eGR] #Boundary Blockages : 0
[NR-eGR] #Clock Blockages    : 0
[NR-eGR] #Other Blockages    : 0
[NR-eGR] Num Prerouted Nets = 0  Num Prerouted Wires = 0
[NR-eGR] Read 6935 nets ( ignored 6932 )
[NR-eGR] Connected 0 must-join pins/ports
[NR-eGR] There are 3 clock nets ( 3 with NDR ).
[NR-eGR] ============ Routing rule table ============
[NR-eGR] Rule id: 0  Nets: 3
[NR-eGR] ========================================
[NR-eGR] 
[NR-eGR] Layer group 1: route 3 net(s) in layer range [3, 4]
[NR-eGR] Early Global Route overflow of layer group 1: 0.00% H + 0.00% V. EstWL: 6.392000e+02um
[NR-eGR] Congestion Analysis By layer: (blocked Gcells are excluded) 
[NR-eGR]                        OverCon            
[NR-eGR]                         #Gcell     %Gcell
[NR-eGR]        Layer             (1-0)    OverCon
[NR-eGR] ----------------------------------------------
[NR-eGR]     li1 ( 1)         0( 0.00%)   ( 0.00%) 
[NR-eGR]    met1 ( 2)         0( 0.00%)   ( 0.00%) 
[NR-eGR]    met2 ( 3)         0( 0.00%)   ( 0.00%) 
[NR-eGR]    met3 ( 4)         0( 0.00%)   ( 0.00%) 
[NR-eGR]    met4 ( 5)         0( 0.00%)   ( 0.00%) 
[NR-eGR]    met5 ( 6)         0( 0.00%)   ( 0.00%) 
[NR-eGR] ----------------------------------------------
[NR-eGR]        Total         0( 0.00%)   ( 0.00%) 
[NR-eGR] 
[NR-eGR] Overflow after Early Global Route 0.00% H + 0.00% V
[NR-eGR]               Length (um)   Vias 
[NR-eGR] ---------------------------------
[NR-eGR]  li1   (1V)             0  22718 
[NR-eGR]  met1  (2H)         71907  33391 
[NR-eGR]  met2  (3V)         89302   3242 
[NR-eGR]  met3  (4H)         32352   1737 
[NR-eGR]  met4  (5V)         31596     44 
[NR-eGR]  met5  (6H)           106      0 
[NR-eGR] ---------------------------------
[NR-eGR]        Total       225262  61132 
[NR-eGR] --------------------------------------------------------------------------
[NR-eGR] Total half perimeter of net bounding box: 185951um
[NR-eGR] Total length: 225262um, number of vias: 61132
[NR-eGR] --------------------------------------------------------------------------
[NR-eGR] Total eGR-routed clock nets wire length: 673um, number of vias: 311
[NR-eGR] --------------------------------------------------------------------------
[NR-eGR] Report for selected net(s) only.
[NR-eGR]               Length (um)  Vias 
[NR-eGR] --------------------------------
[NR-eGR]  li1   (1V)             0   122 
[NR-eGR]  met1  (2H)           162   147 
[NR-eGR]  met2  (3V)           357    42 
[NR-eGR]  met3  (4H)           154     0 
[NR-eGR]  met4  (5V)             0     0 
[NR-eGR]  met5  (6H)             0     0 
[NR-eGR] --------------------------------
[NR-eGR]        Total          673   311 
[NR-eGR] --------------------------------------------------------------------------
[NR-eGR] Total half perimeter of net bounding box: 283um
[NR-eGR] Total length: 673um, number of vias: 311
[NR-eGR] --------------------------------------------------------------------------
[NR-eGR] Total routed clock nets wire length: 673um, number of vias: 311
[NR-eGR] --------------------------------------------------------------------------
[NR-eGR] Finished Early Global Route kernel ( CPU: 0.04 sec, Real: 0.04 sec, Curr Mem: 1748.91 MB )
      Early Global Route - eGR->Nr High Frequency step done. (took cpu=0:00:00.1 real=0:00:00.1)
    Routing using eGR in eGR->NR Step done.
    Routing using NR in eGR->NR Step...

CCOPT: Preparing to route 4 clock nets with NanoRoute.
  All net are default rule.
  Preferred NanoRoute mode settings: Current
**WARN: (IMPTCM-77):	Option "-grouteExpUseNanoRoute2" for command setNanoRouteMode is obsolete and will be removed in a future release. The obsolete option still works in this release but to avoid this warning and to ensure compatibility with future releases, remove the obsolete option from your script.
**WARN: (IMPTCM-77):	Option "-routeExpDeterministicMultiThread" for command setNanoRouteMode is obsolete and will be removed in a future release. The obsolete option still works in this release but to avoid this warning and to ensure compatibility with future releases, remove the obsolete option from your script.
      Clock detailed routing...
        NanoRoute...
% Begin globalDetailRoute (date=09/24 16:18:28, mem=1558.4M)

globalDetailRoute

#Start globalDetailRoute on Thu Sep 24 16:18:28 2026
#
#Invoke dbWirePreImport deleteTR=1 convert_unrouted=1 selected_only=1 (nr_selected_net=4)
#num needed restored net=0
#need_extraction net=0 (total=6948)
#NanoRoute Version 21.15-s110_1 NR220912-2004/21_15-UB
#
#Wire/Via statistics before line assignment ...
#Total number of nets with non-default rule or having extra spacing = 4
#Total wire length = 673 um.
#Total half perimeter of net bounding box = 299 um.
#Total wire length on LAYER li1 = 0 um.
#Total wire length on LAYER met1 = 162 um.
#Total wire length on LAYER met2 = 357 um.
#Total wire length on LAYER met3 = 154 um.
#Total wire length on LAYER met4 = 0 um.
#Total wire length on LAYER met5 = 0 um.
#Total number of vias = 311
#Up-Via Summary (total 311):
#           
#-----------------------
# li1               122
# met1              147
# met2               42
#-----------------------
#                   311 
#
#Start routing data preparation on Thu Sep 24 16:18:28 2026
#
#WARNING (NRDB-2040) Rule LEF_DEFAULT doesn't specify any vias that satisfy all of the area rules for layer met3 
#Minimum voltage of a net in the design = 0.000.
#Maximum voltage of a net in the design = 1.800.
#Voltage range [0.000 - 1.800] has 6948 nets.
#Build and mark too close pins for the same net.
#Initial pin access analysis.
#Detail pin access analysis.
# li1          V   Track-Pitch = 0.4600    Line-2-Via Pitch = 0.3400
# met1         H   Track-Pitch = 0.3400    Line-2-Via Pitch = 0.3250
# met2         V   Track-Pitch = 0.4600    Line-2-Via Pitch = 0.3400
# met3         H   Track-Pitch = 0.6100    Line-2-Via Pitch = 0.6100
# met4         V   Track-Pitch = 0.6900    Line-2-Via Pitch = 0.6150
# met5         H   Track-Pitch = 3.6600    Line-2-Via Pitch = 3.2000
#cpu time = 00:00:00, elapsed time = 00:00:00, memory = 1568.00 (MB), peak = 1653.18 (MB)
#Regenerating Ggrids automatically.
#Auto generating G-grids with size=15 tracks, using layer met2's pitch = 0.4600.
#Using automatically generated G-grids.
#(check_and_prepare_match_target_file) no match_target_file in constraint. quit
#Done routing data preparation.
#cpu time = 00:00:02, elapsed time = 00:00:02, memory = 1570.81 (MB), peak = 1653.18 (MB)
#Data initialization: cpu:00:00:02, real:00:00:02, mem:1.5 GB, peak:1.6 GB
Updating RC grid for preRoute extraction ...
Initializing multi-corner resistance tables ...
#Successfully loaded pre-route RC model
#Enabled timing driven Line Assignment.
#
#Begin Line Assignment ...
#
#Begin build data ...
#
#Distribution of nets:
#     4032 ( 2         pin),   1300 ( 3         pin),    592 ( 4         pin),
#      312 ( 5         pin),    157 ( 6         pin),    116 ( 7         pin),
#       87 ( 8         pin),     84 ( 9         pin),    227 (10-19      pin),
#       21 (20-29      pin),      1 (30-39      pin),      3 (40-49      pin),
#        1 (50-59      pin),      1 (60-69      pin),      1 (70-79      pin),
#        0 (>=2000     pin).
#Total: 6948 nets, 6935 non-trivial nets, 3 fully global routed, 3 clocks,
#       3 nets have extra space, 3 nets have layer range, 3 nets have weight,
#       3 nets have avoid detour, 3 nets have priority.
#
#Nets in 1 layer range:
#   (3 met2, 4 met3) :        3 ( 0.0%)
#
#3 nets selected.
#
#End build data: cpu:00:00:00, real:00:00:00, mem:1.5 GB, peak:1.6 GB
#
#Line Assignment statistics:
#Cpu time = 00:00:00
#Elapsed time = 00:00:00
#Increased memory = 0.86 (MB)
#Total memory = 1573.47 (MB)
#Peak memory = 1653.18 (MB)
#End Line Assignment: cpu:00:00:00, real:00:00:00, mem:1.5 GB, peak:1.6 GB
#
#Begin assignment summary ...
#
#  Total number of segments             = 157
#  Total number of overlap segments     =   0 (  0.0%)
#  Total number of assigned segments    =  46 ( 29.3%)
#  Total number of shifted segments     =   3 (  1.9%)
#  Average movement of shifted segments =   3.00 tracks
#
#  Total number of overlaps             =   0
#  Total length of overlaps             =   0 um
#
#End assignment summary.
#
#Wire/Via statistics after line assignment ...
#Total number of nets with non-default rule or having extra spacing = 4
#Total wire length = 673 um.
#Total half perimeter of net bounding box = 308 um.
#Total wire length on LAYER li1 = 1 um.
#Total wire length on LAYER met1 = 176 um.
#Total wire length on LAYER met2 = 344 um.
#Total wire length on LAYER met3 = 152 um.
#Total wire length on LAYER met4 = 0 um.
#Total wire length on LAYER met5 = 0 um.
#Total number of vias = 276
#Up-Via Summary (total 276):
#           
#-----------------------
# li1               122
# met1              121
# met2               33
#-----------------------
#                   276 
#
#Routing data preparation, pin analysis, line assignment statistics:
#Cpu time = 00:00:02
#Elapsed time = 00:00:02
#Increased memory = 11.64 (MB)
#Total memory = 1571.73 (MB)
#Peak memory = 1653.18 (MB)
#Skip comparing routing design signature in db-snapshot flow
#
#Start Detail Routing..
#start initial detail routing ...
#   number of violations = 0
#cpu time = 00:00:00, elapsed time = 00:00:00, memory = 1573.84 (MB), peak = 1653.18 (MB)
#Complete Detail Routing.
#Total number of nets with non-default rule or having extra spacing = 4
#Total wire length = 668 um.
#Total half perimeter of net bounding box = 308 um.
#Total wire length on LAYER li1 = 0 um.
#Total wire length on LAYER met1 = 99 um.
#Total wire length on LAYER met2 = 364 um.
#Total wire length on LAYER met3 = 205 um.
#Total wire length on LAYER met4 = 0 um.
#Total wire length on LAYER met5 = 0 um.
#Total number of vias = 277
#Up-Via Summary (total 277):
#           
#-----------------------
# li1               122
# met1              106
# met2               49
#-----------------------
#                   277 
#
#Total number of DRC violations = 0
#Cpu time = 00:00:00
#Elapsed time = 00:00:00
#Increased memory = 2.12 (MB)
#Total memory = 1573.84 (MB)
#Peak memory = 1653.18 (MB)
#Skip updating routing design signature in db-snapshot flow
#detailRoute Statistics:
#Cpu time = 00:00:00
#Elapsed time = 00:00:00
#Increased memory = 2.12 (MB)
#Total memory = 1573.84 (MB)
#Peak memory = 1653.18 (MB)
#	no debugging net set
#
#globalDetailRoute statistics:
#Cpu time = 00:00:02
#Elapsed time = 00:00:02
#Increased memory = 22.33 (MB)
#Total memory = 1580.73 (MB)
#Peak memory = 1653.18 (MB)
#Number of warnings = 1
#Total number of warnings = 1
#Number of fails = 0
#Total number of fails = 0
#Complete globalDetailRoute on Thu Sep 24 16:18:30 2026
#
% End globalDetailRoute (date=09/24 16:18:30, total cpu=0:00:02.2, real=0:00:02.0, peak res=1580.7M, current mem=1580.7M)
        NanoRoute done. (took cpu=0:00:02.2 real=0:00:02.2)
      Clock detailed routing done.
Skipping check of guided vs. routed net lengths.
Set FIXED routing status on 3 net(s)
Set FIXED placed status on 3 instance(s)
      Route Remaining Unrouted Nets...
Running earlyGlobalRoute to complete any remaining unrouted nets.
[NR-eGR] Started Early Global Route kernel ( Curr Mem: 1761.02 MB )
[NR-eGR] Track table information for default rule: 
[NR-eGR] li1 has single uniform track structure
[NR-eGR] met1 has single uniform track structure
[NR-eGR] met2 has single uniform track structure
[NR-eGR] met3 has single uniform track structure
[NR-eGR] met4 has single uniform track structure
[NR-eGR] met5 has single uniform track structure
[NR-eGR] Read 0 PG shapes
[NR-eGR] Read 0 clock shapes
[NR-eGR] Read 0 other shapes
[NR-eGR] #Routing Blockages  : 0
[NR-eGR] #Instance Blockages : 16403
[NR-eGR] #PG Blockages       : 0
[NR-eGR] #Halo Blockages     : 0
[NR-eGR] #Boundary Blockages : 0
[NR-eGR] #Clock Blockages    : 0
[NR-eGR] #Other Blockages    : 0
[NR-eGR] Num Prerouted Nets = 3  Num Prerouted Wires = 277
[NR-eGR] Read 6935 nets ( ignored 3 )
[NR-eGR] ============ Routing rule table ============
[NR-eGR] Rule id: 1  Nets: 6932
[NR-eGR] ========================================
[NR-eGR] 
[NR-eGR] Layer group 1: route 6932 net(s) in layer range [2, 6]
[NR-eGR] Early Global Route overflow of layer group 1: 3.96% H + 2.62% V. EstWL: 2.159381e+05um
[NR-eGR] Congestion Analysis By layer: (blocked Gcells are excluded) 
[NR-eGR]                        OverCon           OverCon           OverCon            
[NR-eGR]                         #Gcell            #Gcell            #Gcell     %Gcell
[NR-eGR]        Layer             (1-2)             (3-4)               (5)    OverCon
[NR-eGR] --------------------------------------------------------------------------------
[NR-eGR]     li1 ( 1)         0( 0.00%)         0( 0.00%)         0( 0.00%)   ( 0.00%) 
[NR-eGR]    met1 ( 2)       425( 2.98%)        20( 0.14%)         1( 0.01%)   ( 3.12%) 
[NR-eGR]    met2 ( 3)       383( 2.68%)        19( 0.13%)         0( 0.00%)   ( 2.82%) 
[NR-eGR]    met3 ( 4)       464( 3.25%)        31( 0.22%)         1( 0.01%)   ( 3.47%) 
[NR-eGR]    met4 ( 5)        51( 0.36%)         1( 0.01%)         0( 0.00%)   ( 0.36%) 
[NR-eGR]    met5 ( 6)         0( 0.00%)         0( 0.00%)         0( 0.00%)   ( 0.00%) 
[NR-eGR] --------------------------------------------------------------------------------
[NR-eGR]        Total      1323( 1.95%)        71( 0.10%)         2( 0.00%)   ( 2.06%) 
[NR-eGR] 
[NR-eGR] Overflow after Early Global Route 1.01% H + 0.89% V
[NR-eGR]               Length (um)   Vias 
[NR-eGR] ---------------------------------
[NR-eGR]  li1   (1V)             0  22718 
[NR-eGR]  met1  (2H)         71787  33309 
[NR-eGR]  met2  (3V)         89561   3218 
[NR-eGR]  met3  (4H)         32559   1737 
[NR-eGR]  met4  (5V)         31331     34 
[NR-eGR]  met5  (6H)            45      0 
[NR-eGR] ---------------------------------
[NR-eGR]        Total       225282  61016 
[NR-eGR] --------------------------------------------------------------------------
[NR-eGR] Total half perimeter of net bounding box: 185951um
[NR-eGR] Total length: 225282um, number of vias: 61016
[NR-eGR] --------------------------------------------------------------------------
[NR-eGR] Total eGR-routed clock nets wire length: 0um, number of vias: 0
[NR-eGR] --------------------------------------------------------------------------
[NR-eGR] Finished Early Global Route kernel ( CPU: 0.18 sec, Real: 0.18 sec, Curr Mem: 1765.21 MB )
      Route Remaining Unrouted Nets done. (took cpu=0:00:00.2 real=0:00:00.2)
    Routing using NR in eGR->NR Step done.
Net route status summary:
  Clock:         4 (unrouted=1, trialRouted=0, noStatus=0, routed=0, fixed=3, [crossesIlmBoundary=0, tooFewTerms=0, (crossesIlmBoundary AND tooFewTerms=0)])
  Non-clock:  6944 (unrouted=12, trialRouted=6932, noStatus=0, routed=0, fixed=0, [crossesIlmBoundary=0, tooFewTerms=9, (crossesIlmBoundary AND tooFewTerms=0)])

CCOPT: Done with clock implementation routing.

    Leaving CCOpt scope - Routing Tools done. (took cpu=0:00:02.5 real=0:00:02.5)
  Clock implementation routing done.
  Leaving CCOpt scope - extractRC...
  Updating RC parasitics by calling: "extractRC -noRouteCheck"...
Extraction called for design 'coprocessor' of instances=6907 and nets=6948 using extraction engine 'preRoute' .
**WARN: (IMPEXT-3530):	The process node is not set. Use the command setDesignMode -process <process node> prior to extraction for maximum accuracy and optimal automatic threshold setting.
Type 'man IMPEXT-3530' for more detail.
PreRoute RC Extraction called for design coprocessor.
RC Extraction called in multi-corner(1) mode.
**WARN: (IMPEXT-6197):	The Cap table file is not specified. This will result in lower parasitic accuracy when using preRoute extraction or postRoute extraction with effort level 'low'. It is recommended to generate the Cap table file using the 'generateCapTbl' command and specify it before extraction using 'create_rc_corner/update_rc_corner -cap_table'.
Type 'man IMPEXT-6197' for more detail.
RCMode: PreRoute
      RC Corner Indexes            0   
Capacitance Scaling Factor   : 1.00000 
Resistance Scaling Factor    : 1.00000 
Clock Cap. Scaling Factor    : 1.00000 
Clock Res. Scaling Factor    : 1.00000 
Shrink Factor                : 1.00000
PreRoute extraction is honoring NDR/Shielding/ExtraSpace for clock nets.
Updating RC grid for preRoute extraction ...
Initializing multi-corner resistance tables ...
PreRoute RC Extraction DONE (CPU Time: 0:00:00.0  Real Time: 0:00:00.0  MEM: 1765.211M)
  Updating RC parasitics by calling: "extractRC -noRouteCheck" done.
  Leaving CCOpt scope - extractRC done. (took cpu=0:00:00.0 real=0:00:00.0)
  Clock tree timing engine global stage delay update for DELAY_TYP:both.late...
  Clock tree timing engine global stage delay update for DELAY_TYP:both.late done. (took cpu=0:00:00.0 real=0:00:00.0)
  Clock DAG stats after routing clock trees:
    cell counts      : b=0, i=3, icg=0, dcg=0, l=0, total=3
    sink counts      : regular=119, enable_latch=0, load_capacitance=0, antenna=0, node_sink=0, total=119
    misc counts      : r=1, pp=0
    cell areas       : b=0.000um^2, i=90.086um^2, icg=0.000um^2, dcg=0.000um^2, l=0.000um^2, total=90.086um^2
    cell capacitance : b=0.000pF, i=0.121pF, icg=0.000pF, dcg=0.000pF, l=0.000pF, total=0.121pF
    sink capacitance : total=0.259pF, avg=0.002pF, sd=0.000pF, min=0.002pF, max=0.003pF
    wire capacitance : top=0.000pF, trunk=0.003pF, leaf=0.080pF, total=0.083pF
    wire lengths     : top=0.000um, trunk=22.820um, leaf=645.330um, total=668.150um
    hp wire lengths  : top=0.000um, trunk=26.020um, leaf=259.760um, total=285.780um
  Clock DAG net violations after routing clock trees: none
  Clock DAG primary half-corner transition distribution after routing clock trees:
    Trunk : target=0.133ns count=2 avg=0.034ns sd=0.043ns min=0.003ns max=0.064ns {2 <= 0.080ns, 0 <= 0.106ns, 0 <= 0.120ns, 0 <= 0.126ns, 0 <= 0.133ns}
    Leaf  : target=0.133ns count=2 avg=0.119ns sd=0.004ns min=0.117ns max=0.122ns {0 <= 0.080ns, 0 <= 0.106ns, 1 <= 0.120ns, 1 <= 0.126ns, 0 <= 0.133ns}
  Clock DAG library cell distribution after routing clock trees {count}:
     Invs: sky130_fd_sc_hd__clkinv_16: 3 
  Primary reporting skew groups after routing clock trees:
    skew_group clk/CONSTRAINTS: insertion delay [min=0.178, max=0.184, avg=0.182, sd=0.002], skew [0.006 vs 0.148], 100% {0.178, 0.184} (wid=0.006 ws=0.003) (gid=0.179 gs=0.004)
  Skew group summary after routing clock trees:
    skew_group clk/CONSTRAINTS: insertion delay [min=0.178, max=0.184, avg=0.182, sd=0.002], skew [0.006 vs 0.148], 100% {0.178, 0.184} (wid=0.006 ws=0.003) (gid=0.179 gs=0.004)
  CCOpt::Phase::Routing done. (took cpu=0:00:02.5 real=0:00:02.5)
  CCOpt::Phase::PostConditioning...
  Leaving CCOpt scope - Initializing placement interface...
  Leaving CCOpt scope - Initializing placement interface done. (took cpu=0:00:00.0 real=0:00:00.0)
  PostConditioning...
    PostConditioning active optimizations:
     - DRV fixing with initial upsizing, sizing and buffering
     - Skew fixing with sizing
    
**WARN: (IMPCCOPT-2276):	CCOpt/PRO found clock net 'clk' is not routed.
    Currently running CTS, using active skew data
    Reset bufferability constraints...
    Resetting previous bufferability status on all nets so that PostConditioning will attempt to fix all clock tree violations.
    Reset bufferability constraints done. (took cpu=0:00:00.0 real=0:00:00.0)
    PostConditioning Upsizing To Fix DRVs...
      Fixing clock tree DRVs with upsizing: ...20% ...40% ...60% ...80% ...100% 
      CCOpt-PostConditioning: considered: 4, tested: 4, violation detected: 0, violation ignored (due to small violation): 0, cannot run: 0, attempted: 0, unsuccessful: 0, sized: 0
      
      Statistics: Fix DRVs (initial upsizing):
      ========================================
      
      Cell changes by Net Type:
      
      -------------------------------------------------------------------------------------------------
      Net Type    Attempted    Upsized     Downsized    Swapped Same Size    Total Changed    Not Sized
      -------------------------------------------------------------------------------------------------
      top                0            0           0            0                    0                0
      trunk              0            0           0            0                    0                0
      leaf               0            0           0            0                    0                0
      -------------------------------------------------------------------------------------------------
      Total              0            0           0            0                    0                0
      -------------------------------------------------------------------------------------------------
      
      Upsized: 0, Downsized: 0, Sized but same area: 0, Unchanged: 0, Area change: 0.000um^2 (0.000%)
      Max. move: 0.000um, Min. move: 0.000um, Avg. move: N/A
      
      Clock DAG stats after 'PostConditioning Upsizing To Fix DRVs':
        cell counts      : b=0, i=3, icg=0, dcg=0, l=0, total=3
        sink counts      : regular=119, enable_latch=0, load_capacitance=0, antenna=0, node_sink=0, total=119
        misc counts      : r=1, pp=0
        cell areas       : b=0.000um^2, i=90.086um^2, icg=0.000um^2, dcg=0.000um^2, l=0.000um^2, total=90.086um^2
        cell capacitance : b=0.000pF, i=0.121pF, icg=0.000pF, dcg=0.000pF, l=0.000pF, total=0.121pF
        sink capacitance : total=0.259pF, avg=0.002pF, sd=0.000pF, min=0.002pF, max=0.003pF
        wire capacitance : top=0.000pF, trunk=0.003pF, leaf=0.080pF, total=0.083pF
        wire lengths     : top=0.000um, trunk=22.820um, leaf=645.330um, total=668.150um
        hp wire lengths  : top=0.000um, trunk=26.020um, leaf=259.760um, total=285.780um
      Clock DAG net violations after 'PostConditioning Upsizing To Fix DRVs': none
      Clock DAG primary half-corner transition distribution after 'PostConditioning Upsizing To Fix DRVs':
        Trunk : target=0.133ns count=2 avg=0.034ns sd=0.043ns min=0.003ns max=0.064ns {2 <= 0.080ns, 0 <= 0.106ns, 0 <= 0.120ns, 0 <= 0.126ns, 0 <= 0.133ns}
        Leaf  : target=0.133ns count=2 avg=0.119ns sd=0.004ns min=0.117ns max=0.122ns {0 <= 0.080ns, 0 <= 0.106ns, 1 <= 0.120ns, 1 <= 0.126ns, 0 <= 0.133ns}
      Clock DAG library cell distribution after 'PostConditioning Upsizing To Fix DRVs' {count}:
         Invs: sky130_fd_sc_hd__clkinv_16: 3 
      Primary reporting skew groups after 'PostConditioning Upsizing To Fix DRVs':
        skew_group clk/CONSTRAINTS: insertion delay [min=0.178, max=0.184], skew [0.006 vs 0.148]
      Skew group summary after 'PostConditioning Upsizing To Fix DRVs':
        skew_group clk/CONSTRAINTS: insertion delay [min=0.178, max=0.184], skew [0.006 vs 0.148]
      Legalizer API calls during this step: 0 succeeded with high effort: 0 succeeded with medium effort: 0 succeeded with low effort: 0 succeeded with basic effort: 0 succeeded with basic unbounded effort: 0
    PostConditioning Upsizing To Fix DRVs done. (took cpu=0:00:00.0 real=0:00:00.0)
    Recomputing CTS skew targets...
    Resolving skew group constraints...
      Solving LP: 1 skew groups; 2 fragments, 2 fraglets and 3 vertices; 25 variables and 66 constraints; tolerance 1
    Resolving skew group constraints done.
    Recomputing CTS skew targets done. (took cpu=0:00:00.0 real=0:00:00.0)
    PostConditioning Fixing DRVs...
      Fixing clock tree DRVs: ...20% ...40% ...60% ...80% ...100% 
      CCOpt-PostConditioning: considered: 4, tested: 4, violation detected: 0, violation ignored (due to small violation): 0, cannot run: 0, attempted: 0, unsuccessful: 0, sized: 0
      
      Statistics: Fix DRVs (cell sizing):
      ===================================
      
      Cell changes by Net Type:
      
      -------------------------------------------------------------------------------------------------
      Net Type    Attempted    Upsized     Downsized    Swapped Same Size    Total Changed    Not Sized
      -------------------------------------------------------------------------------------------------
      top                0            0           0            0                    0                0
      trunk              0            0           0            0                    0                0
      leaf               0            0           0            0                    0                0
      -------------------------------------------------------------------------------------------------
      Total              0            0           0            0                    0                0
      -------------------------------------------------------------------------------------------------
      
      Upsized: 0, Downsized: 0, Sized but same area: 0, Unchanged: 0, Area change: 0.000um^2 (0.000%)
      Max. move: 0.000um, Min. move: 0.000um, Avg. move: N/A
      
      Clock DAG stats after 'PostConditioning Fixing DRVs':
        cell counts      : b=0, i=3, icg=0, dcg=0, l=0, total=3
        sink counts      : regular=119, enable_latch=0, load_capacitance=0, antenna=0, node_sink=0, total=119
        misc counts      : r=1, pp=0
        cell areas       : b=0.000um^2, i=90.086um^2, icg=0.000um^2, dcg=0.000um^2, l=0.000um^2, total=90.086um^2
        cell capacitance : b=0.000pF, i=0.121pF, icg=0.000pF, dcg=0.000pF, l=0.000pF, total=0.121pF
        sink capacitance : total=0.259pF, avg=0.002pF, sd=0.000pF, min=0.002pF, max=0.003pF
        wire capacitance : top=0.000pF, trunk=0.003pF, leaf=0.080pF, total=0.083pF
        wire lengths     : top=0.000um, trunk=22.820um, leaf=645.330um, total=668.150um
        hp wire lengths  : top=0.000um, trunk=26.020um, leaf=259.760um, total=285.780um
      Clock DAG net violations after 'PostConditioning Fixing DRVs': none
      Clock DAG primary half-corner transition distribution after 'PostConditioning Fixing DRVs':
        Trunk : target=0.133ns count=2 avg=0.034ns sd=0.043ns min=0.003ns max=0.064ns {2 <= 0.080ns, 0 <= 0.106ns, 0 <= 0.120ns, 0 <= 0.126ns, 0 <= 0.133ns}
        Leaf  : target=0.133ns count=2 avg=0.119ns sd=0.004ns min=0.117ns max=0.122ns {0 <= 0.080ns, 0 <= 0.106ns, 1 <= 0.120ns, 1 <= 0.126ns, 0 <= 0.133ns}
      Clock DAG library cell distribution after 'PostConditioning Fixing DRVs' {count}:
         Invs: sky130_fd_sc_hd__clkinv_16: 3 
      Primary reporting skew groups after 'PostConditioning Fixing DRVs':
        skew_group clk/CONSTRAINTS: insertion delay [min=0.178, max=0.184], skew [0.006 vs 0.148]
      Skew group summary after 'PostConditioning Fixing DRVs':
        skew_group clk/CONSTRAINTS: insertion delay [min=0.178, max=0.184], skew [0.006 vs 0.148]
      Legalizer API calls during this step: 0 succeeded with high effort: 0 succeeded with medium effort: 0 succeeded with low effort: 0 succeeded with basic effort: 0 succeeded with basic unbounded effort: 0
    PostConditioning Fixing DRVs done. (took cpu=0:00:00.0 real=0:00:00.0)
    Buffering to fix DRVs...
    Fixing DRVs with route buffering pass 1. Quick buffering: enabled
    Rebuffering to fix clock tree DRVs: ...20% ...40% ...60% ...80% ...100% 
    Inserted 0 buffers and inverters.
    success count. Default: 0, QS: 0, QD: 0, FS: 0, MQS: 0
    CCOpt-PostConditioning: nets considered: 4, nets tested: 4, nets violation detected: 0, nets violation ignored (due to small violation): 0, nets cannot run: 0, nets attempted: 0, nets unsuccessful: 0, buffered: 0
    Clock DAG stats PostConditioning after re-buffering DRV fixing:
      cell counts      : b=0, i=3, icg=0, dcg=0, l=0, total=3
      sink counts      : regular=119, enable_latch=0, load_capacitance=0, antenna=0, node_sink=0, total=119
      misc counts      : r=1, pp=0
      cell areas       : b=0.000um^2, i=90.086um^2, icg=0.000um^2, dcg=0.000um^2, l=0.000um^2, total=90.086um^2
      cell capacitance : b=0.000pF, i=0.121pF, icg=0.000pF, dcg=0.000pF, l=0.000pF, total=0.121pF
      sink capacitance : total=0.259pF, avg=0.002pF, sd=0.000pF, min=0.002pF, max=0.003pF
      wire capacitance : top=0.000pF, trunk=0.003pF, leaf=0.080pF, total=0.083pF
      wire lengths     : top=0.000um, trunk=22.820um, leaf=645.330um, total=668.150um
      hp wire lengths  : top=0.000um, trunk=26.020um, leaf=259.760um, total=285.780um
    Clock DAG net violations PostConditioning after re-buffering DRV fixing: none
    Clock DAG primary half-corner transition distribution PostConditioning after re-buffering DRV fixing:
      Trunk : target=0.133ns count=2 avg=0.034ns sd=0.043ns min=0.003ns max=0.064ns {2 <= 0.080ns, 0 <= 0.106ns, 0 <= 0.120ns, 0 <= 0.126ns, 0 <= 0.133ns}
      Leaf  : target=0.133ns count=2 avg=0.119ns sd=0.004ns min=0.117ns max=0.122ns {0 <= 0.080ns, 0 <= 0.106ns, 1 <= 0.120ns, 1 <= 0.126ns, 0 <= 0.133ns}
    Clock DAG library cell distribution PostConditioning after re-buffering DRV fixing {count}:
       Invs: sky130_fd_sc_hd__clkinv_16: 3 
    Primary reporting skew groups PostConditioning after re-buffering DRV fixing:
      skew_group clk/CONSTRAINTS: insertion delay [min=0.178, max=0.184, avg=0.182, sd=0.002], skew [0.006 vs 0.148], 100% {0.178, 0.184} (wid=0.006 ws=0.003) (gid=0.179 gs=0.004)
    Skew group summary PostConditioning after re-buffering DRV fixing:
      skew_group clk/CONSTRAINTS: insertion delay [min=0.178, max=0.184, avg=0.182, sd=0.002], skew [0.006 vs 0.148], 100% {0.178, 0.184} (wid=0.006 ws=0.003) (gid=0.179 gs=0.004)
    Buffering to fix DRVs done. (took cpu=0:00:00.0 real=0:00:00.0)
    PostConditioning Fixing Skew by cell sizing...
      Resized 0 clock insts to decrease delay.
      Resized 0 clock insts to increase delay.
      
      Statistics: Fix Skew (cell sizing):
      ===================================
      
      Cell changes by Net Type:
      
      -------------------------------------------------------------------------------------------------
      Net Type    Attempted    Upsized     Downsized    Swapped Same Size    Total Changed    Not Sized
      -------------------------------------------------------------------------------------------------
      top                0            0           0            0                    0                0
      trunk              0            0           0            0                    0                0
      leaf               0            0           0            0                    0                0
      -------------------------------------------------------------------------------------------------
      Total              0            0           0            0                    0                0
      -------------------------------------------------------------------------------------------------
      
      Upsized: 0, Downsized: 0, Sized but same area: 0, Unchanged: 0, Area change: 0.000um^2 (0.000%)
      Max. move: 0.000um, Min. move: 0.000um, Avg. move: N/A
      
      Clock DAG stats after 'PostConditioning Fixing Skew by cell sizing':
        cell counts      : b=0, i=3, icg=0, dcg=0, l=0, total=3
        sink counts      : regular=119, enable_latch=0, load_capacitance=0, antenna=0, node_sink=0, total=119
        misc counts      : r=1, pp=0
        cell areas       : b=0.000um^2, i=90.086um^2, icg=0.000um^2, dcg=0.000um^2, l=0.000um^2, total=90.086um^2
        cell capacitance : b=0.000pF, i=0.121pF, icg=0.000pF, dcg=0.000pF, l=0.000pF, total=0.121pF
        sink capacitance : total=0.259pF, avg=0.002pF, sd=0.000pF, min=0.002pF, max=0.003pF
        wire capacitance : top=0.000pF, trunk=0.003pF, leaf=0.080pF, total=0.083pF
        wire lengths     : top=0.000um, trunk=22.820um, leaf=645.330um, total=668.150um
        hp wire lengths  : top=0.000um, trunk=26.020um, leaf=259.760um, total=285.780um
      Clock DAG net violations after 'PostConditioning Fixing Skew by cell sizing': none
      Clock DAG primary half-corner transition distribution after 'PostConditioning Fixing Skew by cell sizing':
        Trunk : target=0.133ns count=2 avg=0.034ns sd=0.043ns min=0.003ns max=0.064ns {2 <= 0.080ns, 0 <= 0.106ns, 0 <= 0.120ns, 0 <= 0.126ns, 0 <= 0.133ns}
        Leaf  : target=0.133ns count=2 avg=0.119ns sd=0.004ns min=0.117ns max=0.122ns {0 <= 0.080ns, 0 <= 0.106ns, 1 <= 0.120ns, 1 <= 0.126ns, 0 <= 0.133ns}
      Clock DAG library cell distribution after 'PostConditioning Fixing Skew by cell sizing' {count}:
         Invs: sky130_fd_sc_hd__clkinv_16: 3 
      Primary reporting skew groups after 'PostConditioning Fixing Skew by cell sizing':
        skew_group clk/CONSTRAINTS: insertion delay [min=0.178, max=0.184, avg=0.182, sd=0.002], skew [0.006 vs 0.148], 100% {0.178, 0.184} (wid=0.006 ws=0.003) (gid=0.179 gs=0.004)
      Skew group summary after 'PostConditioning Fixing Skew by cell sizing':
        skew_group clk/CONSTRAINTS: insertion delay [min=0.178, max=0.184, avg=0.182, sd=0.002], skew [0.006 vs 0.148], 100% {0.178, 0.184} (wid=0.006 ws=0.003) (gid=0.179 gs=0.004)
      Legalizer API calls during this step: 0 succeeded with high effort: 0 succeeded with medium effort: 0 succeeded with low effort: 0 succeeded with basic effort: 0 succeeded with basic unbounded effort: 0
    PostConditioning Fixing Skew by cell sizing done. (took cpu=0:00:00.0 real=0:00:00.0)
    Reconnecting optimized routes...
    Reset timing graph...
Ignoring AAE DB Resetting ...
    Reset timing graph done.
**WARN: (IMPCCOPT-1304):	Net clk unexpectedly has no routing present after clock post-route optimization. Net will be implemented by a later routing step.
    Reconnecting optimized routes done. (took cpu=0:00:00.0 real=0:00:00.0)
Skipping refinePlace: no changes were made during DRV and/or skew fixing steps so it is unnecessary.
  PostConditioning done.
Net route status summary:
  Clock:         4 (unrouted=0, trialRouted=0, noStatus=0, routed=1, fixed=3, [crossesIlmBoundary=0, tooFewTerms=0, (crossesIlmBoundary AND tooFewTerms=0)])
  Non-clock:  6944 (unrouted=12, trialRouted=6932, noStatus=0, routed=0, fixed=0, [crossesIlmBoundary=0, tooFewTerms=9, (crossesIlmBoundary AND tooFewTerms=0)])
  Update timing and DAG stats after post-conditioning...
  Update timing and DAG stats after post-conditioning done. (took cpu=0:00:00.0 real=0:00:00.0)
  Clock tree timing engine global stage delay update for DELAY_TYP:both.late...
  Clock tree timing engine global stage delay update for DELAY_TYP:both.late done. (took cpu=0:00:00.0 real=0:00:00.0)
  Clock DAG stats after post-conditioning:
    cell counts      : b=0, i=3, icg=0, dcg=0, l=0, total=3
    sink counts      : regular=119, enable_latch=0, load_capacitance=0, antenna=0, node_sink=0, total=119
    misc counts      : r=1, pp=0
    cell areas       : b=0.000um^2, i=90.086um^2, icg=0.000um^2, dcg=0.000um^2, l=0.000um^2, total=90.086um^2
    cell capacitance : b=0.000pF, i=0.121pF, icg=0.000pF, dcg=0.000pF, l=0.000pF, total=0.121pF
    sink capacitance : total=0.259pF, avg=0.002pF, sd=0.000pF, min=0.002pF, max=0.003pF
    wire capacitance : top=0.000pF, trunk=0.003pF, leaf=0.080pF, total=0.083pF
    wire lengths     : top=0.000um, trunk=22.820um, leaf=645.330um, total=668.150um
    hp wire lengths  : top=0.000um, trunk=26.020um, leaf=259.760um, total=285.780um
  Clock DAG net violations after post-conditioning: none
  Clock DAG primary half-corner transition distribution after post-conditioning:
    Trunk : target=0.133ns count=2 avg=0.034ns sd=0.043ns min=0.003ns max=0.064ns {2 <= 0.080ns, 0 <= 0.106ns, 0 <= 0.120ns, 0 <= 0.126ns, 0 <= 0.133ns}
    Leaf  : target=0.133ns count=2 avg=0.119ns sd=0.004ns min=0.117ns max=0.122ns {0 <= 0.080ns, 0 <= 0.106ns, 1 <= 0.120ns, 1 <= 0.126ns, 0 <= 0.133ns}
  Clock DAG library cell distribution after post-conditioning {count}:
     Invs: sky130_fd_sc_hd__clkinv_16: 3 
  Primary reporting skew groups after post-conditioning:
    skew_group clk/CONSTRAINTS: insertion delay [min=0.178, max=0.184, avg=0.182, sd=0.002], skew [0.006 vs 0.148], 100% {0.178, 0.184} (wid=0.006 ws=0.003) (gid=0.179 gs=0.004)
  Skew group summary after post-conditioning:
    skew_group clk/CONSTRAINTS: insertion delay [min=0.178, max=0.184, avg=0.182, sd=0.002], skew [0.006 vs 0.148], 100% {0.178, 0.184} (wid=0.006 ws=0.003) (gid=0.179 gs=0.004)
  CCOpt::Phase::PostConditioning done. (took cpu=0:00:00.0 real=0:00:00.0)
  Post-balance tidy up or trial balance steps...
  
  Clock DAG stats at end of CTS:
  ==============================
  
  --------------------------------------------------------
  Cell type                 Count    Area      Capacitance
  --------------------------------------------------------
  Buffers                     0       0.000       0.000
  Inverters                   3      90.086       0.121
  Integrated Clock Gates      0       0.000       0.000
  Discrete Clock Gates        0       0.000       0.000
  Clock Logic                 0       0.000       0.000
  All                         3      90.086       0.121
  --------------------------------------------------------
  
  
  Clock DAG sink counts at end of CTS:
  ====================================
  
  -------------------------
  Sink type           Count
  -------------------------
  Regular              119
  Enable Latch           0
  Load Capacitance       0
  Antenna Diode          0
  Node Sink              0
  Total                119
  -------------------------
  
  
  Clock DAG wire lengths at end of CTS:
  =====================================
  
  --------------------
  Type     Wire Length
  --------------------
  Top          0.000
  Trunk       22.820
  Leaf       645.330
  Total      668.150
  --------------------
  
  
  Clock DAG hp wire lengths at end of CTS:
  ========================================
  
  -----------------------
  Type     hp Wire Length
  -----------------------
  Top           0.000
  Trunk        26.020
  Leaf        259.760
  Total       285.780
  -----------------------
  
  
  Clock DAG capacitances at end of CTS:
  =====================================
  
  --------------------------------
  Type     Gate     Wire     Total
  --------------------------------
  Top      0.000    0.000    0.000
  Trunk    0.121    0.003    0.124
  Leaf     0.259    0.080    0.339
  Total    0.380    0.083    0.463
  --------------------------------
  
  
  Clock DAG sink capacitances at end of CTS:
  ==========================================
  
  -----------------------------------------------
  Total    Average    Std. Dev.    Min      Max
  -----------------------------------------------
  0.259     0.002       0.000      0.002    0.003
  -----------------------------------------------
  
  
  Clock DAG net violations at end of CTS:
  =======================================
  
  None
  
  
  Clock DAG primary half-corner transition distribution at end of CTS:
  ====================================================================
  
  --------------------------------------------------------------------------------------------------------------------------------------------------------------
  Net Type    Target    Count    Average    Std. Dev.    Min      Max      Distribution                                                              Over Target
  --------------------------------------------------------------------------------------------------------------------------------------------------------------
  Trunk       0.133       2       0.034       0.043      0.003    0.064    {2 <= 0.080ns, 0 <= 0.106ns, 0 <= 0.120ns, 0 <= 0.126ns, 0 <= 0.133ns}         -
  Leaf        0.133       2       0.119       0.004      0.117    0.122    {0 <= 0.080ns, 0 <= 0.106ns, 1 <= 0.120ns, 1 <= 0.126ns, 0 <= 0.133ns}         -
  --------------------------------------------------------------------------------------------------------------------------------------------------------------
  
  
  Clock DAG library cell distribution at end of CTS:
  ==================================================
  
  -------------------------------------------------------------
  Name                          Type        Inst     Inst Area 
                                            Count    (um^2)
  -------------------------------------------------------------
  sky130_fd_sc_hd__clkinv_16    inverter      3        90.086
  -------------------------------------------------------------
  
  
  Primary reporting skew groups summary at end of CTS:
  ====================================================
  
  --------------------------------------------------------------------------------------------------------------------------------------------------------------------
  Half-corner            Skew Group         Min ID    Max ID    Skew     Skew target    Wire skew    Worst sink skew    Average ID    Std.Dev    Skew window occupancy
  --------------------------------------------------------------------------------------------------------------------------------------------------------------------
  DELAY_TYP:both.late    clk/CONSTRAINTS    0.178     0.184     0.006       0.148         0.003           0.003           0.182        0.002     100% {0.178, 0.184}
  --------------------------------------------------------------------------------------------------------------------------------------------------------------------
  
  
  Skew group summary at end of CTS:
  =================================
  
  --------------------------------------------------------------------------------------------------------------------------------------------------------------------
  Half-corner            Skew Group         Min ID    Max ID    Skew     Skew target    Wire skew    Worst sink skew    Average ID    Std.Dev    Skew window occupancy
  --------------------------------------------------------------------------------------------------------------------------------------------------------------------
  DELAY_TYP:both.late    clk/CONSTRAINTS    0.178     0.184     0.006       0.148         0.003           0.003           0.182        0.002     100% {0.178, 0.184}
  --------------------------------------------------------------------------------------------------------------------------------------------------------------------
  
  
  Found a total of 0 clock tree pins with a slew violation.
  
  Post-balance tidy up or trial balance steps done. (took cpu=0:00:00.0 real=0:00:00.0)
Synthesizing clock trees done.
Tidy Up And Update Timing...
External - Set all clocks to propagated mode...
Innovus updating I/O latencies
AAE_INFO: opIsDesignInPostRouteState() is 0
#################################################################################
# Design Stage: PreRoute
# Design Name: coprocessor
# Design Mode: 90nm
# Analysis Mode: MMMC Non-OCV 
# Parasitics Mode: No SPEF/RCDB 
# Signoff Settings: SI Off 
#################################################################################
Calculate delays in Single mode...
Start delay calculation (fullDC) (1 T). (MEM=1818.44)
Total number of fetched objects 6941
End delay calculation. (MEM=1838.39 CPU=0:00:00.0 REAL=0:00:00.0)
End delay calculation (fullDC). (MEM=1838.39 CPU=0:00:00.1 REAL=0:00:00.0)
	Clock: clk, View: VIEW_TYP, Ideal Latency: 0, Propagated Latency: 0.181506
	 Executing: set_clock_latency -source -early -max -rise -0.181506 [get_pins clk]
	Clock: clk, View: VIEW_TYP, Ideal Latency: 0, Propagated Latency: 0.181506
	 Executing: set_clock_latency -source -late -max -rise -0.181506 [get_pins clk]
	Clock: clk, View: VIEW_TYP, Ideal Latency: 0, Propagated Latency: 0.180317
	 Executing: set_clock_latency -source -early -max -fall -0.180317 [get_pins clk]
	Clock: clk, View: VIEW_TYP, Ideal Latency: 0, Propagated Latency: 0.180317
	 Executing: set_clock_latency -source -late -max -fall -0.180317 [get_pins clk]
Setting all clocks to propagated mode.
External - Set all clocks to propagated mode done. (took cpu=0:00:00.5 real=0:00:00.5)
Clock DAG stats after update timingGraph:
  cell counts      : b=0, i=3, icg=0, dcg=0, l=0, total=3
  sink counts      : regular=119, enable_latch=0, load_capacitance=0, antenna=0, node_sink=0, total=119
  misc counts      : r=1, pp=0
  cell areas       : b=0.000um^2, i=90.086um^2, icg=0.000um^2, dcg=0.000um^2, l=0.000um^2, total=90.086um^2
  cell capacitance : b=0.000pF, i=0.121pF, icg=0.000pF, dcg=0.000pF, l=0.000pF, total=0.121pF
  sink capacitance : total=0.259pF, avg=0.002pF, sd=0.000pF, min=0.002pF, max=0.003pF
  wire capacitance : top=0.000pF, trunk=0.003pF, leaf=0.080pF, total=0.083pF
  wire lengths     : top=0.000um, trunk=22.820um, leaf=645.330um, total=668.150um
  hp wire lengths  : top=0.000um, trunk=26.020um, leaf=259.760um, total=285.780um
Clock DAG net violations after update timingGraph: none
Clock DAG primary half-corner transition distribution after update timingGraph:
  Trunk : target=0.133ns count=2 avg=0.034ns sd=0.043ns min=0.003ns max=0.064ns {2 <= 0.080ns, 0 <= 0.106ns, 0 <= 0.120ns, 0 <= 0.126ns, 0 <= 0.133ns}
  Leaf  : target=0.133ns count=2 avg=0.119ns sd=0.004ns min=0.117ns max=0.122ns {0 <= 0.080ns, 0 <= 0.106ns, 1 <= 0.120ns, 1 <= 0.126ns, 0 <= 0.133ns}
Clock DAG library cell distribution after update timingGraph {count}:
   Invs: sky130_fd_sc_hd__clkinv_16: 3 
Primary reporting skew groups after update timingGraph:
  skew_group clk/CONSTRAINTS: insertion delay [min=0.178, max=0.184, avg=0.182, sd=0.002], skew [0.006 vs 0.148], 100% {0.178, 0.184} (wid=0.006 ws=0.003) (gid=0.179 gs=0.004)
Skew group summary after update timingGraph:
  skew_group clk/CONSTRAINTS: insertion delay [min=0.178, max=0.184, avg=0.182, sd=0.002], skew [0.006 vs 0.148], 100% {0.178, 0.184} (wid=0.006 ws=0.003) (gid=0.179 gs=0.004)
Logging CTS constraint violations...
  No violations found.
Logging CTS constraint violations done.
Tidy Up And Update Timing done. (took cpu=0:00:00.5 real=0:00:00.5)
Runtime done. (took cpu=0:00:04.8 real=0:00:04.8)
Runtime Summary
===============
Clock Runtime:  (19%) Core CTS           0.89 (Init 0.37, Construction 0.15, Implementation 0.19, eGRPC 0.04, PostConditioning 0.04, Other 0.10)
Clock Runtime:  (57%) CTS services       2.70 (RefinePlace 0.23, EarlyGlobalClock 0.14, NanoRoute 2.24, ExtractRC 0.08, TimingAnalysis 0.00)
Clock Runtime:  (23%) Other CTS          1.07 (Init 0.24, CongRepair/EGR-DP 0.38, TimingUpdate 0.46, Other 0.00)
Clock Runtime: (100%) Total              4.66

Leaving CCOpt scope - Cleaning up placement interface...
Leaving CCOpt scope - Cleaning up placement interface done. (took cpu=0:00:00.0 real=0:00:00.0)
*** CTS #1 [finish] (ccopt_design #1) : cpu/real = 0:00:04.6/0:00:04.6 (1.0), totSession cpu/real = 0:01:46.8/0:01:51.0 (1.0), mem = 1736.3M
Synthesizing clock trees with CCOpt done.
**WARN: (IMPSP-9025):	No scan chain specified/traced.
Type 'man IMPSP-9025' for more detail.
**optDesign ... cpu = 0:00:00, real = 0:00:00, mem = 1590.8M, totSessionCpu=0:01:47 **
**WARN: (IMPOPT-576):	4 nets have unplaced terms. 
GigaOpt running with 1 threads.
*** InitOpt #1 [begin] (ccopt_design #1) : totSession cpu/real = 0:01:46.8/0:01:51.0 (1.0), mem = 1736.3M
**INFO: setDesignMode -flowEffort standard -> setting 'setOptMode -allEndPoints true' for the duration of this command.
Need call spDPlaceInit before registerPrioInstLoc.
**WARN: (IMPOPT-665):	clk : Net has unplaced terms or is connected to uplaced instances in design. 
Type 'man IMPOPT-665' for more detail.
**WARN: (IMPOPT-665):	rst : Net has unplaced terms or is connected to uplaced instances in design. 
Type 'man IMPOPT-665' for more detail.
**WARN: (IMPOPT-665):	rx : Net has unplaced terms or is connected to uplaced instances in design. 
Type 'man IMPOPT-665' for more detail.
**WARN: (IMPOPT-665):	tx : Net has unplaced terms or is connected to uplaced instances in design. 
Type 'man IMPOPT-665' for more detail.
**optDesign ... cpu = 0:00:01, real = 0:00:01, mem = 1598.0M, totSessionCpu=0:01:48 **
*** optDesign -postCTS ***
DRC Margin: user margin 0.0; extra margin 0.2
Hold Target Slack: user slack 0
Setup Target Slack: user slack 0; extra slack 0.0
setUsefulSkewMode -ecoRoute false
**INFO: The delay profiles based on paritioning incorrect, turning off vt filtering
Start to check current routing status for nets...
All nets are already routed correctly.
End to check current routing status for nets (mem=1754.4M)
Starting delay calculation for Setup views
AAE_INFO: opIsDesignInPostRouteState() is 0
#################################################################################
# Design Stage: PreRoute
# Design Name: coprocessor
# Design Mode: 90nm
# Analysis Mode: MMMC Non-OCV 
# Parasitics Mode: No SPEF/RCDB 
# Signoff Settings: SI Off 
#################################################################################
Calculate delays in Single mode...
Start delay calculation (fullDC) (1 T). (MEM=1752.36)
Total number of fetched objects 6941
End delay calculation. (MEM=1795.57 CPU=0:00:00.5 REAL=0:00:01.0)
End delay calculation (fullDC). (MEM=1795.57 CPU=0:00:00.6 REAL=0:00:01.0)
*** Done Building Timing Graph (cpu=0:00:00.8 real=0:00:01.0 totSessionCpu=0:01:49 mem=1795.6M)

------------------------------------------------------------------
             Initial Summary
------------------------------------------------------------------

Setup views included:
 VIEW_TYP 

+--------------------+---------+---------+---------+
|     Setup mode     |   all   | reg2reg | default |
+--------------------+---------+---------+---------+
|           WNS (ns):| -0.171  | -0.171  |  6.329  |
|           TNS (ns):| -1.981  | -1.981  |  0.000  |
|    Violating Paths:|   16    |   16    |    0    |
|          All Paths:|   345   |   224   |   121   |
+--------------------+---------+---------+---------+

+----------------+-------------------------------+------------------+
|                |              Real             |       Total      |
|    DRVs        +------------------+------------+------------------|
|                |  Nr nets(terms)  | Worst Vio  |  Nr nets(terms)  |
+----------------+------------------+------------+------------------+
|   max_cap      |      0 (0)       |   0.000    |      0 (0)       |
|   max_tran     |      0 (0)       |   0.000    |      0 (0)       |
|   max_fanout   |      0 (0)       |     0      |      0 (0)       |
|   max_length   |      0 (0)       |     0      |      0 (0)       |
+----------------+------------------+------------+------------------+

Density: 43.158%
------------------------------------------------------------------
**optDesign ... cpu = 0:00:02, real = 0:00:02, mem = 1607.0M, totSessionCpu=0:01:49 **
*** InitOpt #1 [finish] (ccopt_design #1) : cpu/real = 0:00:02.0/0:00:02.0 (1.0), totSession cpu/real = 0:01:48.8/0:01:53.0 (1.0), mem = 1763.8M
** INFO : this run is activating low effort ccoptDesign flow
OPTC: m1 20.0 20.0
-congRepairInPostCTS false                 # bool, default=false, private
Begin: GigaOpt Route Type Constraints Refinement
*** CongRefineRouteType #1 [begin] (ccopt_design #1) : totSession cpu/real = 0:01:48.9/0:01:53.1 (1.0), mem = 1765.8M
Updated routing constraints on 0 nets.
Bottom Preferred Layer:
+-------------+------------+----------+
|    Layer    |    CLK     |   Rule   |
+-------------+------------+----------+
| met2 (z=3)  |          4 | default  |
+-------------+------------+----------+
Via Pillar Rule:
    None
*** CongRefineRouteType #1 [finish] (ccopt_design #1) : cpu/real = 0:00:00.9/0:00:00.9 (1.0), totSession cpu/real = 0:01:49.8/0:01:54.0 (1.0), mem = 1898.8M
End: GigaOpt Route Type Constraints Refinement
*** Starting optimizing excluded clock nets MEM= 1898.8M) ***
*info: No excluded clock nets to be optimized.
*** Finished optimizing excluded clock nets (CPU Time= 0:00:00.0  MEM= 1898.8M) ***
*** Starting optimizing excluded clock nets MEM= 1898.8M) ***
*info: No excluded clock nets to be optimized.
*** Finished optimizing excluded clock nets (CPU Time= 0:00:00.0  MEM= 1898.8M) ***
Info: Done creating the CCOpt slew target map.
Begin: GigaOpt high fanout net optimization
*** DrvOpt #1 [begin] (ccopt_design #1) : totSession cpu/real = 0:01:49.8/0:01:54.0 (1.0), mem = 1898.8M
Info: 3 nets with fixed/cover wires excluded.
Info: 4 clock nets excluded from IPO operation.
*** DrvOpt #1 [finish] (ccopt_design #1) : cpu/real = 0:00:00.2/0:00:00.2 (1.0), totSession cpu/real = 0:01:50.0/0:01:54.2 (1.0), mem = 1844.8M
End: GigaOpt high fanout net optimization
Begin: GigaOpt Global Optimization
*info: use new DP (enabled)
Info: 3 nets with fixed/cover wires excluded.
Info: 4 clock nets excluded from IPO operation.
*** GlobalOpt #1 [begin] (ccopt_design #1) : totSession cpu/real = 0:01:50.1/0:01:54.3 (1.0), mem = 1844.8M
*info: 4 clock nets excluded
*info: 7 no-driver nets excluded.
*info: 3 nets with fixed/cover wires excluded.
** GigaOpt Global Opt WNS Slack -0.171  TNS Slack -1.981 
+--------+--------+---------+------------+--------+----------+---------+--------------------------------------------------+
|  WNS   |  TNS   | Density |    Real    |  Mem   |Worst View|Pathgroup|                    End Point                     |
+--------+--------+---------+------------+--------+----------+---------+--------------------------------------------------+
|  -0.171|  -1.981|   43.16%|   0:00:00.0| 1902.0M|  VIEW_TYP|  reg2reg| result_r_reg[10]/D                               |
|  -0.168|  -1.918|   43.17%|   0:00:02.0| 1934.1M|  VIEW_TYP|  reg2reg| result_r_reg[10]/D                               |
|  -0.168|  -1.918|   43.17%|   0:00:01.0| 1935.6M|  VIEW_TYP|  reg2reg| result_r_reg[10]/D                               |
|  -0.168|  -1.918|   43.17%|   0:00:00.0| 1935.6M|  VIEW_TYP|  reg2reg| result_r_reg[10]/D                               |
|  -0.161|  -1.833|   43.21%|   0:00:01.0| 1935.6M|  VIEW_TYP|  reg2reg| result_r_reg[14]/D                               |
|  -0.161|  -1.726|   43.22%|   0:00:02.0| 1939.1M|  VIEW_TYP|  reg2reg| result_r_reg[12]/D                               |
|  -0.161|  -1.726|   43.24%|   0:00:00.0| 1939.1M|  VIEW_TYP|  reg2reg| result_r_reg[12]/D                               |
|  -0.161|  -1.726|   43.24%|   0:00:00.0| 1939.1M|  VIEW_TYP|  reg2reg| result_r_reg[12]/D                               |
|  -0.161|  -1.726|   43.26%|   0:00:00.0| 1939.1M|  VIEW_TYP|  reg2reg| result_r_reg[12]/D                               |
|  -0.161|  -1.726|   43.34%|   0:00:01.0| 1939.1M|  VIEW_TYP|  reg2reg| result_r_reg[12]/D                               |
|  -0.161|  -1.726|   43.34%|   0:00:00.0| 1939.1M|  VIEW_TYP|  reg2reg| result_r_reg[12]/D                               |
|  -0.161|  -1.726|   43.34%|   0:00:00.0| 1939.1M|  VIEW_TYP|  reg2reg| result_r_reg[12]/D                               |
|  -0.158|  -1.692|   43.39%|   0:00:00.0| 1939.1M|  VIEW_TYP|  reg2reg| result_r_reg[14]/D                               |
|  -0.158|  -1.678|   43.44%|   0:00:01.0| 1939.1M|  VIEW_TYP|  reg2reg| result_r_reg[14]/D                               |
|  -0.158|  -1.678|   43.44%|   0:00:00.0| 1939.1M|  VIEW_TYP|  reg2reg| result_r_reg[14]/D                               |
|  -0.158|  -1.678|   43.44%|   0:00:00.0| 1939.1M|  VIEW_TYP|  reg2reg| result_r_reg[14]/D                               |
|  -0.160|  -1.695|   43.52%|   0:00:00.0| 1939.1M|  VIEW_TYP|  reg2reg| result_r_reg[14]/D                               |
|  -0.160|  -1.695|   43.52%|   0:00:01.0| 1939.1M|  VIEW_TYP|  reg2reg| result_r_reg[14]/D                               |
+--------+--------+---------+------------+--------+----------+---------+--------------------------------------------------+

*** Finish post-CTS Global Setup Fixing (cpu=0:00:08.6 real=0:00:09.0 mem=1939.1M) ***

*** Finish post-CTS Setup Fixing (cpu=0:00:08.6 real=0:00:09.0 mem=1939.1M) ***
Bottom Preferred Layer:
+-------------+------------+----------+
|    Layer    |    CLK     |   Rule   |
+-------------+------------+----------+
| met2 (z=3)  |          4 | default  |
+-------------+------------+----------+
Via Pillar Rule:
    None
** GigaOpt Global Opt End WNS Slack -0.160  TNS Slack -1.695 
*** GlobalOpt #1 [finish] (ccopt_design #1) : cpu/real = 0:00:09.6/0:00:09.7 (1.0), totSession cpu/real = 0:01:59.7/0:02:04.0 (1.0), mem = 1857.0M
End: GigaOpt Global Optimization
*** Timing NOT met, worst failing slack is -0.160
*** Check timing (0:00:00.0)
Info: 3 nets with fixed/cover wires excluded.
Info: 4 clock nets excluded from IPO operation.
Begin: GigaOpt Optimization in WNS mode
Info: 3 nets with fixed/cover wires excluded.
Info: 4 clock nets excluded from IPO operation.
*** WnsOpt #1 [begin] (ccopt_design #1) : totSession cpu/real = 0:01:59.8/0:02:04.1 (1.0), mem = 1853.0M
*info: 4 clock nets excluded
*info: 7 no-driver nets excluded.
*info: 3 nets with fixed/cover wires excluded.
** GigaOpt Optimizer WNS Slack -0.160 TNS Slack -1.695 Density 43.52
OptDebug: Start of Optimizer WNS Pass 0:
+----------+------+------+
|Path Group|   WNS|   TNS|
+----------+------+------+
|default   | 6.329| 0.000|
|reg2reg   |-0.160|-1.695|
|HEPG      |-0.160|-1.695|
|All Paths |-0.160|-1.695|
+----------+------+------+

CCOptDebug: Start of Optimizer WNS Pass 0: reg2reg* WNS -0.160ns TNS -1.695ns; HEPG WNS -0.160ns TNS -1.695ns; all paths WNS -0.160ns TNS -1.695ns; Real time 0:00:19.0
Active Path Group: reg2reg  
+--------+---------+--------+---------+---------+------------+--------+----------+---------+--------------------------------------------------+
|  WNS   | All WNS |  TNS   | All TNS | Density |    Real    |  Mem   |Worst View|Pathgroup|                    End Point                     |
+--------+---------+--------+---------+---------+------------+--------+----------+---------+--------------------------------------------------+
|  -0.160|   -0.160|  -1.695|   -1.695|   43.52%|   0:00:00.0| 1916.3M|  VIEW_TYP|  reg2reg| result_r_reg[14]/D                               |
|  -0.101|   -0.101|  -0.998|   -0.998|   43.59%|   0:00:01.0| 1939.9M|  VIEW_TYP|  reg2reg| result_r_reg[12]/D                               |
|  -0.084|   -0.084|  -0.688|   -0.688|   43.73%|   0:00:00.0| 1939.9M|  VIEW_TYP|  reg2reg| result_r_reg[5]/D                                |
|  -0.062|   -0.062|  -0.402|   -0.402|   43.79%|   0:00:00.0| 1959.0M|  VIEW_TYP|  reg2reg| result_r_reg[5]/D                                |
|  -0.041|   -0.041|  -0.181|   -0.181|   43.94%|   0:00:01.0| 1959.0M|  VIEW_TYP|  reg2reg| result_r_reg[5]/D                                |
|  -0.032|   -0.032|  -0.084|   -0.084|   44.00%|   0:00:00.0| 1959.0M|  VIEW_TYP|  reg2reg| status_r_reg[1]/D                                |
|  -0.013|   -0.013|  -0.038|   -0.038|   44.07%|   0:00:00.0| 1959.0M|  VIEW_TYP|  reg2reg| result_r_reg[5]/D                                |
|   0.004|    0.004|   0.000|    0.000|   44.48%|   0:00:02.0| 1959.0M|  VIEW_TYP|  reg2reg| result_r_reg[14]/D                               |
|   0.021|    0.021|   0.000|    0.000|   44.55%|   0:00:00.0| 1959.0M|  VIEW_TYP|  reg2reg| result_r_reg[11]/D                               |
|   0.030|    0.030|   0.000|    0.000|   44.64%|   0:00:00.0| 1959.0M|  VIEW_TYP|  reg2reg| result_r_reg[11]/D                               |
|   0.052|    0.052|   0.000|    0.000|   44.76%|   0:00:01.0| 1959.0M|  VIEW_TYP|  reg2reg| result_r_reg[14]/D                               |
|   0.052|    0.052|   0.000|    0.000|   44.76%|   0:00:00.0| 1959.0M|  VIEW_TYP|  reg2reg| result_r_reg[14]/D                               |
+--------+---------+--------+---------+---------+------------+--------+----------+---------+--------------------------------------------------+

*** Finish Core Optimize Step (cpu=0:00:04.3 real=0:00:05.0 mem=1959.0M) ***

*** Finished Optimize Step Cumulative (cpu=0:00:04.3 real=0:00:05.0 mem=1959.0M) ***
OptDebug: End of Optimizer WNS Pass 0:
+----------+-----+-----+
|Path Group|  WNS|  TNS|
+----------+-----+-----+
|default   |6.329|0.000|
|reg2reg   |0.052|0.000|
|HEPG      |0.052|0.000|
|All Paths |0.052|0.000|
+----------+-----+-----+

CCOptDebug: End of Optimizer WNS Pass 0: reg2reg* WNS 0.052ns TNS 0.000ns; HEPG WNS 0.052ns TNS 0.000ns; all paths WNS 0.052ns TNS 0.000ns; Real time 0:00:24.0
** GigaOpt Optimizer WNS Slack 0.052 TNS Slack 0.000 Density 44.76
Begin: Area Reclaim Optimization
*** AreaOpt #1 [begin] (WnsOpt #1 / ccopt_design #1) : totSession cpu/real = 0:02:05.3/0:02:09.6 (1.0), mem = 1959.0M
Usable buffer cells for single buffer setup transform:
sky130_fd_sc_hd__clkbuf_1 sky130_fd_sc_hd__buf_1 sky130_fd_sc_hd__clkbuf_2 sky130_fd_sc_hd__buf_2 sky130_fd_sc_hd__clkbuf_4 sky130_fd_sc_hd__buf_4 sky130_fd_sc_hd__buf_6 sky130_fd_sc_hd__clkbuf_8 sky130_fd_sc_hd__probe_p_8 sky130_fd_sc_hd__buf_8 sky130_fd_sc_hd__buf_12 sky130_fd_sc_hd__clkbuf_16 sky130_fd_sc_hd__buf_16 
Number of usable buffer cells above: 13
Reclaim Optimization WNS Slack 0.052  TNS Slack 0.000 Density 44.76
+---------+---------+--------+--------+------------+--------+
| Density | Commits |  WNS   |  TNS   |    Real    |  Mem   |
+---------+---------+--------+--------+------------+--------+
|   44.76%|        -|   0.052|   0.000|   0:00:00.0| 1959.0M|
|   44.55%|       36|   0.052|   0.000|   0:00:00.0| 1959.0M|
|   43.96%|      181|   0.052|   0.000|   0:00:02.0| 1959.0M|
|   43.95%|        5|   0.052|   0.000|   0:00:00.0| 1959.0M|
|   43.95%|        1|   0.052|   0.000|   0:00:00.0| 1959.0M|
|   43.95%|        0|   0.052|   0.000|   0:00:00.0| 1959.0M|
+---------+---------+--------+--------+------------+--------+
Reclaim Optimization End WNS Slack 0.052  TNS Slack 0.000 Density 43.95
Bottom Preferred Layer:
+-------------+------------+----------+
|    Layer    |    CLK     |   Rule   |
+-------------+------------+----------+
| met2 (z=3)  |          4 | default  |
+-------------+------------+----------+
Via Pillar Rule:
    None

Number of times islegalLocAvaiable called = 305 skipped = 0, called in commitmove = 187, skipped in commitmove = 0
End: Core Area Reclaim Optimization (cpu = 0:00:02.2) (real = 0:00:02.0) **
*** AreaOpt #1 [finish] (WnsOpt #1 / ccopt_design #1) : cpu/real = 0:00:02.2/0:00:02.2 (1.0), totSession cpu/real = 0:02:07.5/0:02:11.8 (1.0), mem = 1959.0M
End: Area Reclaim Optimization (cpu=0:00:02, real=0:00:02, mem=1939.98M, totSessionCpu=0:02:08).
*** Starting refinePlace (0:02:08 mem=1940.0M) ***
Total net bbox length = 1.898e+05 (8.520e+04 1.046e+05) (ext = 6.047e+02)
**WARN: (IMPSP-5140):	Global net connect rules have not been created. Added  insts would have no supply connectivity, and would fail DRC.
Type 'man IMPSP-5140' for more detail.
**WARN: (IMPSP-315):	Found 7021 instances insts with no PG Term connections.
Type 'man IMPSP-315' for more detail.

Starting Small incrNP...
Density distribution unevenness ratio = 25.439%
Skipped incrNP (cpu=0:00:00.0, real=0:00:00.0, mem=1940.0M)
End of Small incrNP (cpu=0:00:00.0, real=0:00:00.0)
Move report: Detail placement moves 744 insts, mean move: 0.88 um, max move: 5.94 um 
	Max move on inst (g123608): (181.70, 88.74) --> (184.92, 91.46)
	Runtime: CPU: 0:00:00.1 REAL: 0:00:00.0 MEM: 1940.0MB
Summary Report:
Instances move: 744 (out of 7018 movable)
Instances flipped: 0
Mean displacement: 0.88 um
Max displacement: 5.94 um (Instance: g123608) (181.7, 88.74) -> (184.92, 91.46)
	Length: 9 sites, height: 1 rows, site name: unithd, cell type: sky130_fd_sc_hd__nand2_4
Total net bbox length = 1.902e+05 (8.553e+04 1.047e+05) (ext = 6.047e+02)
Runtime: CPU: 0:00:00.1 REAL: 0:00:00.0 MEM: 1940.0MB
*** Finished refinePlace (0:02:08 mem=1940.0M) ***
*** maximum move = 5.94 um ***
*** Finished re-routing un-routed nets (1940.0M) ***

*** Finish Physical Update (cpu=0:00:00.2 real=0:00:00.0 mem=1940.0M) ***
** GigaOpt Optimizer WNS Slack 0.052 TNS Slack 0.000 Density 43.95
OptDebug: End of Setup Fixing:
+----------+-----+-----+
|Path Group|  WNS|  TNS|
+----------+-----+-----+
|default   |6.329|0.000|
|reg2reg   |0.052|0.000|
|HEPG      |0.052|0.000|
|All Paths |0.052|0.000|
+----------+-----+-----+

Bottom Preferred Layer:
+-------------+------------+----------+
|    Layer    |    CLK     |   Rule   |
+-------------+------------+----------+
| met2 (z=3)  |          4 | default  |
+-------------+------------+----------+
Via Pillar Rule:
    None

*** Finish post-CTS Setup Fixing (cpu=0:00:06.8 real=0:00:07.0 mem=1940.0M) ***

*** WnsOpt #1 [finish] (ccopt_design #1) : cpu/real = 0:00:07.9/0:00:07.9 (1.0), totSession cpu/real = 0:02:07.7/0:02:12.0 (1.0), mem = 1857.9M
End: GigaOpt Optimization in WNS mode
Info: 3 nets with fixed/cover wires excluded.
Info: 4 clock nets excluded from IPO operation.
Begin: Area Reclaim Optimization
*** AreaOpt #2 [begin] (ccopt_design #1) : totSession cpu/real = 0:02:07.8/0:02:12.1 (1.0), mem = 1911.1M
Usable buffer cells for single buffer setup transform:
sky130_fd_sc_hd__clkbuf_1 sky130_fd_sc_hd__buf_1 sky130_fd_sc_hd__clkbuf_2 sky130_fd_sc_hd__buf_2 sky130_fd_sc_hd__clkbuf_4 sky130_fd_sc_hd__buf_4 sky130_fd_sc_hd__buf_6 sky130_fd_sc_hd__clkbuf_8 sky130_fd_sc_hd__probe_p_8 sky130_fd_sc_hd__buf_8 sky130_fd_sc_hd__buf_12 sky130_fd_sc_hd__clkbuf_16 sky130_fd_sc_hd__buf_16 
Number of usable buffer cells above: 13
Reclaim Optimization WNS Slack 0.000  TNS Slack 0.000 Density 43.95
+---------+---------+--------+--------+------------+--------+
| Density | Commits |  WNS   |  TNS   |    Real    |  Mem   |
+---------+---------+--------+--------+------------+--------+
|   43.95%|        -|   0.000|   0.000|   0:00:00.0| 1917.2M|
|   43.56%|      101|  -0.001|  -0.001|   0:00:07.0| 1982.4M|
+---------+---------+--------+--------+------------+--------+
Reclaim Optimization End WNS Slack -0.001  TNS Slack -0.001 Density 43.56
Bottom Preferred Layer:
+-------------+------------+----------+
|    Layer    |    CLK     |   Rule   |
+-------------+------------+----------+
| met2 (z=3)  |          4 | default  |
+-------------+------------+----------+
Via Pillar Rule:
    None

Number of times islegalLocAvaiable called = 0 skipped = 0, called in commitmove = 0, skipped in commitmove = 0
End: Core Area Reclaim Optimization (cpu = 0:00:08.1) (real = 0:00:08.0) **
*** AreaOpt #2 [finish] (ccopt_design #1) : cpu/real = 0:00:08.1/0:00:08.1 (1.0), totSession cpu/real = 0:02:15.9/0:02:20.2 (1.0), mem = 1982.4M
End: Area Reclaim Optimization (cpu=0:00:08, real=0:00:08, mem=1866.34M, totSessionCpu=0:02:16).
Info: 3 nets with fixed/cover wires excluded.
Info: 4 clock nets excluded from IPO operation.
Begin: Area Reclaim Optimization
*** AreaOpt #3 [begin] (ccopt_design #1) : totSession cpu/real = 0:02:15.9/0:02:20.2 (1.0), mem = 1923.6M
Usable buffer cells for single buffer setup transform:
sky130_fd_sc_hd__clkbuf_1 sky130_fd_sc_hd__buf_1 sky130_fd_sc_hd__clkbuf_2 sky130_fd_sc_hd__buf_2 sky130_fd_sc_hd__clkbuf_4 sky130_fd_sc_hd__buf_4 sky130_fd_sc_hd__buf_6 sky130_fd_sc_hd__clkbuf_8 sky130_fd_sc_hd__probe_p_8 sky130_fd_sc_hd__buf_8 sky130_fd_sc_hd__buf_12 sky130_fd_sc_hd__clkbuf_16 sky130_fd_sc_hd__buf_16 
Number of usable buffer cells above: 13
Reclaim Optimization WNS Slack -0.001  TNS Slack -0.001 Density 43.56
+---------+---------+--------+--------+------------+--------+
| Density | Commits |  WNS   |  TNS   |    Real    |  Mem   |
+---------+---------+--------+--------+------------+--------+
|   43.56%|        -|  -0.001|  -0.001|   0:00:00.0| 1923.6M|
|   43.54%|        3|  -0.001|  -0.001|   0:00:01.0| 1942.7M|
|   43.54%|        0|  -0.001|  -0.001|   0:00:00.0| 1942.7M|
|   43.54%|        1|  -0.001|  -0.001|   0:00:00.0| 1947.2M|
|   43.47%|       23|  -0.001|  -0.001|   0:00:00.0| 1947.2M|
|   43.47%|        0|  -0.001|  -0.001|   0:00:00.0| 1947.2M|
|   43.47%|        0|  -0.001|  -0.001|   0:00:00.0| 1947.2M|
+---------+---------+--------+--------+------------+--------+
Reclaim Optimization End WNS Slack -0.001  TNS Slack -0.001 Density 43.47
Bottom Preferred Layer:
+-------------+------------+----------+
|    Layer    |    CLK     |   Rule   |
+-------------+------------+----------+
| met2 (z=3)  |          4 | default  |
+-------------+------------+----------+
Via Pillar Rule:
    None

Number of times islegalLocAvaiable called = 76 skipped = 0, called in commitmove = 23, skipped in commitmove = 0
End: Core Area Reclaim Optimization (cpu = 0:00:01.2) (real = 0:00:01.0) **
*** Starting refinePlace (0:02:17 mem=1947.2M) ***
Total net bbox length = 1.895e+05 (8.502e+04 1.045e+05) (ext = 6.052e+02)
**WARN: (IMPSP-5140):	Global net connect rules have not been created. Added  insts would have no supply connectivity, and would fail DRC.
Type 'man IMPSP-5140' for more detail.
**WARN: (IMPSP-315):	Found 6987 instances insts with no PG Term connections.
Type 'man IMPSP-315' for more detail.
Move report: Detail placement moves 143 insts, mean move: 1.58 um, max move: 6.36 um 
	Max move on inst (alu_inst_muldiv_inst_mul_349_24_g9278): (53.82, 230.18) --> (54.74, 235.62)
	Runtime: CPU: 0:00:00.1 REAL: 0:00:00.0 MEM: 1950.2MB
Summary Report:
Instances move: 143 (out of 6984 movable)
Instances flipped: 0
Mean displacement: 1.58 um
Max displacement: 6.36 um (Instance: alu_inst_muldiv_inst_mul_349_24_g9278) (53.82, 230.18) -> (54.74, 235.62)
	Length: 3 sites, height: 1 rows, site name: unithd, cell type: sky130_fd_sc_hd__nand2_1
Total net bbox length = 1.896e+05 (8.511e+04 1.045e+05) (ext = 6.052e+02)
Runtime: CPU: 0:00:00.1 REAL: 0:00:00.0 MEM: 1950.2MB
*** Finished refinePlace (0:02:17 mem=1950.2M) ***
*** maximum move = 6.36 um ***
*** Finished re-routing un-routed nets (1947.2M) ***

*** Finish Physical Update (cpu=0:00:00.1 real=0:00:01.0 mem=1947.2M) ***
*** AreaOpt #3 [finish] (ccopt_design #1) : cpu/real = 0:00:01.3/0:00:01.3 (1.0), totSession cpu/real = 0:02:17.2/0:02:21.6 (1.0), mem = 1947.2M
End: Area Reclaim Optimization (cpu=0:00:01, real=0:00:02, mem=1866.16M, totSessionCpu=0:02:17).
postCtsLateCongRepair #1 0
postCtsLateCongRepair #1 0
postCtsLateCongRepair #1 0
postCtsLateCongRepair #1 0
Starting local wire reclaim
*** Starting refinePlace (0:02:17 mem=1866.2M) ***
**WARN: (IMPSP-5140):	Global net connect rules have not been created. Added  insts would have no supply connectivity, and would fail DRC.
Type 'man IMPSP-5140' for more detail.
**WARN: (IMPSP-315):	Found 6987 instances insts with no PG Term connections.
Type 'man IMPSP-315' for more detail.
**WARN: [IO pin not placed] clk
**WARN: [IO pin not placed] rst
**WARN: [IO pin not placed] rx
**WARN: [IO pin not placed] tx
**WARN: [IO pin not placed] The ratio of IO pins are not placed: 4 / 4 = 100.00%
*** Finished SKP initialization (cpu=0:00:00.1, real=0:00:00.0)***
Timing cost in AAE based: 114539.7249255666101817
Move report: Detail placement moves 2869 insts, mean move: 7.48 um, max move: 54.60 um 
	Max move on inst (g112677): (130.64, 235.62) --> (144.44, 194.82)
	Runtime: CPU: 0:00:04.2 REAL: 0:00:04.0 MEM: 1875.7MB
Summary Report:
Instances move: 2869 (out of 6984 movable)
Instances flipped: 0
Mean displacement: 7.48 um
Max displacement: 54.60 um (Instance: g112677) (130.64, 235.62) -> (144.44, 194.82)
	Length: 5 sites, height: 1 rows, site name: unithd, cell type: sky130_fd_sc_hd__nand2_2
Runtime: CPU: 0:00:04.2 REAL: 0:00:04.0 MEM: 1875.7MB
*** Finished refinePlace (0:02:22 mem=1875.7M) ***
AAE_INFO: opIsDesignInPostRouteState() is 0
#################################################################################
# Design Stage: PreRoute
# Design Name: coprocessor
# Design Mode: 90nm
# Analysis Mode: MMMC Non-OCV 
# Parasitics Mode: No SPEF/RCDB 
# Signoff Settings: SI Off 
#################################################################################
Calculate delays in Single mode...
Start delay calculation (fullDC) (1 T). (MEM=1859.14)
Total number of fetched objects 7021
End delay calculation. (MEM=1887.09 CPU=0:00:00.5 REAL=0:00:01.0)
End delay calculation (fullDC). (MEM=1887.09 CPU=0:00:00.6 REAL=0:00:01.0)
eGR doReRoute: optGuide
[NR-eGR] Track table information for default rule: 
[NR-eGR] li1 has single uniform track structure
[NR-eGR] met1 has single uniform track structure
[NR-eGR] met2 has single uniform track structure
[NR-eGR] met3 has single uniform track structure
[NR-eGR] met4 has single uniform track structure
[NR-eGR] met5 has single uniform track structure
[NR-eGR] Read 0 PG shapes
[NR-eGR] Read 0 clock shapes
[NR-eGR] Read 0 other shapes
[NR-eGR] #Routing Blockages  : 0
[NR-eGR] #Instance Blockages : 16558
[NR-eGR] #PG Blockages       : 0
[NR-eGR] #Halo Blockages     : 0
[NR-eGR] #Boundary Blockages : 0
[NR-eGR] #Clock Blockages    : 0
[NR-eGR] #Other Blockages    : 0
[NR-eGR] Num Prerouted Nets = 3  Num Prerouted Wires = 277
[NR-eGR] Read 7015 nets ( ignored 3 )
[NR-eGR] ============ Routing rule table ============
[NR-eGR] Rule id: 0  Nets: 7012
[NR-eGR] ========================================
[NR-eGR] 
[NR-eGR] Layer group 1: route 7012 net(s) in layer range [2, 6]
[NR-eGR] Early Global Route overflow of layer group 1: 4.63% H + 2.86% V. EstWL: 2.133758e+05um
[NR-eGR] Congestion Analysis By layer: (blocked Gcells are excluded) 
[NR-eGR]                        OverCon           OverCon           OverCon            
[NR-eGR]                         #Gcell            #Gcell            #Gcell     %Gcell
[NR-eGR]        Layer             (1-2)             (3-4)               (5)    OverCon
[NR-eGR] --------------------------------------------------------------------------------
[NR-eGR]     li1 ( 1)         0( 0.00%)         0( 0.00%)         0( 0.00%)   ( 0.00%) 
[NR-eGR]    met1 ( 2)       482( 3.38%)        25( 0.18%)         0( 0.00%)   ( 3.55%) 
[NR-eGR]    met2 ( 3)       415( 2.91%)        33( 0.23%)         0( 0.00%)   ( 3.14%) 
[NR-eGR]    met3 ( 4)       471( 3.30%)        22( 0.15%)         2( 0.01%)   ( 3.47%) 
[NR-eGR]    met4 ( 5)        18( 0.13%)         3( 0.02%)         0( 0.00%)   ( 0.15%) 
[NR-eGR]    met5 ( 6)         0( 0.00%)         0( 0.00%)         0( 0.00%)   ( 0.00%) 
[NR-eGR] --------------------------------------------------------------------------------
[NR-eGR]        Total      1386( 2.05%)        83( 0.12%)         2( 0.00%)   ( 2.17%) 
[NR-eGR] 
[NR-eGR] Overflow after Early Global Route 1.31% H + 0.91% V
[NR-eGR]               Length (um)   Vias 
[NR-eGR] ---------------------------------
[NR-eGR]  li1   (1V)             0  22877 
[NR-eGR]  met1  (2H)         70685  33201 
[NR-eGR]  met2  (3V)         88835   3210 
[NR-eGR]  met3  (4H)         31753   1785 
[NR-eGR]  met4  (5V)         31349     33 
[NR-eGR]  met5  (6H)            77      0 
[NR-eGR] ---------------------------------
[NR-eGR]        Total       222700  61106 
[NR-eGR] --------------------------------------------------------------------------
[NR-eGR] Total half perimeter of net bounding box: 185779um
[NR-eGR] Total length: 222700um, number of vias: 61106
[NR-eGR] --------------------------------------------------------------------------
[NR-eGR] Total eGR-routed clock nets wire length: 0um, number of vias: 0
[NR-eGR] --------------------------------------------------------------------------
[NR-eGR] Finished Early Global Route kernel ( CPU: 0.21 sec, Real: 0.21 sec, Curr Mem: 1839.79 MB )
Extraction called for design 'coprocessor' of instances=6987 and nets=7028 using extraction engine 'preRoute' .
**WARN: (IMPEXT-3530):	The process node is not set. Use the command setDesignMode -process <process node> prior to extraction for maximum accuracy and optimal automatic threshold setting.
Type 'man IMPEXT-3530' for more detail.
PreRoute RC Extraction called for design coprocessor.
RC Extraction called in multi-corner(1) mode.
**WARN: (IMPEXT-6197):	The Cap table file is not specified. This will result in lower parasitic accuracy when using preRoute extraction or postRoute extraction with effort level 'low'. It is recommended to generate the Cap table file using the 'generateCapTbl' command and specify it before extraction using 'create_rc_corner/update_rc_corner -cap_table'.
Type 'man IMPEXT-6197' for more detail.
RCMode: PreRoute
      RC Corner Indexes            0   
Capacitance Scaling Factor   : 1.00000 
Resistance Scaling Factor    : 1.00000 
Clock Cap. Scaling Factor    : 1.00000 
Clock Res. Scaling Factor    : 1.00000 
Shrink Factor                : 1.00000
PreRoute extraction is honoring NDR/Shielding/ExtraSpace for clock nets.
Updating RC grid for preRoute extraction ...
Initializing multi-corner resistance tables ...
PreRoute RC Extraction DONE (CPU Time: 0:00:00.0  Real Time: 0:00:00.0  MEM: 1839.793M)
Compute RC Scale Done ...
[hotspot] +------------+---------------+---------------+
[hotspot] |            |   max hotspot | total hotspot |
[hotspot] +------------+---------------+---------------+
[hotspot] | normalized |          1.00 |          6.00 |
[hotspot] +------------+---------------+---------------+
Local HotSpot Analysis: normalized max congestion hotspot area = 1.00, normalized total congestion hotspot area = 6.00 (area is in unit of 4 std-cell row bins)
[hotspot] top 5 congestion hotspot bounding boxes and scores of normalized hotspot
[hotspot] +-----+-------------------------------------+---------------+
[hotspot] | top |            hotspot bbox             | hotspot score |
[hotspot] +-----+-------------------------------------+---------------+
[hotspot] |  1  |   241.32   197.54   252.20   208.42 |        1.00   |
[hotspot] +-----+-------------------------------------+---------------+
[hotspot] |  2  |   263.08   197.54   273.96   208.42 |        1.00   |
[hotspot] +-----+-------------------------------------+---------------+
[hotspot] |  3  |   143.40   219.30   154.28   230.18 |        1.00   |
[hotspot] +-----+-------------------------------------+---------------+
[hotspot] |  4  |   165.16   241.06   176.04   251.94 |        1.00   |
[hotspot] +-----+-------------------------------------+---------------+
[hotspot] |  5  |   252.20   251.94   263.08   262.82 |        1.00   |
[hotspot] +-----+-------------------------------------+---------------+
Begin: GigaOpt Route Type Constraints Refinement
*** CongRefineRouteType #2 [begin] (ccopt_design #1) : totSession cpu/real = 0:02:22.8/0:02:27.2 (1.0), mem = 1858.9M
Updated routing constraints on 0 nets.
Bottom Preferred Layer:
+-------------+------------+----------+
|    Layer    |    CLK     |   Rule   |
+-------------+------------+----------+
| met2 (z=3)  |          4 | default  |
+-------------+------------+----------+
Via Pillar Rule:
    None
*** CongRefineRouteType #2 [finish] (ccopt_design #1) : cpu/real = 0:00:00.0/0:00:00.0 (0.7), totSession cpu/real = 0:02:22.8/0:02:27.2 (1.0), mem = 1858.9M
End: GigaOpt Route Type Constraints Refinement
skip EGR on cluster skew clock nets.
AAE_INFO: opIsDesignInPostRouteState() is 0
#################################################################################
# Design Stage: PreRoute
# Design Name: coprocessor
# Design Mode: 90nm
# Analysis Mode: MMMC Non-OCV 
# Parasitics Mode: No SPEF/RCDB 
# Signoff Settings: SI Off 
#################################################################################
Calculate delays in Single mode...
Start delay calculation (fullDC) (1 T). (MEM=1856.87)
Total number of fetched objects 7021
End delay calculation. (MEM=1883.99 CPU=0:00:00.5 REAL=0:00:00.0)
End delay calculation (fullDC). (MEM=1883.99 CPU=0:00:00.7 REAL=0:00:01.0)
Begin: GigaOpt postEco DRV Optimization
*** DrvOpt #2 [begin] (ccopt_design #1) : totSession cpu/real = 0:02:23.7/0:02:28.1 (1.0), mem = 1884.0M
Info: 3 nets with fixed/cover wires excluded.
Info: 4 clock nets excluded from IPO operation.
+-------------------------------------------------------------------------------------------------------------------------------------------------------+
|        max-tran       |        max-cap        |  max-fanout |  max-length |       setup       |        |        |        |       |          |         |
+-------------------------------------------------------------------------------------------------------------------------------------------------------+
| nets | terms|  wViol  | nets | terms|  wViol  | nets | terms| nets | terms|   WNS   |   TNS   |  #Buf  |  #Inv  | #Resize|Density|   Real   |   Mem   |
+-------------------------------------------------------------------------------------------------------------------------------------------------------+
|     0|     0|     0.00|     0|     0|     0.00|     0|     0|     0|     0|    -0.23|    -2.65|       0|       0|       0| 43.47%|          |         |
|     0|     0|     0.00|     0|     0|     0.00|     0|     0|     0|     0|    -0.23|    -2.65|       2|       0|       1| 43.48%| 0:00:00.0|  1957.9M|
|     0|     0|     0.00|     0|     0|     0.00|     0|     0|     0|     0|    -0.23|    -2.65|       0|       0|       0| 43.48%| 0:00:00.0|  1957.9M|
+-------------------------------------------------------------------------------------------------------------------------------------------------------+
Bottom Preferred Layer:
+-------------+------------+----------+
|    Layer    |    CLK     |   Rule   |
+-------------+------------+----------+
| met2 (z=3)  |          4 | default  |
+-------------+------------+----------+
Via Pillar Rule:
    None

*** Finish DRV Fixing (cpu=0:00:00.1 real=0:00:00.0 mem=1957.9M) ***

*** DrvOpt #2 [finish] (ccopt_design #1) : cpu/real = 0:00:00.3/0:00:00.4 (1.0), totSession cpu/real = 0:02:24.1/0:02:28.4 (1.0), mem = 1874.9M
End: GigaOpt postEco DRV Optimization
GigaOpt: WNS changes after postEco optimization: -0.001 -> -0.227 (bump = 0.226)
Begin: GigaOpt nonLegal postEco optimization
Info: 3 nets with fixed/cover wires excluded.
Info: 4 clock nets excluded from IPO operation.
*** WnsOpt #2 [begin] (ccopt_design #1) : totSession cpu/real = 0:02:24.1/0:02:28.5 (1.0), mem = 1874.9M
*info: 4 clock nets excluded
*info: 7 no-driver nets excluded.
*info: 3 nets with fixed/cover wires excluded.
** GigaOpt Optimizer WNS Slack -0.227 TNS Slack -2.648 Density 43.48
OptDebug: Start of Optimizer WNS Pass 0:
+----------+------+------+
|Path Group|   WNS|   TNS|
+----------+------+------+
|default   | 6.316| 0.000|
|reg2reg   |-0.227|-2.648|
|HEPG      |-0.227|-2.648|
|All Paths |-0.227|-2.648|
+----------+------+------+

CCOptDebug: Start of Optimizer WNS Pass 0: reg2reg* WNS -0.227ns TNS -2.648ns; HEPG WNS -0.227ns TNS -2.648ns; all paths WNS -0.227ns TNS -2.648ns; Real time 0:00:43.0
Active Path Group: reg2reg  
+--------+---------+--------+---------+---------+------------+--------+----------+---------+--------------------------------------------------+
|  WNS   | All WNS |  TNS   | All TNS | Density |    Real    |  Mem   |Worst View|Pathgroup|                    End Point                     |
+--------+---------+--------+---------+---------+------------+--------+----------+---------+--------------------------------------------------+
|  -0.227|   -0.227|  -2.648|   -2.648|   43.48%|   0:00:00.0| 1932.1M|  VIEW_TYP|  reg2reg| result_r_reg[12]/D                               |
|  -0.165|   -0.165|  -1.776|   -1.776|   43.49%|   0:00:00.0| 1956.7M|  VIEW_TYP|  reg2reg| result_r_reg[12]/D                               |
|  -0.129|   -0.129|  -1.161|   -1.161|   43.50%|   0:00:00.0| 1956.7M|  VIEW_TYP|  reg2reg| result_r_reg[12]/D                               |
|  -0.111|   -0.111|  -1.048|   -1.048|   43.56%|   0:00:00.0| 1956.7M|  VIEW_TYP|  reg2reg| result_r_reg[12]/D                               |
|  -0.079|   -0.079|  -0.647|   -0.647|   43.59%|   0:00:01.0| 1975.8M|  VIEW_TYP|  reg2reg| result_r_reg[12]/D                               |
|  -0.058|   -0.058|  -0.407|   -0.407|   43.67%|   0:00:00.0| 1977.3M|  VIEW_TYP|  reg2reg| result_r_reg[10]/D                               |
|  -0.039|   -0.039|  -0.211|   -0.211|   43.72%|   0:00:00.0| 1996.3M|  VIEW_TYP|  reg2reg| result_r_reg[13]/D                               |
|  -0.022|   -0.022|  -0.086|   -0.086|   43.79%|   0:00:01.0| 1996.3M|  VIEW_TYP|  reg2reg| status_r_reg[1]/D                                |
|  -0.008|   -0.008|  -0.012|   -0.012|   43.86%|   0:00:00.0| 1996.3M|  VIEW_TYP|  reg2reg| result_r_reg[11]/D                               |
|   0.000|    0.001|   0.000|    0.000|   43.90%|   0:00:00.0| 1996.3M|        NA|       NA| NA                                               |
|   0.000|    0.001|   0.000|    0.000|   43.90%|   0:00:00.0| 1996.3M|  VIEW_TYP|       NA| NA                                               |
+--------+---------+--------+---------+---------+------------+--------+----------+---------+--------------------------------------------------+

*** Finish Core Optimize Step (cpu=0:00:02.3 real=0:00:02.0 mem=1996.3M) ***

*** Finished Optimize Step Cumulative (cpu=0:00:02.3 real=0:00:02.0 mem=1996.3M) ***
OptDebug: End of Optimizer WNS Pass 0:
+----------+-----+-----+
|Path Group|  WNS|  TNS|
+----------+-----+-----+
|default   |6.316|0.000|
|reg2reg   |0.001|0.000|
|HEPG      |0.001|0.000|
|All Paths |0.001|0.000|
+----------+-----+-----+

CCOptDebug: End of Optimizer WNS Pass 0: reg2reg* WNS 0.001ns TNS 0.000ns; HEPG WNS 0.001ns TNS 0.000ns; all paths WNS 0.001ns TNS 0.000ns; Real time 0:00:45.0
** GigaOpt Optimizer WNS Slack 0.000 TNS Slack 0.000 Density 43.90
*** Starting refinePlace (0:02:27 mem=1977.3M) ***
Total net bbox length = 1.864e+05 (8.289e+04 1.035e+05) (ext = 6.080e+02)
**WARN: (IMPSP-5140):	Global net connect rules have not been created. Added  insts would have no supply connectivity, and would fail DRC.
Type 'man IMPSP-5140' for more detail.
**WARN: (IMPSP-315):	Found 7012 instances insts with no PG Term connections.
Type 'man IMPSP-315' for more detail.
Move report: Detail placement moves 268 insts, mean move: 0.80 um, max move: 5.44 um 
	Max move on inst (FE_OFC1808_n_399): (140.30, 23.46) --> (140.30, 28.90)
	Runtime: CPU: 0:00:00.1 REAL: 0:00:00.0 MEM: 1977.3MB
Summary Report:
Instances move: 268 (out of 7009 movable)
Instances flipped: 0
Mean displacement: 0.80 um
Max displacement: 5.44 um (Instance: FE_OFC1808_n_399) (140.3, 23.46) -> (140.3, 28.9)
	Length: 4 sites, height: 1 rows, site name: unithd, cell type: sky130_fd_sc_hd__clkbuf_2
Total net bbox length = 1.865e+05 (8.298e+04 1.035e+05) (ext = 6.080e+02)
Runtime: CPU: 0:00:00.1 REAL: 0:00:00.0 MEM: 1977.3MB
*** Finished refinePlace (0:02:27 mem=1977.3M) ***
*** maximum move = 5.44 um ***
*** Finished re-routing un-routed nets (1977.3M) ***

*** Finish Physical Update (cpu=0:00:00.2 real=0:00:00.0 mem=1977.3M) ***
** GigaOpt Optimizer WNS Slack 0.000 TNS Slack 0.000 Density 43.90
OptDebug: End of Setup Fixing:
+----------+-----+-----+
|Path Group|  WNS|  TNS|
+----------+-----+-----+
|default   |6.316|0.000|
|reg2reg   |0.001|0.000|
|HEPG      |0.001|0.000|
|All Paths |0.001|0.000|
+----------+-----+-----+

Bottom Preferred Layer:
+-------------+------------+----------+
|    Layer    |    CLK     |   Rule   |
+-------------+------------+----------+
| met2 (z=3)  |          4 | default  |
+-------------+------------+----------+
Via Pillar Rule:
    None

*** Finish post-CTS Setup Fixing (cpu=0:00:02.6 real=0:00:02.0 mem=1977.3M) ***

*** WnsOpt #2 [finish] (ccopt_design #1) : cpu/real = 0:00:02.8/0:00:02.8 (1.0), totSession cpu/real = 0:02:26.9/0:02:31.3 (1.0), mem = 1876.3M
End: GigaOpt nonLegal postEco optimization
Register exp ratio and priority group on 0 nets on 7046 nets : 

Active setup views:
 VIEW_TYP
  Dominating endpoints: 0
  Dominating TNS: -0.000

Extraction called for design 'coprocessor' of instances=7012 and nets=7053 using extraction engine 'preRoute' .
**WARN: (IMPEXT-3530):	The process node is not set. Use the command setDesignMode -process <process node> prior to extraction for maximum accuracy and optimal automatic threshold setting.
Type 'man IMPEXT-3530' for more detail.
PreRoute RC Extraction called for design coprocessor.
RC Extraction called in multi-corner(1) mode.
**WARN: (IMPEXT-6197):	The Cap table file is not specified. This will result in lower parasitic accuracy when using preRoute extraction or postRoute extraction with effort level 'low'. It is recommended to generate the Cap table file using the 'generateCapTbl' command and specify it before extraction using 'create_rc_corner/update_rc_corner -cap_table'.
Type 'man IMPEXT-6197' for more detail.
RCMode: PreRoute
      RC Corner Indexes            0   
Capacitance Scaling Factor   : 1.00000 
Resistance Scaling Factor    : 1.00000 
Clock Cap. Scaling Factor    : 1.00000 
Clock Res. Scaling Factor    : 1.00000 
Shrink Factor                : 1.00000
PreRoute extraction is honoring NDR/Shielding/ExtraSpace for clock nets.
Skipped RC grid update for preRoute extraction.
Initializing multi-corner resistance tables ...
PreRoute RC Extraction DONE (CPU Time: 0:00:00.0  Real Time: 0:00:00.0  MEM: 1904.906M)
Starting delay calculation for Setup views
AAE_INFO: opIsDesignInPostRouteState() is 0
#################################################################################
# Design Stage: PreRoute
# Design Name: coprocessor
# Design Mode: 90nm
# Analysis Mode: MMMC Non-OCV 
# Parasitics Mode: No SPEF/RCDB 
# Signoff Settings: SI Off 
#################################################################################
Calculate delays in Single mode...
Start delay calculation (fullDC) (1 T). (MEM=1902.91)
Total number of fetched objects 7046
End delay calculation. (MEM=1887.68 CPU=0:00:00.5 REAL=0:00:00.0)
End delay calculation (fullDC). (MEM=1887.68 CPU=0:00:00.6 REAL=0:00:00.0)
*** Done Building Timing Graph (cpu=0:00:00.9 real=0:00:01.0 totSessionCpu=0:02:28 mem=1887.7M)
[NR-eGR] Track table information for default rule: 
[NR-eGR] li1 has single uniform track structure
[NR-eGR] met1 has single uniform track structure
[NR-eGR] met2 has single uniform track structure
[NR-eGR] met3 has single uniform track structure
[NR-eGR] met4 has single uniform track structure
[NR-eGR] met5 has single uniform track structure
[NR-eGR] Read 0 PG shapes
[NR-eGR] Read 0 clock shapes
[NR-eGR] Read 0 other shapes
[NR-eGR] #Routing Blockages  : 0
[NR-eGR] #Instance Blockages : 16613
[NR-eGR] #PG Blockages       : 0
[NR-eGR] #Halo Blockages     : 0
[NR-eGR] #Boundary Blockages : 0
[NR-eGR] #Clock Blockages    : 0
[NR-eGR] #Other Blockages    : 0
[NR-eGR] Num Prerouted Nets = 3  Num Prerouted Wires = 277
[NR-eGR] Read 7040 nets ( ignored 3 )
[NR-eGR] ============ Routing rule table ============
[NR-eGR] Rule id: 0  Nets: 7037
[NR-eGR] ========================================
[NR-eGR] 
[NR-eGR] Layer group 1: route 7037 net(s) in layer range [2, 6]
[NR-eGR] Early Global Route overflow of layer group 1: 4.68% H + 3.02% V. EstWL: 2.137675e+05um
[NR-eGR] Congestion Analysis By layer: (blocked Gcells are excluded) 
[NR-eGR]                        OverCon           OverCon           OverCon            
[NR-eGR]                         #Gcell            #Gcell            #Gcell     %Gcell
[NR-eGR]        Layer             (1-2)             (3-4)             (5-6)    OverCon
[NR-eGR] --------------------------------------------------------------------------------
[NR-eGR]     li1 ( 1)         0( 0.00%)         0( 0.00%)         0( 0.00%)   ( 0.00%) 
[NR-eGR]    met1 ( 2)       470( 3.29%)        34( 0.24%)         0( 0.00%)   ( 3.53%) 
[NR-eGR]    met2 ( 3)       455( 3.19%)        33( 0.23%)         1( 0.01%)   ( 3.42%) 
[NR-eGR]    met3 ( 4)       465( 3.26%)        37( 0.26%)         2( 0.01%)   ( 3.53%) 
[NR-eGR]    met4 ( 5)        54( 0.38%)         2( 0.01%)         0( 0.00%)   ( 0.39%) 
[NR-eGR]    met5 ( 6)         0( 0.00%)         0( 0.00%)         0( 0.00%)   ( 0.00%) 
[NR-eGR] --------------------------------------------------------------------------------
[NR-eGR]        Total      1444( 2.13%)       106( 0.16%)         3( 0.00%)   ( 2.29%) 
[NR-eGR] 
[NR-eGR] Overflow after Early Global Route 1.38% H + 0.98% V
[NR-eGR] Finished Early Global Route kernel ( CPU: 0.11 sec, Real: 0.11 sec, Curr Mem: 1895.68 MB )
[hotspot] +------------+---------------+---------------+
[hotspot] |            |   max hotspot | total hotspot |
[hotspot] +------------+---------------+---------------+
[hotspot] | normalized |          5.00 |         11.00 |
[hotspot] +------------+---------------+---------------+
Local HotSpot Analysis: normalized max congestion hotspot area = 5.00, normalized total congestion hotspot area = 11.00 (area is in unit of 4 std-cell row bins)
[hotspot] top 5 congestion hotspot bounding boxes and scores of normalized hotspot
[hotspot] +-----+-------------------------------------+---------------+
[hotspot] | top |            hotspot bbox             | hotspot score |
[hotspot] +-----+-------------------------------------+---------------+
[hotspot] |  1  |   230.44   197.54   263.08   230.18 |        5.00   |
[hotspot] +-----+-------------------------------------+---------------+
[hotspot] |  2  |   219.56    99.62   230.44   110.50 |        1.00   |
[hotspot] +-----+-------------------------------------+---------------+
[hotspot] |  3  |   263.08   197.54   273.96   208.42 |        1.00   |
[hotspot] +-----+-------------------------------------+---------------+
[hotspot] |  4  |   154.28   208.42   165.16   219.30 |        1.00   |
[hotspot] +-----+-------------------------------------+---------------+
[hotspot] |  5  |   143.40   230.18   154.28   241.06 |        1.00   |
[hotspot] +-----+-------------------------------------+---------------+
[hotspot] Hotspot report including placement blocked areas
[hotspot] +------------+---------------+---------------+
[hotspot] |            |   max hotspot | total hotspot |
[hotspot] +------------+---------------+---------------+
[hotspot] | normalized |          5.00 |         11.00 |
[hotspot] +------------+---------------+---------------+
Local HotSpot Analysis (blockage included): normalized max congestion hotspot area = 5.00, normalized total congestion hotspot area = 11.00 (area is in unit of 4 std-cell row bins)
[hotspot] top 5 congestion hotspot bounding boxes and scores of normalized hotspot
[hotspot] +-----+-------------------------------------+---------------+
[hotspot] | top |            hotspot bbox             | hotspot score |
[hotspot] +-----+-------------------------------------+---------------+
[hotspot] |  1  |   230.44   197.54   263.08   230.18 |        5.00   |
[hotspot] +-----+-------------------------------------+---------------+
[hotspot] |  2  |   219.56    99.62   230.44   110.50 |        1.00   |
[hotspot] +-----+-------------------------------------+---------------+
[hotspot] |  3  |   263.08   197.54   273.96   208.42 |        1.00   |
[hotspot] +-----+-------------------------------------+---------------+
[hotspot] |  4  |   154.28   208.42   165.16   219.30 |        1.00   |
[hotspot] +-----+-------------------------------------+---------------+
[hotspot] |  5  |   143.40   230.18   154.28   241.06 |        1.00   |
[hotspot] +-----+-------------------------------------+---------------+
Reported timing to dir ./timingReports
**optDesign ... cpu = 0:00:41, real = 0:00:41, mem = 1688.7M, totSessionCpu=0:02:28 **

------------------------------------------------------------------
     optDesign Final Summary
------------------------------------------------------------------

Setup views included:
 VIEW_TYP 

+--------------------+---------+---------+---------+
|     Setup mode     |   all   | reg2reg | default |
+--------------------+---------+---------+---------+
|           WNS (ns):|  0.002  |  0.002  |  6.316  |
|           TNS (ns):|  0.000  |  0.000  |  0.000  |
|    Violating Paths:|    0    |    0    |    0    |
|          All Paths:|   345   |   224   |   121   |
+--------------------+---------+---------+---------+

+----------------+-------------------------------+------------------+
|                |              Real             |       Total      |
|    DRVs        +------------------+------------+------------------|
|                |  Nr nets(terms)  | Worst Vio  |  Nr nets(terms)  |
+----------------+------------------+------------+------------------+
|   max_cap      |      0 (0)       |   0.000    |      0 (0)       |
|   max_tran     |      0 (0)       |   0.000    |      0 (0)       |
|   max_fanout   |      0 (0)       |     0      |      0 (0)       |
|   max_length   |      0 (0)       |     0      |      0 (0)       |
+----------------+------------------+------------+------------------+

Density: 43.904%
Routing Overflow: 1.38% H and 0.98% V
------------------------------------------------------------------
**optDesign ... cpu = 0:00:42, real = 0:00:43, mem = 1689.9M, totSessionCpu=0:02:28 **
*** Finished optDesign ***
Info: Destroy the CCOpt slew target map.
Set place::cacheFPlanSiteMark to 0

*** Summary of all messages that are not suppressed in this session:
Severity  ID               Count  Summary                                  
WARNING   IMPEXT-6197          5  The Cap table file is not specified. Thi...
WARNING   IMPEXT-3530          5  The process node is not set. Use the com...
WARNING   IMPSP-5140           4  Global net connect rules have not been c...
WARNING   IMPSP-315            4  Found %d instances insts with no PG Term...
WARNING   IMPSP-9025           1  No scan chain specified/traced.          
WARNING   IMPOPT-576           1  %d nets have unplaced terms.             
WARNING   IMPOPT-665           4  %s : Net has unplaced terms or is connec...
WARNING   IMPCCOPT-1304        2  Net %s unexpectedly has no routing prese...
WARNING   IMPCCOPT-1183        1  The library has no usable balanced %ss f...
ERROR     IMPCCOPT-1209        1  Non-leaf transition time target of %s%s ...
WARNING   IMPCCOPT-2276        1  CCOpt/PRO found clock net '%s' is not ro...
WARNING   IMPTCM-77            2  Option "%s" for command %s is obsolete a...
*** Message Summary: 30 warning(s), 1 error(s)

*** ccopt_design #1 [finish] : cpu/real = 0:00:46.4/0:00:47.4 (1.0), totSession cpu/real = 0:02:28.4/0:02:33.5 (1.0), mem = 1867.1M
#% End ccopt_design (date=09/24 16:19:14, total cpu=0:00:46.4, real=0:00:48.0, peak res=1740.0M, current mem=1626.0M)
<CMD> saveDesign ./runB/cts.enc
#% Begin save design ... (date=09/24 16:19:14, mem=1626.0M)
% Begin Save ccopt configuration ... (date=09/24 16:19:14, mem=1626.0M)
% End Save ccopt configuration ... (date=09/24 16:19:14, total cpu=0:00:00.0, real=0:00:00.0, peak res=1626.4M, current mem=1626.4M)
% Begin Save netlist data ... (date=09/24 16:19:14, mem=1626.4M)
Writing Binary DB to ./runB/cts.enc.dat/coprocessor.v.bin in single-threaded mode...
% End Save netlist data ... (date=09/24 16:19:14, total cpu=0:00:00.0, real=0:00:00.0, peak res=1626.4M, current mem=1626.4M)
Saving symbol-table file ...
Saving congestion map file ./runB/cts.enc.dat/coprocessor.route.congmap.gz ...
% Begin Save AAE data ... (date=09/24 16:19:14, mem=1626.4M)
Saving AAE Data ...
% End Save AAE data ... (date=09/24 16:19:14, total cpu=0:00:00.0, real=0:00:00.0, peak res=1626.4M, current mem=1626.4M)
Saving preference file ./runB/cts.enc.dat/gui.pref.tcl ...
Saving mode setting ...
Saving global file ...
% Begin Save floorplan data ... (date=09/24 16:19:14, mem=1627.0M)
Saving floorplan file ...
% End Save floorplan data ... (date=09/24 16:19:14, total cpu=0:00:00.0, real=0:00:00.0, peak res=1627.0M, current mem=1627.0M)
Saving Drc markers ...
... No Drc file written since there is no markers found.
% Begin Save placement data ... (date=09/24 16:19:14, mem=1627.0M)
** Saving stdCellPlacement_binary (version# 2) ...
Save Adaptive View Pruning View Names to Binary file
% End Save placement data ... (date=09/24 16:19:14, total cpu=0:00:00.0, real=0:00:00.0, peak res=1627.0M, current mem=1627.0M)
% Begin Save routing data ... (date=09/24 16:19:14, mem=1627.0M)
Saving route file ...
*** Completed saveRoute (cpu=0:00:00.0 real=0:00:00.0 mem=1813.6M) ***
% End Save routing data ... (date=09/24 16:19:14, total cpu=0:00:00.0, real=0:00:00.0, peak res=1627.2M, current mem=1627.2M)
Saving property file ./runB/cts.enc.dat/coprocessor.prop
*** Completed saveProperty (cpu=0:00:00.0 real=0:00:00.0 mem=1816.6M) ***
#Saving pin access data to file ./runB/cts.enc.dat/coprocessor.apa ...
#
Saving rc congestion map ./runB/cts.enc.dat/coprocessor.congmap.gz ...
% Begin Save power constraints data ... (date=09/24 16:19:15, mem=1627.2M)
% End Save power constraints data ... (date=09/24 16:19:15, total cpu=0:00:00.0, real=0:00:00.0, peak res=1627.2M, current mem=1627.2M)
RC_TYP
Generated self-contained design cts.enc.dat
#% End save design ... (date=09/24 16:19:15, total cpu=0:00:00.4, real=0:00:01.0, peak res=1627.4M, current mem=1627.4M)
*** Message Summary: 0 warning(s), 0 error(s)

<CMD> routeDesign
#% Begin routeDesign (date=09/24 16:19:15, mem=1627.4M)
#routeDesign: cpu time = 00:00:00, elapsed time = 00:00:00, memory = 1627.35 (MB), peak = 1740.05 (MB)
AAE_INFO: Pre Route call back at the beginning of routeDesign
#**INFO: setDesignMode -flowEffort standard
#**INFO: setDesignMode -powerEffort none
**INFO: User settings:
setNanoRouteMode -extractThirdPartyCompatible  false
setNanoRouteMode -grouteExpTdStdDelay          42.5
setExtractRCMode -engine                       preRoute
setDelayCalMode -enable_high_fanout            true
setDelayCalMode -engine                        aae
setDelayCalMode -ignoreNetLoad                 false
setDelayCalMode -socv_accuracy_mode            low
setSIMode -separate_delta_delay_on_data        true

#RC_TYP has no qx tech file defined
#No active RC corner or QRC tech file is missing.
#**INFO: multi-cut via swapping will be performed after routing.
#**INFO: All auto set options tuned by routeDesign will be restored to their original settings on command completion.
Begin checking placement ... (start mem=1813.6M, init mem=1813.6M)
*info: Placed = 7012           (Fixed = 3)
*info: Unplaced = 0           
Placement Density:43.90%(41406/94310)
Placement Density (including fixed std cells):43.90%(41406/94310)
Finished checkPlace (total: cpu=0:00:00.0, real=0:00:00.0; vio checks: cpu=0:00:00.0, real=0:00:00.0; mem=1813.6M)

changeUseClockNetStatus Option :  -noFixedNetWires 
*** Changed status on (3) nets in Clock.
*** End changeUseClockNetStatus (cpu=0:00:00.0, real=0:00:00.0, mem=1813.6M) ***
#Start route 4 clock and analog nets...
% Begin globalDetailRoute (date=09/24 16:19:15, mem=1627.4M)

globalDetailRoute

#Start globalDetailRoute on Thu Sep 24 16:19:15 2026
#
Skipped RC grid update for preRoute extraction.
Initializing multi-corner resistance tables ...
#WARNING (NRIG-1303) The congestion map does not match the GCELL grid. Clearing the map.
#Invoke dbWirePreImport deleteTR=1 convert_unrouted=0 selected_only=0 (nr_selected_net=0)
#WARNING (NRDB-665) NET clk has a detail routed segment whose one end ( -0.0010 -0.0010 ) is outside of design boundary ( 0.0000 0.0000 329.8200 325.0400 ).
#WARNING (NRDB-856)   around ( 130.4110 30.0900 ) of NET clk on LAYER li1 is off X minimum feature grid (0.0050).
#num needed restored net=7049
#need_extraction net=0 (total=7053)
#NanoRoute Version 21.15-s110_1 NR220912-2004/21_15-UB
#Skip comparing routing design signature in db-snapshot flow
#Total number of trivial nets (e.g. < 2 pins) = 13 (skipped).
#Total number of nets with skipped attribute = 7037 (skipped).
#Total number of routable nets = 3.
#Total number of nets in the design = 7053.
#2 routable nets do not have any wires.
#1 routable net has routed wires.
#7037 skipped nets have only detail routed wires.
#2 nets will be global routed.
#2 global routed or unrouted (routable) nets have been constrained (e.g. have preferred extra spacing, require shielding etc.)
#1 detail routed (routable) net has been constrained (e.g. have preferred extra spacing, require shielding etc.)
#Start routing data preparation on Thu Sep 24 16:19:15 2026
#
#Minimum voltage of a net in the design = 0.000.
#Maximum voltage of a net in the design = 1.800.
#Voltage range [0.000 - 1.800] has 7053 nets.
#Build and mark too close pins for the same net.
#Rebuild pin access data for design.
#Initial pin access analysis.
#Detail pin access analysis.
# li1          V   Track-Pitch = 0.4600    Line-2-Via Pitch = 0.3400
# met1         H   Track-Pitch = 0.3400    Line-2-Via Pitch = 0.3250
# met2         V   Track-Pitch = 0.4600    Line-2-Via Pitch = 0.3400
# met3         H   Track-Pitch = 0.6100    Line-2-Via Pitch = 0.6100
# met4         V   Track-Pitch = 0.6900    Line-2-Via Pitch = 0.6150
# met5         H   Track-Pitch = 3.6600    Line-2-Via Pitch = 3.2000
#cpu time = 00:00:00, elapsed time = 00:00:00, memory = 1632.89 (MB), peak = 1740.05 (MB)
#Regenerating Ggrids automatically.
#Auto generating G-grids with size=15 tracks, using layer met2's pitch = 0.4600.
#Using automatically generated G-grids.
#(check_and_prepare_match_target_file) no match_target_file in constraint. quit
#Done routing data preparation.
#cpu time = 00:00:02, elapsed time = 00:00:02, memory = 1635.47 (MB), peak = 1740.05 (MB)
#
#Finished routing data preparation on Thu Sep 24 16:19:17 2026
#
#Cpu time = 00:00:02
#Elapsed time = 00:00:02
#Increased memory = 7.03 (MB)
#Total memory = 1635.47 (MB)
#Peak memory = 1740.05 (MB)
#
#
#Start global routing on Thu Sep 24 16:19:17 2026
#
#
#Start global routing initialization on Thu Sep 24 16:19:17 2026
#
#Number of eco nets is 3
#
#Start global routing data preparation on Thu Sep 24 16:19:17 2026
#
#Start routing resource analysis on Thu Sep 24 16:19:17 2026
#
#Routing resource analysis is done on Thu Sep 24 16:19:17 2026
#
#  Resource Analysis:
#
#               Routing  #Avail      #Track     #Total     %Gcell
#  Layer      Direction   Track     Blocked      Gcell    Blocked
#  --------------------------------------------------------------
#  li1            V         244         473        2256    42.33%
#  met1           H         777         179        2256     0.00%
#  met2           V         716           1        2256     0.00%
#  met3           H         516           1        2256     0.00%
#  met4           V         477           0        2256     0.00%
#  met5           H          88           0        2256     0.00%
#  --------------------------------------------------------------
#  Total                   2819      14.13%       13536     7.06%
#
#  4 nets (0.06%) with 1 preferred extra spacing.
#
#
#
#Global routing data preparation is done on Thu Sep 24 16:19:17 2026
#
#cpu time = 00:00:00, elapsed time = 00:00:00, memory = 1635.78 (MB), peak = 1740.05 (MB)
#
#
#Global routing initialization is done on Thu Sep 24 16:19:17 2026
#
#cpu time = 00:00:00, elapsed time = 00:00:00, memory = 1635.78 (MB), peak = 1740.05 (MB)
#
#start global routing iteration 1...
#cpu time = 00:00:00, elapsed time = 00:00:00, memory = 1636.54 (MB), peak = 1740.05 (MB)
#
#start global routing iteration 2...
#cpu time = 00:00:00, elapsed time = 00:00:00, memory = 1636.54 (MB), peak = 1740.05 (MB)
#
#
#Total number of trivial nets (e.g. < 2 pins) = 13 (skipped).
#Total number of nets with skipped attribute = 7037 (skipped).
#Total number of routable nets = 3.
#Total number of nets in the design = 7053.
#
#3 routable nets have routed wires.
#7037 skipped nets have only detail routed wires.
#2 global routed or unrouted (routable) nets have been constrained (e.g. have preferred extra spacing, require shielding etc.)
#1 detail routed (routable) net has been constrained (e.g. have preferred extra spacing, require shielding etc.)
#
#Routed net constraints summary:
#------------------------------------------------
#        Rules   Pref Extra Space   Unconstrained  
#------------------------------------------------
#      Default                  2               0  
#------------------------------------------------
#        Total                  2               0  
#------------------------------------------------
#
#Routing constraints summary of the whole design:
#------------------------------------------------
#        Rules   Pref Extra Space   Unconstrained  
#------------------------------------------------
#      Default                  3            7037  
#------------------------------------------------
#        Total                  3            7037  
#------------------------------------------------
#
#
#  Congestion Analysis: (blocked Gcells are excluded)
#
#                 OverCon          
#                  #Gcell    %Gcell
#     Layer           (1)   OverCon
#  --------------------------------
#  li1           0(0.00%)   (0.00%)
#  met1          0(0.00%)   (0.00%)
#  met2          0(0.00%)   (0.00%)
#  met3          0(0.00%)   (0.00%)
#  met4          0(0.00%)   (0.00%)
#  met5          0(0.00%)   (0.00%)
#  --------------------------------
#     Total      0(0.00%)   (0.00%)
#
#  The worst congested Gcell overcon (routing demand over resource in number of tracks) = 1
#  Overflow after GR: 0.00% H + 0.00% V
#
#Complete Global Routing.
#Total number of nets with non-default rule or having extra spacing = 4
#Total wire length = 668 um.
#Total half perimeter of net bounding box = 308 um.
#Total wire length on LAYER li1 = 0 um.
#Total wire length on LAYER met1 = 99 um.
#Total wire length on LAYER met2 = 364 um.
#Total wire length on LAYER met3 = 205 um.
#Total wire length on LAYER met4 = 0 um.
#Total wire length on LAYER met5 = 0 um.
#Total number of vias = 277
#Up-Via Summary (total 277):
#           
#-----------------------
# li1               122
# met1              106
# met2               49
#-----------------------
#                   277 
#
#Total number of involved priority nets 2
#Maximum src to sink distance for priority net 86.2
#Average of max src_to_sink distance for priority net 78.5
#Average of ave src_to_sink distance for priority net 47.1
#Max overcon = 0 track.
#Total overcon = 0.00%.
#Worst layer Gcell overcon rate = 0.00%.
#
#Global routing statistics:
#Cpu time = 00:00:00
#Elapsed time = 00:00:00
#Increased memory = 1.18 (MB)
#Total memory = 1636.64 (MB)
#Peak memory = 1740.05 (MB)
#
#Finished global routing on Thu Sep 24 16:19:17 2026
#
#
#cpu time = 00:00:00, elapsed time = 00:00:00, memory = 1636.34 (MB), peak = 1740.05 (MB)
#Start Track Assignment.
#Done with 0 horizontal wires in 2 hboxes and 0 vertical wires in 2 hboxes.
#Done with 0 horizontal wires in 2 hboxes and 0 vertical wires in 2 hboxes.
#Complete Track Assignment.
#Total number of nets with non-default rule or having extra spacing = 4
#Total wire length = 668 um.
#Total half perimeter of net bounding box = 308 um.
#Total wire length on LAYER li1 = 0 um.
#Total wire length on LAYER met1 = 99 um.
#Total wire length on LAYER met2 = 364 um.
#Total wire length on LAYER met3 = 205 um.
#Total wire length on LAYER met4 = 0 um.
#Total wire length on LAYER met5 = 0 um.
#Total number of vias = 277
#Up-Via Summary (total 277):
#           
#-----------------------
# li1               122
# met1              106
# met2               49
#-----------------------
#                   277 
#
#cpu time = 00:00:00, elapsed time = 00:00:00, memory = 1636.40 (MB), peak = 1740.05 (MB)
#
#Routing data preparation, pin analysis, global routing and track assignment statistics:
#Cpu time = 00:00:02
#Elapsed time = 00:00:02
#Increased memory = 7.96 (MB)
#Total memory = 1636.40 (MB)
#Peak memory = 1740.05 (MB)
#
#Start Detail Routing..
#start initial detail routing ...
# ECO: 4.7% of the total area was rechecked for DRC, and 6.2% required routing.
#   number of violations = 0
#3713 out of 7012 instances (53.0%) need to be verified(marked ipoed), dirty area = 27.5%.
#   number of violations = 0
#cpu time = 00:00:00, elapsed time = 00:00:00, memory = 1636.11 (MB), peak = 1740.05 (MB)
#Complete Detail Routing.
#Total number of nets with non-default rule or having extra spacing = 4
#Total wire length = 678 um.
#Total half perimeter of net bounding box = 308 um.
#Total wire length on LAYER li1 = 0 um.
#Total wire length on LAYER met1 = 99 um.
#Total wire length on LAYER met2 = 374 um.
#Total wire length on LAYER met3 = 206 um.
#Total wire length on LAYER met4 = 0 um.
#Total wire length on LAYER met5 = 0 um.
#Total number of vias = 279
#Up-Via Summary (total 279):
#           
#-----------------------
# li1               122
# met1              106
# met2               51
#-----------------------
#                   279 
#
#Total number of DRC violations = 0
#Cpu time = 00:00:00
#Elapsed time = 00:00:00
#Increased memory = -0.29 (MB)
#Total memory = 1636.11 (MB)
#Peak memory = 1740.05 (MB)
#detailRoute Statistics:
#Cpu time = 00:00:00
#Elapsed time = 00:00:00
#Increased memory = -0.29 (MB)
#Total memory = 1636.11 (MB)
#Peak memory = 1740.05 (MB)
#Skip updating routing design signature in db-snapshot flow
#	no debugging net set
#
#globalDetailRoute statistics:
#Cpu time = 00:00:02
#Elapsed time = 00:00:02
#Increased memory = -22.68 (MB)
#Total memory = 1604.67 (MB)
#Peak memory = 1740.05 (MB)
#Number of warnings = 3
#Total number of warnings = 4
#Number of fails = 0
#Total number of fails = 0
#Complete globalDetailRoute on Thu Sep 24 16:19:17 2026
#
% End globalDetailRoute (date=09/24 16:19:17, total cpu=0:00:02.5, real=0:00:02.0, peak res=1627.4M, current mem=1604.6M)
#**INFO: auto set of droutePostRouteSwapVia to multiCut
% Begin globalDetailRoute (date=09/24 16:19:17, mem=1604.6M)

globalDetailRoute

#Start globalDetailRoute on Thu Sep 24 16:19:17 2026
#
#Generating timing data, please wait...
#7046 total nets, 3 already routed, 3 will ignore in trialRoute
**WARN: (IMPEXT-3530):	The process node is not set. Use the command setDesignMode -process <process node> prior to extraction for maximum accuracy and optimal automatic threshold setting.
**WARN: (IMPEXT-6197):	The Cap table file is not specified. This will result in lower parasitic accuracy when using preRoute extraction or postRoute extraction with effort level 'low'. It is recommended to generate the Cap table file using the 'generateCapTbl' command and specify it before extraction using 'create_rc_corner/update_rc_corner -cap_table'.
#Dump tif for version 2.1
Total number of fetched objects 7046
End delay calculation. (MEM=1842.31 CPU=0:00:00.5 REAL=0:00:00.0)
#Generating timing data took: cpu time = 00:00:01, elapsed time = 00:00:01, memory = 1604.61 (MB), peak = 1740.05 (MB)
#Done generating timing data.
#WARNING (NRIG-1303) The congestion map does not match the GCELL grid. Clearing the map.
#Invoke dbWirePreImport deleteTR=1 convert_unrouted=0 selected_only=0 (nr_selected_net=0)
#num needed restored net=0
#need_extraction net=0 (total=7053)
#Start reading timing information from file .timing_file_2235990.tif.gz ...
#Read in timing information for 4 ports, 7012 instances from timing file .timing_file_2235990.tif.gz.
#NanoRoute Version 21.15-s110_1 NR220912-2004/21_15-UB
#Total number of trivial nets (e.g. < 2 pins) = 13 (skipped).
#Total number of routable nets = 7040.
#Total number of nets in the design = 7053.
#7037 routable nets do not have any wires.
#3 routable nets have routed wires.
#7037 nets will be global routed.
#3 detail routed (routable) nets have been constrained (e.g. have preferred extra spacing, require shielding etc.)
#Start routing data preparation on Thu Sep 24 16:19:19 2026
#
#Minimum voltage of a net in the design = 0.000.
#Maximum voltage of a net in the design = 1.800.
#Voltage range [0.000 - 1.800] has 7053 nets.
#Build and mark too close pins for the same net.
#Initial pin access analysis.
#Detail pin access analysis.
# li1          V   Track-Pitch = 0.4600    Line-2-Via Pitch = 0.3400
# met1         H   Track-Pitch = 0.3400    Line-2-Via Pitch = 0.3250
# met2         V   Track-Pitch = 0.4600    Line-2-Via Pitch = 0.3400
# met3         H   Track-Pitch = 0.6100    Line-2-Via Pitch = 0.6100
# met4         V   Track-Pitch = 0.6900    Line-2-Via Pitch = 0.6150
# met5         H   Track-Pitch = 3.6600    Line-2-Via Pitch = 3.2000
#cpu time = 00:00:00, elapsed time = 00:00:00, memory = 1610.22 (MB), peak = 1740.05 (MB)
#Regenerating Ggrids automatically.
#Auto generating G-grids with size=15 tracks, using layer met2's pitch = 0.4600.
#Using automatically generated G-grids.
#(check_and_prepare_match_target_file) no match_target_file in constraint. quit
#Done routing data preparation.
#cpu time = 00:00:00, elapsed time = 00:00:00, memory = 1612.79 (MB), peak = 1740.05 (MB)
#
#Finished routing data preparation on Thu Sep 24 16:19:19 2026
#
#Cpu time = 00:00:00
#Elapsed time = 00:00:00
#Increased memory = 6.94 (MB)
#Total memory = 1612.79 (MB)
#Peak memory = 1740.05 (MB)
#
#
#Start global routing on Thu Sep 24 16:19:19 2026
#
#
#Start global routing initialization on Thu Sep 24 16:19:19 2026
#
#Number of eco nets is 0
#
#Start global routing data preparation on Thu Sep 24 16:19:19 2026
#
#Start routing resource analysis on Thu Sep 24 16:19:19 2026
#
#Routing resource analysis is done on Thu Sep 24 16:19:19 2026
#
#  Resource Analysis:
#
#               Routing  #Avail      #Track     #Total     %Gcell
#  Layer      Direction   Track     Blocked      Gcell    Blocked
#  --------------------------------------------------------------
#  li1            V         244         473        2256    42.33%
#  met1           H         775         181        2256     0.00%
#  met2           V         714           3        2256     0.00%
#  met3           H         514           3        2256     0.00%
#  met4           V         477           0        2256     0.00%
#  met5           H          88           0        2256     0.00%
#  --------------------------------------------------------------
#  Total                   2813      14.30%       13536     7.06%
#
#  4 nets (0.06%) with 1 preferred extra spacing.
#
#
#
#Global routing data preparation is done on Thu Sep 24 16:19:19 2026
#
#cpu time = 00:00:00, elapsed time = 00:00:00, memory = 1613.05 (MB), peak = 1740.05 (MB)
#
#
#Global routing initialization is done on Thu Sep 24 16:19:19 2026
#
#cpu time = 00:00:00, elapsed time = 00:00:00, memory = 1613.05 (MB), peak = 1740.05 (MB)
#
#start global routing iteration 1...
#cpu time = 00:00:03, elapsed time = 00:00:03, memory = 1621.87 (MB), peak = 1740.05 (MB)
#
#start global routing iteration 2...
#cpu time = 00:00:01, elapsed time = 00:00:01, memory = 1621.40 (MB), peak = 1740.05 (MB)
#
#
#Total number of trivial nets (e.g. < 2 pins) = 13 (skipped).
#Total number of routable nets = 7040.
#Total number of nets in the design = 7053.
#
#7040 routable nets have routed wires.
#3 detail routed (routable) nets have been constrained (e.g. have preferred extra spacing, require shielding etc.)
#
#Routed nets constraints summary:
#-----------------------------
#        Rules   Unconstrained  
#-----------------------------
#      Default            7037  
#-----------------------------
#        Total            7037  
#-----------------------------
#
#Routing constraints summary of the whole design:
#------------------------------------------------
#        Rules   Pref Extra Space   Unconstrained  
#------------------------------------------------
#      Default                  3            7037  
#------------------------------------------------
#        Total                  3            7037  
#------------------------------------------------
#
#
#  Congestion Analysis: (blocked Gcells are excluded)
#
#                 OverCon       OverCon       OverCon          
#                  #Gcell        #Gcell        #Gcell    %Gcell
#     Layer         (1-2)         (3-4)         (5-6)   OverCon
#  ------------------------------------------------------------
#  li1           2(0.12%)      0(0.00%)      0(0.00%)   (0.12%)
#  met1         67(2.97%)     15(0.66%)      6(0.27%)   (3.90%)
#  met2        119(5.27%)      7(0.31%)      1(0.04%)   (5.63%)
#  met3         11(0.49%)      0(0.00%)      0(0.00%)   (0.49%)
#  met4          4(0.18%)      0(0.00%)      0(0.00%)   (0.18%)
#  met5          1(0.04%)      0(0.00%)      0(0.00%)   (0.04%)
#  ------------------------------------------------------------
#     Total    204(1.58%)     22(0.17%)      7(0.05%)   (1.81%)
#
#  The worst congested Gcell overcon (routing demand over resource in number of tracks) = 6
#  Overflow after GR: 0.78% H + 1.03% V
#
#Hotspot report including placement blocked areas
[hotspot] +----------------+-------------------+-------------------+-------------------------------------+
[hotspot] |      layer     |    max hotspot    |   total hotspot   |            hotspot bbox             |
[hotspot] +----------------+-------------------+-------------------+-------------------------------------+
[hotspot] |      li1(V)    |              2.00 |             12.00 |   152.31   130.56   163.19   152.31 |
[hotspot] |     met1(H)    |             12.00 |             37.00 |    76.16    76.16   130.56   119.67 |
[hotspot] |     met2(V)    |             19.00 |             58.00 |    54.40    65.28   130.56   130.56 |
[hotspot] |     met3(H)    |              5.00 |             25.00 |   130.56   174.08   152.31   206.72 |
[hotspot] |     met4(V)    |              1.00 |              3.00 |    76.16    76.16    87.03    87.03 |
[hotspot] |     met5(H)    |              8.00 |             38.00 |   228.47   163.19   272.00   206.72 |
[hotspot] +----------------+-------------------+-------------------+-------------------------------------+
[hotspot] |      worst     |   (met2)    19.00 |   (met2)    58.00 |                                     |
[hotspot] +----------------+-------------------+-------------------+-------------------------------------+
[hotspot] |   all layers   |             10.00 |             28.00 |                                     |
[hotspot] +----------------+-------------------+-------------------+-------------------------------------+
Local HotSpot Analysis (blockage included) (3d): normalized congestion max/total hotspot area = 10.00/28.00 (area is in unit of 4 std-cell row bins)
[hotspot] top 5 congestion hotspot bounding boxes and scores of all layers hotspot
[hotspot] +-----+-------------------------------------+---------------+
[hotspot] | top |            hotspot bbox             | hotspot score |
[hotspot] +-----+-------------------------------------+---------------+
[hotspot] |  1  |    54.40    65.28   119.67    97.92 |       10.00   |
[hotspot] +-----+-------------------------------------+---------------+
[hotspot] |  2  |    54.40   250.24    97.92   282.88 |       10.00   |
[hotspot] +-----+-------------------------------------+---------------+
[hotspot] |  3  |    54.40   174.08    87.03   184.96 |        3.00   |
[hotspot] +-----+-------------------------------------+---------------+
[hotspot] |  4  |    21.75    76.16    32.63    87.03 |        1.00   |
[hotspot] +-----+-------------------------------------+---------------+
[hotspot] |  5  |    54.40   108.80    65.28   119.67 |        1.00   |
[hotspot] +-----+-------------------------------------+---------------+
#Complete Global Routing.
#Total number of nets with non-default rule or having extra spacing = 4
#Total wire length = 237198 um.
#Total half perimeter of net bounding box = 199955 um.
#Total wire length on LAYER li1 = 5978 um.
#Total wire length on LAYER met1 = 46991 um.
#Total wire length on LAYER met2 = 64750 um.
#Total wire length on LAYER met3 = 59594 um.
#Total wire length on LAYER met4 = 51688 um.
#Total wire length on LAYER met5 = 8197 um.
#Total number of vias = 42989
#Up-Via Summary (total 42989):
#           
#-----------------------
# li1             21253
# met1            11960
# met2             5933
# met3             3455
# met4              388
#-----------------------
#                 42989 
#
#Max overcon = 6 tracks.
#Total overcon = 1.81%.
#Worst layer Gcell overcon rate = 5.63%.
#
#Global routing statistics:
#Cpu time = 00:00:04
#Elapsed time = 00:00:04
#Increased memory = 8.64 (MB)
#Total memory = 1621.43 (MB)
#Peak memory = 1740.05 (MB)
#
#Finished global routing on Thu Sep 24 16:19:23 2026
#
#
#cpu time = 00:00:00, elapsed time = 00:00:00, memory = 1621.63 (MB), peak = 1740.05 (MB)
#Start Track Assignment.
#Done with 8673 horizontal wires in 2 hboxes and 8137 vertical wires in 2 hboxes.
#Done with 2642 horizontal wires in 2 hboxes and 1157 vertical wires in 2 hboxes.
#Done with 2 horizontal wires in 2 hboxes and 2 vertical wires in 2 hboxes.
#
#Track assignment summary:
# layer   (wire length)   (overlap)     (long ovlp)	(with obs/pg/clk)  
#------------------------------------------------------------------------
# li1         5846.22 	  0.45%  	  0.00% 	  0.42%
# met1       45577.52 	  0.24%  	  0.00% 	  0.01%
# met2       63166.25 	  0.19%  	  0.00% 	  0.00%
# met3       58460.01 	  0.19%  	  0.00% 	  0.00%
# met4       51430.32 	  0.10%  	  0.00% 	  0.00%
# met5        8472.70 	  0.03%  	  0.00% 	  0.00%
#------------------------------------------------------------------------
# All      232953.02  	  0.18% 	  0.00% 	  0.00%
#Complete Track Assignment.
#Total number of nets with non-default rule or having extra spacing = 4
#Total wire length = 231704 um.
#Total half perimeter of net bounding box = 199955 um.
#Total wire length on LAYER li1 = 5849 um.
#Total wire length on LAYER met1 = 45301 um.
#Total wire length on LAYER met2 = 63180 um.
#Total wire length on LAYER met3 = 58117 um.
#Total wire length on LAYER met4 = 51096 um.
#Total wire length on LAYER met5 = 8161 um.
#Total number of vias = 42989
#Up-Via Summary (total 42989):
#           
#-----------------------
# li1             21253
# met1            11960
# met2             5933
# met3             3455
# met4              388
#-----------------------
#                 42989 
#
#cpu time = 00:00:01, elapsed time = 00:00:01, memory = 1621.63 (MB), peak = 1740.05 (MB)
#
#number of short segments in preferred routing layers
#	
#	
#
#Routing data preparation, pin analysis, global routing and track assignment statistics:
#Cpu time = 00:00:05
#Elapsed time = 00:00:05
#Increased memory = 15.78 (MB)
#Total memory = 1621.63 (MB)
#Peak memory = 1740.05 (MB)
#
#Start Detail Routing..
#start initial detail routing ...
#   number of violations = 65
#
#    By Layer and Type :
#	         MetSpc    Short   Totals
#	li1           0        2        2
#	met1          7       34       41
#	met2          0        3        3
#	met3         17        1       18
#	met4          0        1        1
#	Totals       24       41       65
#cpu time = 00:00:23, elapsed time = 00:00:23, memory = 1655.90 (MB), peak = 1886.60 (MB)
#start 1st optimization iteration ...
#   number of violations = 6
#
#    By Layer and Type :
#	         MetSpc    Short   Totals
#	li1           0        0        0
#	met1          3        2        5
#	met2          1        0        1
#	Totals        4        2        6
#    number of process antenna violations = 56
#cpu time = 00:00:01, elapsed time = 00:00:01, memory = 1655.85 (MB), peak = 1886.60 (MB)
#start 2nd optimization iteration ...
#   number of violations = 1
#
#    By Layer and Type :
#	          Short   Totals
#	li1           0        0
#	met1          1        1
#	Totals        1        1
#    number of process antenna violations = 56
#cpu time = 00:00:00, elapsed time = 00:00:00, memory = 1656.57 (MB), peak = 1886.60 (MB)
#start 3rd optimization iteration ...
#   number of violations = 0
#    number of process antenna violations = 56
#cpu time = 00:00:00, elapsed time = 00:00:00, memory = 1656.75 (MB), peak = 1886.60 (MB)
#Complete Detail Routing.
#Total number of nets with non-default rule or having extra spacing = 4
#Total wire length = 243336 um.
#Total half perimeter of net bounding box = 199955 um.
#Total wire length on LAYER li1 = 14430 um.
#Total wire length on LAYER met1 = 74715 um.
#Total wire length on LAYER met2 = 79965 um.
#Total wire length on LAYER met3 = 37617 um.
#Total wire length on LAYER met4 = 31127 um.
#Total wire length on LAYER met5 = 5481 um.
#Total number of vias = 45800
#Up-Via Summary (total 45800):
#           
#-----------------------
# li1             23046
# met1            17512
# met2             3077
# met3             1927
# met4              238
#-----------------------
#                 45800 
#
#Total number of DRC violations = 0
#Cpu time = 00:00:25
#Elapsed time = 00:00:25
#Increased memory = 35.12 (MB)
#Total memory = 1656.75 (MB)
#Peak memory = 1886.60 (MB)
#
#start routing for process antenna violation fix ...
#cpu time = 00:00:00, elapsed time = 00:00:00, memory = 1661.08 (MB), peak = 1886.60 (MB)
#
#Total number of nets with non-default rule or having extra spacing = 4
#Total wire length = 243408 um.
#Total half perimeter of net bounding box = 199955 um.
#Total wire length on LAYER li1 = 14430 um.
#Total wire length on LAYER met1 = 74712 um.
#Total wire length on LAYER met2 = 79955 um.
#Total wire length on LAYER met3 = 37603 um.
#Total wire length on LAYER met4 = 31209 um.
#Total wire length on LAYER met5 = 5498 um.
#Total number of vias = 45914
#Up-Via Summary (total 45914):
#           
#-----------------------
# li1             23046
# met1            17524
# met2             3079
# met3             2017
# met4              248
#-----------------------
#                 45914 
#
#Total number of DRC violations = 0
#Total number of process antenna violations = 1
#Total number of net violated process antenna rule = 1
#
#
#start delete and reroute for process antenna violation fix ...
#cpu time = 00:00:02, elapsed time = 00:00:02, memory = 1662.88 (MB), peak = 1886.60 (MB)
#Total number of nets with non-default rule or having extra spacing = 4
#Total wire length = 243433 um.
#Total half perimeter of net bounding box = 199955 um.
#Total wire length on LAYER li1 = 14700 um.
#Total wire length on LAYER met1 = 74983 um.
#Total wire length on LAYER met2 = 79762 um.
#Total wire length on LAYER met3 = 37415 um.
#Total wire length on LAYER met4 = 31114 um.
#Total wire length on LAYER met5 = 5459 um.
#Total number of vias = 45945
#Up-Via Summary (total 45945):
#           
#-----------------------
# li1             23079
# met1            17531
# met2             3074
# met3             2015
# met4              246
#-----------------------
#                 45945 
#
#Total number of DRC violations = 0
#Total number of process antenna violations = 0
#Total number of net violated process antenna rule = 0
#
#
#Total number of nets with non-default rule or having extra spacing = 4
#Total wire length = 243433 um.
#Total half perimeter of net bounding box = 199955 um.
#Total wire length on LAYER li1 = 14700 um.
#Total wire length on LAYER met1 = 74983 um.
#Total wire length on LAYER met2 = 79762 um.
#Total wire length on LAYER met3 = 37415 um.
#Total wire length on LAYER met4 = 31114 um.
#Total wire length on LAYER met5 = 5459 um.
#Total number of vias = 45945
#Up-Via Summary (total 45945):
#           
#-----------------------
# li1             23079
# met1            17531
# met2             3074
# met3             2015
# met4              246
#-----------------------
#                 45945 
#
#Total number of DRC violations = 0
#Total number of process antenna violations = 0
#Total number of net violated process antenna rule = 0
#
#
#Start Post Route via swapping...
#97.03% of area are rerouted by ECO routing.
#   number of violations = 0
#cpu time = 00:00:01, elapsed time = 00:00:01, memory = 1661.74 (MB), peak = 1886.60 (MB)
#CELL_VIEW coprocessor,init has no DRC violation.
#Total number of DRC violations = 0
#Total number of process antenna violations = 0
#Total number of net violated process antenna rule = 0
#No via is swapped.
#Post Route via swapping is done.
#Total number of nets with non-default rule or having extra spacing = 4
#Total wire length = 243433 um.
#Total half perimeter of net bounding box = 199955 um.
#Total wire length on LAYER li1 = 14700 um.
#Total wire length on LAYER met1 = 74983 um.
#Total wire length on LAYER met2 = 79762 um.
#Total wire length on LAYER met3 = 37415 um.
#Total wire length on LAYER met4 = 31114 um.
#Total wire length on LAYER met5 = 5459 um.
#Total number of vias = 45945
#Up-Via Summary (total 45945):
#           
#-----------------------
# li1             23079
# met1            17531
# met2             3074
# met3             2015
# met4              246
#-----------------------
#                 45945 
#
#
#Start Post Route wire spreading..
#
#Start DRC checking..
#   number of violations = 0
#cpu time = 00:00:01, elapsed time = 00:00:01, memory = 1662.27 (MB), peak = 1886.60 (MB)
#CELL_VIEW coprocessor,init has no DRC violation.
#Total number of DRC violations = 0
#Total number of process antenna violations = 0
#Total number of net violated process antenna rule = 0
#
#Start data preparation for wire spreading...
#
#Data preparation is done on Thu Sep 24 16:19:54 2026
#
#
#Start Post Route Wire Spread.
#Done with 2735 horizontal wires in 3 hboxes and 3670 vertical wires in 3 hboxes.
#Complete Post Route Wire Spread.
#
#Total number of nets with non-default rule or having extra spacing = 4
#Total wire length = 247240 um.
#Total half perimeter of net bounding box = 199955 um.
#Total wire length on LAYER li1 = 14849 um.
#Total wire length on LAYER met1 = 75750 um.
#Total wire length on LAYER met2 = 81329 um.
#Total wire length on LAYER met3 = 37931 um.
#Total wire length on LAYER met4 = 31823 um.
#Total wire length on LAYER met5 = 5557 um.
#Total number of vias = 45945
#Up-Via Summary (total 45945):
#           
#-----------------------
# li1             23079
# met1            17531
# met2             3074
# met3             2015
# met4              246
#-----------------------
#                 45945 
#
#
#Start DRC checking..
#   number of violations = 0
#cpu time = 00:00:02, elapsed time = 00:00:02, memory = 1662.21 (MB), peak = 1886.60 (MB)
#CELL_VIEW coprocessor,init has no DRC violation.
#Total number of DRC violations = 0
#Total number of process antenna violations = 0
#Total number of net violated process antenna rule = 0
#   number of violations = 0
#cpu time = 00:00:03, elapsed time = 00:00:03, memory = 1662.21 (MB), peak = 1886.60 (MB)
#CELL_VIEW coprocessor,init has no DRC violation.
#Total number of DRC violations = 0
#Total number of process antenna violations = 0
#Total number of net violated process antenna rule = 0
#Post Route wire spread is done.
#Total number of nets with non-default rule or having extra spacing = 4
#Total wire length = 247240 um.
#Total half perimeter of net bounding box = 199955 um.
#Total wire length on LAYER li1 = 14849 um.
#Total wire length on LAYER met1 = 75750 um.
#Total wire length on LAYER met2 = 81329 um.
#Total wire length on LAYER met3 = 37931 um.
#Total wire length on LAYER met4 = 31823 um.
#Total wire length on LAYER met5 = 5557 um.
#Total number of vias = 45945
#Up-Via Summary (total 45945):
#           
#-----------------------
# li1             23079
# met1            17531
# met2             3074
# met3             2015
# met4              246
#-----------------------
#                 45945 
#
#detailRoute Statistics:
#Cpu time = 00:00:33
#Elapsed time = 00:00:33
#Increased memory = 40.58 (MB)
#Total memory = 1662.21 (MB)
#Peak memory = 1886.60 (MB)
#	no debugging net set
#
#globalDetailRoute statistics:
#Cpu time = 00:00:39
#Elapsed time = 00:00:40
#Increased memory = 49.77 (MB)
#Total memory = 1654.37 (MB)
#Peak memory = 1886.60 (MB)
#Number of warnings = 1
#Total number of warnings = 6
#Number of fails = 0
#Total number of fails = 0
#Complete globalDetailRoute on Thu Sep 24 16:19:57 2026
#
% End globalDetailRoute (date=09/24 16:19:57, total cpu=0:00:39.4, real=0:00:40.0, peak res=1886.6M, current mem=1653.2M)
#Default setup view is reset to VIEW_TYP.
#Default setup view is reset to VIEW_TYP.
AAE_INFO: Post Route call back at the end of routeDesign
#routeDesign: cpu time = 00:00:42, elapsed time = 00:00:42, memory = 1645.66 (MB), peak = 1886.60 (MB)

*** Summary of all messages that are not suppressed in this session:
Severity  ID               Count  Summary                                  
WARNING   IMPEXT-6197          1  The Cap table file is not specified. Thi...
WARNING   IMPEXT-3530          1  The process node is not set. Use the com...
*** Message Summary: 2 warning(s), 0 error(s)

#% End routeDesign (date=09/24 16:19:57, total cpu=0:00:42.0, real=0:00:42.0, peak res=1886.6M, current mem=1645.7M)
<CMD> saveDesign ./runB/route_pre.enc
#% Begin save design ... (date=09/24 16:19:57, mem=1645.7M)
% Begin Save ccopt configuration ... (date=09/24 16:19:57, mem=1645.7M)
% End Save ccopt configuration ... (date=09/24 16:19:57, total cpu=0:00:00.0, real=0:00:00.0, peak res=1645.7M, current mem=1645.4M)
% Begin Save netlist data ... (date=09/24 16:19:57, mem=1645.4M)
Writing Binary DB to ./runB/route_pre.enc.dat/coprocessor.v.bin in single-threaded mode...
% End Save netlist data ... (date=09/24 16:19:57, total cpu=0:00:00.0, real=0:00:00.0, peak res=1645.4M, current mem=1645.4M)
Saving symbol-table file ...
Saving congestion map file ./runB/route_pre.enc.dat/coprocessor.route.congmap.gz ...
% Begin Save AAE data ... (date=09/24 16:19:57, mem=1645.6M)
Saving AAE Data ...
AAE DB initialization (MEM=1813.81 CPU=0:00:00.0 REAL=0:00:00.0) 
% End Save AAE data ... (date=09/24 16:19:57, total cpu=0:00:00.0, real=0:00:00.0, peak res=1646.5M, current mem=1646.5M)
Saving preference file ./runB/route_pre.enc.dat/gui.pref.tcl ...
Saving mode setting ...
Saving global file ...
% Begin Save floorplan data ... (date=09/24 16:19:57, mem=1646.7M)
Saving floorplan file ...
% End Save floorplan data ... (date=09/24 16:19:58, total cpu=0:00:00.0, real=0:00:01.0, peak res=1646.7M, current mem=1646.7M)
Saving Drc markers ...
... No Drc file written since there is no markers found.
% Begin Save placement data ... (date=09/24 16:19:58, mem=1646.7M)
** Saving stdCellPlacement_binary (version# 2) ...
Save Adaptive View Pruning View Names to Binary file
% End Save placement data ... (date=09/24 16:19:58, total cpu=0:00:00.0, real=0:00:00.0, peak res=1646.7M, current mem=1646.7M)
% Begin Save routing data ... (date=09/24 16:19:58, mem=1646.7M)
Saving route file ...
*** Completed saveRoute (cpu=0:00:00.0 real=0:00:00.0 mem=1814.3M) ***
% End Save routing data ... (date=09/24 16:19:58, total cpu=0:00:00.1, real=0:00:00.0, peak res=1646.8M, current mem=1646.8M)
Saving property file ./runB/route_pre.enc.dat/coprocessor.prop
*** Completed saveProperty (cpu=0:00:00.0 real=0:00:00.0 mem=1817.3M) ***
#Saving pin access data to file ./runB/route_pre.enc.dat/coprocessor.apa ...
#
% Begin Save power constraints data ... (date=09/24 16:19:58, mem=1647.0M)
% End Save power constraints data ... (date=09/24 16:19:58, total cpu=0:00:00.0, real=0:00:00.0, peak res=1647.0M, current mem=1647.0M)
RC_TYP
Generated self-contained design route_pre.enc.dat
#% End save design ... (date=09/24 16:19:58, total cpu=0:00:00.5, real=0:00:01.0, peak res=1647.2M, current mem=1647.2M)
*** Message Summary: 0 warning(s), 0 error(s)

<CMD> report_timing -path_type full_clock -late -max_paths 10 > ./$RUN/timing_setup_preopt.rpt
AAE_INFO: opIsDesignInPostRouteState() is 1
AAE_INFO: deleting AAE DB due to opIsDesignInPostRouteState() is changed ...
AAE DB initialization (MEM=1812.33 CPU=0:00:00.0 REAL=0:00:00.0) 
#################################################################################
# Design Stage: PostRoute
# Design Name: coprocessor
# Design Mode: 90nm
# Analysis Mode: MMMC Non-OCV 
# Parasitics Mode: No SPEF/RCDB 
# Signoff Settings: SI Off 
#################################################################################
Extraction called for design 'coprocessor' of instances=7012 and nets=7053 using extraction engine 'preRoute' .
**WARN: (IMPEXT-3530):	The process node is not set. Use the command setDesignMode -process <process node> prior to extraction for maximum accuracy and optimal automatic threshold setting.
Type 'man IMPEXT-3530' for more detail.
PreRoute RC Extraction called for design coprocessor.
RC Extraction called in multi-corner(1) mode.
**WARN: (IMPEXT-6197):	The Cap table file is not specified. This will result in lower parasitic accuracy when using preRoute extraction or postRoute extraction with effort level 'low'. It is recommended to generate the Cap table file using the 'generateCapTbl' command and specify it before extraction using 'create_rc_corner/update_rc_corner -cap_table'.
Type 'man IMPEXT-6197' for more detail.
RCMode: PreRoute
      RC Corner Indexes            0   
Capacitance Scaling Factor   : 1.00000 
Resistance Scaling Factor    : 1.00000 
Clock Cap. Scaling Factor    : 1.00000 
Clock Res. Scaling Factor    : 1.00000 
Shrink Factor                : 1.00000
PreRoute extraction is honoring NDR/Shielding/ExtraSpace for clock nets.
Updating RC grid for preRoute extraction ...
Initializing multi-corner resistance tables ...
PreRoute RC Extraction DONE (CPU Time: 0:00:00.0  Real Time: 0:00:00.0  MEM: 1812.332M)
Calculate delays in Single mode...
Start delay calculation (fullDC) (1 T). (MEM=1820.37)
siFlow : Timing analysis mode is single, using late cdB files
Total number of fetched objects 7046
End delay calculation. (MEM=1905.73 CPU=0:00:00.6 REAL=0:00:01.0)
End delay calculation (fullDC). (MEM=1905.73 CPU=0:00:00.7 REAL=0:00:01.0)
<CMD> verify_drc -report ./runB/drc_preopt.rpt
#-check_same_via_cell true               # bool, default=false, user setting
#-report ./runB/drc_preopt.rpt           # string, default="", user setting
 *** Starting Verify DRC (MEM: 1897.7) ***

  VERIFY DRC ...... Starting Verification
  VERIFY DRC ...... Initializing
  VERIFY DRC ...... Deleting Existing Violations
  VERIFY DRC ...... Creating Sub-Areas
  VERIFY DRC ...... Using new threading

  Verification Complete : 0 Viols.

 *** End Verify DRC (CPU: 0:00:00.7  ELAPSED TIME: 1.00  MEM: 256.1M) ***

<CMD> setAnalysisMode -analysisType onChipVariation -cppr both
<CMD> optDesign -postRoute -setup
**optDesign ... cpu = 0:00:00, real = 0:00:00, mem = 1649.3M, totSessionCpu=0:03:13 **
**WARN: (IMPOPT-576):	4 nets have unplaced terms. 
*** optDesign #1 [begin] : totSession cpu/real = 0:03:13.1/0:03:19.9 (1.0), mem = 1799.7M
GigaOpt running with 1 threads.
*** InitOpt #1 [begin] (optDesign #1) : totSession cpu/real = 0:03:13.1/0:03:19.9 (1.0), mem = 1799.7M
**INFO: User settings:
setNanoRouteMode -drouteUseMinSpacingForBlockage                auto
setNanoRouteMode -extractThirdPartyCompatible                   false
setNanoRouteMode -grouteExpTdStdDelay                           42.5
setNanoRouteMode -grouteExpTdUseTifTimingEngineForImportDesign  false
setNanoRouteMode -routeStrictlyHonorNonDefaultRule              false
setExtractRCMode -engine                                        preRoute
setUsefulSkewMode -ecoRoute                                     false
setDelayCalMode -enable_high_fanout                             true
setDelayCalMode -engine                                         aae
setDelayCalMode -ignoreNetLoad                                  false
setDelayCalMode -socv_accuracy_mode                             low
setOptMode -activeSetupViews                                    { VIEW_TYP }
setOptMode -autoSetupViews                                      { VIEW_TYP}
setOptMode -autoTDGRSetupViews                                  { VIEW_TYP}
setOptMode -drcMargin                                           0
setOptMode -fixDrc                                              true
setOptMode -optimizeFF                                          true
setOptMode -preserveAllSequential                               false
setOptMode -setupTargetSlack                                    0
setSIMode -separate_delta_delay_on_data                         true
setAnalysisMode -analysisType                                   onChipVariation
setAnalysisMode -checkType                                      setup
setAnalysisMode -clkSrcPath                                     true
setAnalysisMode -clockPropagation                               sdcControl
setAnalysisMode -cppr                                           both
setAnalysisMode -usefulSkew                                     true

**INFO: setDesignMode -flowEffort standard -> setting 'setOptMode -allEndPoints true' for the duration of this command.
Disable merging buffers from different footprints for postRoute code for non-MSV designs
Need call spDPlaceInit before registerPrioInstLoc.
Switching SI Aware to true by default in postroute mode   
AAE_INFO: switching -siAware from false to true ...
AAE_INFO: The setting is changed from false to true in setDelayCalMode -SIAware
**WARN: (IMPOPT-665):	clk : Net has unplaced terms or is connected to uplaced instances in design. 
Type 'man IMPOPT-665' for more detail.
**WARN: (IMPOPT-665):	rst : Net has unplaced terms or is connected to uplaced instances in design. 
Type 'man IMPOPT-665' for more detail.
**WARN: (IMPOPT-665):	rx : Net has unplaced terms or is connected to uplaced instances in design. 
Type 'man IMPOPT-665' for more detail.
**WARN: (IMPOPT-665):	tx : Net has unplaced terms or is connected to uplaced instances in design. 
Type 'man IMPOPT-665' for more detail.
**WARN: (IMPOPT-7320):	Glitch fixing is enabled but glitch report is disabled. Glitch reporting can be enabled using command setSIMode -enable_glitch_report true
**optDesign ... cpu = 0:00:01, real = 0:00:01, mem = 1669.3M, totSessionCpu=0:03:14 **
Existing Dirty Nets : 0
New Signature Flow (optDesignCheckOptions) ....
#Taking db snapshot
#Taking db snapshot ... done
Begin checking placement ... (start mem=1833.7M, init mem=1833.7M)
*info: Placed = 7012           (Fixed = 3)
*info: Unplaced = 0           
Placement Density:43.90%(41406/94310)
Placement Density (including fixed std cells):43.90%(41406/94310)
Finished checkPlace (total: cpu=0:00:00.0, real=0:00:00.0; vio checks: cpu=0:00:00.0, real=0:00:00.0; mem=1833.7M)
**WARN: (IMPEXT-3493):	The design extraction status has been reset by set_analysis_view/update_rc_corner or setExtractRCMode  command. The parasitic data can be regenerated either by extracting the design using the extractRC command or by loading the SPEF or RCDB file(s). To prevent resetting of the extraction status, avoid changing extraction modes.
Type 'man IMPEXT-3493' for more detail.
 Initial DC engine is -> aae
 
 AAE-Opt:: Current number of nets in RC Memory -> 100 K
 
 
 AAE-Opt:: New number of nets in RC Memory -> 100 K
 
Reset EOS DB
Ignoring AAE DB Resetting ...
 Set Options for AAE Based Opt flow 
*** optDesign -postRoute ***
DRC Margin: user margin 0.0; extra margin 0
Setup Target Slack: user slack 0
Hold Target Slack: user slack 0
**INFO: The delay profiles based on paritioning incorrect, turning off vt filtering
Opt: RC extraction mode changed to 'detail'
*** InitOpt #1 [finish] (optDesign #1) : cpu/real = 0:00:01.2/0:00:01.2 (1.0), totSession cpu/real = 0:03:14.3/0:03:21.0 (1.0), mem = 1833.7M
** INFO : this run is activating 'postRoute' automaton
**INFO: flowCheckPoint #1 InitialSummary
Extraction called for design 'coprocessor' of instances=7012 and nets=7053 using extraction engine 'postRoute' at effort level 'low' .
**WARN: (IMPEXT-3530):	The process node is not set. Use the command setDesignMode -process <process node> prior to extraction for maximum accuracy and optimal automatic threshold setting.
Type 'man IMPEXT-3530' for more detail.
PostRoute (effortLevel low) RC Extraction called for design coprocessor.
RC Extraction called in multi-corner(1) mode.
**WARN: (IMPEXT-6197):	The Cap table file is not specified. This will result in lower parasitic accuracy when using preRoute extraction or postRoute extraction with effort level 'low'. It is recommended to generate the Cap table file using the 'generateCapTbl' command and specify it before extraction using 'create_rc_corner/update_rc_corner -cap_table'.
Type 'man IMPEXT-6197' for more detail.
**WARN: (IMPEXT-3032):	Because the cap table file was not provided, it will be created internally with the following process info:
* Layer Id             : 1 - M1
      Thickness        : 0.1
      Min Width        : 0.17
      Layer Dielectric : 4.1
* Layer Id             : 2 - M2
      Thickness        : 0.35
      Min Width        : 0.14
      Layer Dielectric : 4.1
* Layer Id             : 3 - M3
      Thickness        : 0.35
      Min Width        : 0.14
      Layer Dielectric : 4.1
* Layer Id             : 4 - M4
      Thickness        : 0.8
      Min Width        : 0.3
      Layer Dielectric : 4.1
* Layer Id             : 5 - M5
      Thickness        : 0.8
      Min Width        : 0.3
      Layer Dielectric : 4.1
* Layer Id             : 6 - M6
      Thickness        : 1.2
      Min Width        : 1.6
      Layer Dielectric : 4.1
extractDetailRC Option : -outfile /tmp/innovus_temp_2235990_vlsiece24.iitr.ac.in_root_AACdM0/coprocessor_2235990_i7Xu8M.rcdb.d  -basic
RC Mode: PostRoute -effortLevel low [Basic CapTable, LEF Resistances]
      RC Corner Indexes            0   
Capacitance Scaling Factor   : 1.00000 
Coupling Cap. Scaling Factor : 1.00000 
Resistance Scaling Factor    : 1.00000 
Clock Cap. Scaling Factor    : 1.00000 
Clock Res. Scaling Factor    : 1.00000 
Shrink Factor                : 1.00000
Initializing multi-corner resistance tables ...
Checking LVS Completed (CPU Time= 0:00:00.0  MEM= 1833.7M)
Extracted 10.0024% (CPU Time= 0:00:00.1  MEM= 1881.7M)
Extracted 20.0023% (CPU Time= 0:00:00.1  MEM= 1881.7M)
Extracted 30.0021% (CPU Time= 0:00:00.1  MEM= 1881.7M)
Extracted 40.002% (CPU Time= 0:00:00.1  MEM= 1881.7M)
Extracted 50.0019% (CPU Time= 0:00:00.1  MEM= 1881.7M)
Extracted 60.0018% (CPU Time= 0:00:00.2  MEM= 1881.7M)
Extracted 70.0016% (CPU Time= 0:00:00.2  MEM= 1881.7M)
Extracted 80.0015% (CPU Time= 0:00:00.2  MEM= 1881.7M)
Extracted 90.0014% (CPU Time= 0:00:00.3  MEM= 1881.7M)
Extracted 100% (CPU Time= 0:00:00.3  MEM= 1885.7M)
Number of Extracted Resistors     : 126142
Number of Extracted Ground Cap.   : 132683
Number of Extracted Coupling Cap. : 302012
Filtering XCap in 'relativeOnly' mode using values relative_c_threshold=0.03 and total_c_threshold=5fF.
Checking LVS Completed (CPU Time= 0:00:00.0  MEM= 1861.7M)
PostRoute (effortLevel low) RC Extraction DONE (CPU Time: 0:00:00.7  Real Time: 0:00:01.0  MEM: 1861.730M)
Initializing multi-corner resistance tables ...
AAE DB initialization (MEM=1899.89 CPU=0:00:00.0 REAL=0:00:00.0) 
*** BuildHoldData #1 [begin] (optDesign #1) : totSession cpu/real = 0:03:15.0/0:03:22.1 (1.0), mem = 1899.9M
AAE_INFO: switching -siAware from true to false ...
AAE_INFO: The setting is changed from true to false in setDelayCalMode -SIAware
Starting delay calculation for Hold views
AAE_INFO: opIsDesignInPostRouteState() is 1
#################################################################################
# Design Stage: PostRoute
# Design Name: coprocessor
# Design Mode: 90nm
# Analysis Mode: MMMC OCV 
# Parasitics Mode: SPEF/RCDB 
# Signoff Settings: SI Off 
#################################################################################
Start delay calculation (fullDC) (1 T). (MEM=1897.89)
Total number of fetched objects 7046
End delay calculation. (MEM=1969.93 CPU=0:00:00.6 REAL=0:00:01.0)
End delay calculation (fullDC). (MEM=1969.93 CPU=0:00:00.7 REAL=0:00:01.0)
*** Done Building Timing Graph (cpu=0:00:00.8 real=0:00:01.0 totSessionCpu=0:03:16 mem=1969.9M)
Done building cte hold timing graph (HoldAware) cpu=0:00:01.0 real=0:00:01.0 totSessionCpu=0:03:16 mem=1969.9M ***
AAE_INFO: switching -siAware from false to true ...
AAE_INFO: The setting is changed from false to true in setDelayCalMode -SIAware
Starting delay calculation for Setup views
AAE_INFO: opIsDesignInPostRouteState() is 1
AAE_INFO: resetNetProps viewIdx 0 
Starting SI iteration 1 using Infinite Timing Windows
#################################################################################
# Design Stage: PostRoute
# Design Name: coprocessor
# Design Mode: 90nm
# Analysis Mode: MMMC OCV 
# Parasitics Mode: SPEF/RCDB 
# Signoff Settings: SI On 
#################################################################################
AAE_INFO: 1 threads acquired from CTE.
Start delay calculation (fullDC) (1 T). (MEM=1957.46)
Total number of fetched objects 7046
AAE_INFO-618: Total number of nets in the design is 7053,  99.9 percent of the nets selected for SI analysis
End delay calculation. (MEM=1953.81 CPU=0:00:01.2 REAL=0:00:01.0)
End delay calculation (fullDC). (MEM=1953.81 CPU=0:00:01.3 REAL=0:00:01.0)
Loading CTE timing window with TwFlowType 0...(CPU = 0:00:00.0, REAL = 0:00:00.0, MEM = 1961.8M)
Add other clocks and setupCteToAAEClockMapping during iter 1
Loading CTE timing window is completed (CPU = 0:00:00.0, REAL = 0:00:00.0, MEM = 1961.8M)

Executing IPO callback for view pruning ..
Starting SI iteration 2
Start delay calculation (fullDC) (1 T). (MEM=1897.93)
Glitch Analysis: View VIEW_TYP -- Total Number of Nets Skipped = 0. 
Glitch Analysis: View VIEW_TYP -- Total Number of Nets Analyzed = 7046. 
Total number of fetched objects 7046
AAE_INFO-618: Total number of nets in the design is 7053,  31.8 percent of the nets selected for SI analysis
End delay calculation. (MEM=1942.62 CPU=0:00:01.3 REAL=0:00:01.0)
End delay calculation (fullDC). (MEM=1942.62 CPU=0:00:01.3 REAL=0:00:01.0)
*** Done Building Timing Graph (cpu=0:00:03.1 real=0:00:04.0 totSessionCpu=0:03:19 mem=1950.6M)

------------------------------------------------------------------
     Initial SI Timing Summary
------------------------------------------------------------------

Setup views included:
 VIEW_TYP 

+--------------------+---------+---------+---------+
|     Setup mode     |   all   | reg2reg | default |
+--------------------+---------+---------+---------+
|           WNS (ns):| -2.212  | -2.212  |  6.679  |
|           TNS (ns):| -32.075 | -32.075 |  0.000  |
|    Violating Paths:|   17    |   17    |    0    |
|          All Paths:|   345   |   224   |   121   |
+--------------------+---------+---------+---------+

+----------------+-------------------------------+------------------+
|                |              Real             |       Total      |
|    DRVs        +------------------+------------+------------------|
|                |  Nr nets(terms)  | Worst Vio  |  Nr nets(terms)  |
+----------------+------------------+------------+------------------+
|   max_cap      |      0 (0)       |   0.000    |      0 (0)       |
|   max_tran     |      2 (20)      |   -0.530   |      2 (20)      |
|   max_fanout   |      0 (0)       |     0      |      0 (0)       |
|   max_length   |      0 (0)       |     0      |      0 (0)       |
+----------------+------------------+------------+------------------+

Density: 43.904%
------------------------------------------------------------------
*** BuildHoldData #1 [finish] (optDesign #1) : cpu/real = 0:00:04.5/0:00:04.6 (1.0), totSession cpu/real = 0:03:19.5/0:03:26.6 (1.0), mem = 1965.9M
**optDesign ... cpu = 0:00:06, real = 0:00:07, mem = 1707.3M, totSessionCpu=0:03:20 **
OPTC: m1 20.0 20.0
Setting latch borrow mode to budget during optimization.
Info: Done creating the CCOpt slew target map.
**INFO: flowCheckPoint #2 OptimizationPass1
Glitch fixing enabled
*** ClockDrv #1 [begin] (optDesign #1) : totSession cpu/real = 0:03:19.7/0:03:26.8 (1.0), mem = 1922.9M
Running CCOpt-PRO on entire clock network
Net route status summary:
  Clock:         4 (unrouted=1, trialRouted=0, noStatus=0, routed=3, fixed=0, [crossesIlmBoundary=0, tooFewTerms=0, (crossesIlmBoundary AND tooFewTerms=0)])
  Non-clock:  7049 (unrouted=12, trialRouted=0, noStatus=0, routed=7037, fixed=0, [crossesIlmBoundary=0, tooFewTerms=9, (crossesIlmBoundary AND tooFewTerms=0)])
**WARN: (IMPCCOPT-2199):	Aborting ccopt_pro: Not enough clocktree routes routed (3 routed out of 4 total).
**ERROR: ccopt_pro failed, refer to earlier error messages.
ERROR: '' while running ccopt_pro
*** ClockDrv #1 [finish] (optDesign #1) : cpu/real = 0:00:00.0/0:00:00.0 (0.3), totSession cpu/real = 0:03:19.7/0:03:26.8 (1.0), mem = 1922.9M
**INFO: Start fixing DRV (Mem = 1922.88M) ...
Begin: GigaOpt DRV Optimization
Glitch fixing enabled
*** DrvOpt #1 [begin] (optDesign #1) : totSession cpu/real = 0:03:19.7/0:03:26.8 (1.0), mem = 1922.9M
Info: 4 clock nets excluded from IPO operation.
DRV pessimism of 2.00% is used for tran, 2.00% for cap, 2.00% for fanout, on top of margin 0.00%
+---------------------------------------------------------------------------------------------------------------------------------------------------------------------+
|        max-tran       |        max-cap        |  max-fanout |  max-length |    glitch   |       setup       |        |        |        |       |          |         |
+---------------------------------------------------------------------------------------------------------------------------------------------------------------------+
| nets | terms|  wViol  | nets | terms|  wViol  | nets | terms| nets | terms| nets | terms|   WNS   |   TNS   |  #Buf  |  #Inv  | #Resize|Density|   Real   |   Mem   |
+---------------------------------------------------------------------------------------------------------------------------------------------------------------------+
|     2|    20|    -0.56|     0|     0|     0.00|     0|     0|     0|     0|     0|     0|    -2.21|   -32.08|       0|       0|       0| 43.90%|          |         |
|     1|    10|    -0.41|     0|     0|     0.00|     0|     0|     0|     0|     0|     0|    -1.60|   -22.90|       2|       0|       2| 43.93%| 0:00:00.0|  2101.0M|
|     0|     0|     0.00|     0|     0|     0.00|     0|     0|     0|     0|     0|     0|    -1.60|   -22.90|       1|       0|       0| 43.93%| 0:00:01.0|  2104.5M|
|     0|     0|     0.00|     0|     0|     0.00|     0|     0|     0|     0|     0|     0|    -1.60|   -22.90|       0|       0|       0| 43.93%| 0:00:00.0|  2104.5M|
+---------------------------------------------------------------------------------------------------------------------------------------------------------------------+
Bottom Preferred Layer:
+-------------+------------+----------+
|    Layer    |    CLK     |   Rule   |
+-------------+------------+----------+
| met2 (z=3)  |          4 | default  |
+-------------+------------+----------+
Via Pillar Rule:
    None

*** Finish DRV Fixing (cpu=0:00:00.7 real=0:00:01.0 mem=2104.5M) ***

*** DrvOpt #1 [finish] (optDesign #1) : cpu/real = 0:00:01.8/0:00:01.8 (1.0), totSession cpu/real = 0:03:21.5/0:03:28.6 (1.0), mem = 2021.5M
**INFO: Skipping refine place as no non-legal commits were detected
End: GigaOpt DRV Optimization
**optDesign ... cpu = 0:00:08, real = 0:00:09, mem = 1781.8M, totSessionCpu=0:03:21 **
*info:
**INFO: Completed fixing DRV (CPU Time = 0:00:02, Mem = 2021.46M).

------------------------------------------------------------------
     SI Timing Summary (cpu=0.03min real=0.03min mem=2021.5M)
------------------------------------------------------------------

Setup views included:
 VIEW_TYP 

+--------------------+---------+---------+---------+
|     Setup mode     |   all   | reg2reg | default |
+--------------------+---------+---------+---------+
|           WNS (ns):| -1.601  | -1.601  |  6.679  |
|           TNS (ns):| -22.902 | -22.902 |  0.000  |
|    Violating Paths:|   17    |   17    |    0    |
|          All Paths:|   345   |   224   |   121   |
+--------------------+---------+---------+---------+

+----------------+-------------------------------+------------------+
|                |              Real             |       Total      |
|    DRVs        +------------------+------------+------------------|
|                |  Nr nets(terms)  | Worst Vio  |  Nr nets(terms)  |
+----------------+------------------+------------+------------------+
|   max_cap      |      0 (0)       |   0.000    |      0 (0)       |
|   max_tran     |      0 (0)       |   0.000    |      0 (0)       |
|   max_fanout   |      0 (0)       |     0      |      0 (0)       |
|   max_length   |      0 (0)       |     0      |      0 (0)       |
+----------------+------------------+------------+------------------+

Density: 43.933%
------------------------------------------------------------------
**optDesign ... cpu = 0:00:08, real = 0:00:09, mem = 1781.0M, totSessionCpu=0:03:22 **
*** Timing NOT met, worst failing slack is -1.601
*** Check timing (0:00:00.0)
Begin: GigaOpt Optimization in WNS mode
Info: 4 clock nets excluded from IPO operation.
*** WnsOpt #1 [begin] (optDesign #1) : totSession cpu/real = 0:03:21.6/0:03:28.8 (1.0), mem = 2059.8M
*info: 4 clock nets excluded
*info: 7 no-driver nets excluded.
** GigaOpt Optimizer WNS Slack -1.601 TNS Slack -22.902 Density 43.93
OptDebug: Start of Optimizer WNS Pass 0:
+----------+------+-------+
|Path Group|   WNS|    TNS|
+----------+------+-------+
|default   | 6.679|  0.000|
|reg2reg   |-1.601|-22.902|
|HEPG      |-1.601|-22.902|
|All Paths |-1.601|-22.902|
+----------+------+-------+

Active Path Group: reg2reg  
+--------+---------+--------+---------+---------+------------+--------+----------+---------+--------------------------------------------------+
|  WNS   | All WNS |  TNS   | All TNS | Density |    Real    |  Mem   |Worst View|Pathgroup|                    End Point                     |
+--------+---------+--------+---------+---------+------------+--------+----------+---------+--------------------------------------------------+
|  -1.601|   -1.601| -22.902|  -22.902|   43.93%|   0:00:00.0| 2083.9M|  VIEW_TYP|  reg2reg| result_r_reg[2]/D                                |
|  -1.498|   -1.498| -21.365|  -21.365|   43.94%|   0:00:00.0| 2110.5M|  VIEW_TYP|  reg2reg| result_r_reg[2]/D                                |
|  -1.389|   -1.389| -19.729|  -19.729|   43.95%|   0:00:00.0| 2110.5M|  VIEW_TYP|  reg2reg| result_r_reg[2]/D                                |
|  -1.324|   -1.324| -18.746|  -18.746|   43.96%|   0:00:00.0| 2110.5M|  VIEW_TYP|  reg2reg| result_r_reg[2]/D                                |
|  -1.290|   -1.290| -18.265|  -18.265|   43.97%|   0:00:00.0| 2110.5M|  VIEW_TYP|  reg2reg| result_r_reg[3]/D                                |
|  -1.259|   -1.259| -17.910|  -17.910|   43.97%|   0:00:00.0| 2110.5M|  VIEW_TYP|  reg2reg| result_r_reg[12]/D                               |
|  -1.201|   -1.201| -17.141|  -17.141|   44.01%|   0:00:01.0| 2110.5M|  VIEW_TYP|  reg2reg| result_r_reg[3]/D                                |
|  -1.170|   -1.170| -16.419|  -16.419|   44.06%|   0:00:00.0| 2131.5M|  VIEW_TYP|  reg2reg| result_r_reg[3]/D                                |
|  -1.123|   -1.123| -15.728|  -15.728|   44.08%|   0:00:00.0| 2131.5M|  VIEW_TYP|  reg2reg| result_r_reg[3]/D                                |
|  -1.080|   -1.080| -15.069|  -15.069|   44.09%|   0:00:00.0| 2131.5M|  VIEW_TYP|  reg2reg| result_r_reg[3]/D                                |
|  -1.015|   -1.015| -14.069|  -14.069|   44.17%|   0:00:00.0| 2142.1M|  VIEW_TYP|  reg2reg| result_r_reg[3]/D                                |
|  -0.993|   -0.993| -14.396|  -14.396|   44.18%|   0:00:01.0| 2145.6M|  VIEW_TYP|  reg2reg| result_r_reg[3]/D                                |
|  -0.961|   -0.961| -14.231|  -14.231|   44.21%|   0:00:00.0| 2145.6M|  VIEW_TYP|  reg2reg| result_r_reg[3]/D                                |
|  -0.915|   -0.915| -13.548|  -13.548|   44.26%|   0:00:00.0| 2145.6M|  VIEW_TYP|  reg2reg| result_r_reg[3]/D                                |
|  -0.882|   -0.882| -13.051|  -13.051|   44.31%|   0:00:00.0| 2145.6M|  VIEW_TYP|  reg2reg| result_r_reg[3]/D                                |
|  -0.864|   -0.864| -12.620|  -12.620|   44.36%|   0:00:01.0| 2145.6M|  VIEW_TYP|  reg2reg| result_r_reg[3]/D                                |
|  -0.823|   -0.823| -11.965|  -11.965|   44.39%|   0:00:00.0| 2145.6M|  VIEW_TYP|  reg2reg| result_r_reg[3]/D                                |
|  -0.808|   -0.808| -11.866|  -11.866|   44.41%|   0:00:00.0| 2145.6M|  VIEW_TYP|  reg2reg| result_r_reg[3]/D                                |
|  -0.760|   -0.760| -11.137|  -11.137|   44.41%|   0:00:00.0| 2145.6M|  VIEW_TYP|  reg2reg| result_r_reg[3]/D                                |
|  -0.747|   -0.747| -10.929|  -10.929|   44.43%|   0:00:00.0| 2145.6M|  VIEW_TYP|  reg2reg| result_r_reg[3]/D                                |
|  -0.716|   -0.716| -10.436|  -10.436|   44.45%|   0:00:00.0| 2145.6M|  VIEW_TYP|  reg2reg| result_r_reg[3]/D                                |
|  -0.673|   -0.673| -10.024|  -10.024|   44.55%|   0:00:01.0| 2148.1M|  VIEW_TYP|  reg2reg| result_r_reg[12]/D                               |
|  -0.640|   -0.640|  -9.484|   -9.484|   44.58%|   0:00:00.0| 2149.6M|  VIEW_TYP|  reg2reg| result_r_reg[12]/D                               |
|  -0.609|   -0.609|  -9.022|   -9.022|   44.61%|   0:00:00.0| 2149.6M|  VIEW_TYP|  reg2reg| result_r_reg[12]/D                               |
|  -0.580|   -0.580|  -8.579|   -8.579|   44.67%|   0:00:01.0| 2149.6M|  VIEW_TYP|  reg2reg| result_r_reg[12]/D                               |
|  -0.553|   -0.553|  -8.173|   -8.173|   44.70%|   0:00:00.0| 2149.6M|  VIEW_TYP|  reg2reg| result_r_reg[12]/D                               |
|  -0.531|   -0.531|  -7.865|   -7.865|   44.76%|   0:00:00.0| 2149.6M|  VIEW_TYP|  reg2reg| result_r_reg[12]/D                               |
|  -0.504|   -0.504|  -7.448|   -7.448|   44.85%|   0:00:01.0| 2149.6M|  VIEW_TYP|  reg2reg| result_r_reg[12]/D                               |
|  -0.493|   -0.493|  -7.261|   -7.261|   44.91%|   0:00:00.0| 2149.6M|  VIEW_TYP|  reg2reg| result_r_reg[12]/D                               |
|  -0.462|   -0.462|  -6.273|   -6.273|   44.93%|   0:00:00.0| 2149.6M|  VIEW_TYP|  reg2reg| result_r_reg[12]/D                               |
|  -0.455|   -0.455|  -6.182|   -6.182|   44.98%|   0:00:01.0| 2149.6M|  VIEW_TYP|  reg2reg| result_r_reg[12]/D                               |
|  -0.448|   -0.448|  -6.072|   -6.072|   45.01%|   0:00:00.0| 2149.6M|  VIEW_TYP|  reg2reg| result_r_reg[12]/D                               |
|  -0.428|   -0.428|  -6.150|   -6.150|   45.04%|   0:00:00.0| 2149.6M|  VIEW_TYP|  reg2reg| result_r_reg[12]/D                               |
|  -0.424|   -0.424|  -6.112|   -6.112|   45.10%|   0:00:01.0| 2149.6M|  VIEW_TYP|  reg2reg| result_r_reg[12]/D                               |
|  -0.396|   -0.396|  -5.594|   -5.594|   45.19%|   0:00:01.0| 2149.6M|  VIEW_TYP|  reg2reg| result_r_reg[12]/D                               |
|  -0.386|   -0.386|  -5.791|   -5.791|   45.25%|   0:00:00.0| 2149.6M|  VIEW_TYP|  reg2reg| result_r_reg[12]/D                               |
|  -0.376|   -0.376|  -5.519|   -5.519|   45.31%|   0:00:01.0| 2149.6M|  VIEW_TYP|  reg2reg| result_r_reg[12]/D                               |
|  -0.362|   -0.362|  -5.418|   -5.418|   45.34%|   0:00:00.0| 2149.6M|  VIEW_TYP|  reg2reg| result_r_reg[12]/D                               |
|  -0.352|   -0.352|  -5.161|   -5.161|   45.44%|   0:00:00.0| 2149.6M|  VIEW_TYP|  reg2reg| result_r_reg[12]/D                               |
|  -0.327|   -0.327|  -4.732|   -4.732|   45.49%|   0:00:01.0| 2168.7M|  VIEW_TYP|  reg2reg| result_r_reg[12]/D                               |
|  -0.319|   -0.319|  -4.152|   -4.152|   45.66%|   0:00:03.0| 2180.2M|  VIEW_TYP|  reg2reg| result_r_reg[12]/D                               |
|  -0.296|   -0.296|  -3.851|   -3.851|   45.72%|   0:00:01.0| 2180.2M|  VIEW_TYP|  reg2reg| result_r_reg[12]/D                               |
|  -0.278|   -0.278|  -3.620|   -3.620|   45.83%|   0:00:01.0| 2199.3M|  VIEW_TYP|  reg2reg| result_r_reg[12]/D                               |
|  -0.273|   -0.273|  -3.561|   -3.561|   45.98%|   0:00:01.0| 2199.3M|  VIEW_TYP|  reg2reg| result_r_reg[12]/D                               |
|  -0.243|   -0.243|  -3.321|   -3.321|   46.05%|   0:00:01.0| 2199.3M|  VIEW_TYP|  reg2reg| result_r_reg[12]/D                               |
|  -0.243|   -0.243|  -3.269|   -3.269|   46.19%|   0:00:01.0| 2199.3M|  VIEW_TYP|  reg2reg| result_r_reg[12]/D                               |
|  -0.231|   -0.231|  -2.993|   -2.993|   46.26%|   0:00:00.0| 2199.3M|  VIEW_TYP|  reg2reg| result_r_reg[12]/D                               |
|  -0.210|   -0.210|  -2.659|   -2.659|   46.34%|   0:00:02.0| 2199.3M|  VIEW_TYP|  reg2reg| result_r_reg[12]/D                               |
|  -0.199|   -0.199|  -2.519|   -2.519|   46.44%|   0:00:01.0| 2199.3M|  VIEW_TYP|  reg2reg| result_r_reg[12]/D                               |
|  -0.185|   -0.185|  -2.338|   -2.338|   46.57%|   0:00:01.0| 2199.3M|  VIEW_TYP|  reg2reg| result_r_reg[12]/D                               |
|  -0.164|   -0.164|  -2.089|   -2.089|   46.67%|   0:00:01.0| 2199.3M|  VIEW_TYP|  reg2reg| result_r_reg[12]/D                               |
|  -0.148|   -0.148|  -1.635|   -1.635|   46.76%|   0:00:00.0| 2199.3M|  VIEW_TYP|  reg2reg| result_r_reg[12]/D                               |
|  -0.134|   -0.134|  -1.456|   -1.456|   46.81%|   0:00:01.0| 2199.3M|  VIEW_TYP|  reg2reg| result_r_reg[12]/D                               |
|  -0.113|   -0.113|  -1.151|   -1.151|   46.85%|   0:00:01.0| 2199.3M|  VIEW_TYP|  reg2reg| result_r_reg[12]/D                               |
|  -0.098|   -0.098|  -0.987|   -0.987|   47.01%|   0:00:02.0| 2199.3M|  VIEW_TYP|  reg2reg| result_r_reg[12]/D                               |
|  -0.093|   -0.093|  -0.890|   -0.890|   47.07%|   0:00:01.0| 2199.3M|  VIEW_TYP|  reg2reg| result_r_reg[12]/D                               |
|  -0.093|   -0.093|  -0.880|   -0.880|   47.12%|   0:00:00.0| 2199.3M|  VIEW_TYP|  reg2reg| result_r_reg[12]/D                               |
|  -0.088|   -0.088|  -0.700|   -0.700|   47.92%|   0:00:08.0| 2168.8M|  VIEW_TYP|  reg2reg| result_r_reg[12]/D                               |
|  -0.088|   -0.088|  -0.699|   -0.699|   47.93%|   0:00:00.0| 2168.8M|  VIEW_TYP|  reg2reg| result_r_reg[12]/D                               |
|  -0.088|   -0.088|  -0.698|   -0.698|   47.93%|   0:00:00.0| 2168.8M|  VIEW_TYP|  reg2reg| result_r_reg[12]/D                               |
|  -0.088|   -0.088|  -0.627|   -0.627|   48.33%|   0:00:03.0| 2170.4M|  VIEW_TYP|  reg2reg| result_r_reg[12]/D                               |
|  -0.088|   -0.088|  -0.613|   -0.613|   48.50%|   0:00:02.0| 2170.4M|  VIEW_TYP|  reg2reg| result_r_reg[12]/D                               |
|  -0.088|   -0.088|  -0.613|   -0.613|   48.50%|   0:00:00.0| 2170.4M|  VIEW_TYP|  reg2reg| result_r_reg[12]/D                               |
+--------+---------+--------+---------+---------+------------+--------+----------+---------+--------------------------------------------------+
+--------+---------+--------+---------+---------+------------+--------+----------+---------+--------------------------------------------------+
|  WNS   | All WNS |  TNS   | All TNS | Density |    Real    |  Mem   |Worst View|Pathgroup|                    End Point                     |
+--------+---------+--------+---------+---------+------------+--------+----------+---------+--------------------------------------------------+
|  -0.088|   -0.088|  -0.613|   -0.613|   48.50%|   0:00:00.0| 2170.4M|  VIEW_TYP|  reg2reg| result_r_reg[12]/D                               |
|  -0.088|   -0.088|  -0.611|   -0.611|   48.54%|   0:00:00.0| 2171.9M|  VIEW_TYP|  reg2reg| result_r_reg[12]/D                               |
|  -0.088|   -0.088|  -0.611|   -0.611|   48.55%|   0:00:00.0| 2171.9M|  VIEW_TYP|  reg2reg| result_r_reg[12]/D                               |
+--------+---------+--------+---------+---------+------------+--------+----------+---------+--------------------------------------------------+

*** Finish Core Optimize Step (cpu=0:00:42.1 real=0:00:42.0 mem=2171.9M) ***

*** Finished Optimize Step Cumulative (cpu=0:00:42.1 real=0:00:42.0 mem=2171.9M) ***
OptDebug: End of Optimizer WNS Pass 0:
+----------+------+------+
|Path Group|   WNS|   TNS|
+----------+------+------+
|default   | 6.679| 0.000|
|reg2reg   |-0.088|-0.611|
|HEPG      |-0.088|-0.611|
|All Paths |-0.088|-0.611|
+----------+------+------+

** GigaOpt Optimizer WNS Slack -0.088 TNS Slack -0.611 Density 48.55
Update Timing Windows (Threshold 0.043) ...
Re Calculate Delays on 738 Nets
Active Path Group: reg2reg  
+--------+---------+--------+---------+---------+------------+--------+----------+---------+--------------------------------------------------+
|  WNS   | All WNS |  TNS   | All TNS | Density |    Real    |  Mem   |Worst View|Pathgroup|                    End Point                     |
+--------+---------+--------+---------+---------+------------+--------+----------+---------+--------------------------------------------------+
|  -0.094|   -0.094|  -0.698|   -0.698|   48.55%|   0:00:00.0| 2171.9M|  VIEW_TYP|  reg2reg| result_r_reg[12]/D                               |
|  -0.061|   -0.061|  -0.287|   -0.287|   48.87%|   0:00:05.0| 2171.9M|  VIEW_TYP|  reg2reg| result_r_reg[12]/D                               |
|  -0.053|   -0.053|  -0.210|   -0.210|   48.87%|   0:00:00.0| 2171.9M|  VIEW_TYP|  reg2reg| result_r_reg[12]/D                               |
|  -0.040|   -0.040|  -0.111|   -0.111|   48.88%|   0:00:00.0| 2171.9M|  VIEW_TYP|  reg2reg| result_r_reg[12]/D                               |
|  -0.040|   -0.040|  -0.107|   -0.107|   48.94%|   0:00:01.0| 2173.4M|  VIEW_TYP|  reg2reg| result_r_reg[12]/D                               |
|  -0.028|   -0.028|  -0.059|   -0.059|   48.95%|   0:00:00.0| 2173.4M|  VIEW_TYP|  reg2reg| result_r_reg[12]/D                               |
|  -0.008|   -0.008|  -0.014|   -0.014|   48.96%|   0:00:02.0| 2173.4M|  VIEW_TYP|  reg2reg| result_r_reg[12]/D                               |
|  -0.003|   -0.003|  -0.003|   -0.003|   49.00%|   0:00:01.0| 2173.4M|  VIEW_TYP|  reg2reg| result_r_reg[12]/D                               |
|  -0.002|   -0.002|  -0.002|   -0.002|   49.00%|   0:00:00.0| 2173.4M|  VIEW_TYP|  reg2reg| result_r_reg[12]/D                               |
|   0.000|    0.001|   0.000|    0.000|   49.00%|   0:00:00.0| 2173.4M|        NA|       NA| NA                                               |
|   0.000|    0.001|   0.000|    0.000|   49.00%|   0:00:00.0| 2173.4M|  VIEW_TYP|       NA| NA                                               |
+--------+---------+--------+---------+---------+------------+--------+----------+---------+--------------------------------------------------+

*** Finish Core Optimize Step (cpu=0:00:09.4 real=0:00:09.0 mem=2173.4M) ***

*** Finished Optimize Step Cumulative (cpu=0:00:09.4 real=0:00:09.0 mem=2173.4M) ***
OptDebug: End of Setup Fixing:
+----------+-----+-----+
|Path Group|  WNS|  TNS|
+----------+-----+-----+
|default   |6.679|0.000|
|reg2reg   |0.001|0.000|
|HEPG      |0.001|0.000|
|All Paths |0.001|0.000|
+----------+-----+-----+

Bottom Preferred Layer:
+-------------+------------+----------+
|    Layer    |    CLK     |   Rule   |
+-------------+------------+----------+
| met2 (z=3)  |          4 | default  |
+-------------+------------+----------+
Via Pillar Rule:
    None

*** Finish Post Route Setup Fixing (cpu=0:00:52.0 real=0:00:52.0 mem=2173.4M) ***
*** WnsOpt #1 [finish] (optDesign #1) : cpu/real = 0:00:53.1/0:00:53.3 (1.0), totSession cpu/real = 0:04:14.7/0:04:22.0 (1.0), mem = 2063.3M
Running refinePlace -preserveRouting true -hardFence false
*** Starting refinePlace (0:04:15 mem=2063.3M) ***
**WARN: (IMPSP-5140):	Global net connect rules have not been created. Added  insts would have no supply connectivity, and would fail DRC.
Type 'man IMPSP-5140' for more detail.
**WARN: (IMPSP-315):	Found 7322 instances insts with no PG Term connections.
Type 'man IMPSP-315' for more detail.
Move report: Detail placement moves 656 insts, mean move: 0.99 um, max move: 5.94 um 
	Max move on inst (g121664): (194.12, 72.42) --> (197.34, 69.70)
	Runtime: CPU: 0:00:00.1 REAL: 0:00:00.0 MEM: 2063.3MB
Summary Report:
Instances move: 656 (out of 7319 movable)
Instances flipped: 0
Mean displacement: 0.99 um
Max displacement: 5.94 um (Instance: g121664) (194.12, 72.42) -> (197.34, 69.7)
	Length: 3 sites, height: 1 rows, site name: unithd, cell type: sky130_fd_sc_hd__nor2_1
Runtime: CPU: 0:00:00.1 REAL: 0:00:00.0 MEM: 2063.3MB
*** Finished refinePlace (0:04:15 mem=2063.3M) ***
End: GigaOpt Optimization in WNS mode
Skipping post route harden opt
GigaOpt: target slack met, skip TNS optimization
**INFO: flowCheckPoint #3 OptimizationPreEco
Running postRoute recovery in preEcoRoute mode
**optDesign ... cpu = 0:01:03, real = 0:01:03, mem = 1821.3M, totSessionCpu=0:04:16 **
Checking DRV degradation...
**INFO: Skipping DRV recovery as drv did not degrade beyond margin
Finish postRoute recovery in preEcoRoute mode (cpu=0:00:00, real=0:00:00, mem=2065.48M, totSessionCpu=0:04:16).
**optDesign ... cpu = 0:01:03, real = 0:01:03, mem = 1821.3M, totSessionCpu=0:04:16 **

Skipping pre eco harden opt
**INFO: Skipping refine place as design is in placed state
Default Rule : ""
Non Default Rules :
Worst Slack : 0.001 ns

Start Layer Assignment ...
WNS(0.001ns) Target(0.000ns) MaxAssign(0%) MaxCong(20%) MinLen(100um) MinCap(0.050pf) layerBucket(2)

Select 3 cadidates out of 7363.
Total Assign Layers on 0 Nets (cpu 0:00:00.0).
GigaOpt: setting up router preferences
GigaOpt: 118 nets assigned router directives

Start Assign Priority Nets ...
TargetSlk(0.200ns) MaxAssign(3%) minLen(50um)
Existing Priority Nets 0 (0.0%)
Total Assign Priority Nets 220 (3.0%)

Set Prefer Layer Routing Effort ...
Total Net(7363) IPOed(664) PreferLayer(0) -> MediumEffort(0)

Default Rule : ""
Non Default Rules :
Worst Slack : 0.001 ns

Start Layer Assignment ...
WNS(0.001ns) Target(0.000ns) MaxAssign(0%) MaxCong(20%) MinLen(100um) MinCap(0.050pf) layerBucket(2)

Select 3 cadidates out of 7363.
Total Assign Layers on 0 Nets (cpu 0:00:00.1).
GigaOpt: setting up router preferences
GigaOpt: 0 nets assigned router directives

Start Assign Priority Nets ...
TargetSlk(0.200ns) MaxAssign(3%) minLen(50um)
Existing Priority Nets 0 (0.0%)
Total Assign Priority Nets 220 (3.0%)

------------------------------------------------------------------
        Pre-ecoRoute Summary
------------------------------------------------------------------

Setup views included:
 VIEW_TYP 

+--------------------+---------+---------+---------+
|     Setup mode     |   all   | reg2reg | default |
+--------------------+---------+---------+---------+
|           WNS (ns):|  0.001  |  0.001  |  6.679  |
|           TNS (ns):|  0.000  |  0.000  |  0.000  |
|    Violating Paths:|    0    |    0    |    0    |
|          All Paths:|   345   |   224   |   121   |
+--------------------+---------+---------+---------+

+----------------+-------------------------------+------------------+
|                |              Real             |       Total      |
|    DRVs        +------------------+------------+------------------|
|                |  Nr nets(terms)  | Worst Vio  |  Nr nets(terms)  |
+----------------+------------------+------------+------------------+
|   max_cap      |      0 (0)       |   0.000    |      0 (0)       |
|   max_tran     |      0 (0)       |   0.000    |      0 (0)       |
|   max_fanout   |      0 (0)       |     0      |      0 (0)       |
|   max_length   |      0 (0)       |     0      |      0 (0)       |
+----------------+------------------+------------+------------------+

Density: 49.002%
------------------------------------------------------------------
**optDesign ... cpu = 0:01:03, real = 0:01:04, mem = 1766.1M, totSessionCpu=0:04:16 **
**INFO: flowCheckPoint #4 GlobalDetailRoute
-routeWithEco false                       # bool, default=false
-routeSelectedNetOnly false               # bool, default=false
-routeWithTimingDriven false              # bool, default=false
-routeWithSiDriven false                  # bool, default=false
Existing Dirty Nets : 664
New Signature Flow (saveAndSetNanoRouteOptions) ....
Reset Dirty Nets : 664
*** EcoRoute #1 [begin] (optDesign #1) : totSession cpu/real = 0:04:16.2/0:04:23.5 (1.0), mem = 2005.9M

globalDetailRoute

#Start globalDetailRoute on Thu Sep 24 16:21:04 2026
#
#Invoke dbWirePreImport deleteTR=1 convert_unrouted=0 selected_only=0 (nr_selected_net=0)
#num needed restored net=0
#need_extraction net=0 (total=7363)
#NanoRoute Version 21.15-s110_1 NR220912-2004/21_15-UB
#Skip comparing routing design signature in db-snapshot flow
#Total number of trivial nets (e.g. < 2 pins) = 13 (skipped).
#Total number of routable nets = 7350.
#Total number of nets in the design = 7363.
#2166 routable nets do not have any wires.
#5184 routable nets have routed wires.
#2166 nets will be global routed.
#76 global routed or unrouted (routable) nets have been constrained (e.g. have preferred extra spacing, require shielding etc.)
#45 detail routed (routable) nets have been constrained (e.g. have preferred extra spacing, require shielding etc.)
#Start routing data preparation on Thu Sep 24 16:21:04 2026
#
#Minimum voltage of a net in the design = 0.000.
#Maximum voltage of a net in the design = 1.800.
#Voltage range [0.000 - 1.800] has 7363 nets.
#Build and mark too close pins for the same net.
#Initial pin access analysis.
#Detail pin access analysis.
# li1          V   Track-Pitch = 0.4600    Line-2-Via Pitch = 0.3400
# met1         H   Track-Pitch = 0.3400    Line-2-Via Pitch = 0.3250
# met2         V   Track-Pitch = 0.4600    Line-2-Via Pitch = 0.3400
# met3         H   Track-Pitch = 0.6100    Line-2-Via Pitch = 0.6100
# met4         V   Track-Pitch = 0.6900    Line-2-Via Pitch = 0.6150
# met5         H   Track-Pitch = 3.6600    Line-2-Via Pitch = 3.2000
#Processed 2250/0 dirty instances, 1002/252 dirty terms, 0/0 dirty fterms, 0/0 dirty pgterms, 0/0 misc dirty regions(1449 insts marked dirty, reset pre-exisiting dirty flag on 1459 insts, 0 nets marked need extraction)
#cpu time = 00:00:00, elapsed time = 00:00:00, memory = 1759.21 (MB), peak = 1886.60 (MB)
#Regenerating Ggrids automatically.
#Auto generating G-grids with size=15 tracks, using layer met2's pitch = 0.4600.
#Using automatically generated G-grids.
#(check_and_prepare_match_target_file) no match_target_file in constraint. quit
#Done routing data preparation.
#cpu time = 00:00:00, elapsed time = 00:00:00, memory = 1761.86 (MB), peak = 1886.60 (MB)
#Found 0 nets for post-route si or timing fixing.
#
#Finished routing data preparation on Thu Sep 24 16:21:04 2026
#
#Cpu time = 00:00:00
#Elapsed time = 00:00:00
#Increased memory = 7.46 (MB)
#Total memory = 1761.86 (MB)
#Peak memory = 1886.60 (MB)
#
#
#Start global routing on Thu Sep 24 16:21:04 2026
#
#
#Start global routing initialization on Thu Sep 24 16:21:04 2026
#
#Number of eco nets is 2162
#
#Start global routing data preparation on Thu Sep 24 16:21:04 2026
#
#Start routing resource analysis on Thu Sep 24 16:21:04 2026
#
#Routing resource analysis is done on Thu Sep 24 16:21:04 2026
#
#  Resource Analysis:
#
#               Routing  #Avail      #Track     #Total     %Gcell
#  Layer      Direction   Track     Blocked      Gcell    Blocked
#  --------------------------------------------------------------
#  li1            V         212         505        2256    49.47%
#  met1           H         459         497        2256     0.00%
#  met2           V         451         266        2256     0.00%
#  met3           H         383         134        2256     0.00%
#  met4           V         405          72        2256     0.00%
#  met5           H          79           9        2256     0.80%
#  --------------------------------------------------------------
#  Total                   1990      35.11%       13536     8.38%
#
#  122 nets (1.66%) with 1 preferred extra spacing.
#
#
#
#Global routing data preparation is done on Thu Sep 24 16:21:04 2026
#
#cpu time = 00:00:00, elapsed time = 00:00:00, memory = 1762.11 (MB), peak = 1886.60 (MB)
#
#
#Global routing initialization is done on Thu Sep 24 16:21:04 2026
#
#cpu time = 00:00:00, elapsed time = 00:00:00, memory = 1762.11 (MB), peak = 1886.60 (MB)
#
#start global routing iteration 1...
#cpu time = 00:00:00, elapsed time = 00:00:00, memory = 1762.37 (MB), peak = 1886.60 (MB)
#
#start global routing iteration 2...
#cpu time = 00:00:00, elapsed time = 00:00:00, memory = 1762.37 (MB), peak = 1886.60 (MB)
#
#
#Total number of trivial nets (e.g. < 2 pins) = 13 (skipped).
#Total number of routable nets = 7350.
#Total number of nets in the design = 7363.
#
#7350 routable nets have routed wires.
#76 global routed or unrouted (routable) nets have been constrained (e.g. have preferred extra spacing, require shielding etc.)
#45 detail routed (routable) nets have been constrained (e.g. have preferred extra spacing, require shielding etc.)
#
#Routed nets constraints summary:
#------------------------------------------------
#        Rules   Pref Extra Space   Unconstrained  
#------------------------------------------------
#      Default                 76            2090  
#------------------------------------------------
#        Total                 76            2090  
#------------------------------------------------
#
#Routing constraints summary of the whole design:
#------------------------------------------------
#        Rules   Pref Extra Space   Unconstrained  
#------------------------------------------------
#      Default                121            7229  
#------------------------------------------------
#        Total                121            7229  
#------------------------------------------------
#
#
#  Congestion Analysis: (blocked Gcells are excluded)
#
#                 OverCon          
#                  #Gcell    %Gcell
#     Layer           (1)   OverCon
#  --------------------------------
#  li1           3(0.20%)   (0.20%)
#  met1          2(0.09%)   (0.09%)
#  met2          0(0.00%)   (0.00%)
#  met3          0(0.00%)   (0.00%)
#  met4          0(0.00%)   (0.00%)
#  met5          0(0.00%)   (0.00%)
#  --------------------------------
#     Total      5(0.04%)   (0.04%)
#
#  The worst congested Gcell overcon (routing demand over resource in number of tracks) = 1
#  Overflow after GR: 0.02% H + 0.02% V
#
#Complete Global Routing.
#Total number of nets with non-default rule or having extra spacing = 122
#Total wire length = 248354 um.
#Total half perimeter of net bounding box = 209441 um.
#Total wire length on LAYER li1 = 14534 um.
#Total wire length on LAYER met1 = 76687 um.
#Total wire length on LAYER met2 = 81893 um.
#Total wire length on LAYER met3 = 37938 um.
#Total wire length on LAYER met4 = 31747 um.
#Total wire length on LAYER met5 = 5555 um.
#Total number of vias = 45608
#Up-Via Summary (total 45608):
#           
#-----------------------
# li1             22796
# met1            17414
# met2             3124
# met3             2026
# met4              248
#-----------------------
#                 45608 
#
#Total number of involved priority nets 1
#Maximum src to sink distance for priority net 70.7
#Average of max src_to_sink distance for priority net 70.7
#Average of ave src_to_sink distance for priority net 44.5
#Max overcon = 1 tracks.
#Total overcon = 0.04%.
#Worst layer Gcell overcon rate = 0.00%.
#
#Global routing statistics:
#Cpu time = 00:00:00
#Elapsed time = 00:00:00
#Increased memory = 0.56 (MB)
#Total memory = 1762.41 (MB)
#Peak memory = 1886.60 (MB)
#
#Finished global routing on Thu Sep 24 16:21:05 2026
#
#
#cpu time = 00:00:00, elapsed time = 00:00:00, memory = 1762.11 (MB), peak = 1886.60 (MB)
#Start Track Assignment.
#Done with 351 horizontal wires in 2 hboxes and 188 vertical wires in 2 hboxes.
#Done with 39 horizontal wires in 2 hboxes and 15 vertical wires in 2 hboxes.
#Complete Track Assignment.
#Total number of nets with non-default rule or having extra spacing = 122
#Total wire length = 248527 um.
#Total half perimeter of net bounding box = 209441 um.
#Total wire length on LAYER li1 = 14532 um.
#Total wire length on LAYER met1 = 76768 um.
#Total wire length on LAYER met2 = 81985 um.
#Total wire length on LAYER met3 = 37941 um.
#Total wire length on LAYER met4 = 31747 um.
#Total wire length on LAYER met5 = 5555 um.
#Total number of vias = 45608
#Up-Via Summary (total 45608):
#           
#-----------------------
# li1             22796
# met1            17414
# met2             3124
# met3             2026
# met4              248
#-----------------------
#                 45608 
#
#cpu time = 00:00:00, elapsed time = 00:00:00, memory = 1761.68 (MB), peak = 1886.60 (MB)
#
#number of short segments in preferred routing layers
#	
#	
#
#Routing data preparation, pin analysis, global routing and track assignment statistics:
#Cpu time = 00:00:01
#Elapsed time = 00:00:01
#Increased memory = 7.28 (MB)
#Total memory = 1761.68 (MB)
#Peak memory = 1886.60 (MB)
#
#Start Detail Routing..
#start initial detail routing ...
# ECO: 6.2% of the total area was rechecked for DRC, and 85.9% required routing.
#   number of violations = 204
#
#    By Layer and Type :
#	         MetSpc    Short     Loop      Mar   Totals
#	li1           0        5        0        0        5
#	met1          9       76        0        0       85
#	met2         12       51        2        0       65
#	met3         33        7        0        1       41
#	met4          1        7        0        0        8
#	Totals       55      146        2        1      204
#1449 out of 7322 instances (19.8%) need to be verified(marked ipoed), dirty area = 14.1%.
#0.0% of the total area is being checked for drcs
#0.0% of the total area was checked
#   number of violations = 204
#
#    By Layer and Type :
#	         MetSpc    Short     Loop      Mar   Totals
#	li1           0        5        0        0        5
#	met1          9       76        0        0       85
#	met2         12       51        2        0       65
#	met3         33        7        0        1       41
#	met4          1        7        0        0        8
#	Totals       55      146        2        1      204
#cpu time = 00:00:11, elapsed time = 00:00:11, memory = 1760.41 (MB), peak = 1886.60 (MB)
#start 1st optimization iteration ...
#   number of violations = 12
#
#    By Layer and Type :
#	         MetSpc    Short   Totals
#	li1           0        1        1
#	met1          0        6        6
#	met2          0        3        3
#	met3          1        0        1
#	met4          0        1        1
#	Totals        1       11       12
#    number of process antenna violations = 6
#cpu time = 00:00:04, elapsed time = 00:00:04, memory = 1759.95 (MB), peak = 1886.60 (MB)
#start 2nd optimization iteration ...
#   number of violations = 2
#
#    By Layer and Type :
#	          Short   Totals
#	li1           1        1
#	met1          1        1
#	Totals        2        2
#cpu time = 00:00:00, elapsed time = 00:00:00, memory = 1759.96 (MB), peak = 1886.60 (MB)
#start 3rd optimization iteration ...
#   number of violations = 1
#
#    By Layer and Type :
#	          Short   Totals
#	li1           1        1
#	Totals        1        1
#cpu time = 00:00:00, elapsed time = 00:00:00, memory = 1761.62 (MB), peak = 1886.60 (MB)
#start 4th optimization iteration ...
#   number of violations = 1
#
#    By Layer and Type :
#	          Short   Totals
#	li1           1        1
#	Totals        1        1
#cpu time = 00:00:00, elapsed time = 00:00:00, memory = 1760.83 (MB), peak = 1886.60 (MB)
#start 5th optimization iteration ...
#   number of violations = 0
#cpu time = 00:00:00, elapsed time = 00:00:00, memory = 1760.25 (MB), peak = 1886.60 (MB)
#Complete Detail Routing.
#Total number of nets with non-default rule or having extra spacing = 122
#Total wire length = 252546 um.
#Total half perimeter of net bounding box = 209441 um.
#Total wire length on LAYER li1 = 13347 um.
#Total wire length on LAYER met1 = 77332 um.
#Total wire length on LAYER met2 = 84081 um.
#Total wire length on LAYER met3 = 39279 um.
#Total wire length on LAYER met4 = 32742 um.
#Total wire length on LAYER met5 = 5766 um.
#Total number of vias = 50710
#Up-Via Summary (total 50710):
#           
#-----------------------
# li1             24334
# met1            19980
# met2             3752
# met3             2367
# met4              277
#-----------------------
#                 50710 
#
#Total number of DRC violations = 0
#Cpu time = 00:00:16
#Elapsed time = 00:00:16
#Increased memory = -1.42 (MB)
#Total memory = 1760.25 (MB)
#Peak memory = 1886.60 (MB)
#
#start routing for process antenna violation fix ...
#cpu time = 00:00:00, elapsed time = 00:00:00, memory = 1760.87 (MB), peak = 1886.60 (MB)
#
#Total number of nets with non-default rule or having extra spacing = 122
#Total wire length = 252548 um.
#Total half perimeter of net bounding box = 209441 um.
#Total wire length on LAYER li1 = 13347 um.
#Total wire length on LAYER met1 = 77331 um.
#Total wire length on LAYER met2 = 84082 um.
#Total wire length on LAYER met3 = 39276 um.
#Total wire length on LAYER met4 = 32747 um.
#Total wire length on LAYER met5 = 5766 um.
#Total number of vias = 50726
#Up-Via Summary (total 50726):
#           
#-----------------------
# li1             24334
# met1            19984
# met2             3752
# met3             2379
# met4              277
#-----------------------
#                 50726 
#
#Total number of DRC violations = 0
#Total number of process antenna violations = 0
#Total number of net violated process antenna rule = 0
#
#
#Total number of nets with non-default rule or having extra spacing = 122
#Total wire length = 252548 um.
#Total half perimeter of net bounding box = 209441 um.
#Total wire length on LAYER li1 = 13347 um.
#Total wire length on LAYER met1 = 77331 um.
#Total wire length on LAYER met2 = 84082 um.
#Total wire length on LAYER met3 = 39276 um.
#Total wire length on LAYER met4 = 32747 um.
#Total wire length on LAYER met5 = 5766 um.
#Total number of vias = 50726
#Up-Via Summary (total 50726):
#           
#-----------------------
# li1             24334
# met1            19984
# met2             3752
# met3             2379
# met4              277
#-----------------------
#                 50726 
#
#Total number of DRC violations = 0
#Total number of process antenna violations = 0
#Total number of net violated process antenna rule = 0
#
#
#Start Post Route wire spreading..
#
#Start data preparation for wire spreading...
#
#Data preparation is done on Thu Sep 24 16:21:22 2026
#
#
#Start Post Route Wire Spread.
#Done with 678 horizontal wires in 3 hboxes and 960 vertical wires in 3 hboxes.
#Complete Post Route Wire Spread.
#
#Total number of nets with non-default rule or having extra spacing = 122
#Total wire length = 253131 um.
#Total half perimeter of net bounding box = 209441 um.
#Total wire length on LAYER li1 = 13382 um.
#Total wire length on LAYER met1 = 77455 um.
#Total wire length on LAYER met2 = 84322 um.
#Total wire length on LAYER met3 = 39351 um.
#Total wire length on LAYER met4 = 32848 um.
#Total wire length on LAYER met5 = 5773 um.
#Total number of vias = 50726
#Up-Via Summary (total 50726):
#           
#-----------------------
# li1             24334
# met1            19984
# met2             3752
# met3             2379
# met4              277
#-----------------------
#                 50726 
#
#   number of violations = 0
#cpu time = 00:00:01, elapsed time = 00:00:01, memory = 1761.26 (MB), peak = 1886.60 (MB)
#CELL_VIEW coprocessor,init has no DRC violation.
#Total number of DRC violations = 0
#Total number of process antenna violations = 0
#Total number of net violated process antenna rule = 0
#Post Route wire spread is done.
#Total number of nets with non-default rule or having extra spacing = 122
#Total wire length = 253131 um.
#Total half perimeter of net bounding box = 209441 um.
#Total wire length on LAYER li1 = 13382 um.
#Total wire length on LAYER met1 = 77455 um.
#Total wire length on LAYER met2 = 84322 um.
#Total wire length on LAYER met3 = 39351 um.
#Total wire length on LAYER met4 = 32848 um.
#Total wire length on LAYER met5 = 5773 um.
#Total number of vias = 50726
#Up-Via Summary (total 50726):
#           
#-----------------------
# li1             24334
# met1            19984
# met2             3752
# met3             2379
# met4              277
#-----------------------
#                 50726 
#
#detailRoute Statistics:
#Cpu time = 00:00:18
#Elapsed time = 00:00:18
#Increased memory = -0.41 (MB)
#Total memory = 1761.26 (MB)
#Peak memory = 1886.60 (MB)
#Skip updating routing design signature in db-snapshot flow
#	no debugging net set
#
#globalDetailRoute statistics:
#Cpu time = 00:00:19
#Elapsed time = 00:00:19
#Increased memory = -51.84 (MB)
#Total memory = 1714.28 (MB)
#Peak memory = 1886.60 (MB)
#Number of warnings = 0
#Total number of warnings = 6
#Number of fails = 0
#Total number of fails = 0
#Complete globalDetailRoute on Thu Sep 24 16:21:23 2026
#
*** EcoRoute #1 [finish] (optDesign #1) : cpu/real = 0:00:19.4/0:00:19.4 (1.0), totSession cpu/real = 0:04:35.6/0:04:42.9 (1.0), mem = 1954.7M
**optDesign ... cpu = 0:01:22, real = 0:01:23, mem = 1714.4M, totSessionCpu=0:04:36 **
New Signature Flow (restoreNanoRouteOptions) ....
**INFO: flowCheckPoint #5 PostEcoSummary
Extraction called for design 'coprocessor' of instances=7322 and nets=7363 using extraction engine 'postRoute' at effort level 'low' .
**WARN: (IMPEXT-3530):	The process node is not set. Use the command setDesignMode -process <process node> prior to extraction for maximum accuracy and optimal automatic threshold setting.
Type 'man IMPEXT-3530' for more detail.
PostRoute (effortLevel low) RC Extraction called for design coprocessor.
RC Extraction called in multi-corner(1) mode.
**WARN: (IMPEXT-6197):	The Cap table file is not specified. This will result in lower parasitic accuracy when using preRoute extraction or postRoute extraction with effort level 'low'. It is recommended to generate the Cap table file using the 'generateCapTbl' command and specify it before extraction using 'create_rc_corner/update_rc_corner -cap_table'.
Type 'man IMPEXT-6197' for more detail.
**WARN: (IMPEXT-3032):	Because the cap table file was not provided, it will be created internally with the following process info:
* Layer Id             : 1 - M1
      Thickness        : 0.1
      Min Width        : 0.17
      Layer Dielectric : 4.1
* Layer Id             : 2 - M2
      Thickness        : 0.35
      Min Width        : 0.14
      Layer Dielectric : 4.1
* Layer Id             : 3 - M3
      Thickness        : 0.35
      Min Width        : 0.14
      Layer Dielectric : 4.1
* Layer Id             : 4 - M4
      Thickness        : 0.8
      Min Width        : 0.3
      Layer Dielectric : 4.1
* Layer Id             : 5 - M5
      Thickness        : 0.8
      Min Width        : 0.3
      Layer Dielectric : 4.1
* Layer Id             : 6 - M6
      Thickness        : 1.2
      Min Width        : 1.6
      Layer Dielectric : 4.1
extractDetailRC Option : -outfile /tmp/innovus_temp_2235990_vlsiece24.iitr.ac.in_root_AACdM0/coprocessor_2235990_i7Xu8M.rcdb.d -maxResLength 200  -basic
RC Mode: PostRoute -effortLevel low [Basic CapTable, LEF Resistances]
      RC Corner Indexes            0   
Capacitance Scaling Factor   : 1.00000 
Coupling Cap. Scaling Factor : 1.00000 
Resistance Scaling Factor    : 1.00000 
Clock Cap. Scaling Factor    : 1.00000 
Clock Res. Scaling Factor    : 1.00000 
Shrink Factor                : 1.00000
Initializing multi-corner resistance tables ...
Checking LVS Completed (CPU Time= 0:00:00.0  MEM= 1954.7M)
Extracted 10.0022% (CPU Time= 0:00:00.1  MEM= 2010.7M)
Extracted 20.0021% (CPU Time= 0:00:00.1  MEM= 2010.7M)
Extracted 30.0019% (CPU Time= 0:00:00.1  MEM= 2010.7M)
Extracted 40.0018% (CPU Time= 0:00:00.1  MEM= 2010.7M)
Extracted 50.0017% (CPU Time= 0:00:00.2  MEM= 2010.7M)
Extracted 60.0016% (CPU Time= 0:00:00.2  MEM= 2010.7M)
Extracted 70.0015% (CPU Time= 0:00:00.2  MEM= 2010.7M)
Extracted 80.0014% (CPU Time= 0:00:00.3  MEM= 2010.7M)
Extracted 90.0013% (CPU Time= 0:00:00.3  MEM= 2010.7M)
Extracted 100% (CPU Time= 0:00:00.4  MEM= 2014.7M)
Number of Extracted Resistors     : 139027
Number of Extracted Ground Cap.   : 145716
Number of Extracted Coupling Cap. : 330280
Filtering XCap in 'relativeOnly' mode using values relative_c_threshold=0.03 and total_c_threshold=5fF.
Checking LVS Completed (CPU Time= 0:00:00.0  MEM= 1983.4M)
PostRoute (effortLevel low) RC Extraction DONE (CPU Time: 0:00:00.7  Real Time: 0:00:01.0  MEM: 1983.410M)
**optDesign ... cpu = 0:01:23, real = 0:01:24, mem = 1716.4M, totSessionCpu=0:04:36 **
Starting delay calculation for Setup views
AAE_INFO: opIsDesignInPostRouteState() is 1
AAE_INFO: resetNetProps viewIdx 0 
Starting SI iteration 1 using Infinite Timing Windows
#################################################################################
# Design Stage: PostRoute
# Design Name: coprocessor
# Design Mode: 90nm
# Analysis Mode: MMMC OCV 
# Parasitics Mode: SPEF/RCDB 
# Signoff Settings: SI On 
#################################################################################
AAE_INFO: 1 threads acquired from CTE.
Start delay calculation (fullDC) (1 T). (MEM=1947.43)
Initializing multi-corner resistance tables ...
Total number of fetched objects 7356
AAE_INFO-618: Total number of nets in the design is 7363,  99.9 percent of the nets selected for SI analysis
End delay calculation. (MEM=1974.73 CPU=0:00:01.3 REAL=0:00:02.0)
End delay calculation (fullDC). (MEM=1974.73 CPU=0:00:01.4 REAL=0:00:02.0)
Loading CTE timing window with TwFlowType 0...(CPU = 0:00:00.0, REAL = 0:00:00.0, MEM = 1982.7M)
Add other clocks and setupCteToAAEClockMapping during iter 1
Loading CTE timing window is completed (CPU = 0:00:00.0, REAL = 0:00:00.0, MEM = 1982.7M)
Starting SI iteration 2
Start delay calculation (fullDC) (1 T). (MEM=1937.85)
Glitch Analysis: View VIEW_TYP -- Total Number of Nets Skipped = 0. 
Glitch Analysis: View VIEW_TYP -- Total Number of Nets Analyzed = 7356. 
Total number of fetched objects 7356
AAE_INFO-618: Total number of nets in the design is 7363,  33.9 percent of the nets selected for SI analysis
End delay calculation. (MEM=1980.53 CPU=0:00:01.3 REAL=0:00:01.0)
End delay calculation (fullDC). (MEM=1980.53 CPU=0:00:01.3 REAL=0:00:01.0)
*** Done Building Timing Graph (cpu=0:00:03.4 real=0:00:03.0 totSessionCpu=0:04:40 mem=1988.5M)

------------------------------------------------------------------
       Post-ecoRoute Summary
------------------------------------------------------------------

Setup views included:
 VIEW_TYP 

+--------------------+---------+---------+---------+
|     Setup mode     |   all   | reg2reg | default |
+--------------------+---------+---------+---------+
|           WNS (ns):| -0.168  | -0.168  |  6.679  |
|           TNS (ns):| -1.667  | -1.667  |  0.000  |
|    Violating Paths:|   16    |   16    |    0    |
|          All Paths:|   345   |   224   |   121   |
+--------------------+---------+---------+---------+

+----------------+-------------------------------+------------------+
|                |              Real             |       Total      |
|    DRVs        +------------------+------------+------------------|
|                |  Nr nets(terms)  | Worst Vio  |  Nr nets(terms)  |
+----------------+------------------+------------+------------------+
|   max_cap      |      0 (0)       |   0.000    |      0 (0)       |
|   max_tran     |      0 (0)       |   0.000    |      0 (0)       |
|   max_fanout   |      0 (0)       |     0      |      0 (0)       |
|   max_length   |      0 (0)       |     0      |      0 (0)       |
+----------------+------------------+------------+------------------+

Density: 49.002%
------------------------------------------------------------------
**optDesign ... cpu = 0:01:27, real = 0:01:28, mem = 1759.8M, totSessionCpu=0:04:40 **
Executing marking Critical Nets1
**INFO: flowCheckPoint #6 OptimizationRecovery
*** Timing NOT met, worst failing slack is -0.168
*** Check timing (0:00:00.0)
Begin: GigaOpt Optimization in post-eco TNS mode (Recovery)
Info: 4 clock nets excluded from IPO operation.
*** TnsOpt #1 [begin] (optDesign #1) : totSession cpu/real = 0:04:39.8/0:04:47.5 (1.0), mem = 1990.5M
*info: 4 clock nets excluded
*info: 7 no-driver nets excluded.
** GigaOpt Optimizer WNS Slack -0.168 TNS Slack -1.667 Density 49.00
OptDebug: Start of Optimizer TNS Pass:
+----------+------+------+
|Path Group|   WNS|   TNS|
+----------+------+------+
|default   | 6.679| 0.000|
|reg2reg   |-0.168|-1.667|
|HEPG      |-0.168|-1.667|
|All Paths |-0.168|-1.667|
+----------+------+------+

Active Path Group: reg2reg  
+--------+---------+--------+---------+---------+------------+--------+----------+---------+--------------------------------------------------+
|  WNS   | All WNS |  TNS   | All TNS | Density |    Real    |  Mem   |Worst View|Pathgroup|                    End Point                     |
+--------+---------+--------+---------+---------+------------+--------+----------+---------+--------------------------------------------------+
|  -0.168|   -0.168|  -1.667|   -1.667|   49.00%|   0:00:00.0| 2134.9M|  VIEW_TYP|  reg2reg| result_r_reg[12]/D                               |
|  -0.168|   -0.168|  -1.667|   -1.667|   49.00%|   0:00:00.0| 2134.9M|  VIEW_TYP|  reg2reg| result_r_reg[12]/D                               |
+--------+---------+--------+---------+---------+------------+--------+----------+---------+--------------------------------------------------+

*** Finish Core Optimize Step (cpu=0:00:00.1 real=0:00:00.0 mem=2134.9M) ***
Checking setup slack degradation ...

*** Finished Optimize Step Cumulative (cpu=0:00:00.1 real=0:00:00.0 mem=2134.9M) ***
OptDebug: End of Optimizer TNS Pass:
+----------+------+------+
|Path Group|   WNS|   TNS|
+----------+------+------+
|default   | 6.679| 0.000|
|reg2reg   |-0.168|-1.667|
|HEPG      |-0.168|-1.667|
|All Paths |-0.168|-1.667|
+----------+------+------+

OptDebug: End of Setup Fixing:
+----------+------+------+
|Path Group|   WNS|   TNS|
+----------+------+------+
|default   | 6.679| 0.000|
|reg2reg   |-0.168|-1.667|
|HEPG      |-0.168|-1.667|
|All Paths |-0.168|-1.667|
+----------+------+------+

Bottom Preferred Layer:
+-------------+------------+----------+
|    Layer    |    CLK     |   Rule   |
+-------------+------------+----------+
| met2 (z=3)  |          4 | default  |
+-------------+------------+----------+
Via Pillar Rule:
    None

*** Finish Post Route Setup Fixing (cpu=0:00:00.2 real=0:00:00.0 mem=2134.9M) ***
*** TnsOpt #1 [finish] (optDesign #1) : cpu/real = 0:00:00.5/0:00:00.5 (1.0), totSession cpu/real = 0:04:40.3/0:04:47.9 (1.0), mem = 2058.9M
End: GigaOpt Optimization in post-eco TNS mode
Running postRoute recovery in postEcoRoute mode
**optDesign ... cpu = 0:01:27, real = 0:01:28, mem = 1813.9M, totSessionCpu=0:04:40 **
Checking setup slack degradation ...
Checking DRV degradation...
**INFO: Skipping DRV recovery as drv did not degrade beyond margin
Begin: GigaOpt WNS recovery
Begin: GigaOpt Optimization in WNS mode (Recovery)
Info: 4 clock nets excluded from IPO operation.
*** WnsOpt #2 [begin] (optDesign #1) : totSession cpu/real = 0:04:40.4/0:04:48.0 (1.0), mem = 2097.0M
*info: 4 clock nets excluded
*info: 7 no-driver nets excluded.
** GigaOpt Optimizer WNS Slack -0.168 TNS Slack -1.667 Density 49.00
OptDebug: Start of Optimizer WNS Pass 0:
+----------+------+------+
|Path Group|   WNS|   TNS|
+----------+------+------+
|default   | 6.679| 0.000|
|reg2reg   |-0.168|-1.667|
|HEPG      |-0.168|-1.667|
|All Paths |-0.168|-1.667|
+----------+------+------+

Active Path Group: reg2reg  
+--------+---------+--------+---------+---------+------------+--------+----------+---------+--------------------------------------------------+
|  WNS   | All WNS |  TNS   | All TNS | Density |    Real    |  Mem   |Worst View|Pathgroup|                    End Point                     |
+--------+---------+--------+---------+---------+------------+--------+----------+---------+--------------------------------------------------+
|  -0.168|   -0.168|  -1.667|   -1.667|   49.00%|   0:00:00.0| 2135.2M|  VIEW_TYP|  reg2reg| result_r_reg[12]/D                               |
|  -0.092|   -0.092|  -0.811|   -0.811|   49.26%|   0:00:04.0| 2150.2M|  VIEW_TYP|  reg2reg| result_r_reg[12]/D                               |
|  -0.087|   -0.087|  -0.840|   -0.840|   49.42%|   0:00:02.0| 2150.2M|  VIEW_TYP|  reg2reg| result_r_reg[12]/D                               |
|  -0.084|   -0.084|  -0.807|   -0.807|   49.43%|   0:00:02.0| 2177.3M|  VIEW_TYP|  reg2reg| result_r_reg[12]/D                               |
|  -0.063|   -0.063|  -0.530|   -0.530|   49.49%|   0:00:00.0| 2177.3M|  VIEW_TYP|  reg2reg| result_r_reg[12]/D                               |
|  -0.053|   -0.053|  -0.355|   -0.355|   49.73%|   0:00:05.0| 2177.3M|  VIEW_TYP|  reg2reg| result_r_reg[12]/D                               |
|  -0.050|   -0.050|  -0.308|   -0.308|   49.88%|   0:00:03.0| 2177.3M|  VIEW_TYP|  reg2reg| result_r_reg[12]/D                               |
|  -0.045|   -0.045|  -0.225|   -0.225|   49.98%|   0:00:03.0| 2177.3M|  VIEW_TYP|  reg2reg| result_r_reg[12]/D                               |
|  -0.045|   -0.045|  -0.169|   -0.169|   50.04%|   0:00:01.0| 2177.3M|  VIEW_TYP|  reg2reg| result_r_reg[12]/D                               |
|  -0.045|   -0.045|  -0.169|   -0.169|   50.05%|   0:00:00.0| 2177.3M|  VIEW_TYP|  reg2reg| result_r_reg[12]/D                               |
+--------+---------+--------+---------+---------+------------+--------+----------+---------+--------------------------------------------------+

*** Finish Core Optimize Step (cpu=0:00:19.5 real=0:00:20.0 mem=2177.3M) ***
Checking setup slack degradation ...

*** Finished Optimize Step Cumulative (cpu=0:00:19.6 real=0:00:20.0 mem=2177.3M) ***
OptDebug: End of Optimizer WNS Pass 0:
+----------+------+------+
|Path Group|   WNS|   TNS|
+----------+------+------+
|default   | 6.679| 0.000|
|reg2reg   |-0.045|-0.169|
|HEPG      |-0.045|-0.169|
|All Paths |-0.045|-0.169|
+----------+------+------+

** GigaOpt Optimizer WNS Slack -0.045 TNS Slack -0.169 Density 50.05
Update Timing Windows (Threshold 0.043) ...
Re Calculate Delays on 206 Nets
OptDebug: End of Setup Fixing:
+----------+------+------+
|Path Group|   WNS|   TNS|
+----------+------+------+
|default   | 6.679| 0.000|
|reg2reg   |-0.045|-0.168|
|HEPG      |-0.045|-0.168|
|All Paths |-0.045|-0.168|
+----------+------+------+

Bottom Preferred Layer:
+-------------+------------+----------+
|    Layer    |    CLK     |   Rule   |
+-------------+------------+----------+
| met2 (z=3)  |          4 | default  |
+-------------+------------+----------+
Via Pillar Rule:
    None

*** Finish Post Route Setup Fixing (cpu=0:00:19.8 real=0:00:20.0 mem=2177.3M) ***
*** WnsOpt #2 [finish] (optDesign #1) : cpu/real = 0:00:20.0/0:00:20.1 (1.0), totSession cpu/real = 0:05:00.4/0:05:08.1 (1.0), mem = 2073.2M
Running refinePlace -preserveRouting true -hardFence false
*** Starting refinePlace (0:05:00 mem=2073.2M) ***
**WARN: (IMPSP-5140):	Global net connect rules have not been created. Added  insts would have no supply connectivity, and would fail DRC.
Type 'man IMPSP-5140' for more detail.
**WARN: (IMPSP-315):	Found 7354 instances insts with no PG Term connections.
Type 'man IMPSP-315' for more detail.
Move report: Detail placement moves 355 insts, mean move: 0.81 um, max move: 4.10 um 
	Max move on inst (FE_OFC1784_n_15120): (183.08, 99.62) --> (181.70, 102.34)
	Runtime: CPU: 0:00:00.1 REAL: 0:00:00.0 MEM: 2073.2MB
Summary Report:
Instances move: 355 (out of 7351 movable)
Instances flipped: 0
Mean displacement: 0.81 um
Max displacement: 4.10 um (Instance: FE_OFC1784_n_15120) (183.08, 99.62) -> (181.7, 102.34)
	Length: 6 sites, height: 1 rows, site name: unithd, cell type: sky130_fd_sc_hd__buf_4
Runtime: CPU: 0:00:00.1 REAL: 0:00:00.0 MEM: 2073.2MB
*** Finished refinePlace (0:05:01 mem=2073.2M) ***
End: GigaOpt Optimization in WNS mode
End: GigaOpt WNS recovery
Running post route harden opt
Begin: GigaOpt harden opt (Recovery)
Info: 4 clock nets excluded from IPO operation.
*** HardenOpt #1 [begin] (optDesign #1) : totSession cpu/real = 0:05:00.6/0:05:08.3 (1.0), mem = 2073.2M
*info: 4 clock nets excluded
*info: 7 no-driver nets excluded.
Active Path Group: reg2reg  
+--------+---------+--------+---------+---------+------------+--------+----------+---------+--------------------------------------------------+
|  WNS   | All WNS |  TNS   | All TNS | Density |    Real    |  Mem   |Worst View|Pathgroup|                    End Point                     |
+--------+---------+--------+---------+---------+------------+--------+----------+---------+--------------------------------------------------+
|  -0.045|   -0.045|  -0.168|   -0.168|   50.05%|   0:00:00.0| 2132.5M|  VIEW_TYP|  reg2reg| result_r_reg[12]/D                               |
+--------+---------+--------+---------+---------+------------+--------+----------+---------+--------------------------------------------------+

*** Finish post-Route Optimize Step (cpu=0:00:14.8 real=0:00:14.0 mem=2166.2M) ***

*** Finish post-Route Setup Fixing (cpu=0:00:14.8 real=0:00:14.0 mem=2166.2M) ***
Bottom Preferred Layer:
+-------------+------------+----------+
|    Layer    |    CLK     |   Rule   |
+-------------+------------+----------+
| met2 (z=3)  |          4 | default  |
+-------------+------------+----------+
Via Pillar Rule:
    None
*** HardenOpt #1 [finish] (optDesign #1) : cpu/real = 0:00:15.1/0:00:15.1 (1.0), totSession cpu/real = 0:05:15.7/0:05:23.4 (1.0), mem = 2074.1M
**INFO: Skipping refine place as no non-legal commits were detected
End: GigaOpt harden opt
GigaOpt: Skipping TNS recovery
Skipping pre eco harden opt
Running refinePlace -preserveRouting true -hardFence false
*** Starting refinePlace (0:05:16 mem=2074.1M) ***
**WARN: (IMPSP-5140):	Global net connect rules have not been created. Added  insts would have no supply connectivity, and would fail DRC.
Type 'man IMPSP-5140' for more detail.
**WARN: (IMPSP-315):	Found 7463 instances insts with no PG Term connections.
Type 'man IMPSP-315' for more detail.
Move report: Detail placement moves 0 insts, mean move: 0.00 um, max move: 0.00 um 
	Runtime: CPU: 0:00:00.1 REAL: 0:00:01.0 MEM: 2075.2MB
Summary Report:
Instances move: 0 (out of 7460 movable)
Instances flipped: 0
Mean displacement: 0.00 um
Max displacement: 0.00 um 
Runtime: CPU: 0:00:00.1 REAL: 0:00:01.0 MEM: 2075.2MB
*** Finished refinePlace (0:05:16 mem=2075.2M) ***
Default Rule : ""
Non Default Rules :
Worst Slack : -0.043 ns

Start Assign Priority Nets ...
TargetSlk(0.200ns) MaxAssign(3%) minLen(50um)
Existing Priority Nets 0 (0.0%)
Total Assign Priority Nets 225 (3.0%)

Set Prefer Layer Routing Effort ...
Total Net(7504) IPOed(216) PreferLayer(0) -> MediumEffort(0)

Default Rule : ""
Non Default Rules :
Worst Slack : -0.043 ns

Start Assign Priority Nets ...
TargetSlk(0.200ns) MaxAssign(3%) minLen(50um)
Existing Priority Nets 0 (0.0%)
Total Assign Priority Nets 225 (3.0%)

------------------------------------------------------------------
     Pre-ecoRoute Summary (Recovery)
------------------------------------------------------------------

Setup views included:
 VIEW_TYP 

+--------------------+---------+---------+---------+
|     Setup mode     |   all   | reg2reg | default |
+--------------------+---------+---------+---------+
|           WNS (ns):| -0.043  | -0.043  |  6.679  |
|           TNS (ns):| -0.149  | -0.149  |  0.000  |
|    Violating Paths:|    8    |    8    |    0    |
|          All Paths:|   345   |   224   |   121   |
+--------------------+---------+---------+---------+

+----------------+-------------------------------+------------------+
|                |              Real             |       Total      |
|    DRVs        +------------------+------------+------------------|
|                |  Nr nets(terms)  | Worst Vio  |  Nr nets(terms)  |
+----------------+------------------+------------+------------------+
|   max_cap      |      0 (0)       |   0.000    |      0 (0)       |
|   max_tran     |      0 (0)       |   0.000    |      0 (0)       |
|   max_fanout   |      0 (0)       |     0      |      0 (0)       |
|   max_length   |      0 (0)       |     0      |      0 (0)       |
+----------------+------------------+------------+------------------+

Density: 51.702%
------------------------------------------------------------------
**optDesign ... cpu = 0:02:03, real = 0:02:04, mem = 1764.3M, totSessionCpu=0:05:16 **
**INFO: flowCheckPoint #7 GlobalDetailRoute
-routeWithEco false                       # bool, default=false
-routeSelectedNetOnly false               # bool, default=false
-routeWithTimingDriven false              # bool, default=false
-routeWithSiDriven false                  # bool, default=false
Existing Dirty Nets : 315
New Signature Flow (saveAndSetNanoRouteOptions) ....
Reset Dirty Nets : 315
*** EcoRoute #2 [begin] (optDesign #1) : totSession cpu/real = 0:05:16.0/0:05:23.7 (1.0), mem = 2020.5M

globalDetailRoute

#Start globalDetailRoute on Thu Sep 24 16:22:04 2026
#
#Invoke dbWirePreImport deleteTR=1 convert_unrouted=0 selected_only=0 (nr_selected_net=0)
#num needed restored net=0
#need_extraction net=0 (total=7504)
#NanoRoute Version 21.15-s110_1 NR220912-2004/21_15-UB
#Skip comparing routing design signature in db-snapshot flow
#Total number of trivial nets (e.g. < 2 pins) = 13 (skipped).
#Total number of routable nets = 7491.
#Total number of nets in the design = 7504.
#1483 routable nets do not have any wires.
#6008 routable nets have routed wires.
#1483 nets will be global routed.
#73 global routed or unrouted (routable) nets have been constrained (e.g. have preferred extra spacing, require shielding etc.)
#62 detail routed (routable) nets have been constrained (e.g. have preferred extra spacing, require shielding etc.)
#Start routing data preparation on Thu Sep 24 16:22:04 2026
#
#Minimum voltage of a net in the design = 0.000.
#Maximum voltage of a net in the design = 1.800.
#Voltage range [0.000 - 1.800] has 7504 nets.
#Build and mark too close pins for the same net.
#Initial pin access analysis.
#Detail pin access analysis.
# li1          V   Track-Pitch = 0.4600    Line-2-Via Pitch = 0.3400
# met1         H   Track-Pitch = 0.3400    Line-2-Via Pitch = 0.3250
# met2         V   Track-Pitch = 0.4600    Line-2-Via Pitch = 0.3400
# met3         H   Track-Pitch = 0.6100    Line-2-Via Pitch = 0.6100
# met4         V   Track-Pitch = 0.6900    Line-2-Via Pitch = 0.6150
# met5         H   Track-Pitch = 3.6600    Line-2-Via Pitch = 3.2000
#Processed 1339/0 dirty instances, 584/95 dirty terms, 0/0 dirty fterms, 0/0 dirty pgterms, 0/0 misc dirty regions(876 insts marked dirty, reset pre-exisiting dirty flag on 881 insts, 0 nets marked need extraction)
#cpu time = 00:00:00, elapsed time = 00:00:00, memory = 1760.52 (MB), peak = 1886.60 (MB)
#Regenerating Ggrids automatically.
#Auto generating G-grids with size=15 tracks, using layer met2's pitch = 0.4600.
#Using automatically generated G-grids.
#(check_and_prepare_match_target_file) no match_target_file in constraint. quit
#Done routing data preparation.
#cpu time = 00:00:00, elapsed time = 00:00:00, memory = 1763.09 (MB), peak = 1886.60 (MB)
#Found 0 nets for post-route si or timing fixing.
#
#Finished routing data preparation on Thu Sep 24 16:22:04 2026
#
#Cpu time = 00:00:00
#Elapsed time = 00:00:00
#Increased memory = 6.82 (MB)
#Total memory = 1763.09 (MB)
#Peak memory = 1886.60 (MB)
#
#
#Start global routing on Thu Sep 24 16:22:04 2026
#
#
#Start global routing initialization on Thu Sep 24 16:22:04 2026
#
#Number of eco nets is 1480
#
#Start global routing data preparation on Thu Sep 24 16:22:04 2026
#
#Start routing resource analysis on Thu Sep 24 16:22:04 2026
#
#Routing resource analysis is done on Thu Sep 24 16:22:04 2026
#
#  Resource Analysis:
#
#               Routing  #Avail      #Track     #Total     %Gcell
#  Layer      Direction   Track     Blocked      Gcell    Blocked
#  --------------------------------------------------------------
#  li1            V         203         514        2256    53.15%
#  met1           H         403         553        2256     0.00%
#  met2           V         385         332        2256     0.00%
#  met3           H         350         167        2256     0.00%
#  met4           V         381          96        2256     0.00%
#  met5           H          76          12        2256     0.44%
#  --------------------------------------------------------------
#  Total                   1800      40.17%       13536     8.93%
#
#  136 nets (1.81%) with 1 preferred extra spacing.
#
#
#
#Global routing data preparation is done on Thu Sep 24 16:22:04 2026
#
#cpu time = 00:00:00, elapsed time = 00:00:00, memory = 1763.35 (MB), peak = 1886.60 (MB)
#
#
#Global routing initialization is done on Thu Sep 24 16:22:04 2026
#
#cpu time = 00:00:00, elapsed time = 00:00:00, memory = 1763.35 (MB), peak = 1886.60 (MB)
#
#start global routing iteration 1...
#cpu time = 00:00:00, elapsed time = 00:00:00, memory = 1763.86 (MB), peak = 1886.60 (MB)
#
#start global routing iteration 2...
#cpu time = 00:00:00, elapsed time = 00:00:00, memory = 1763.86 (MB), peak = 1886.60 (MB)
#
#
#Total number of trivial nets (e.g. < 2 pins) = 13 (skipped).
#Total number of routable nets = 7491.
#Total number of nets in the design = 7504.
#
#7491 routable nets have routed wires.
#73 global routed or unrouted (routable) nets have been constrained (e.g. have preferred extra spacing, require shielding etc.)
#62 detail routed (routable) nets have been constrained (e.g. have preferred extra spacing, require shielding etc.)
#
#Routed nets constraints summary:
#------------------------------------------------
#        Rules   Pref Extra Space   Unconstrained  
#------------------------------------------------
#      Default                 73            1410  
#------------------------------------------------
#        Total                 73            1410  
#------------------------------------------------
#
#Routing constraints summary of the whole design:
#------------------------------------------------
#        Rules   Pref Extra Space   Unconstrained  
#------------------------------------------------
#      Default                135            7356  
#------------------------------------------------
#        Total                135            7356  
#------------------------------------------------
#
#
#  Congestion Analysis: (blocked Gcells are excluded)
#
#                 OverCon       OverCon          
#                  #Gcell        #Gcell    %Gcell
#     Layer           (1)           (2)   OverCon
#  ----------------------------------------------
#  li1           0(0.00%)      0(0.00%)   (0.00%)
#  met1         11(0.49%)      2(0.09%)   (0.58%)
#  met2          3(0.13%)      0(0.00%)   (0.13%)
#  met3          0(0.00%)      0(0.00%)   (0.00%)
#  met4          0(0.00%)      0(0.00%)   (0.00%)
#  met5          0(0.00%)      0(0.00%)   (0.00%)
#  ----------------------------------------------
#     Total     14(0.11%)      2(0.02%)   (0.13%)
#
#  The worst congested Gcell overcon (routing demand over resource in number of tracks) = 2
#  Overflow after GR: 0.10% H + 0.02% V
#
#Complete Global Routing.
#Total number of nets with non-default rule or having extra spacing = 136
#Total wire length = 253651 um.
#Total half perimeter of net bounding box = 212728 um.
#Total wire length on LAYER li1 = 13176 um.
#Total wire length on LAYER met1 = 77778 um.
#Total wire length on LAYER met2 = 84596 um.
#Total wire length on LAYER met3 = 39508 um.
#Total wire length on LAYER met4 = 32821 um.
#Total wire length on LAYER met5 = 5773 um.
#Total number of vias = 50454
#Up-Via Summary (total 50454):
#           
#-----------------------
# li1             24144
# met1            19869
# met2             3787
# met3             2377
# met4              277
#-----------------------
#                 50454 
#
#Total number of involved priority nets 1
#Maximum src to sink distance for priority net 70.7
#Average of max src_to_sink distance for priority net 70.7
#Average of ave src_to_sink distance for priority net 44.4
#Max overcon = 2 tracks.
#Total overcon = 0.13%.
#Worst layer Gcell overcon rate = 0.13%.
#
#Global routing statistics:
#Cpu time = 00:00:00
#Elapsed time = 00:00:00
#Increased memory = 0.91 (MB)
#Total memory = 1764.00 (MB)
#Peak memory = 1886.60 (MB)
#
#Finished global routing on Thu Sep 24 16:22:05 2026
#
#
#cpu time = 00:00:00, elapsed time = 00:00:00, memory = 1763.69 (MB), peak = 1886.60 (MB)
#Start Track Assignment.
#Done with 189 horizontal wires in 2 hboxes and 92 vertical wires in 2 hboxes.
#Done with 11 horizontal wires in 2 hboxes and 8 vertical wires in 2 hboxes.
#Complete Track Assignment.
#Total number of nets with non-default rule or having extra spacing = 136
#Total wire length = 253696 um.
#Total half perimeter of net bounding box = 212728 um.
#Total wire length on LAYER li1 = 13175 um.
#Total wire length on LAYER met1 = 77819 um.
#Total wire length on LAYER met2 = 84608 um.
#Total wire length on LAYER met3 = 39500 um.
#Total wire length on LAYER met4 = 32821 um.
#Total wire length on LAYER met5 = 5773 um.
#Total number of vias = 50454
#Up-Via Summary (total 50454):
#           
#-----------------------
# li1             24144
# met1            19869
# met2             3787
# met3             2377
# met4              277
#-----------------------
#                 50454 
#
#cpu time = 00:00:00, elapsed time = 00:00:00, memory = 1762.83 (MB), peak = 1886.60 (MB)
#
#number of short segments in preferred routing layers
#	
#	
#
#Routing data preparation, pin analysis, global routing and track assignment statistics:
#Cpu time = 00:00:01
#Elapsed time = 00:00:01
#Increased memory = 6.56 (MB)
#Total memory = 1762.83 (MB)
#Peak memory = 1886.60 (MB)
#
#Start Detail Routing..
#start initial detail routing ...
# ECO: 6.2% of the total area was rechecked for DRC, and 85.9% required routing.
#   number of violations = 287
#
#    By Layer and Type :
#	         MetSpc    Short     Loop   MinWid      Mar   Totals
#	li1           0        6        0        0        0        6
#	met1          7       84        2        0        0       93
#	met2         17       97        0        0        0      114
#	met3         56        9        0        0        2       67
#	met4          0        5        0        0        0        5
#	met5          1        0        0        1        0        2
#	Totals       81      201        2        1        2      287
#876 out of 7463 instances (11.7%) need to be verified(marked ipoed), dirty area = 8.6%.
#0.0% of the total area is being checked for drcs
#0.0% of the total area was checked
#   number of violations = 287
#
#    By Layer and Type :
#	         MetSpc    Short     Loop   MinWid      Mar   Totals
#	li1           0        6        0        0        0        6
#	met1          7       84        2        0        0       93
#	met2         17       97        0        0        0      114
#	met3         56        9        0        0        2       67
#	met4          0        5        0        0        0        5
#	met5          1        0        0        1        0        2
#	Totals       81      201        2        1        2      287
#cpu time = 00:00:10, elapsed time = 00:00:10, memory = 1760.97 (MB), peak = 1886.60 (MB)
#start 1st optimization iteration ...
#   number of violations = 15
#
#    By Layer and Type :
#	         MetSpc    Short   Totals
#	li1           0        0        0
#	met1          1        7        8
#	met2          1        3        4
#	met3          3        0        3
#	Totals        5       10       15
#    number of process antenna violations = 5
#cpu time = 00:00:05, elapsed time = 00:00:05, memory = 1761.20 (MB), peak = 1886.60 (MB)
#start 2nd optimization iteration ...
#   number of violations = 3
#
#    By Layer and Type :
#	         MetSpc    Short   Totals
#	li1           0        0        0
#	met1          0        0        0
#	met2          0        2        2
#	met3          0        0        0
#	met4          1        0        1
#	Totals        1        2        3
#    number of process antenna violations = 5
#cpu time = 00:00:01, elapsed time = 00:00:01, memory = 1761.11 (MB), peak = 1886.60 (MB)
#start 3rd optimization iteration ...
#   number of violations = 1
#
#    By Layer and Type :
#	          Short   Totals
#	li1           0        0
#	met1          0        0
#	met2          1        1
#	Totals        1        1
#    number of process antenna violations = 5
#cpu time = 00:00:00, elapsed time = 00:00:00, memory = 1762.73 (MB), peak = 1886.60 (MB)
#start 4th optimization iteration ...
#   number of violations = 0
#    number of process antenna violations = 5
#cpu time = 00:00:00, elapsed time = 00:00:00, memory = 1761.66 (MB), peak = 1886.60 (MB)
#Complete Detail Routing.
#Total number of nets with non-default rule or having extra spacing = 136
#Total wire length = 256032 um.
#Total half perimeter of net bounding box = 212728 um.
#Total wire length on LAYER li1 = 12596 um.
#Total wire length on LAYER met1 = 77921 um.
#Total wire length on LAYER met2 = 85371 um.
#Total wire length on LAYER met3 = 40325 um.
#Total wire length on LAYER met4 = 33910 um.
#Total wire length on LAYER met5 = 5909 um.
#Total number of vias = 53330
#Up-Via Summary (total 53330):
#           
#-----------------------
# li1             24880
# met1            21280
# met2             4126
# met3             2748
# met4              296
#-----------------------
#                 53330 
#
#Total number of DRC violations = 0
#Cpu time = 00:00:17
#Elapsed time = 00:00:17
#Increased memory = -1.17 (MB)
#Total memory = 1761.66 (MB)
#Peak memory = 1886.60 (MB)
#
#start routing for process antenna violation fix ...
#cpu time = 00:00:00, elapsed time = 00:00:00, memory = 1763.52 (MB), peak = 1886.60 (MB)
#
#Total number of nets with non-default rule or having extra spacing = 136
#Total wire length = 256035 um.
#Total half perimeter of net bounding box = 212728 um.
#Total wire length on LAYER li1 = 12596 um.
#Total wire length on LAYER met1 = 77921 um.
#Total wire length on LAYER met2 = 85371 um.
#Total wire length on LAYER met3 = 40326 um.
#Total wire length on LAYER met4 = 33913 um.
#Total wire length on LAYER met5 = 5909 um.
#Total number of vias = 53334
#Up-Via Summary (total 53334):
#           
#-----------------------
# li1             24880
# met1            21280
# met2             4126
# met3             2752
# met4              296
#-----------------------
#                 53334 
#
#Total number of DRC violations = 0
#Total number of process antenna violations = 1
#Total number of net violated process antenna rule = 1
#
#
#Total number of nets with non-default rule or having extra spacing = 136
#Total wire length = 256035 um.
#Total half perimeter of net bounding box = 212728 um.
#Total wire length on LAYER li1 = 12596 um.
#Total wire length on LAYER met1 = 77921 um.
#Total wire length on LAYER met2 = 85371 um.
#Total wire length on LAYER met3 = 40326 um.
#Total wire length on LAYER met4 = 33913 um.
#Total wire length on LAYER met5 = 5909 um.
#Total number of vias = 53334
#Up-Via Summary (total 53334):
#           
#-----------------------
# li1             24880
# met1            21280
# met2             4126
# met3             2752
# met4              296
#-----------------------
#                 53334 
#
#Total number of DRC violations = 0
#Total number of process antenna violations = 1
#Total number of net violated process antenna rule = 1
#
#detailRoute Statistics:
#Cpu time = 00:00:17
#Elapsed time = 00:00:17
#Increased memory = 0.68 (MB)
#Total memory = 1763.52 (MB)
#Peak memory = 1886.60 (MB)
#Skip updating routing design signature in db-snapshot flow
#	no debugging net set
#
#globalDetailRoute statistics:
#Cpu time = 00:00:19
#Elapsed time = 00:00:19
#Increased memory = -47.59 (MB)
#Total memory = 1716.75 (MB)
#Peak memory = 1886.60 (MB)
#Number of warnings = 0
#Total number of warnings = 6
#Number of fails = 0
#Total number of fails = 0
#Complete globalDetailRoute on Thu Sep 24 16:22:23 2026
#
*** EcoRoute #2 [finish] (optDesign #1) : cpu/real = 0:00:18.9/0:00:19.0 (1.0), totSession cpu/real = 0:05:34.9/0:05:42.7 (1.0), mem = 1966.5M
**optDesign ... cpu = 0:02:22, real = 0:02:23, mem = 1716.8M, totSessionCpu=0:05:35 **
New Signature Flow (restoreNanoRouteOptions) ....
**INFO: flowCheckPoint #8 PostEcoSummary
Extraction called for design 'coprocessor' of instances=7463 and nets=7504 using extraction engine 'postRoute' at effort level 'low' .
**WARN: (IMPEXT-3530):	The process node is not set. Use the command setDesignMode -process <process node> prior to extraction for maximum accuracy and optimal automatic threshold setting.
Type 'man IMPEXT-3530' for more detail.
PostRoute (effortLevel low) RC Extraction called for design coprocessor.
RC Extraction called in multi-corner(1) mode.
**WARN: (IMPEXT-6197):	The Cap table file is not specified. This will result in lower parasitic accuracy when using preRoute extraction or postRoute extraction with effort level 'low'. It is recommended to generate the Cap table file using the 'generateCapTbl' command and specify it before extraction using 'create_rc_corner/update_rc_corner -cap_table'.
Type 'man IMPEXT-6197' for more detail.
**WARN: (IMPEXT-3032):	Because the cap table file was not provided, it will be created internally with the following process info:
* Layer Id             : 1 - M1
      Thickness        : 0.1
      Min Width        : 0.17
      Layer Dielectric : 4.1
* Layer Id             : 2 - M2
      Thickness        : 0.35
      Min Width        : 0.14
      Layer Dielectric : 4.1
* Layer Id             : 3 - M3
      Thickness        : 0.35
      Min Width        : 0.14
      Layer Dielectric : 4.1
* Layer Id             : 4 - M4
      Thickness        : 0.8
      Min Width        : 0.3
      Layer Dielectric : 4.1
* Layer Id             : 5 - M5
      Thickness        : 0.8
      Min Width        : 0.3
      Layer Dielectric : 4.1
* Layer Id             : 6 - M6
      Thickness        : 1.2
      Min Width        : 1.6
      Layer Dielectric : 4.1
extractDetailRC Option : -outfile /tmp/innovus_temp_2235990_vlsiece24.iitr.ac.in_root_AACdM0/coprocessor_2235990_i7Xu8M.rcdb.d -maxResLength 200  -basic
RC Mode: PostRoute -effortLevel low [Basic CapTable, LEF Resistances]
      RC Corner Indexes            0   
Capacitance Scaling Factor   : 1.00000 
Coupling Cap. Scaling Factor : 1.00000 
Resistance Scaling Factor    : 1.00000 
Clock Cap. Scaling Factor    : 1.00000 
Clock Res. Scaling Factor    : 1.00000 
Shrink Factor                : 1.00000
Initializing multi-corner resistance tables ...
Checking LVS Completed (CPU Time= 0:00:00.0  MEM= 1966.5M)
Extracted 10.0012% (CPU Time= 0:00:00.1  MEM= 2022.5M)
Extracted 20.0014% (CPU Time= 0:00:00.1  MEM= 2022.5M)
Extracted 30.0015% (CPU Time= 0:00:00.1  MEM= 2022.5M)
Extracted 40.0016% (CPU Time= 0:00:00.2  MEM= 2022.5M)
Extracted 50.0017% (CPU Time= 0:00:00.2  MEM= 2022.5M)
Extracted 60.0018% (CPU Time= 0:00:00.2  MEM= 2022.5M)
Extracted 70.0019% (CPU Time= 0:00:00.3  MEM= 2022.5M)
Extracted 80.002% (CPU Time= 0:00:00.3  MEM= 2022.5M)
Extracted 90.0021% (CPU Time= 0:00:00.3  MEM= 2022.5M)
Extracted 100% (CPU Time= 0:00:00.4  MEM= 2026.5M)
Number of Extracted Resistors     : 142630
Number of Extracted Ground Cap.   : 149361
Number of Extracted Coupling Cap. : 338176
Filtering XCap in 'relativeOnly' mode using values relative_c_threshold=0.03 and total_c_threshold=5fF.
Checking LVS Completed (CPU Time= 0:00:00.0  MEM= 1995.3M)
PostRoute (effortLevel low) RC Extraction DONE (CPU Time: 0:00:00.8  Real Time: 0:00:01.0  MEM: 1995.285M)
Starting delay calculation for Setup views
AAE_INFO: opIsDesignInPostRouteState() is 1
AAE_INFO: resetNetProps viewIdx 0 
Starting SI iteration 1 using Infinite Timing Windows
#################################################################################
# Design Stage: PostRoute
# Design Name: coprocessor
# Design Mode: 90nm
# Analysis Mode: MMMC OCV 
# Parasitics Mode: SPEF/RCDB 
# Signoff Settings: SI On 
#################################################################################
AAE_INFO: 1 threads acquired from CTE.
Start delay calculation (fullDC) (1 T). (MEM=1985.29)
Initializing multi-corner resistance tables ...
Total number of fetched objects 7497
AAE_INFO-618: Total number of nets in the design is 7504,  99.9 percent of the nets selected for SI analysis
End delay calculation. (MEM=2012.59 CPU=0:00:01.3 REAL=0:00:01.0)
End delay calculation (fullDC). (MEM=2012.59 CPU=0:00:01.4 REAL=0:00:01.0)
Loading CTE timing window with TwFlowType 0...(CPU = 0:00:00.0, REAL = 0:00:00.0, MEM = 2020.6M)
Add other clocks and setupCteToAAEClockMapping during iter 1
Loading CTE timing window is completed (CPU = 0:00:00.0, REAL = 0:00:00.0, MEM = 2020.6M)
Starting SI iteration 2
Start delay calculation (fullDC) (1 T). (MEM=1953.71)
Glitch Analysis: View VIEW_TYP -- Total Number of Nets Skipped = 0. 
Glitch Analysis: View VIEW_TYP -- Total Number of Nets Analyzed = 7497. 
Total number of fetched objects 7497
AAE_INFO-618: Total number of nets in the design is 7504,  35.7 percent of the nets selected for SI analysis
End delay calculation. (MEM=1996.39 CPU=0:00:01.3 REAL=0:00:01.0)
End delay calculation (fullDC). (MEM=1996.39 CPU=0:00:01.3 REAL=0:00:01.0)
*** Done Building Timing Graph (cpu=0:00:03.4 real=0:00:03.0 totSessionCpu=0:05:39 mem=2004.4M)

------------------------------------------------------------------
     Post-ecoRoute Summary (Recovery)
------------------------------------------------------------------

Setup views included:
 VIEW_TYP 

+--------------------+---------+---------+---------+
|     Setup mode     |   all   | reg2reg | default |
+--------------------+---------+---------+---------+
|           WNS (ns):| -0.156  | -0.156  |  6.679  |
|           TNS (ns):| -1.657  | -1.657  |  0.000  |
|    Violating Paths:|   16    |   16    |    0    |
|          All Paths:|   345   |   224   |   121   |
+--------------------+---------+---------+---------+

+----------------+-------------------------------+------------------+
|                |              Real             |       Total      |
|    DRVs        +------------------+------------+------------------|
|                |  Nr nets(terms)  | Worst Vio  |  Nr nets(terms)  |
+----------------+------------------+------------+------------------+
|   max_cap      |      0 (0)       |   0.000    |      0 (0)       |
|   max_tran     |      0 (0)       |   0.000    |      0 (0)       |
|   max_fanout   |      0 (0)       |     0      |      0 (0)       |
|   max_length   |      0 (0)       |     0      |      0 (0)       |
+----------------+------------------+------------+------------------+

Density: 51.702%
------------------------------------------------------------------
**optDesign ... cpu = 0:02:26, real = 0:02:27, mem = 1767.4M, totSessionCpu=0:05:39 **
**INFO: flowCheckPoint #9 OptimizationRecovery
Running LEF-safe VT swap in recovery
Begin: GigaOpt Optimization in post-eco TNS mode (Recovery)
Info: 4 clock nets excluded from IPO operation.
*** TnsOpt #2 [begin] (optDesign #1) : totSession cpu/real = 0:05:39.3/0:05:47.3 (1.0), mem = 2006.3M
*info: 4 clock nets excluded
*info: 7 no-driver nets excluded.
** GigaOpt Optimizer WNS Slack -0.157 TNS Slack -1.657 Density 51.70
OptDebug: Start of Optimizer TNS Pass:
+----------+------+------+
|Path Group|   WNS|   TNS|
+----------+------+------+
|default   | 6.679| 0.000|
|reg2reg   |-0.157|-1.657|
|HEPG      |-0.157|-1.657|
|All Paths |-0.157|-1.657|
+----------+------+------+

Active Path Group: reg2reg  
+--------+---------+--------+---------+---------+------------+--------+----------+---------+--------------------------------------------------+
|  WNS   | All WNS |  TNS   | All TNS | Density |    Real    |  Mem   |Worst View|Pathgroup|                    End Point                     |
+--------+---------+--------+---------+---------+------------+--------+----------+---------+--------------------------------------------------+
|  -0.157|   -0.157|  -1.657|   -1.657|   51.70%|   0:00:00.0| 2148.3M|  VIEW_TYP|  reg2reg| result_r_reg[13]/D                               |
|  -0.157|   -0.157|  -1.657|   -1.657|   51.70%|   0:00:00.0| 2148.3M|  VIEW_TYP|  reg2reg| result_r_reg[13]/D                               |
+--------+---------+--------+---------+---------+------------+--------+----------+---------+--------------------------------------------------+

*** Finish Core Optimize Step (cpu=0:00:00.1 real=0:00:00.0 mem=2148.3M) ***
Checking setup slack degradation ...

*** Finished Optimize Step Cumulative (cpu=0:00:00.1 real=0:00:00.0 mem=2148.3M) ***
OptDebug: End of Optimizer TNS Pass:
+----------+------+------+
|Path Group|   WNS|   TNS|
+----------+------+------+
|default   | 6.679| 0.000|
|reg2reg   |-0.157|-1.657|
|HEPG      |-0.157|-1.657|
|All Paths |-0.157|-1.657|
+----------+------+------+

OptDebug: End of Setup Fixing:
+----------+------+------+
|Path Group|   WNS|   TNS|
+----------+------+------+
|default   | 6.679| 0.000|
|reg2reg   |-0.157|-1.657|
|HEPG      |-0.157|-1.657|
|All Paths |-0.157|-1.657|
+----------+------+------+

Bottom Preferred Layer:
+-------------+------------+----------+
|    Layer    |    CLK     |   Rule   |
+-------------+------------+----------+
| met2 (z=3)  |          4 | default  |
+-------------+------------+----------+
Via Pillar Rule:
    None

*** Finish Post Route Setup Fixing (cpu=0:00:00.2 real=0:00:00.0 mem=2148.3M) ***
*** TnsOpt #2 [finish] (optDesign #1) : cpu/real = 0:00:00.5/0:00:00.5 (1.0), totSession cpu/real = 0:05:39.7/0:05:47.8 (1.0), mem = 2074.3M
End: GigaOpt Optimization in post-eco TNS mode
Finish postRoute recovery in postEcoRoute mode (cpu=0:00:59, real=0:01:00, mem=2045.73M, totSessionCpu=0:05:40).
**optDesign ... cpu = 0:02:27, real = 0:02:28, mem = 1819.5M, totSessionCpu=0:05:40 **

Latch borrow mode reset to max_borrow
**INFO: flowCheckPoint #10 FinalSummary
Reported timing to dir ./timingReports
**optDesign ... cpu = 0:02:27, real = 0:02:28, mem = 1817.6M, totSessionCpu=0:05:40 **

------------------------------------------------------------------
     optDesign Final SI Timing Summary
------------------------------------------------------------------

Setup views included:
 VIEW_TYP 

+--------------------+---------+---------+---------+
|     Setup mode     |   all   | reg2reg | default |
+--------------------+---------+---------+---------+
|           WNS (ns):| -0.156  | -0.156  |  6.679  |
|           TNS (ns):| -1.657  | -1.657  |  0.000  |
|    Violating Paths:|   16    |   16    |    0    |
|          All Paths:|   345   |   224   |   121   |
+--------------------+---------+---------+---------+

+----------------+-------------------------------+------------------+
|                |              Real             |       Total      |
|    DRVs        +------------------+------------+------------------|
|                |  Nr nets(terms)  | Worst Vio  |  Nr nets(terms)  |
+----------------+------------------+------------+------------------+
|   max_cap      |      0 (0)       |   0.000    |      0 (0)       |
|   max_tran     |      0 (0)       |   0.000    |      0 (0)       |
|   max_fanout   |      0 (0)       |     0      |      0 (0)       |
|   max_length   |      0 (0)       |     0      |      0 (0)       |
+----------------+------------------+------------+------------------+

Density: 51.702%
------------------------------------------------------------------
**optDesign ... cpu = 0:02:27, real = 0:02:29, mem = 1820.3M, totSessionCpu=0:05:40 **
 ReSet Options after AAE Based Opt flow 
Opt: RC extraction mode changed to 'detail'
*** Finished optDesign ***
Info: Destroy the CCOpt slew target map.
*** optDesign #1 [finish] : cpu/real = 0:02:27.3/0:02:29.3 (1.0), totSession cpu/real = 0:05:40.4/0:05:49.2 (1.0), mem = 2038.0M
<CMD> saveDesign ./runB/route.enc
The in-memory database contained RC information but was not saved. To save 
the RC information, use saveDesign's -rc option. Note: Saving RC information can be quite large, 
so it should only be saved when it is really desired.
#% Begin save design ... (date=09/24 16:22:29, mem=1757.9M)
% Begin Save ccopt configuration ... (date=09/24 16:22:29, mem=1757.9M)
% End Save ccopt configuration ... (date=09/24 16:22:29, total cpu=0:00:00.0, real=0:00:00.0, peak res=1758.1M, current mem=1758.1M)
% Begin Save netlist data ... (date=09/24 16:22:29, mem=1758.1M)
Writing Binary DB to ./runB/route.enc.dat/coprocessor.v.bin in single-threaded mode...
% End Save netlist data ... (date=09/24 16:22:29, total cpu=0:00:00.0, real=0:00:00.0, peak res=1758.1M, current mem=1758.1M)
Saving symbol-table file ...
Saving congestion map file ./runB/route.enc.dat/coprocessor.route.congmap.gz ...
% Begin Save AAE data ... (date=09/24 16:22:30, mem=1758.1M)
Saving AAE Data ...
% End Save AAE data ... (date=09/24 16:22:30, total cpu=0:00:00.0, real=0:00:00.0, peak res=1758.1M, current mem=1758.1M)
Saving preference file ./runB/route.enc.dat/gui.pref.tcl ...
Saving mode setting ...
Saving global file ...
% Begin Save floorplan data ... (date=09/24 16:22:30, mem=1758.5M)
Saving floorplan file ...
% End Save floorplan data ... (date=09/24 16:22:30, total cpu=0:00:00.0, real=0:00:00.0, peak res=1758.5M, current mem=1758.5M)
Saving Drc markers ...
... 1 markers are saved ...
... 0 geometry drc markers are saved ...
... 1 antenna drc markers are saved ...
% Begin Save placement data ... (date=09/24 16:22:30, mem=1758.5M)
** Saving stdCellPlacement_binary (version# 2) ...
Save Adaptive View Pruning View Names to Binary file
% End Save placement data ... (date=09/24 16:22:30, total cpu=0:00:00.0, real=0:00:00.0, peak res=1758.5M, current mem=1758.5M)
% Begin Save routing data ... (date=09/24 16:22:30, mem=1758.5M)
Saving route file ...
*** Completed saveRoute (cpu=0:00:00.0 real=0:00:00.0 mem=1986.6M) ***
% End Save routing data ... (date=09/24 16:22:30, total cpu=0:00:00.1, real=0:00:00.0, peak res=1758.6M, current mem=1758.6M)
Saving property file ./runB/route.enc.dat/coprocessor.prop
*** Completed saveProperty (cpu=0:00:00.0 real=0:00:00.0 mem=1989.6M) ***
#Saving pin access data to file ./runB/route.enc.dat/coprocessor.apa ...
#
% Begin Save power constraints data ... (date=09/24 16:22:30, mem=1758.6M)
% End Save power constraints data ... (date=09/24 16:22:30, total cpu=0:00:00.0, real=0:00:00.0, peak res=1758.6M, current mem=1758.6M)
RC_TYP
Generated self-contained design route.enc.dat
#% End save design ... (date=09/24 16:22:31, total cpu=0:00:00.5, real=0:00:02.0, peak res=1758.9M, current mem=1758.9M)
*** Message Summary: 0 warning(s), 0 error(s)

<CMD> verify_drc -report ./runB/drc.rpt
#-check_same_via_cell true               # bool, default=false, user setting
#-report ./runB/drc.rpt                  # string, default="", user setting
 *** Starting Verify DRC (MEM: 1986.6) ***

  VERIFY DRC ...... Starting Verification
  VERIFY DRC ...... Initializing
  VERIFY DRC ...... Deleting Existing Violations
  VERIFY DRC ...... Creating Sub-Areas
  VERIFY DRC ...... Using new threading

  Verification Complete : 0 Viols.

 *** End Verify DRC (CPU: 0:00:00.8  ELAPSED TIME: 0.00  MEM: 256.1M) ***

<CMD> report_timing -path_type full_clock -late  -max_paths 10 > ./$RUN/timing_setup.rpt
<CMD> report_timing -path_type full_clock -early -max_paths 5  > ./$RUN/timing_hold.rpt
AAE_INFO: opIsDesignInPostRouteState() is 1
AAE_INFO: resetNetProps viewIdx 0 
Starting SI iteration 1 using Infinite Timing Windows
#################################################################################
# Design Stage: PostRoute
# Design Name: coprocessor
# Design Mode: 90nm
# Analysis Mode: MMMC OCV 
# Parasitics Mode: SPEF/RCDB 
# Signoff Settings: SI On 
#################################################################################
AAE_INFO: 1 threads acquired from CTE.
Start delay calculation (fullDC) (1 T). (MEM=2222.91)
Total number of fetched objects 7497
AAE_INFO-618: Total number of nets in the design is 7504,  99.9 percent of the nets selected for SI analysis
End delay calculation. (MEM=2218.52 CPU=0:00:01.3 REAL=0:00:01.0)
End delay calculation (fullDC). (MEM=2218.52 CPU=0:00:01.3 REAL=0:00:01.0)
Loading CTE timing window with TwFlowType 0...(CPU = 0:00:00.0, REAL = 0:00:00.0, MEM = 2226.5M)
Add other clocks and setupCteToAAEClockMapping during iter 1
Loading CTE timing window is completed (CPU = 0:00:00.0, REAL = 0:00:00.0, MEM = 2226.5M)
Starting SI iteration 2
Start delay calculation (fullDC) (1 T). (MEM=1968.64)
Glitch Analysis: View VIEW_TYP -- Total Number of Nets Skipped = 0. 
Glitch Analysis: View VIEW_TYP -- Total Number of Nets Analyzed = 7497. 
Total number of fetched objects 7497
AAE_INFO-618: Total number of nets in the design is 7504,  0.2 percent of the nets selected for SI analysis
End delay calculation. (MEM=2011.32 CPU=0:00:00.0 REAL=0:00:00.0)
End delay calculation (fullDC). (MEM=2011.32 CPU=0:00:00.1 REAL=0:00:00.0)
<CMD> report_area > ./runB/area.rpt
<CMD> report_power > ./runB/power.rpt
env CDS_WORKAREA is set to /home/harshit/Desktop/rtltogds6/synth/.testing_pluto/PositCoprocessor_UART/gds/innovus_workflow
Using Power View: VIEW_TYP.
AAE_INFO: opIsDesignInPostRouteState() is 1
AAE_INFO: resetNetProps viewIdx 0 
Starting SI iteration 1 using Infinite Timing Windows
#################################################################################
# Design Stage: PostRoute
# Design Name: coprocessor
# Design Mode: 90nm
# Analysis Mode: MMMC OCV 
# Parasitics Mode: SPEF/RCDB 
# Signoff Settings: SI On 
#################################################################################
AAE_INFO: 1 threads acquired from CTE.
Start delay calculation (fullDC) (1 T). (MEM=1991.59)
Total number of fetched objects 7497
AAE_INFO-618: Total number of nets in the design is 7504,  99.9 percent of the nets selected for SI analysis
End delay calculation. (MEM=2003.2 CPU=0:00:01.3 REAL=0:00:01.0)
End delay calculation (fullDC). (MEM=2003.2 CPU=0:00:01.3 REAL=0:00:01.0)
Loading CTE timing window with TwFlowType 0...(CPU = 0:00:00.0, REAL = 0:00:00.0, MEM = 2011.2M)
Add other clocks and setupCteToAAEClockMapping during iter 1
Loading CTE timing window is completed (CPU = 0:00:00.0, REAL = 0:00:00.0, MEM = 2011.2M)
Starting SI iteration 2
Start delay calculation (fullDC) (1 T). (MEM=1969.32)
Glitch Analysis: View VIEW_TYP -- Total Number of Nets Skipped = 0. 
Glitch Analysis: View VIEW_TYP -- Total Number of Nets Analyzed = 7497. 
Total number of fetched objects 7497
AAE_INFO-618: Total number of nets in the design is 7504,  35.7 percent of the nets selected for SI analysis
End delay calculation. (MEM=2012 CPU=0:00:01.3 REAL=0:00:02.0)
End delay calculation (fullDC). (MEM=2012 CPU=0:00:01.3 REAL=0:00:02.0)

Begin Power Analysis


Begin Processing Timing Library for Power Calculation

Begin Processing Timing Library for Power Calculation



Begin Processing Power Net/Grid for Power Calculation

Ended Processing Power Net/Grid for Power Calculation: (cpu=0:00:00, real=0:00:00, mem(process/total/peak)=1777.18MB/3366.14MB/1884.39MB)

Begin Processing Timing Window Data for Power Calculation

clk(113.636MHz) Ended Processing Timing Window Data for Power Calculation: (cpu=0:00:00, real=0:00:00, mem(process/total/peak)=1777.80MB/3366.14MB/1884.39MB)

Begin Processing User Attributes

Ended Processing User Attributes: (cpu=0:00:00, real=0:00:00, mem(process/total/peak)=1777.80MB/3366.14MB/1884.39MB)

Begin Processing Signal Activity


Starting Levelizing
2026-Sep-24 16:22:39 (2026-Sep-24 10:52:39 GMT)
2026-Sep-24 16:22:39 (2026-Sep-24 10:52:39 GMT): 10%
2026-Sep-24 16:22:39 (2026-Sep-24 10:52:39 GMT): 20%
2026-Sep-24 16:22:39 (2026-Sep-24 10:52:39 GMT): 30%
2026-Sep-24 16:22:39 (2026-Sep-24 10:52:39 GMT): 40%
2026-Sep-24 16:22:39 (2026-Sep-24 10:52:39 GMT): 50%
2026-Sep-24 16:22:39 (2026-Sep-24 10:52:39 GMT): 60%
2026-Sep-24 16:22:39 (2026-Sep-24 10:52:39 GMT): 70%
2026-Sep-24 16:22:39 (2026-Sep-24 10:52:39 GMT): 80%
2026-Sep-24 16:22:39 (2026-Sep-24 10:52:39 GMT): 90%

Finished Levelizing
2026-Sep-24 16:22:39 (2026-Sep-24 10:52:39 GMT)

Starting Activity Propagation
2026-Sep-24 16:22:39 (2026-Sep-24 10:52:39 GMT)
** INFO:  (VOLTUS_POWR-1356): No default input activity has been set. Defaulting to 0.2.
Use 'set_default_switching_activity -input_activity' command to change the default activity value.

2026-Sep-24 16:22:39 (2026-Sep-24 10:52:39 GMT): 10%
2026-Sep-24 16:22:39 (2026-Sep-24 10:52:39 GMT): 20%
2026-Sep-24 16:22:39 (2026-Sep-24 10:52:39 GMT): 30%

Finished Activity Propagation
2026-Sep-24 16:22:39 (2026-Sep-24 10:52:39 GMT)
Ended Processing Signal Activity: (cpu=0:00:00, real=0:00:00, mem(process/total/peak)=1778.21MB/3366.14MB/1884.39MB)

Begin Power Computation

      ----------------------------------------------------------
      # of cell(s) missing both power/leakage table: 0
      # of cell(s) missing power table: 0
      # of cell(s) missing leakage table: 0
      ----------------------------------------------------------



Starting Calculating power
2026-Sep-24 16:22:39 (2026-Sep-24 10:52:39 GMT)
 ... Calculating switching power
  Cannot locate supply power rail for net 'FE_COEN2253_n_3319' of instance
FE_COEC2253_n_3319
  Cannot locate supply power rail for net 'FE_COEN2252_FE_OFN197_n_3309' of
instance FE_COEC2252_FE_OFN197_n_3309
  Cannot locate supply power rail for net 'FE_COEN2251_n_3944' of instance
FE_COEC2251_n_3944
  Cannot locate supply power rail for net 'FE_COEN2250_n_2642' of instance
FE_COEC2250_n_2642
  Cannot locate supply power rail for net 'FE_COEN2249_n_2807' of instance
FE_COEC2249_n_2807
  only first five unconnected nets are listed...
2026-Sep-24 16:22:39 (2026-Sep-24 10:52:39 GMT): 10%
2026-Sep-24 16:22:39 (2026-Sep-24 10:52:39 GMT): 20%
2026-Sep-24 16:22:39 (2026-Sep-24 10:52:39 GMT): 30%
2026-Sep-24 16:22:39 (2026-Sep-24 10:52:39 GMT): 40%
2026-Sep-24 16:22:39 (2026-Sep-24 10:52:39 GMT): 50%
 ... Calculating internal and leakage power
2026-Sep-24 16:22:39 (2026-Sep-24 10:52:39 GMT): 60%
2026-Sep-24 16:22:40 (2026-Sep-24 10:52:40 GMT): 70%
2026-Sep-24 16:22:40 (2026-Sep-24 10:52:40 GMT): 80%
2026-Sep-24 16:22:40 (2026-Sep-24 10:52:40 GMT): 90%

Finished Calculating power
2026-Sep-24 16:22:40 (2026-Sep-24 10:52:40 GMT)
      # of MSMV cell(s) missing power_level: 0
Ended Power Computation: (cpu=0:00:00, real=0:00:00, mem(process/total/peak)=1779.71MB/3374.15MB/1884.39MB)

Begin Processing User Attributes

Ended Processing User Attributes: (cpu=0:00:00, real=0:00:00, mem(process/total/peak)=1779.71MB/3374.15MB/1884.39MB)

Ended Power Analysis: (cpu=0:00:00, real=0:00:02, mem(process/total/peak)=1779.71MB/3374.15MB/1884.39MB)

Begin Boundary Leakage Calculation
Ended Boundary Leakage Calculation: (cpu=0:00:00, real=0:00:00,
mem(process/total/peak)=1779.71MB/3374.15MB/1884.39MB)
Begin Static Power Report Generation
*----------------------------------------------------------------------------------------
*	Innovus 21.15-s110_1 (64bit) 09/23/2022 13:08 (Linux 3.10.0-693.el7.x86_64)
*	
*
* 	Date & Time:	2026-Sep-24 16:22:40 (2026-Sep-24 10:52:40 GMT)
*
*----------------------------------------------------------------------------------------
*
*	Design: coprocessor
*
*	Liberty Libraries used:
*	        VIEW_TYP: ../lib/sky130_fd_sc_hd__tt_025C_1v80.lib
*
*	Parasitic Files used:
*
*	Power Units = 1mW
*
*	Time Units = 1e-09 secs
*
*       report_power
*
-----------------------------------------------------------------------------------------
*



Total Power
-----------------------------------------------------------------------------------------
Total Internal Power:        6.32637916 	   34.0641%
Total Switching Power:      12.24555684 	   65.9357%
Total Leakage Power:         0.00002386 	    0.0001%
Total Power:                18.57195985
-----------------------------------------------------------------------------------------


Group                           Internal   Switching     Leakage       Total  Percentage 
                                Power      Power         Power         Power  (%)        
-----------------------------------------------------------------------------------------
Sequential                        0.6524      0.0631   1.523e-06      0.7155       3.852
Macro                                  0           0           0           0           0
IO                                     0           0           0           0           0
Combinational                      5.648       12.03    2.23e-05       17.67       95.16
Clock (Combinational)            0.02646      0.1567   3.423e-08      0.1831       0.986
Clock (Sequential)                     0           0           0           0           0
-----------------------------------------------------------------------------------------
Total                              6.326       12.25   2.386e-05       18.57         100
-----------------------------------------------------------------------------------------


Rail                  Voltage   Internal   Switching     Leakage       Total  Percentage 
                                Power      Power         Power         Power  (%)        
-----------------------------------------------------------------------------------------
Default                   1.8      6.326       12.25   2.386e-05       18.57         100


Clock                           Internal   Switching     Leakage       Total  Percentage 
                                Power      Power         Power         Power  (%)        
-----------------------------------------------------------------------------------------
clk                              0.02646      0.1567   3.423e-08      0.1831       0.986
-----------------------------------------------------------------------------------------
Total                            0.02646      0.1567   3.423e-08      0.1831       0.986
-----------------------------------------------------------------------------------------
Clock: clk
Clock Period: 0.008800 usec 
Clock Toggle Rate:   227.2727 Mhz 
Clock Static Probability:  0.5000
  
 
 
-----------------------------------------------------------------------------------------
*	Power Distribution Summary: 
*              Highest Average Power:       CTS_ccl_a_inv_00002 (sky130_fd_sc_hd__clkinv_16):          0.07405
*              Highest Leakage Power:                     g2008 (sky130_fd_sc_hd__a22oi_4):        2.987e-08
*                Total Cap:      1.01565e-10 F
*                Total instances in design:  7463
*                Total instances in design with no power:     0
*                Total instances in design with no activty:     0

*                Total Fillers and Decap:     0
-----------------------------------------------------------------------------------------
 
** INFO:  (VOLTUS_POWR-3465): There are 0 decaps and 0 fillers in the design

Ended Static Power Report Generation: (cpu=0:00:00, real=0:00:00,
mem(process/total/peak)=1782.06MB/3374.15MB/1884.39MB)

<CMD> summaryReport -noHtml -outfile ./runB/summary.rpt
Start to collect the design information.
Build netlist information for Cell coprocessor.
Finished collecting the design information.
Generating standard cells used in the design report.
Analyze library ... 
Analyze netlist ... 
Generate no-driven nets information report.
Analyze timing ... 
Analyze floorplan/placement ... 
Analysis Routing ...
Report saved in file ./runB/summary.rpt

*** Memory Usage v#1 (Current mem = 1952.273M, initial mem = 483.887M) ***
*** Message Summary: 128 warning(s), 3 error(s)

--- Ending "Innovus" (totcpu=0:05:48, real=0:06:02, mem=1952.3M) ---
