###############################################################
#  Generated by:      Cadence Innovus 21.15-s110_1
#  OS:                Linux x86_64(Host ID vlsiece24.iitr.ac.in)
#  Generated on:      Thu Sep 24 16:19:58 2026
#  Design:            coprocessor
#  Command:           report_timing -path_type full_clock -late -max_paths 10 > ./$RUN/timing_setup_preopt.rpt
###############################################################
Path 1: VIOLATED Setup Check with Pin result_r_reg[11]/CLK 
Endpoint:   result_r_reg[11]/D (v) checked with  leading edge of 'clk'
Beginpoint: in2_r_reg[1]/Q     (v) triggered by  leading edge of 'clk'
Path Groups: {clk}
Analysis View: VIEW_TYP
Other End Arrival Time          0.003
- Setup                         0.097
+ Phase Shift                   8.800
= Required Time                 8.707
- Arrival Time                  8.952
= Slack Time                   -0.245
     Clock Rise Edge                      0.000
     + Source Insertion Delay            -0.182
     = Beginpoint Arrival Time           -0.182
     Timing Path:
     +------------------------------------------------------------------------------------------------------------------+ 
     |                Instance                 |     Arc      |            Cell            | Delay | Arrival | Required | 
     |                                         |              |                            |       |  Time   |   Time   | 
     |-----------------------------------------+--------------+----------------------------+-------+---------+----------| 
     |                                         | clk ^        |                            |       |  -0.182 |   -0.426 | 
     | CTS_ccl_a_inv_00003                     | A ^ -> Y v   | sky130_fd_sc_hd__clkinv_16 | 0.062 |  -0.120 |   -0.364 | 
     | CTS_ccl_a_inv_00002                     | A v -> Y ^   | sky130_fd_sc_hd__clkinv_16 | 0.120 |   0.000 |   -0.245 | 
     | in2_r_reg[1]                            | CLK ^ -> Q v | sky130_fd_sc_hd__sdfrtp_2  | 0.428 |   0.429 |    0.184 | 
     | FE_OFC545_in2_r_1                       | A v -> Y ^   | sky130_fd_sc_hd__inv_2     | 0.096 |   0.524 |    0.279 | 
     | g80_110                                 | B ^ -> X ^   | sky130_fd_sc_hd__and2_4    | 0.201 |   0.725 |    0.481 | 
     | g121090                                 | A ^ -> Y v   | sky130_fd_sc_hd__nand4_1   | 0.084 |   0.809 |    0.564 | 
     | g119622                                 | A v -> Y ^   | sky130_fd_sc_hd__nand2_1   | 0.081 |   0.891 |    0.646 | 
     | g128542                                 | A_N ^ -> Y ^ | sky130_fd_sc_hd__nand2b_1  | 0.098 |   0.989 |    0.744 | 
     | g124605                                 | A ^ -> Y v   | sky130_fd_sc_hd__nand2_1   | 0.107 |   1.096 |    0.851 | 
     | g124609                                 | A v -> Y ^   | sky130_fd_sc_hd__nand2_1   | 0.084 |   1.180 |    0.935 | 
     | g114389                                 | A ^ -> Y v   | sky130_fd_sc_hd__nand2_1   | 0.045 |   1.225 |    0.980 | 
     | g124754                                 | A v -> Y ^   | sky130_fd_sc_hd__nand2_1   | 0.068 |   1.294 |    1.049 | 
     | FE_RC_287_0                             | B1 ^ -> Y v  | sky130_fd_sc_hd__a21oi_2   | 0.038 |   1.332 |    1.087 | 
     | g124752                                 | A v -> Y ^   | sky130_fd_sc_hd__nand2_2   | 0.075 |   1.407 |    1.162 | 
     | FE_OCPC1020_n_17344                     | A ^ -> Y v   | sky130_fd_sc_hd__clkinv_4  | 0.100 |   1.507 |    1.262 | 
     | g9                                      | A1 v -> X v  | sky130_fd_sc_hd__a21o_4    | 0.280 |   1.787 |    1.542 | 
     | FE_OFC472_n_20205                       | A v -> Y ^   | sky130_fd_sc_hd__inv_4     | 0.108 |   1.895 |    1.650 | 
     | FE_RC_90_0                              | B ^ -> Y v   | sky130_fd_sc_hd__nand3_2   | 0.098 |   1.993 |    1.748 | 
     | g125263                                 | A v -> Y ^   | sky130_fd_sc_hd__nand2_4   | 0.113 |   2.106 |    1.861 | 
     | g120300                                 | A ^ -> Y v   | sky130_fd_sc_hd__nand2_8   | 0.128 |   2.234 |    1.989 | 
     | FE_OFC1381_n_12191                      | A v -> Y ^   | sky130_fd_sc_hd__inv_4     | 0.204 |   2.438 |    2.193 | 
     | g113688                                 | B ^ -> Y v   | sky130_fd_sc_hd__nand2_8   | 0.185 |   2.622 |    2.378 | 
     | FE_OFC763_n_2552                        | A v -> X v   | sky130_fd_sc_hd__buf_2     | 0.320 |   2.942 |    2.697 | 
     | g111275                                 | A v -> Y ^   | sky130_fd_sc_hd__nor2_2    | 0.644 |   3.586 |    3.341 | 
     | g110521__2398                           | B1 ^ -> Y v  | sky130_fd_sc_hd__a32oi_1   | 0.104 |   3.691 |    3.446 | 
     | g120258                                 | B v -> Y ^   | sky130_fd_sc_hd__nand2_1   | 0.237 |   3.928 |    3.683 | 
     | g120257                                 | A_N ^ -> Y ^ | sky130_fd_sc_hd__nand3b_4  | 0.271 |   4.199 |    3.954 | 
     | g120256                                 | A ^ -> Y v   | sky130_fd_sc_hd__nand2_2   | 0.071 |   4.270 |    4.025 | 
     | g398                                    | A v -> Y ^   | sky130_fd_sc_hd__nand2_1   | 0.085 |   4.355 |    4.110 | 
     | g127325                                 | B1 ^ -> Y v  | sky130_fd_sc_hd__a21oi_1   | 0.039 |   4.394 |    4.149 | 
     | FE_RC_189_0                             | C v -> Y ^   | sky130_fd_sc_hd__nand3_1   | 0.127 |   4.521 |    4.276 | 
     | FE_OFC1685_n_20380                      | A ^ -> X ^   | sky130_fd_sc_hd__buf_6     | 0.150 |   4.671 |    4.426 | 
     | FE_OFC1686_n_20380                      | A ^ -> Y v   | sky130_fd_sc_hd__inv_2     | 0.060 |   4.731 |    4.486 | 
     | alu_inst_muldiv_inst_mul_349_24_g10108  | A v -> Y ^   | sky130_fd_sc_hd__nand2_2   | 0.054 |   4.785 |    4.540 | 
     | g123520                                 | B ^ -> Y v   | sky130_fd_sc_hd__nand2_2   | 0.065 |   4.849 |    4.604 | 
     | FE_OFC57_n_16054                        | A v -> Y ^   | sky130_fd_sc_hd__inv_4     | 0.088 |   4.937 |    4.692 | 
     | g125128                                 | B ^ -> Y v   | sky130_fd_sc_hd__nand2_4   | 0.079 |   5.016 |    4.771 | 
     | alu_inst_muldiv_inst_mul_349_24_g9797   | A v -> Y ^   | sky130_fd_sc_hd__nand2_1   | 0.099 |   5.115 |    4.870 | 
     | g123400                                 | A ^ -> Y v   | sky130_fd_sc_hd__nand2_2   | 0.095 |   5.210 |    4.965 | 
     | alu_inst_muldiv_inst_mul_349_24_g9403   | A2 v -> Y ^  | sky130_fd_sc_hd__o21ai_2   | 0.135 |   5.345 |    5.100 | 
     | alu_inst_muldiv_inst_mul_349_24_g9378   | A ^ -> Y v   | sky130_fd_sc_hd__nand2_2   | 0.106 |   5.451 |    5.206 | 
     | g699                                    | C v -> Y ^   | sky130_fd_sc_hd__nand3_1   | 0.096 |   5.547 |    5.302 | 
     | g697                                    | B ^ -> Y v   | sky130_fd_sc_hd__nand2_1   | 0.091 |   5.638 |    5.393 | 
     | g7031                                   | A2 v -> Y ^  | sky130_fd_sc_hd__o21ai_1   | 0.122 |   5.760 |    5.515 | 
     | g7028                                   | A ^ -> Y v   | sky130_fd_sc_hd__nand2_1   | 0.087 |   5.846 |    5.602 | 
     | alu_inst_muldiv_inst_mul_349_24_g116238 | A v -> Y ^   | sky130_fd_sc_hd__nand2_1   | 0.124 |   5.970 |    5.725 | 
     | alu_inst_muldiv_inst_mul_349_24_g125976 | B ^ -> Y v   | sky130_fd_sc_hd__nand2_2   | 0.067 |   6.038 |    5.793 | 
     | alu_inst_muldiv_inst_mul_349_24_g125975 | A v -> Y ^   | sky130_fd_sc_hd__nand2_2   | 0.065 |   6.103 |    5.858 | 
     | alu_inst_muldiv_inst_mul_349_24_g125974 | A1 ^ -> Y v  | sky130_fd_sc_hd__a21oi_2   | 0.054 |   6.158 |    5.913 | 
     | alu_inst_muldiv_inst_mul_349_24_g8914   | B v -> Y ^   | sky130_fd_sc_hd__nor2_2    | 0.162 |   6.320 |    6.075 | 
     | FE_RC_11_0                              | C ^ -> Y v   | sky130_fd_sc_hd__nand4_4   | 0.164 |   6.484 |    6.239 | 
     | g125512_dup                             | B v -> Y ^   | sky130_fd_sc_hd__nand2_2   | 0.117 |   6.601 |    6.356 | 
     | g125516                                 | A ^ -> Y v   | sky130_fd_sc_hd__nand2_2   | 0.051 |   6.652 |    6.407 | 
     | g125187                                 | A v -> Y ^   | sky130_fd_sc_hd__nand3_2   | 0.089 |   6.741 |    6.497 | 
     | g108191                                 | A ^ -> Y v   | sky130_fd_sc_hd__nand2_2   | 0.058 |   6.799 |    6.555 | 
     | g126298                                 | A v -> Y ^   | sky130_fd_sc_hd__nand2_2   | 0.074 |   6.874 |    6.629 | 
     | g126297_dup                             | A ^ -> Y v   | sky130_fd_sc_hd__nand2_2   | 0.071 |   6.944 |    6.700 | 
     | fopt120328                              | A v -> Y ^   | sky130_fd_sc_hd__inv_2     | 0.067 |   7.011 |    6.767 | 
     | g125466                                 | A ^ -> Y v   | sky130_fd_sc_hd__nand2_4   | 0.055 |   7.066 |    6.821 | 
     | g125556                                 | B v -> Y ^   | sky130_fd_sc_hd__nand2_4   | 0.095 |   7.161 |    6.917 | 
     | g116724                                 | A ^ -> X ^   | sky130_fd_sc_hd__and2_4    | 0.207 |   7.369 |    7.124 | 
     | g107658                                 | A ^ -> Y v   | sky130_fd_sc_hd__nand2_1   | 0.062 |   7.431 |    7.186 | 
     | g107639                                 | B v -> Y ^   | sky130_fd_sc_hd__nand2_1   | 0.086 |   7.517 |    7.272 | 
     | g116311                                 | B1 ^ -> Y v  | sky130_fd_sc_hd__a21oi_2   | 0.043 |   7.560 |    7.315 | 
     | g116313                                 | A2 v -> Y ^  | sky130_fd_sc_hd__o21ai_1   | 0.207 |   7.767 |    7.522 | 
     | g116520                                 | A ^ -> Y v   | sky130_fd_sc_hd__inv_1     | 0.071 |   7.838 |    7.593 | 
     | g120139                                 | A v -> Y ^   | sky130_fd_sc_hd__nand2_1   | 0.088 |   7.926 |    7.681 | 
     | g125908                                 | C ^ -> Y v   | sky130_fd_sc_hd__nand3_1   | 0.099 |   8.025 |    7.780 | 
     | g127819                                 | A v -> Y ^   | sky130_fd_sc_hd__nand2_1   | 0.088 |   8.113 |    7.868 | 
     | g127818                                 | A ^ -> Y v   | sky130_fd_sc_hd__clkinv_2  | 0.076 |   8.189 |    7.944 | 
     | g127823_dup                             | A v -> Y ^   | sky130_fd_sc_hd__nand2_1   | 0.076 |   8.265 |    8.020 | 
     | g127826                                 | B ^ -> Y v   | sky130_fd_sc_hd__nor2_2    | 0.039 |   8.305 |    8.060 | 
     | g127825                                 | A v -> Y ^   | sky130_fd_sc_hd__inv_2     | 0.074 |   8.379 |    8.134 | 
     | g124888                                 | A ^ -> Y v   | sky130_fd_sc_hd__nor2_2    | 0.046 |   8.425 |    8.180 | 
     | g121825                                 | B v -> X v   | sky130_fd_sc_hd__and2_1    | 0.141 |   8.566 |    8.321 | 
     | g121824                                 | A2 v -> Y ^  | sky130_fd_sc_hd__o21ai_1   | 0.137 |   8.702 |    8.457 | 
     | g128234                                 | A2 ^ -> Y v  | sky130_fd_sc_hd__o21ai_2   | 0.092 |   8.794 |    8.549 | 
     | g128232                                 | B v -> Y ^   | sky130_fd_sc_hd__nand2_2   | 0.101 |   8.895 |    8.650 | 
     | FE_RC_196_0                             | A ^ -> Y v   | sky130_fd_sc_hd__nand3_2   | 0.057 |   8.952 |    8.707 | 
     | result_r_reg[11]                        | D v          | sky130_fd_sc_hd__dfrtp_1   | 0.000 |   8.952 |    8.707 | 
     +------------------------------------------------------------------------------------------------------------------+ 
     Clock Rise Edge                      0.000
     + Source Insertion Delay            -0.182
     = Beginpoint Arrival Time           -0.182
     Other End Path:
     +--------------------------------------------------------------------------------------------+ 
     |      Instance       |    Arc     |            Cell            | Delay | Arrival | Required | 
     |                     |            |                            |       |  Time   |   Time   | 
     |---------------------+------------+----------------------------+-------+---------+----------| 
     |                     | clk ^      |                            |       |  -0.182 |    0.063 | 
     | CTS_ccl_a_inv_00003 | A ^ -> Y v | sky130_fd_sc_hd__clkinv_16 | 0.062 |  -0.120 |    0.125 | 
     | CTS_ccl_a_inv_00002 | A v -> Y ^ | sky130_fd_sc_hd__clkinv_16 | 0.120 |   0.000 |    0.245 | 
     | result_r_reg[11]    | CLK ^      | sky130_fd_sc_hd__dfrtp_1   | 0.003 |   0.003 |    0.248 | 
     +--------------------------------------------------------------------------------------------+ 
Path 2: VIOLATED Setup Check with Pin result_r_reg[10]/CLK 
Endpoint:   result_r_reg[10]/D (v) checked with  leading edge of 'clk'
Beginpoint: in2_r_reg[1]/Q     (v) triggered by  leading edge of 'clk'
Path Groups: {clk}
Analysis View: VIEW_TYP
Other End Arrival Time          0.003
- Setup                         0.096
+ Phase Shift                   8.800
= Required Time                 8.707
- Arrival Time                  8.938
= Slack Time                   -0.231
     Clock Rise Edge                      0.000
     + Source Insertion Delay            -0.182
     = Beginpoint Arrival Time           -0.182
     Timing Path:
     +------------------------------------------------------------------------------------------------------------------+ 
     |                Instance                 |     Arc      |            Cell            | Delay | Arrival | Required | 
     |                                         |              |                            |       |  Time   |   Time   | 
     |-----------------------------------------+--------------+----------------------------+-------+---------+----------| 
     |                                         | clk ^        |                            |       |  -0.182 |   -0.412 | 
     | CTS_ccl_a_inv_00003                     | A ^ -> Y v   | sky130_fd_sc_hd__clkinv_16 | 0.062 |  -0.120 |   -0.350 | 
     | CTS_ccl_a_inv_00002                     | A v -> Y ^   | sky130_fd_sc_hd__clkinv_16 | 0.120 |   0.000 |   -0.231 | 
     | in2_r_reg[1]                            | CLK ^ -> Q v | sky130_fd_sc_hd__sdfrtp_2  | 0.428 |   0.429 |    0.198 | 
     | FE_OFC545_in2_r_1                       | A v -> Y ^   | sky130_fd_sc_hd__inv_2     | 0.096 |   0.524 |    0.293 | 
     | g80_110                                 | B ^ -> X ^   | sky130_fd_sc_hd__and2_4    | 0.201 |   0.725 |    0.495 | 
     | g121090                                 | A ^ -> Y v   | sky130_fd_sc_hd__nand4_1   | 0.084 |   0.809 |    0.578 | 
     | g119622                                 | A v -> Y ^   | sky130_fd_sc_hd__nand2_1   | 0.081 |   0.891 |    0.660 | 
     | g128542                                 | A_N ^ -> Y ^ | sky130_fd_sc_hd__nand2b_1  | 0.098 |   0.989 |    0.758 | 
     | g124605                                 | A ^ -> Y v   | sky130_fd_sc_hd__nand2_1   | 0.107 |   1.096 |    0.865 | 
     | g124609                                 | A v -> Y ^   | sky130_fd_sc_hd__nand2_1   | 0.084 |   1.180 |    0.949 | 
     | g114389                                 | A ^ -> Y v   | sky130_fd_sc_hd__nand2_1   | 0.045 |   1.225 |    0.994 | 
     | g124754                                 | A v -> Y ^   | sky130_fd_sc_hd__nand2_1   | 0.068 |   1.294 |    1.063 | 
     | FE_RC_287_0                             | B1 ^ -> Y v  | sky130_fd_sc_hd__a21oi_2   | 0.038 |   1.332 |    1.101 | 
     | g124752                                 | A v -> Y ^   | sky130_fd_sc_hd__nand2_2   | 0.075 |   1.407 |    1.176 | 
     | FE_OCPC1020_n_17344                     | A ^ -> Y v   | sky130_fd_sc_hd__clkinv_4  | 0.100 |   1.507 |    1.276 | 
     | g9                                      | A1 v -> X v  | sky130_fd_sc_hd__a21o_4    | 0.280 |   1.787 |    1.556 | 
     | FE_OFC472_n_20205                       | A v -> Y ^   | sky130_fd_sc_hd__inv_4     | 0.108 |   1.895 |    1.664 | 
     | FE_RC_90_0                              | B ^ -> Y v   | sky130_fd_sc_hd__nand3_2   | 0.098 |   1.993 |    1.762 | 
     | g125263                                 | A v -> Y ^   | sky130_fd_sc_hd__nand2_4   | 0.113 |   2.106 |    1.875 | 
     | g120300                                 | A ^ -> Y v   | sky130_fd_sc_hd__nand2_8   | 0.128 |   2.234 |    2.003 | 
     | FE_OFC1381_n_12191                      | A v -> Y ^   | sky130_fd_sc_hd__inv_4     | 0.204 |   2.438 |    2.207 | 
     | g113688                                 | B ^ -> Y v   | sky130_fd_sc_hd__nand2_8   | 0.185 |   2.622 |    2.392 | 
     | FE_OFC763_n_2552                        | A v -> X v   | sky130_fd_sc_hd__buf_2     | 0.320 |   2.942 |    2.711 | 
     | g111275                                 | A v -> Y ^   | sky130_fd_sc_hd__nor2_2    | 0.644 |   3.586 |    3.355 | 
     | g110521__2398                           | B1 ^ -> Y v  | sky130_fd_sc_hd__a32oi_1   | 0.104 |   3.691 |    3.460 | 
     | g120258                                 | B v -> Y ^   | sky130_fd_sc_hd__nand2_1   | 0.237 |   3.928 |    3.697 | 
     | g120257                                 | A_N ^ -> Y ^ | sky130_fd_sc_hd__nand3b_4  | 0.271 |   4.199 |    3.968 | 
     | g120256                                 | A ^ -> Y v   | sky130_fd_sc_hd__nand2_2   | 0.071 |   4.270 |    4.039 | 
     | g398                                    | A v -> Y ^   | sky130_fd_sc_hd__nand2_1   | 0.085 |   4.355 |    4.124 | 
     | g127325                                 | B1 ^ -> Y v  | sky130_fd_sc_hd__a21oi_1   | 0.039 |   4.394 |    4.163 | 
     | FE_RC_189_0                             | C v -> Y ^   | sky130_fd_sc_hd__nand3_1   | 0.127 |   4.521 |    4.290 | 
     | FE_OFC1685_n_20380                      | A ^ -> X ^   | sky130_fd_sc_hd__buf_6     | 0.150 |   4.671 |    4.440 | 
     | FE_OFC1686_n_20380                      | A ^ -> Y v   | sky130_fd_sc_hd__inv_2     | 0.060 |   4.731 |    4.500 | 
     | alu_inst_muldiv_inst_mul_349_24_g10108  | A v -> Y ^   | sky130_fd_sc_hd__nand2_2   | 0.054 |   4.785 |    4.554 | 
     | g123520                                 | B ^ -> Y v   | sky130_fd_sc_hd__nand2_2   | 0.065 |   4.849 |    4.618 | 
     | FE_OFC57_n_16054                        | A v -> Y ^   | sky130_fd_sc_hd__inv_4     | 0.088 |   4.937 |    4.706 | 
     | g125128                                 | B ^ -> Y v   | sky130_fd_sc_hd__nand2_4   | 0.079 |   5.016 |    4.785 | 
     | alu_inst_muldiv_inst_mul_349_24_g9797   | A v -> Y ^   | sky130_fd_sc_hd__nand2_1   | 0.099 |   5.115 |    4.884 | 
     | g123400                                 | A ^ -> Y v   | sky130_fd_sc_hd__nand2_2   | 0.095 |   5.210 |    4.979 | 
     | alu_inst_muldiv_inst_mul_349_24_g9403   | A2 v -> Y ^  | sky130_fd_sc_hd__o21ai_2   | 0.135 |   5.345 |    5.114 | 
     | alu_inst_muldiv_inst_mul_349_24_g9378   | A ^ -> Y v   | sky130_fd_sc_hd__nand2_2   | 0.106 |   5.451 |    5.220 | 
     | g699                                    | C v -> Y ^   | sky130_fd_sc_hd__nand3_1   | 0.096 |   5.547 |    5.316 | 
     | g697                                    | B ^ -> Y v   | sky130_fd_sc_hd__nand2_1   | 0.091 |   5.638 |    5.407 | 
     | g7031                                   | A2 v -> Y ^  | sky130_fd_sc_hd__o21ai_1   | 0.122 |   5.760 |    5.529 | 
     | g7028                                   | A ^ -> Y v   | sky130_fd_sc_hd__nand2_1   | 0.087 |   5.846 |    5.616 | 
     | alu_inst_muldiv_inst_mul_349_24_g116238 | A v -> Y ^   | sky130_fd_sc_hd__nand2_1   | 0.124 |   5.970 |    5.739 | 
     | alu_inst_muldiv_inst_mul_349_24_g125976 | B ^ -> Y v   | sky130_fd_sc_hd__nand2_2   | 0.067 |   6.038 |    5.807 | 
     | alu_inst_muldiv_inst_mul_349_24_g125975 | A v -> Y ^   | sky130_fd_sc_hd__nand2_2   | 0.065 |   6.103 |    5.872 | 
     | alu_inst_muldiv_inst_mul_349_24_g125974 | A1 ^ -> Y v  | sky130_fd_sc_hd__a21oi_2   | 0.054 |   6.158 |    5.927 | 
     | alu_inst_muldiv_inst_mul_349_24_g8914   | B v -> Y ^   | sky130_fd_sc_hd__nor2_2    | 0.162 |   6.320 |    6.089 | 
     | FE_RC_11_0                              | C ^ -> Y v   | sky130_fd_sc_hd__nand4_4   | 0.164 |   6.484 |    6.253 | 
     | g125512                                 | B v -> Y ^   | sky130_fd_sc_hd__nand2_2   | 0.144 |   6.628 |    6.397 | 
     | g125515_dup                             | A ^ -> Y v   | sky130_fd_sc_hd__nand2_1   | 0.072 |   6.700 |    6.469 | 
     | g108109                                 | A v -> Y ^   | sky130_fd_sc_hd__nand2_2   | 0.106 |   6.806 |    6.575 | 
     | g126298                                 | B ^ -> Y v   | sky130_fd_sc_hd__nand2_2   | 0.068 |   6.874 |    6.643 | 
     | g126297                                 | A v -> Y ^   | sky130_fd_sc_hd__nand2_2   | 0.057 |   6.932 |    6.701 | 
     | g126296                                 | A ^ -> Y v   | sky130_fd_sc_hd__nand2_2   | 0.044 |   6.976 |    6.745 | 
     | g134                                    | A v -> Y ^   | sky130_fd_sc_hd__nand2_2   | 0.079 |   7.055 |    6.824 | 
     | g120067                                 | A ^ -> Y v   | sky130_fd_sc_hd__nand2_2   | 0.065 |   7.120 |    6.889 | 
     | g126773                                 | A v -> Y ^   | sky130_fd_sc_hd__nand2_2   | 0.068 |   7.187 |    6.957 | 
     | g126246                                 | A ^ -> Y v   | sky130_fd_sc_hd__nand2_2   | 0.062 |   7.249 |    7.018 | 
     | g126245                                 | A v -> Y ^   | sky130_fd_sc_hd__nand2_4   | 0.065 |   7.314 |    7.083 | 
     | fopt124279                              | A ^ -> Y v   | sky130_fd_sc_hd__inv_1     | 0.048 |   7.362 |    7.131 | 
     | g126258                                 | A v -> Y ^   | sky130_fd_sc_hd__nand2_2   | 0.052 |   7.414 |    7.183 | 
     | g126257                                 | A ^ -> Y v   | sky130_fd_sc_hd__nand2_1   | 0.057 |   7.471 |    7.240 | 
     | g127453                                 | A v -> Y ^   | sky130_fd_sc_hd__nand2_2   | 0.057 |   7.528 |    7.297 | 
     | g127452                                 | A ^ -> Y v   | sky130_fd_sc_hd__nand2_2   | 0.081 |   7.609 |    7.378 | 
     | g125360                                 | A v -> Y ^   | sky130_fd_sc_hd__nand2_1   | 0.101 |   7.710 |    7.479 | 
     | FE_OFC1654_n_18029                      | A ^ -> Y v   | sky130_fd_sc_hd__inv_2     | 0.066 |   7.776 |    7.545 | 
     | g123154                                 | B v -> Y ^   | sky130_fd_sc_hd__nand2_1   | 0.065 |   7.841 |    7.610 | 
     | g128421                                 | A ^ -> X ^   | sky130_fd_sc_hd__and2_1    | 0.112 |   7.953 |    7.722 | 
     | FE_RC_18_0                              | B ^ -> Y v   | sky130_fd_sc_hd__nand3_1   | 0.081 |   8.033 |    7.802 | 
     | FE_OFC1466_n_16273                      | A v -> Y ^   | sky130_fd_sc_hd__inv_2     | 0.075 |   8.108 |    7.877 | 
     | g122806                                 | B ^ -> Y v   | sky130_fd_sc_hd__nand2b_1  | 0.068 |   8.176 |    7.945 | 
     | g122805                                 | A v -> Y ^   | sky130_fd_sc_hd__nor2_2    | 0.115 |   8.291 |    8.060 | 
     | g127820                                 | A ^ -> Y v   | sky130_fd_sc_hd__nand2_2   | 0.090 |   8.380 |    8.149 | 
     | FE_OFC1647_n_21131                      | A v -> Y ^   | sky130_fd_sc_hd__inv_2     | 0.072 |   8.452 |    8.221 | 
     | g128352                                 | A ^ -> Y v   | sky130_fd_sc_hd__nand2_2   | 0.044 |   8.496 |    8.266 | 
     | FE_OFC1645_n_21719                      | A v -> Y ^   | sky130_fd_sc_hd__inv_2     | 0.101 |   8.597 |    8.366 | 
     | g125572                                 | A ^ -> Y v   | sky130_fd_sc_hd__nand2_2   | 0.059 |   8.656 |    8.425 | 
     | FE_RC_255_0                             | A v -> Y ^   | sky130_fd_sc_hd__nand3_2   | 0.057 |   8.713 |    8.482 | 
     | FE_RC_195_0                             | A ^ -> Y v   | sky130_fd_sc_hd__nand3_2   | 0.086 |   8.799 |    8.569 | 
     | g127238                                 | A v -> Y ^   | sky130_fd_sc_hd__nand2_2   | 0.079 |   8.878 |    8.647 | 
     | FE_RC_19_0                              | A ^ -> Y v   | sky130_fd_sc_hd__nand2_1   | 0.060 |   8.938 |    8.707 | 
     | result_r_reg[10]                        | D v          | sky130_fd_sc_hd__dfrtp_1   | 0.000 |   8.938 |    8.707 | 
     +------------------------------------------------------------------------------------------------------------------+ 
     Clock Rise Edge                      0.000
     + Source Insertion Delay            -0.182
     = Beginpoint Arrival Time           -0.182
     Other End Path:
     +--------------------------------------------------------------------------------------------+ 
     |      Instance       |    Arc     |            Cell            | Delay | Arrival | Required | 
     |                     |            |                            |       |  Time   |   Time   | 
     |---------------------+------------+----------------------------+-------+---------+----------| 
     |                     | clk ^      |                            |       |  -0.182 |    0.049 | 
     | CTS_ccl_a_inv_00003 | A ^ -> Y v | sky130_fd_sc_hd__clkinv_16 | 0.062 |  -0.120 |    0.111 | 
     | CTS_ccl_a_inv_00002 | A v -> Y ^ | sky130_fd_sc_hd__clkinv_16 | 0.120 |   0.000 |    0.231 | 
     | result_r_reg[10]    | CLK ^      | sky130_fd_sc_hd__dfrtp_1   | 0.003 |   0.003 |    0.234 | 
     +--------------------------------------------------------------------------------------------+ 
Path 3: VIOLATED Setup Check with Pin result_r_reg[5]/CLK 
Endpoint:   result_r_reg[5]/D (v) checked with  leading edge of 'clk'
Beginpoint: in2_r_reg[1]/Q    (v) triggered by  leading edge of 'clk'
Path Groups: {clk}
Analysis View: VIEW_TYP
Other End Arrival Time          0.004
- Setup                         0.121
+ Phase Shift                   8.800
= Required Time                 8.683
- Arrival Time                  8.913
= Slack Time                   -0.231
     Clock Rise Edge                      0.000
     + Source Insertion Delay            -0.182
     = Beginpoint Arrival Time           -0.182
     Timing Path:
     +------------------------------------------------------------------------------------------------------------------+ 
     |                Instance                 |     Arc      |            Cell            | Delay | Arrival | Required | 
     |                                         |              |                            |       |  Time   |   Time   | 
     |-----------------------------------------+--------------+----------------------------+-------+---------+----------| 
     |                                         | clk ^        |                            |       |  -0.182 |   -0.412 | 
     | CTS_ccl_a_inv_00003                     | A ^ -> Y v   | sky130_fd_sc_hd__clkinv_16 | 0.062 |  -0.120 |   -0.350 | 
     | CTS_ccl_a_inv_00002                     | A v -> Y ^   | sky130_fd_sc_hd__clkinv_16 | 0.120 |   0.000 |   -0.230 | 
     | in2_r_reg[1]                            | CLK ^ -> Q v | sky130_fd_sc_hd__sdfrtp_2  | 0.428 |   0.429 |    0.198 | 
     | FE_OFC545_in2_r_1                       | A v -> Y ^   | sky130_fd_sc_hd__inv_2     | 0.096 |   0.524 |    0.294 | 
     | g80_110                                 | B ^ -> X ^   | sky130_fd_sc_hd__and2_4    | 0.201 |   0.725 |    0.495 | 
     | g121090                                 | A ^ -> Y v   | sky130_fd_sc_hd__nand4_1   | 0.084 |   0.809 |    0.579 | 
     | g119622                                 | A v -> Y ^   | sky130_fd_sc_hd__nand2_1   | 0.081 |   0.891 |    0.660 | 
     | g128542                                 | A_N ^ -> Y ^ | sky130_fd_sc_hd__nand2b_1  | 0.098 |   0.989 |    0.758 | 
     | g124605                                 | A ^ -> Y v   | sky130_fd_sc_hd__nand2_1   | 0.107 |   1.096 |    0.865 | 
     | g124609                                 | A v -> Y ^   | sky130_fd_sc_hd__nand2_1   | 0.084 |   1.180 |    0.949 | 
     | g114389                                 | A ^ -> Y v   | sky130_fd_sc_hd__nand2_1   | 0.045 |   1.225 |    0.995 | 
     | g124754                                 | A v -> Y ^   | sky130_fd_sc_hd__nand2_1   | 0.068 |   1.294 |    1.063 | 
     | FE_RC_287_0                             | B1 ^ -> Y v  | sky130_fd_sc_hd__a21oi_2   | 0.038 |   1.332 |    1.101 | 
     | g124752                                 | A v -> Y ^   | sky130_fd_sc_hd__nand2_2   | 0.075 |   1.407 |    1.176 | 
     | FE_OCPC1020_n_17344                     | A ^ -> Y v   | sky130_fd_sc_hd__clkinv_4  | 0.100 |   1.507 |    1.276 | 
     | g9                                      | A1 v -> X v  | sky130_fd_sc_hd__a21o_4    | 0.280 |   1.787 |    1.556 | 
     | FE_OFC472_n_20205                       | A v -> Y ^   | sky130_fd_sc_hd__inv_4     | 0.108 |   1.895 |    1.664 | 
     | FE_RC_90_0                              | B ^ -> Y v   | sky130_fd_sc_hd__nand3_2   | 0.098 |   1.993 |    1.762 | 
     | g125263                                 | A v -> Y ^   | sky130_fd_sc_hd__nand2_4   | 0.113 |   2.106 |    1.875 | 
     | g120300                                 | A ^ -> Y v   | sky130_fd_sc_hd__nand2_8   | 0.128 |   2.234 |    2.003 | 
     | FE_OFC1381_n_12191                      | A v -> Y ^   | sky130_fd_sc_hd__inv_4     | 0.204 |   2.438 |    2.207 | 
     | g113688                                 | B ^ -> Y v   | sky130_fd_sc_hd__nand2_8   | 0.185 |   2.622 |    2.392 | 
     | FE_OFC763_n_2552                        | A v -> X v   | sky130_fd_sc_hd__buf_2     | 0.320 |   2.942 |    2.712 | 
     | g111275                                 | A v -> Y ^   | sky130_fd_sc_hd__nor2_2    | 0.644 |   3.586 |    3.356 | 
     | g110521__2398                           | B1 ^ -> Y v  | sky130_fd_sc_hd__a32oi_1   | 0.104 |   3.691 |    3.460 | 
     | g120258                                 | B v -> Y ^   | sky130_fd_sc_hd__nand2_1   | 0.237 |   3.928 |    3.697 | 
     | g120257                                 | A_N ^ -> Y ^ | sky130_fd_sc_hd__nand3b_4  | 0.271 |   4.199 |    3.969 | 
     | g120256                                 | A ^ -> Y v   | sky130_fd_sc_hd__nand2_2   | 0.071 |   4.270 |    4.040 | 
     | g398                                    | A v -> Y ^   | sky130_fd_sc_hd__nand2_1   | 0.085 |   4.355 |    4.124 | 
     | g127325                                 | B1 ^ -> Y v  | sky130_fd_sc_hd__a21oi_1   | 0.039 |   4.394 |    4.164 | 
     | FE_RC_189_0                             | C v -> Y ^   | sky130_fd_sc_hd__nand3_1   | 0.127 |   4.521 |    4.291 | 
     | FE_OFC1685_n_20380                      | A ^ -> X ^   | sky130_fd_sc_hd__buf_6     | 0.150 |   4.671 |    4.441 | 
     | FE_OFC1686_n_20380                      | A ^ -> Y v   | sky130_fd_sc_hd__inv_2     | 0.060 |   4.731 |    4.500 | 
     | alu_inst_muldiv_inst_mul_349_24_g10108  | A v -> Y ^   | sky130_fd_sc_hd__nand2_2   | 0.054 |   4.785 |    4.554 | 
     | g123520                                 | B ^ -> Y v   | sky130_fd_sc_hd__nand2_2   | 0.065 |   4.849 |    4.619 | 
     | FE_OFC57_n_16054                        | A v -> Y ^   | sky130_fd_sc_hd__inv_4     | 0.088 |   4.937 |    4.707 | 
     | g125128                                 | B ^ -> Y v   | sky130_fd_sc_hd__nand2_4   | 0.079 |   5.016 |    4.785 | 
     | alu_inst_muldiv_inst_mul_349_24_g9797   | A v -> Y ^   | sky130_fd_sc_hd__nand2_1   | 0.099 |   5.115 |    4.884 | 
     | g123400                                 | A ^ -> Y v   | sky130_fd_sc_hd__nand2_2   | 0.095 |   5.210 |    4.980 | 
     | alu_inst_muldiv_inst_mul_349_24_g9403   | A2 v -> Y ^  | sky130_fd_sc_hd__o21ai_2   | 0.135 |   5.345 |    5.114 | 
     | alu_inst_muldiv_inst_mul_349_24_g9378   | A ^ -> Y v   | sky130_fd_sc_hd__nand2_2   | 0.106 |   5.451 |    5.220 | 
     | g699                                    | C v -> Y ^   | sky130_fd_sc_hd__nand3_1   | 0.096 |   5.547 |    5.316 | 
     | g697                                    | B ^ -> Y v   | sky130_fd_sc_hd__nand2_1   | 0.091 |   5.638 |    5.407 | 
     | g7031                                   | A2 v -> Y ^  | sky130_fd_sc_hd__o21ai_1   | 0.122 |   5.760 |    5.529 | 
     | g7028                                   | A ^ -> Y v   | sky130_fd_sc_hd__nand2_1   | 0.087 |   5.846 |    5.616 | 
     | alu_inst_muldiv_inst_mul_349_24_g116238 | A v -> Y ^   | sky130_fd_sc_hd__nand2_1   | 0.124 |   5.970 |    5.740 | 
     | alu_inst_muldiv_inst_mul_349_24_g125976 | B ^ -> Y v   | sky130_fd_sc_hd__nand2_2   | 0.067 |   6.038 |    5.807 | 
     | alu_inst_muldiv_inst_mul_349_24_g125975 | A v -> Y ^   | sky130_fd_sc_hd__nand2_2   | 0.065 |   6.103 |    5.873 | 
     | alu_inst_muldiv_inst_mul_349_24_g125974 | A1 ^ -> Y v  | sky130_fd_sc_hd__a21oi_2   | 0.054 |   6.158 |    5.927 | 
     | alu_inst_muldiv_inst_mul_349_24_g8914   | B v -> Y ^   | sky130_fd_sc_hd__nor2_2    | 0.162 |   6.320 |    6.089 | 
     | FE_RC_11_0                              | C ^ -> Y v   | sky130_fd_sc_hd__nand4_4   | 0.164 |   6.484 |    6.253 | 
     | g125512_dup                             | B v -> Y ^   | sky130_fd_sc_hd__nand2_2   | 0.117 |   6.601 |    6.371 | 
     | g125516                                 | A ^ -> Y v   | sky130_fd_sc_hd__nand2_2   | 0.051 |   6.652 |    6.421 | 
     | g125187                                 | A v -> Y ^   | sky130_fd_sc_hd__nand3_2   | 0.089 |   6.741 |    6.511 | 
     | g108191                                 | A ^ -> Y v   | sky130_fd_sc_hd__nand2_2   | 0.058 |   6.799 |    6.569 | 
     | g126298                                 | A v -> Y ^   | sky130_fd_sc_hd__nand2_2   | 0.074 |   6.874 |    6.643 | 
     | g126297_dup                             | A ^ -> Y v   | sky130_fd_sc_hd__nand2_2   | 0.071 |   6.944 |    6.714 | 
     | fopt120328                              | A v -> Y ^   | sky130_fd_sc_hd__inv_2     | 0.067 |   7.011 |    6.781 | 
     | g125466                                 | A ^ -> Y v   | sky130_fd_sc_hd__nand2_4   | 0.055 |   7.066 |    6.836 | 
     | g125556                                 | B v -> Y ^   | sky130_fd_sc_hd__nand2_4   | 0.095 |   7.161 |    6.931 | 
     | g116724                                 | A ^ -> X ^   | sky130_fd_sc_hd__and2_4    | 0.207 |   7.369 |    7.138 | 
     | g107658                                 | A ^ -> Y v   | sky130_fd_sc_hd__nand2_1   | 0.062 |   7.431 |    7.201 | 
     | g107639                                 | B v -> Y ^   | sky130_fd_sc_hd__nand2_1   | 0.086 |   7.517 |    7.287 | 
     | g116311                                 | B1 ^ -> Y v  | sky130_fd_sc_hd__a21oi_2   | 0.043 |   7.560 |    7.330 | 
     | g116313                                 | A2 v -> Y ^  | sky130_fd_sc_hd__o21ai_1   | 0.207 |   7.767 |    7.537 | 
     | g116520                                 | A ^ -> Y v   | sky130_fd_sc_hd__inv_1     | 0.071 |   7.838 |    7.607 | 
     | g120139                                 | A v -> Y ^   | sky130_fd_sc_hd__nand2_1   | 0.088 |   7.926 |    7.696 | 
     | g125908                                 | C ^ -> Y v   | sky130_fd_sc_hd__nand3_1   | 0.099 |   8.025 |    7.794 | 
     | g127819                                 | A v -> Y ^   | sky130_fd_sc_hd__nand2_1   | 0.088 |   8.113 |    7.882 | 
     | g127818                                 | A ^ -> Y v   | sky130_fd_sc_hd__clkinv_2  | 0.076 |   8.189 |    7.958 | 
     | g127823                                 | A v -> Y ^   | sky130_fd_sc_hd__nand2_2   | 0.078 |   8.266 |    8.036 | 
     | FE_OFC1649_n_21129                      | A ^ -> Y v   | sky130_fd_sc_hd__inv_2     | 0.053 |   8.320 |    8.089 | 
     | FE_RC_91_0                              | A v -> Y ^   | sky130_fd_sc_hd__nand3_2   | 0.109 |   8.429 |    8.198 | 
     | fopt86                                  | A ^ -> Y v   | sky130_fd_sc_hd__inv_2     | 0.049 |   8.478 |    8.247 | 
     | FE_RC_229_0                             | A v -> Y ^   | sky130_fd_sc_hd__nand3_1   | 0.059 |   8.537 |    8.306 | 
     | g126386                                 | A ^ -> Y v   | sky130_fd_sc_hd__nand2_1   | 0.051 |   8.588 |    8.357 | 
     | g106963                                 | A v -> Y ^   | sky130_fd_sc_hd__nand2_1   | 0.079 |   8.666 |    8.436 | 
     | FE_RC_142_0                             | A ^ -> Y v   | sky130_fd_sc_hd__nand3_2   | 0.078 |   8.744 |    8.514 | 
     | g124389                                 | B v -> Y ^   | sky130_fd_sc_hd__nor2_1    | 0.104 |   8.849 |    8.618 | 
     | FE_RC_200_0                             | A2 ^ -> Y v  | sky130_fd_sc_hd__o21ai_1   | 0.064 |   8.913 |    8.683 | 
     | result_r_reg[5]                         | D v          | sky130_fd_sc_hd__dfrtp_1   | 0.000 |   8.913 |    8.683 | 
     +------------------------------------------------------------------------------------------------------------------+ 
     Clock Rise Edge                      0.000
     + Source Insertion Delay            -0.182
     = Beginpoint Arrival Time           -0.182
     Other End Path:
     +--------------------------------------------------------------------------------------------+ 
     |      Instance       |    Arc     |            Cell            | Delay | Arrival | Required | 
     |                     |            |                            |       |  Time   |   Time   | 
     |---------------------+------------+----------------------------+-------+---------+----------| 
     |                     | clk ^      |                            |       |  -0.182 |    0.049 | 
     | CTS_ccl_a_inv_00003 | A ^ -> Y v | sky130_fd_sc_hd__clkinv_16 | 0.062 |  -0.120 |    0.111 | 
     | CTS_ccl_a_inv_00002 | A v -> Y ^ | sky130_fd_sc_hd__clkinv_16 | 0.120 |   0.000 |    0.231 | 
     | result_r_reg[5]     | CLK ^      | sky130_fd_sc_hd__dfrtp_1   | 0.004 |   0.004 |    0.234 | 
     +--------------------------------------------------------------------------------------------+ 
Path 4: VIOLATED Setup Check with Pin result_r_reg[12]/CLK 
Endpoint:   result_r_reg[12]/D (^) checked with  leading edge of 'clk'
Beginpoint: in2_r_reg[1]/Q     (v) triggered by  leading edge of 'clk'
Path Groups: {clk}
Analysis View: VIEW_TYP
Other End Arrival Time          0.003
- Setup                         0.062
+ Phase Shift                   8.800
= Required Time                 8.741
- Arrival Time                  8.970
= Slack Time                   -0.229
     Clock Rise Edge                      0.000
     + Source Insertion Delay            -0.182
     = Beginpoint Arrival Time           -0.182
     Timing Path:
     +------------------------------------------------------------------------------------------------------------------+ 
     |                Instance                 |     Arc      |            Cell            | Delay | Arrival | Required | 
     |                                         |              |                            |       |  Time   |   Time   | 
     |-----------------------------------------+--------------+----------------------------+-------+---------+----------| 
     |                                         | clk ^        |                            |       |  -0.182 |   -0.411 | 
     | CTS_ccl_a_inv_00003                     | A ^ -> Y v   | sky130_fd_sc_hd__clkinv_16 | 0.062 |  -0.120 |   -0.349 | 
     | CTS_ccl_a_inv_00002                     | A v -> Y ^   | sky130_fd_sc_hd__clkinv_16 | 0.120 |   0.000 |   -0.229 | 
     | in2_r_reg[1]                            | CLK ^ -> Q v | sky130_fd_sc_hd__sdfrtp_2  | 0.428 |   0.429 |    0.199 | 
     | FE_OFC545_in2_r_1                       | A v -> Y ^   | sky130_fd_sc_hd__inv_2     | 0.096 |   0.524 |    0.295 | 
     | g80_110                                 | B ^ -> X ^   | sky130_fd_sc_hd__and2_4    | 0.201 |   0.725 |    0.496 | 
     | g121090                                 | A ^ -> Y v   | sky130_fd_sc_hd__nand4_1   | 0.084 |   0.809 |    0.580 | 
     | g119622                                 | A v -> Y ^   | sky130_fd_sc_hd__nand2_1   | 0.081 |   0.891 |    0.662 | 
     | g128542                                 | A_N ^ -> Y ^ | sky130_fd_sc_hd__nand2b_1  | 0.098 |   0.989 |    0.760 | 
     | g124605                                 | A ^ -> Y v   | sky130_fd_sc_hd__nand2_1   | 0.107 |   1.096 |    0.867 | 
     | g124609                                 | A v -> Y ^   | sky130_fd_sc_hd__nand2_1   | 0.084 |   1.180 |    0.951 | 
     | g114389                                 | A ^ -> Y v   | sky130_fd_sc_hd__nand2_1   | 0.045 |   1.225 |    0.996 | 
     | g124754                                 | A v -> Y ^   | sky130_fd_sc_hd__nand2_1   | 0.068 |   1.294 |    1.065 | 
     | FE_RC_287_0                             | B1 ^ -> Y v  | sky130_fd_sc_hd__a21oi_2   | 0.038 |   1.332 |    1.103 | 
     | g124752                                 | A v -> Y ^   | sky130_fd_sc_hd__nand2_2   | 0.075 |   1.407 |    1.178 | 
     | FE_OCPC1020_n_17344                     | A ^ -> Y v   | sky130_fd_sc_hd__clkinv_4  | 0.100 |   1.507 |    1.278 | 
     | g9                                      | A1 v -> X v  | sky130_fd_sc_hd__a21o_4    | 0.280 |   1.787 |    1.558 | 
     | FE_OFC472_n_20205                       | A v -> Y ^   | sky130_fd_sc_hd__inv_4     | 0.108 |   1.895 |    1.666 | 
     | FE_RC_90_0                              | B ^ -> Y v   | sky130_fd_sc_hd__nand3_2   | 0.098 |   1.993 |    1.764 | 
     | g125263                                 | A v -> Y ^   | sky130_fd_sc_hd__nand2_4   | 0.113 |   2.106 |    1.877 | 
     | g120300                                 | A ^ -> Y v   | sky130_fd_sc_hd__nand2_8   | 0.128 |   2.234 |    2.004 | 
     | FE_OFC1381_n_12191                      | A v -> Y ^   | sky130_fd_sc_hd__inv_4     | 0.204 |   2.438 |    2.209 | 
     | g113688                                 | B ^ -> Y v   | sky130_fd_sc_hd__nand2_8   | 0.185 |   2.622 |    2.393 | 
     | FE_OFC763_n_2552                        | A v -> X v   | sky130_fd_sc_hd__buf_2     | 0.320 |   2.942 |    2.713 | 
     | g111275                                 | A v -> Y ^   | sky130_fd_sc_hd__nor2_2    | 0.644 |   3.586 |    3.357 | 
     | g110521__2398                           | B1 ^ -> Y v  | sky130_fd_sc_hd__a32oi_1   | 0.104 |   3.691 |    3.461 | 
     | g120258                                 | B v -> Y ^   | sky130_fd_sc_hd__nand2_1   | 0.237 |   3.928 |    3.699 | 
     | g120257                                 | A_N ^ -> Y ^ | sky130_fd_sc_hd__nand3b_4  | 0.271 |   4.199 |    3.970 | 
     | g120256                                 | A ^ -> Y v   | sky130_fd_sc_hd__nand2_2   | 0.071 |   4.270 |    4.041 | 
     | g398                                    | A v -> Y ^   | sky130_fd_sc_hd__nand2_1   | 0.085 |   4.355 |    4.126 | 
     | g127325                                 | B1 ^ -> Y v  | sky130_fd_sc_hd__a21oi_1   | 0.039 |   4.394 |    4.165 | 
     | FE_RC_189_0                             | C v -> Y ^   | sky130_fd_sc_hd__nand3_1   | 0.127 |   4.521 |    4.292 | 
     | FE_OFC1685_n_20380                      | A ^ -> X ^   | sky130_fd_sc_hd__buf_6     | 0.150 |   4.671 |    4.442 | 
     | FE_OFC1686_n_20380                      | A ^ -> Y v   | sky130_fd_sc_hd__inv_2     | 0.060 |   4.731 |    4.502 | 
     | alu_inst_muldiv_inst_mul_349_24_g10108  | A v -> Y ^   | sky130_fd_sc_hd__nand2_2   | 0.054 |   4.785 |    4.555 | 
     | g123520                                 | B ^ -> Y v   | sky130_fd_sc_hd__nand2_2   | 0.065 |   4.849 |    4.620 | 
     | FE_OFC57_n_16054                        | A v -> Y ^   | sky130_fd_sc_hd__inv_4     | 0.088 |   4.937 |    4.708 | 
     | g125128                                 | B ^ -> Y v   | sky130_fd_sc_hd__nand2_4   | 0.079 |   5.016 |    4.787 | 
     | alu_inst_muldiv_inst_mul_349_24_g9797   | A v -> Y ^   | sky130_fd_sc_hd__nand2_1   | 0.099 |   5.115 |    4.886 | 
     | g123400                                 | A ^ -> Y v   | sky130_fd_sc_hd__nand2_2   | 0.095 |   5.210 |    4.981 | 
     | alu_inst_muldiv_inst_mul_349_24_g9403   | A2 v -> Y ^  | sky130_fd_sc_hd__o21ai_2   | 0.135 |   5.345 |    5.116 | 
     | alu_inst_muldiv_inst_mul_349_24_g9378   | A ^ -> Y v   | sky130_fd_sc_hd__nand2_2   | 0.106 |   5.451 |    5.221 | 
     | g699                                    | C v -> Y ^   | sky130_fd_sc_hd__nand3_1   | 0.096 |   5.547 |    5.318 | 
     | g697                                    | B ^ -> Y v   | sky130_fd_sc_hd__nand2_1   | 0.091 |   5.638 |    5.408 | 
     | g7031                                   | A2 v -> Y ^  | sky130_fd_sc_hd__o21ai_1   | 0.122 |   5.760 |    5.530 | 
     | g7028                                   | A ^ -> Y v   | sky130_fd_sc_hd__nand2_1   | 0.087 |   5.846 |    5.617 | 
     | alu_inst_muldiv_inst_mul_349_24_g116238 | A v -> Y ^   | sky130_fd_sc_hd__nand2_1   | 0.124 |   5.970 |    5.741 | 
     | alu_inst_muldiv_inst_mul_349_24_g125976 | B ^ -> Y v   | sky130_fd_sc_hd__nand2_2   | 0.067 |   6.038 |    5.809 | 
     | alu_inst_muldiv_inst_mul_349_24_g125975 | A v -> Y ^   | sky130_fd_sc_hd__nand2_2   | 0.065 |   6.103 |    5.874 | 
     | alu_inst_muldiv_inst_mul_349_24_g125974 | A1 ^ -> Y v  | sky130_fd_sc_hd__a21oi_2   | 0.054 |   6.158 |    5.928 | 
     | alu_inst_muldiv_inst_mul_349_24_g8914   | B v -> Y ^   | sky130_fd_sc_hd__nor2_2    | 0.162 |   6.320 |    6.091 | 
     | FE_RC_11_0                              | C ^ -> Y v   | sky130_fd_sc_hd__nand4_4   | 0.164 |   6.484 |    6.254 | 
     | g125512_dup                             | B v -> Y ^   | sky130_fd_sc_hd__nand2_2   | 0.117 |   6.601 |    6.372 | 
     | g125516                                 | A ^ -> Y v   | sky130_fd_sc_hd__nand2_2   | 0.051 |   6.652 |    6.423 | 
     | g125187                                 | A v -> Y ^   | sky130_fd_sc_hd__nand3_2   | 0.089 |   6.741 |    6.512 | 
     | g108191                                 | A ^ -> Y v   | sky130_fd_sc_hd__nand2_2   | 0.058 |   6.799 |    6.570 | 
     | g126298                                 | A v -> Y ^   | sky130_fd_sc_hd__nand2_2   | 0.074 |   6.874 |    6.644 | 
     | g126297                                 | A ^ -> Y v   | sky130_fd_sc_hd__nand2_2   | 0.050 |   6.924 |    6.695 | 
     | g126296                                 | A v -> Y ^   | sky130_fd_sc_hd__nand2_2   | 0.051 |   6.975 |    6.746 | 
     | g134                                    | A ^ -> Y v   | sky130_fd_sc_hd__nand2_2   | 0.065 |   7.039 |    6.810 | 
     | g120067                                 | A v -> Y ^   | sky130_fd_sc_hd__nand2_2   | 0.074 |   7.113 |    6.884 | 
     | g126773                                 | A ^ -> Y v   | sky130_fd_sc_hd__nand2_2   | 0.058 |   7.171 |    6.942 | 
     | g126246                                 | A v -> Y ^   | sky130_fd_sc_hd__nand2_2   | 0.071 |   7.242 |    7.012 | 
     | g126245                                 | A ^ -> Y v   | sky130_fd_sc_hd__nand2_4   | 0.055 |   7.296 |    7.067 | 
     | g103                                    | A v -> Y ^   | sky130_fd_sc_hd__nand2_2   | 0.073 |   7.369 |    7.140 | 
     | g126826                                 | A ^ -> Y v   | sky130_fd_sc_hd__nand2_2   | 0.063 |   7.432 |    7.203 | 
     | g126825                                 | A v -> Y ^   | sky130_fd_sc_hd__nand2_4   | 0.069 |   7.502 |    7.272 | 
     | g126824                                 | A ^ -> Y v   | sky130_fd_sc_hd__nand2_4   | 0.079 |   7.580 |    7.351 | 
     | g121684                                 | A v -> Y ^   | sky130_fd_sc_hd__nand2_2   | 0.076 |   7.656 |    7.427 | 
     | g122405                                 | A ^ -> Y v   | sky130_fd_sc_hd__nand2_1   | 0.065 |   7.722 |    7.493 | 
     | g124272                                 | A v -> Y ^   | sky130_fd_sc_hd__nand2_2   | 0.067 |   7.789 |    7.560 | 
     | g125385                                 | A ^ -> Y v   | sky130_fd_sc_hd__nand2_1   | 0.046 |   7.835 |    7.606 | 
     | g126939                                 | A v -> Y ^   | sky130_fd_sc_hd__nand2_1   | 0.062 |   7.897 |    7.668 | 
     | g126938                                 | A ^ -> Y v   | sky130_fd_sc_hd__nand2_2   | 0.067 |   7.964 |    7.735 | 
     | g123361                                 | A v -> Y ^   | sky130_fd_sc_hd__nand2_2   | 0.060 |   8.024 |    7.795 | 
     | g273                                    | B_N ^ -> Y ^ | sky130_fd_sc_hd__nor2b_2   | 0.135 |   8.159 |    7.930 | 
     | g272                                    | A ^ -> Y v   | sky130_fd_sc_hd__nand4_2   | 0.106 |   8.265 |    8.036 | 
     | g126363                                 | B v -> Y ^   | sky130_fd_sc_hd__nor2_2    | 0.147 |   8.412 |    8.183 | 
     | g126362_dup                             | B ^ -> Y v   | sky130_fd_sc_hd__nand4_1   | 0.113 |   8.525 |    8.295 | 
     | g128276                                 | C v -> Y ^   | sky130_fd_sc_hd__nand3b_1  | 0.115 |   8.639 |    8.410 | 
     | g128275                                 | B1 ^ -> Y v  | sky130_fd_sc_hd__o21ai_2   | 0.077 |   8.716 |    8.487 | 
     | g127000                                 | A v -> Y ^   | sky130_fd_sc_hd__nand2_1   | 0.066 |   8.782 |    8.553 | 
     | g126309                                 | A ^ -> Y v   | sky130_fd_sc_hd__nand2_1   | 0.044 |   8.826 |    8.597 | 
     | g126307                                 | A2 v -> Y ^  | sky130_fd_sc_hd__o21ai_1   | 0.144 |   8.970 |    8.741 | 
     | result_r_reg[12]                        | D ^          | sky130_fd_sc_hd__dfrtp_1   | 0.000 |   8.970 |    8.741 | 
     +------------------------------------------------------------------------------------------------------------------+ 
     Clock Rise Edge                      0.000
     + Source Insertion Delay            -0.182
     = Beginpoint Arrival Time           -0.182
     Other End Path:
     +--------------------------------------------------------------------------------------------+ 
     |      Instance       |    Arc     |            Cell            | Delay | Arrival | Required | 
     |                     |            |                            |       |  Time   |   Time   | 
     |---------------------+------------+----------------------------+-------+---------+----------| 
     |                     | clk ^      |                            |       |  -0.182 |    0.048 | 
     | CTS_ccl_a_inv_00003 | A ^ -> Y v | sky130_fd_sc_hd__clkinv_16 | 0.062 |  -0.120 |    0.110 | 
     | CTS_ccl_a_inv_00002 | A v -> Y ^ | sky130_fd_sc_hd__clkinv_16 | 0.120 |   0.000 |    0.229 | 
     | result_r_reg[12]    | CLK ^      | sky130_fd_sc_hd__dfrtp_1   | 0.003 |   0.003 |    0.232 | 
     +--------------------------------------------------------------------------------------------+ 
Path 5: VIOLATED Setup Check with Pin result_r_reg[7]/CLK 
Endpoint:   result_r_reg[7]/D (v) checked with  leading edge of 'clk'
Beginpoint: in2_r_reg[1]/Q    (v) triggered by  leading edge of 'clk'
Path Groups: {clk}
Analysis View: VIEW_TYP
Other End Arrival Time          0.004
- Setup                         0.102
+ Phase Shift                   8.800
= Required Time                 8.701
- Arrival Time                  8.929
= Slack Time                   -0.228
     Clock Rise Edge                      0.000
     + Source Insertion Delay            -0.182
     = Beginpoint Arrival Time           -0.182
     Timing Path:
     +------------------------------------------------------------------------------------------------------------------+ 
     |                Instance                 |     Arc      |            Cell            | Delay | Arrival | Required | 
     |                                         |              |                            |       |  Time   |   Time   | 
     |-----------------------------------------+--------------+----------------------------+-------+---------+----------| 
     |                                         | clk ^        |                            |       |  -0.182 |   -0.409 | 
     | CTS_ccl_a_inv_00003                     | A ^ -> Y v   | sky130_fd_sc_hd__clkinv_16 | 0.062 |  -0.120 |   -0.347 | 
     | CTS_ccl_a_inv_00002                     | A v -> Y ^   | sky130_fd_sc_hd__clkinv_16 | 0.120 |   0.000 |   -0.227 | 
     | in2_r_reg[1]                            | CLK ^ -> Q v | sky130_fd_sc_hd__sdfrtp_2  | 0.428 |   0.429 |    0.201 | 
     | FE_OFC545_in2_r_1                       | A v -> Y ^   | sky130_fd_sc_hd__inv_2     | 0.096 |   0.524 |    0.297 | 
     | g80_110                                 | B ^ -> X ^   | sky130_fd_sc_hd__and2_4    | 0.201 |   0.725 |    0.498 | 
     | g121090                                 | A ^ -> Y v   | sky130_fd_sc_hd__nand4_1   | 0.084 |   0.809 |    0.582 | 
     | g119622                                 | A v -> Y ^   | sky130_fd_sc_hd__nand2_1   | 0.081 |   0.891 |    0.663 | 
     | g128542                                 | A_N ^ -> Y ^ | sky130_fd_sc_hd__nand2b_1  | 0.098 |   0.989 |    0.761 | 
     | g124605                                 | A ^ -> Y v   | sky130_fd_sc_hd__nand2_1   | 0.107 |   1.096 |    0.868 | 
     | g124609                                 | A v -> Y ^   | sky130_fd_sc_hd__nand2_1   | 0.084 |   1.180 |    0.952 | 
     | g114389                                 | A ^ -> Y v   | sky130_fd_sc_hd__nand2_1   | 0.045 |   1.225 |    0.998 | 
     | g124754                                 | A v -> Y ^   | sky130_fd_sc_hd__nand2_1   | 0.068 |   1.294 |    1.066 | 
     | FE_RC_287_0                             | B1 ^ -> Y v  | sky130_fd_sc_hd__a21oi_2   | 0.038 |   1.332 |    1.104 | 
     | g124752                                 | A v -> Y ^   | sky130_fd_sc_hd__nand2_2   | 0.075 |   1.407 |    1.179 | 
     | FE_OCPC1020_n_17344                     | A ^ -> Y v   | sky130_fd_sc_hd__clkinv_4  | 0.100 |   1.507 |    1.279 | 
     | g9                                      | A1 v -> X v  | sky130_fd_sc_hd__a21o_4    | 0.280 |   1.787 |    1.559 | 
     | FE_OFC472_n_20205                       | A v -> Y ^   | sky130_fd_sc_hd__inv_4     | 0.108 |   1.895 |    1.667 | 
     | FE_RC_90_0                              | B ^ -> Y v   | sky130_fd_sc_hd__nand3_2   | 0.098 |   1.993 |    1.765 | 
     | g125263                                 | A v -> Y ^   | sky130_fd_sc_hd__nand2_4   | 0.113 |   2.106 |    1.878 | 
     | g120300                                 | A ^ -> Y v   | sky130_fd_sc_hd__nand2_8   | 0.128 |   2.234 |    2.006 | 
     | FE_OFC1381_n_12191                      | A v -> Y ^   | sky130_fd_sc_hd__inv_4     | 0.204 |   2.438 |    2.210 | 
     | g113688                                 | B ^ -> Y v   | sky130_fd_sc_hd__nand2_8   | 0.185 |   2.622 |    2.395 | 
     | FE_OFC763_n_2552                        | A v -> X v   | sky130_fd_sc_hd__buf_2     | 0.320 |   2.942 |    2.714 | 
     | g111275                                 | A v -> Y ^   | sky130_fd_sc_hd__nor2_2    | 0.644 |   3.586 |    3.359 | 
     | g110521__2398                           | B1 ^ -> Y v  | sky130_fd_sc_hd__a32oi_1   | 0.104 |   3.691 |    3.463 | 
     | g120258                                 | B v -> Y ^   | sky130_fd_sc_hd__nand2_1   | 0.237 |   3.928 |    3.700 | 
     | g120257                                 | A_N ^ -> Y ^ | sky130_fd_sc_hd__nand3b_4  | 0.271 |   4.199 |    3.972 | 
     | g120256                                 | A ^ -> Y v   | sky130_fd_sc_hd__nand2_2   | 0.071 |   4.270 |    4.043 | 
     | g398                                    | A v -> Y ^   | sky130_fd_sc_hd__nand2_1   | 0.085 |   4.355 |    4.127 | 
     | g127325                                 | B1 ^ -> Y v  | sky130_fd_sc_hd__a21oi_1   | 0.039 |   4.394 |    4.167 | 
     | FE_RC_189_0                             | C v -> Y ^   | sky130_fd_sc_hd__nand3_1   | 0.127 |   4.521 |    4.293 | 
     | FE_OFC1685_n_20380                      | A ^ -> X ^   | sky130_fd_sc_hd__buf_6     | 0.150 |   4.671 |    4.444 | 
     | FE_OFC1686_n_20380                      | A ^ -> Y v   | sky130_fd_sc_hd__inv_2     | 0.060 |   4.731 |    4.503 | 
     | alu_inst_muldiv_inst_mul_349_24_g10108  | A v -> Y ^   | sky130_fd_sc_hd__nand2_2   | 0.054 |   4.785 |    4.557 | 
     | g123520                                 | B ^ -> Y v   | sky130_fd_sc_hd__nand2_2   | 0.065 |   4.849 |    4.621 | 
     | FE_OFC57_n_16054                        | A v -> Y ^   | sky130_fd_sc_hd__inv_4     | 0.088 |   4.937 |    4.710 | 
     | g125128                                 | B ^ -> Y v   | sky130_fd_sc_hd__nand2_4   | 0.079 |   5.016 |    4.788 | 
     | alu_inst_muldiv_inst_mul_349_24_g9797   | A v -> Y ^   | sky130_fd_sc_hd__nand2_1   | 0.099 |   5.115 |    4.887 | 
     | g123400                                 | A ^ -> Y v   | sky130_fd_sc_hd__nand2_2   | 0.095 |   5.210 |    4.982 | 
     | alu_inst_muldiv_inst_mul_349_24_g9403   | A2 v -> Y ^  | sky130_fd_sc_hd__o21ai_2   | 0.135 |   5.345 |    5.117 | 
     | alu_inst_muldiv_inst_mul_349_24_g9378   | A ^ -> Y v   | sky130_fd_sc_hd__nand2_2   | 0.106 |   5.451 |    5.223 | 
     | g699                                    | C v -> Y ^   | sky130_fd_sc_hd__nand3_1   | 0.096 |   5.547 |    5.319 | 
     | g697                                    | B ^ -> Y v   | sky130_fd_sc_hd__nand2_1   | 0.091 |   5.638 |    5.410 | 
     | g7031                                   | A2 v -> Y ^  | sky130_fd_sc_hd__o21ai_1   | 0.122 |   5.760 |    5.532 | 
     | g7028                                   | A ^ -> Y v   | sky130_fd_sc_hd__nand2_1   | 0.087 |   5.846 |    5.619 | 
     | alu_inst_muldiv_inst_mul_349_24_g116238 | A v -> Y ^   | sky130_fd_sc_hd__nand2_1   | 0.124 |   5.970 |    5.743 | 
     | alu_inst_muldiv_inst_mul_349_24_g125976 | B ^ -> Y v   | sky130_fd_sc_hd__nand2_2   | 0.067 |   6.038 |    5.810 | 
     | alu_inst_muldiv_inst_mul_349_24_g125975 | A v -> Y ^   | sky130_fd_sc_hd__nand2_2   | 0.065 |   6.103 |    5.876 | 
     | alu_inst_muldiv_inst_mul_349_24_g125974 | A1 ^ -> Y v  | sky130_fd_sc_hd__a21oi_2   | 0.054 |   6.158 |    5.930 | 
     | alu_inst_muldiv_inst_mul_349_24_g8914   | B v -> Y ^   | sky130_fd_sc_hd__nor2_2    | 0.162 |   6.320 |    6.092 | 
     | FE_RC_11_0                              | C ^ -> Y v   | sky130_fd_sc_hd__nand4_4   | 0.164 |   6.484 |    6.256 | 
     | g125512                                 | B v -> Y ^   | sky130_fd_sc_hd__nand2_2   | 0.144 |   6.628 |    6.400 | 
     | g125515_dup                             | A ^ -> Y v   | sky130_fd_sc_hd__nand2_1   | 0.072 |   6.700 |    6.472 | 
     | g108109                                 | A v -> Y ^   | sky130_fd_sc_hd__nand2_2   | 0.106 |   6.806 |    6.578 | 
     | g126298                                 | B ^ -> Y v   | sky130_fd_sc_hd__nand2_2   | 0.068 |   6.874 |    6.647 | 
     | g126297                                 | A v -> Y ^   | sky130_fd_sc_hd__nand2_2   | 0.057 |   6.932 |    6.704 | 
     | g126296                                 | A ^ -> Y v   | sky130_fd_sc_hd__nand2_2   | 0.044 |   6.976 |    6.748 | 
     | g134                                    | A v -> Y ^   | sky130_fd_sc_hd__nand2_2   | 0.079 |   7.055 |    6.827 | 
     | g120067                                 | A ^ -> Y v   | sky130_fd_sc_hd__nand2_2   | 0.065 |   7.120 |    6.892 | 
     | g126773                                 | A v -> Y ^   | sky130_fd_sc_hd__nand2_2   | 0.068 |   7.187 |    6.960 | 
     | g126246                                 | A ^ -> Y v   | sky130_fd_sc_hd__nand2_2   | 0.062 |   7.249 |    7.022 | 
     | g126245                                 | A v -> Y ^   | sky130_fd_sc_hd__nand2_4   | 0.065 |   7.314 |    7.086 | 
     | fopt124279                              | A ^ -> Y v   | sky130_fd_sc_hd__inv_1     | 0.048 |   7.362 |    7.134 | 
     | g126258                                 | A v -> Y ^   | sky130_fd_sc_hd__nand2_2   | 0.052 |   7.414 |    7.186 | 
     | g126257                                 | A ^ -> Y v   | sky130_fd_sc_hd__nand2_1   | 0.057 |   7.471 |    7.244 | 
     | g127453                                 | A v -> Y ^   | sky130_fd_sc_hd__nand2_2   | 0.057 |   7.528 |    7.301 | 
     | g127452                                 | A ^ -> Y v   | sky130_fd_sc_hd__nand2_2   | 0.081 |   7.609 |    7.381 | 
     | g125360                                 | A v -> Y ^   | sky130_fd_sc_hd__nand2_1   | 0.101 |   7.710 |    7.482 | 
     | FE_OFC1654_n_18029                      | A ^ -> Y v   | sky130_fd_sc_hd__inv_2     | 0.066 |   7.776 |    7.548 | 
     | g123154                                 | B v -> Y ^   | sky130_fd_sc_hd__nand2_1   | 0.065 |   7.841 |    7.613 | 
     | g128421                                 | A ^ -> X ^   | sky130_fd_sc_hd__and2_1    | 0.112 |   7.953 |    7.725 | 
     | FE_RC_18_0                              | B ^ -> Y v   | sky130_fd_sc_hd__nand3_1   | 0.081 |   8.033 |    7.806 | 
     | FE_OFC1466_n_16273                      | A v -> Y ^   | sky130_fd_sc_hd__inv_2     | 0.075 |   8.108 |    7.880 | 
     | g122806                                 | B ^ -> Y v   | sky130_fd_sc_hd__nand2b_1  | 0.068 |   8.176 |    7.949 | 
     | g122805                                 | A v -> Y ^   | sky130_fd_sc_hd__nor2_2    | 0.115 |   8.291 |    8.063 | 
     | g127820                                 | A ^ -> Y v   | sky130_fd_sc_hd__nand2_2   | 0.090 |   8.380 |    8.153 | 
     | FE_OFC1647_n_21131                      | A v -> Y ^   | sky130_fd_sc_hd__inv_2     | 0.072 |   8.452 |    8.224 | 
     | g128352                                 | A ^ -> Y v   | sky130_fd_sc_hd__nand2_2   | 0.044 |   8.496 |    8.269 | 
     | FE_OFC1645_n_21719                      | A v -> Y ^   | sky130_fd_sc_hd__inv_2     | 0.101 |   8.597 |    8.370 | 
     | g128774                                 | B ^ -> Y v   | sky130_fd_sc_hd__nand3b_1  | 0.079 |   8.676 |    8.449 | 
     | g126335                                 | A v -> Y ^   | sky130_fd_sc_hd__nand2_1   | 0.073 |   8.750 |    8.522 | 
     | g128689                                 | A2 ^ -> X ^  | sky130_fd_sc_hd__a21o_1    | 0.109 |   8.859 |    8.631 | 
     | g126435                                 | B ^ -> Y v   | sky130_fd_sc_hd__nand3_1   | 0.070 |   8.929 |    8.701 | 
     | result_r_reg[7]                         | D v          | sky130_fd_sc_hd__dfrtp_1   | 0.000 |   8.929 |    8.701 | 
     +------------------------------------------------------------------------------------------------------------------+ 
     Clock Rise Edge                      0.000
     + Source Insertion Delay            -0.182
     = Beginpoint Arrival Time           -0.182
     Other End Path:
     +--------------------------------------------------------------------------------------------+ 
     |      Instance       |    Arc     |            Cell            | Delay | Arrival | Required | 
     |                     |            |                            |       |  Time   |   Time   | 
     |---------------------+------------+----------------------------+-------+---------+----------| 
     |                     | clk ^      |                            |       |  -0.182 |    0.046 | 
     | CTS_ccl_a_inv_00003 | A ^ -> Y v | sky130_fd_sc_hd__clkinv_16 | 0.062 |  -0.120 |    0.108 | 
     | CTS_ccl_a_inv_00002 | A v -> Y ^ | sky130_fd_sc_hd__clkinv_16 | 0.120 |   0.000 |    0.228 | 
     | result_r_reg[7]     | CLK ^      | sky130_fd_sc_hd__dfrtp_1   | 0.003 |   0.004 |    0.231 | 
     +--------------------------------------------------------------------------------------------+ 
Path 6: VIOLATED Setup Check with Pin result_r_reg[9]/CLK 
Endpoint:   result_r_reg[9]/D (v) checked with  leading edge of 'clk'
Beginpoint: in2_r_reg[1]/Q    (v) triggered by  leading edge of 'clk'
Path Groups: {clk}
Analysis View: VIEW_TYP
Other End Arrival Time          0.004
- Setup                         0.096
+ Phase Shift                   8.800
= Required Time                 8.707
- Arrival Time                  8.935
= Slack Time                   -0.228
     Clock Rise Edge                      0.000
     + Source Insertion Delay            -0.182
     = Beginpoint Arrival Time           -0.182
     Timing Path:
     +------------------------------------------------------------------------------------------------------------------+ 
     |                Instance                 |     Arc      |            Cell            | Delay | Arrival | Required | 
     |                                         |              |                            |       |  Time   |   Time   | 
     |-----------------------------------------+--------------+----------------------------+-------+---------+----------| 
     |                                         | clk ^        |                            |       |  -0.182 |   -0.409 | 
     | CTS_ccl_a_inv_00003                     | A ^ -> Y v   | sky130_fd_sc_hd__clkinv_16 | 0.062 |  -0.120 |   -0.347 | 
     | CTS_ccl_a_inv_00002                     | A v -> Y ^   | sky130_fd_sc_hd__clkinv_16 | 0.120 |   0.000 |   -0.227 | 
     | in2_r_reg[1]                            | CLK ^ -> Q v | sky130_fd_sc_hd__sdfrtp_2  | 0.428 |   0.429 |    0.201 | 
     | FE_OFC545_in2_r_1                       | A v -> Y ^   | sky130_fd_sc_hd__inv_2     | 0.096 |   0.524 |    0.297 | 
     | g80_110                                 | B ^ -> X ^   | sky130_fd_sc_hd__and2_4    | 0.201 |   0.725 |    0.498 | 
     | g121090                                 | A ^ -> Y v   | sky130_fd_sc_hd__nand4_1   | 0.084 |   0.809 |    0.582 | 
     | g119622                                 | A v -> Y ^   | sky130_fd_sc_hd__nand2_1   | 0.081 |   0.891 |    0.663 | 
     | g128542                                 | A_N ^ -> Y ^ | sky130_fd_sc_hd__nand2b_1  | 0.098 |   0.989 |    0.761 | 
     | g124605                                 | A ^ -> Y v   | sky130_fd_sc_hd__nand2_1   | 0.107 |   1.096 |    0.868 | 
     | g124609                                 | A v -> Y ^   | sky130_fd_sc_hd__nand2_1   | 0.084 |   1.180 |    0.952 | 
     | g114389                                 | A ^ -> Y v   | sky130_fd_sc_hd__nand2_1   | 0.045 |   1.225 |    0.998 | 
     | g124754                                 | A v -> Y ^   | sky130_fd_sc_hd__nand2_1   | 0.068 |   1.294 |    1.066 | 
     | FE_RC_287_0                             | B1 ^ -> Y v  | sky130_fd_sc_hd__a21oi_2   | 0.038 |   1.332 |    1.104 | 
     | g124752                                 | A v -> Y ^   | sky130_fd_sc_hd__nand2_2   | 0.075 |   1.407 |    1.179 | 
     | FE_OCPC1020_n_17344                     | A ^ -> Y v   | sky130_fd_sc_hd__clkinv_4  | 0.100 |   1.507 |    1.279 | 
     | g9                                      | A1 v -> X v  | sky130_fd_sc_hd__a21o_4    | 0.280 |   1.787 |    1.559 | 
     | FE_OFC472_n_20205                       | A v -> Y ^   | sky130_fd_sc_hd__inv_4     | 0.108 |   1.895 |    1.667 | 
     | FE_RC_90_0                              | B ^ -> Y v   | sky130_fd_sc_hd__nand3_2   | 0.098 |   1.993 |    1.765 | 
     | g125263                                 | A v -> Y ^   | sky130_fd_sc_hd__nand2_4   | 0.113 |   2.106 |    1.878 | 
     | g120300                                 | A ^ -> Y v   | sky130_fd_sc_hd__nand2_8   | 0.128 |   2.234 |    2.006 | 
     | FE_OFC1381_n_12191                      | A v -> Y ^   | sky130_fd_sc_hd__inv_4     | 0.204 |   2.438 |    2.210 | 
     | g113688                                 | B ^ -> Y v   | sky130_fd_sc_hd__nand2_8   | 0.185 |   2.622 |    2.395 | 
     | FE_OFC763_n_2552                        | A v -> X v   | sky130_fd_sc_hd__buf_2     | 0.320 |   2.942 |    2.715 | 
     | g111275                                 | A v -> Y ^   | sky130_fd_sc_hd__nor2_2    | 0.644 |   3.586 |    3.359 | 
     | g110521__2398                           | B1 ^ -> Y v  | sky130_fd_sc_hd__a32oi_1   | 0.104 |   3.691 |    3.463 | 
     | g120258                                 | B v -> Y ^   | sky130_fd_sc_hd__nand2_1   | 0.237 |   3.928 |    3.700 | 
     | g120257                                 | A_N ^ -> Y ^ | sky130_fd_sc_hd__nand3b_4  | 0.271 |   4.199 |    3.972 | 
     | g120256                                 | A ^ -> Y v   | sky130_fd_sc_hd__nand2_2   | 0.071 |   4.270 |    4.043 | 
     | g398                                    | A v -> Y ^   | sky130_fd_sc_hd__nand2_1   | 0.085 |   4.355 |    4.127 | 
     | g127325                                 | B1 ^ -> Y v  | sky130_fd_sc_hd__a21oi_1   | 0.039 |   4.394 |    4.167 | 
     | FE_RC_189_0                             | C v -> Y ^   | sky130_fd_sc_hd__nand3_1   | 0.127 |   4.521 |    4.294 | 
     | FE_OFC1685_n_20380                      | A ^ -> X ^   | sky130_fd_sc_hd__buf_6     | 0.150 |   4.671 |    4.444 | 
     | FE_OFC1686_n_20380                      | A ^ -> Y v   | sky130_fd_sc_hd__inv_2     | 0.060 |   4.731 |    4.503 | 
     | alu_inst_muldiv_inst_mul_349_24_g10108  | A v -> Y ^   | sky130_fd_sc_hd__nand2_2   | 0.054 |   4.785 |    4.557 | 
     | g123520                                 | B ^ -> Y v   | sky130_fd_sc_hd__nand2_2   | 0.065 |   4.849 |    4.622 | 
     | FE_OFC57_n_16054                        | A v -> Y ^   | sky130_fd_sc_hd__inv_4     | 0.088 |   4.937 |    4.710 | 
     | g125128                                 | B ^ -> Y v   | sky130_fd_sc_hd__nand2_4   | 0.079 |   5.016 |    4.788 | 
     | alu_inst_muldiv_inst_mul_349_24_g9797   | A v -> Y ^   | sky130_fd_sc_hd__nand2_1   | 0.099 |   5.115 |    4.887 | 
     | g123400                                 | A ^ -> Y v   | sky130_fd_sc_hd__nand2_2   | 0.095 |   5.210 |    4.983 | 
     | alu_inst_muldiv_inst_mul_349_24_g9403   | A2 v -> Y ^  | sky130_fd_sc_hd__o21ai_2   | 0.135 |   5.345 |    5.117 | 
     | alu_inst_muldiv_inst_mul_349_24_g9378   | A ^ -> Y v   | sky130_fd_sc_hd__nand2_2   | 0.106 |   5.451 |    5.223 | 
     | g699                                    | C v -> Y ^   | sky130_fd_sc_hd__nand3_1   | 0.096 |   5.547 |    5.319 | 
     | g697                                    | B ^ -> Y v   | sky130_fd_sc_hd__nand2_1   | 0.091 |   5.638 |    5.410 | 
     | g7031                                   | A2 v -> Y ^  | sky130_fd_sc_hd__o21ai_1   | 0.122 |   5.760 |    5.532 | 
     | g7028                                   | A ^ -> Y v   | sky130_fd_sc_hd__nand2_1   | 0.087 |   5.846 |    5.619 | 
     | alu_inst_muldiv_inst_mul_349_24_g116238 | A v -> Y ^   | sky130_fd_sc_hd__nand2_1   | 0.124 |   5.970 |    5.743 | 
     | alu_inst_muldiv_inst_mul_349_24_g125976 | B ^ -> Y v   | sky130_fd_sc_hd__nand2_2   | 0.067 |   6.038 |    5.810 | 
     | alu_inst_muldiv_inst_mul_349_24_g125975 | A v -> Y ^   | sky130_fd_sc_hd__nand2_2   | 0.065 |   6.103 |    5.876 | 
     | alu_inst_muldiv_inst_mul_349_24_g125974 | A1 ^ -> Y v  | sky130_fd_sc_hd__a21oi_2   | 0.054 |   6.158 |    5.930 | 
     | alu_inst_muldiv_inst_mul_349_24_g8914   | B v -> Y ^   | sky130_fd_sc_hd__nor2_2    | 0.162 |   6.320 |    6.092 | 
     | FE_RC_11_0                              | C ^ -> Y v   | sky130_fd_sc_hd__nand4_4   | 0.164 |   6.484 |    6.256 | 
     | g125512                                 | B v -> Y ^   | sky130_fd_sc_hd__nand2_2   | 0.144 |   6.628 |    6.400 | 
     | g125515_dup                             | A ^ -> Y v   | sky130_fd_sc_hd__nand2_1   | 0.072 |   6.700 |    6.472 | 
     | g108109                                 | A v -> Y ^   | sky130_fd_sc_hd__nand2_2   | 0.106 |   6.806 |    6.578 | 
     | g126298                                 | B ^ -> Y v   | sky130_fd_sc_hd__nand2_2   | 0.068 |   6.874 |    6.647 | 
     | g126297                                 | A v -> Y ^   | sky130_fd_sc_hd__nand2_2   | 0.057 |   6.932 |    6.704 | 
     | g126296                                 | A ^ -> Y v   | sky130_fd_sc_hd__nand2_2   | 0.044 |   6.976 |    6.749 | 
     | g134                                    | A v -> Y ^   | sky130_fd_sc_hd__nand2_2   | 0.079 |   7.055 |    6.827 | 
     | g120067                                 | A ^ -> Y v   | sky130_fd_sc_hd__nand2_2   | 0.065 |   7.120 |    6.892 | 
     | g126773                                 | A v -> Y ^   | sky130_fd_sc_hd__nand2_2   | 0.068 |   7.187 |    6.960 | 
     | g126246                                 | A ^ -> Y v   | sky130_fd_sc_hd__nand2_2   | 0.062 |   7.249 |    7.022 | 
     | g126245                                 | A v -> Y ^   | sky130_fd_sc_hd__nand2_4   | 0.065 |   7.314 |    7.086 | 
     | fopt124279                              | A ^ -> Y v   | sky130_fd_sc_hd__inv_1     | 0.048 |   7.362 |    7.135 | 
     | g126258                                 | A v -> Y ^   | sky130_fd_sc_hd__nand2_2   | 0.052 |   7.414 |    7.186 | 
     | g126257                                 | A ^ -> Y v   | sky130_fd_sc_hd__nand2_1   | 0.057 |   7.471 |    7.244 | 
     | g127453                                 | A v -> Y ^   | sky130_fd_sc_hd__nand2_2   | 0.057 |   7.528 |    7.301 | 
     | g127452                                 | A ^ -> Y v   | sky130_fd_sc_hd__nand2_2   | 0.081 |   7.609 |    7.381 | 
     | g125360                                 | A v -> Y ^   | sky130_fd_sc_hd__nand2_1   | 0.101 |   7.710 |    7.483 | 
     | FE_OFC1654_n_18029                      | A ^ -> Y v   | sky130_fd_sc_hd__inv_2     | 0.066 |   7.776 |    7.548 | 
     | g123154                                 | B v -> Y ^   | sky130_fd_sc_hd__nand2_1   | 0.065 |   7.841 |    7.613 | 
     | g128421                                 | A ^ -> X ^   | sky130_fd_sc_hd__and2_1    | 0.112 |   7.953 |    7.725 | 
     | FE_RC_18_0                              | B ^ -> Y v   | sky130_fd_sc_hd__nand3_1   | 0.081 |   8.033 |    7.806 | 
     | FE_OFC1466_n_16273                      | A v -> Y ^   | sky130_fd_sc_hd__inv_2     | 0.075 |   8.108 |    7.880 | 
     | g122806                                 | B ^ -> Y v   | sky130_fd_sc_hd__nand2b_1  | 0.068 |   8.176 |    7.949 | 
     | g122805                                 | A v -> Y ^   | sky130_fd_sc_hd__nor2_2    | 0.115 |   8.291 |    8.063 | 
     | g127820                                 | A ^ -> Y v   | sky130_fd_sc_hd__nand2_2   | 0.090 |   8.380 |    8.153 | 
     | g125563                                 | C v -> Y ^   | sky130_fd_sc_hd__nor3_1    | 0.215 |   8.595 |    8.368 | 
     | g128684                                 | A_N ^ -> Y ^ | sky130_fd_sc_hd__nand3b_1  | 0.165 |   8.760 |    8.533 | 
     | g301                                    | A2 ^ -> X ^  | sky130_fd_sc_hd__a21o_1    | 0.123 |   8.883 |    8.656 | 
     | g299                                    | B ^ -> Y v   | sky130_fd_sc_hd__nand2b_1  | 0.051 |   8.935 |    8.707 | 
     | result_r_reg[9]                         | D v          | sky130_fd_sc_hd__dfrtp_1   | 0.000 |   8.935 |    8.707 | 
     +------------------------------------------------------------------------------------------------------------------+ 
     Clock Rise Edge                      0.000
     + Source Insertion Delay            -0.182
     = Beginpoint Arrival Time           -0.182
     Other End Path:
     +--------------------------------------------------------------------------------------------+ 
     |      Instance       |    Arc     |            Cell            | Delay | Arrival | Required | 
     |                     |            |                            |       |  Time   |   Time   | 
     |---------------------+------------+----------------------------+-------+---------+----------| 
     |                     | clk ^      |                            |       |  -0.182 |    0.046 | 
     | CTS_ccl_a_inv_00003 | A ^ -> Y v | sky130_fd_sc_hd__clkinv_16 | 0.062 |  -0.120 |    0.108 | 
     | CTS_ccl_a_inv_00002 | A v -> Y ^ | sky130_fd_sc_hd__clkinv_16 | 0.120 |   0.000 |    0.228 | 
     | result_r_reg[9]     | CLK ^      | sky130_fd_sc_hd__dfrtp_1   | 0.003 |   0.004 |    0.231 | 
     +--------------------------------------------------------------------------------------------+ 
Path 7: VIOLATED Setup Check with Pin result_r_reg[3]/CLK 
Endpoint:   result_r_reg[3]/D (v) checked with  leading edge of 'clk'
Beginpoint: in2_r_reg[1]/Q    (v) triggered by  leading edge of 'clk'
Path Groups: {clk}
Analysis View: VIEW_TYP
Other End Arrival Time          0.003
- Setup                         0.121
+ Phase Shift                   8.800
= Required Time                 8.682
- Arrival Time                  8.904
= Slack Time                   -0.222
     Clock Rise Edge                      0.000
     + Source Insertion Delay            -0.182
     = Beginpoint Arrival Time           -0.182
     Timing Path:
     +------------------------------------------------------------------------------------------------------------------+ 
     |                Instance                 |     Arc      |            Cell            | Delay | Arrival | Required | 
     |                                         |              |                            |       |  Time   |   Time   | 
     |-----------------------------------------+--------------+----------------------------+-------+---------+----------| 
     |                                         | clk ^        |                            |       |  -0.182 |   -0.403 | 
     | CTS_ccl_a_inv_00003                     | A ^ -> Y v   | sky130_fd_sc_hd__clkinv_16 | 0.062 |  -0.120 |   -0.341 | 
     | CTS_ccl_a_inv_00002                     | A v -> Y ^   | sky130_fd_sc_hd__clkinv_16 | 0.120 |   0.000 |   -0.221 | 
     | in2_r_reg[1]                            | CLK ^ -> Q v | sky130_fd_sc_hd__sdfrtp_2  | 0.428 |   0.429 |    0.207 | 
     | FE_OFC545_in2_r_1                       | A v -> Y ^   | sky130_fd_sc_hd__inv_2     | 0.096 |   0.524 |    0.303 | 
     | g80_110                                 | B ^ -> X ^   | sky130_fd_sc_hd__and2_4    | 0.201 |   0.725 |    0.504 | 
     | g121090                                 | A ^ -> Y v   | sky130_fd_sc_hd__nand4_1   | 0.084 |   0.809 |    0.588 | 
     | g119622                                 | A v -> Y ^   | sky130_fd_sc_hd__nand2_1   | 0.081 |   0.891 |    0.669 | 
     | g128542                                 | A_N ^ -> Y ^ | sky130_fd_sc_hd__nand2b_1  | 0.098 |   0.989 |    0.767 | 
     | g124605                                 | A ^ -> Y v   | sky130_fd_sc_hd__nand2_1   | 0.107 |   1.096 |    0.874 | 
     | g124609                                 | A v -> Y ^   | sky130_fd_sc_hd__nand2_1   | 0.084 |   1.180 |    0.958 | 
     | g114389                                 | A ^ -> Y v   | sky130_fd_sc_hd__nand2_1   | 0.045 |   1.225 |    1.004 | 
     | g124754                                 | A v -> Y ^   | sky130_fd_sc_hd__nand2_1   | 0.068 |   1.294 |    1.072 | 
     | FE_RC_287_0                             | B1 ^ -> Y v  | sky130_fd_sc_hd__a21oi_2   | 0.038 |   1.332 |    1.110 | 
     | g124752                                 | A v -> Y ^   | sky130_fd_sc_hd__nand2_2   | 0.075 |   1.407 |    1.185 | 
     | FE_OCPC1020_n_17344                     | A ^ -> Y v   | sky130_fd_sc_hd__clkinv_4  | 0.100 |   1.507 |    1.285 | 
     | g9                                      | A1 v -> X v  | sky130_fd_sc_hd__a21o_4    | 0.280 |   1.787 |    1.565 | 
     | FE_OFC472_n_20205                       | A v -> Y ^   | sky130_fd_sc_hd__inv_4     | 0.108 |   1.895 |    1.673 | 
     | FE_RC_90_0                              | B ^ -> Y v   | sky130_fd_sc_hd__nand3_2   | 0.098 |   1.993 |    1.771 | 
     | g125263                                 | A v -> Y ^   | sky130_fd_sc_hd__nand2_4   | 0.113 |   2.106 |    1.884 | 
     | g120300                                 | A ^ -> Y v   | sky130_fd_sc_hd__nand2_8   | 0.128 |   2.234 |    2.012 | 
     | FE_OFC1381_n_12191                      | A v -> Y ^   | sky130_fd_sc_hd__inv_4     | 0.204 |   2.438 |    2.216 | 
     | g113688                                 | B ^ -> Y v   | sky130_fd_sc_hd__nand2_8   | 0.185 |   2.622 |    2.401 | 
     | FE_OFC763_n_2552                        | A v -> X v   | sky130_fd_sc_hd__buf_2     | 0.320 |   2.942 |    2.720 | 
     | g111275                                 | A v -> Y ^   | sky130_fd_sc_hd__nor2_2    | 0.644 |   3.586 |    3.365 | 
     | g110521__2398                           | B1 ^ -> Y v  | sky130_fd_sc_hd__a32oi_1   | 0.104 |   3.691 |    3.469 | 
     | g120258                                 | B v -> Y ^   | sky130_fd_sc_hd__nand2_1   | 0.237 |   3.928 |    3.706 | 
     | g120257                                 | A_N ^ -> Y ^ | sky130_fd_sc_hd__nand3b_4  | 0.271 |   4.199 |    3.978 | 
     | g120256                                 | A ^ -> Y v   | sky130_fd_sc_hd__nand2_2   | 0.071 |   4.270 |    4.049 | 
     | g398                                    | A v -> Y ^   | sky130_fd_sc_hd__nand2_1   | 0.085 |   4.355 |    4.133 | 
     | g127325                                 | B1 ^ -> Y v  | sky130_fd_sc_hd__a21oi_1   | 0.039 |   4.394 |    4.173 | 
     | FE_RC_189_0                             | C v -> Y ^   | sky130_fd_sc_hd__nand3_1   | 0.127 |   4.521 |    4.299 | 
     | FE_OFC1685_n_20380                      | A ^ -> X ^   | sky130_fd_sc_hd__buf_6     | 0.150 |   4.671 |    4.450 | 
     | FE_OFC1686_n_20380                      | A ^ -> Y v   | sky130_fd_sc_hd__inv_2     | 0.060 |   4.731 |    4.509 | 
     | alu_inst_muldiv_inst_mul_349_24_g10108  | A v -> Y ^   | sky130_fd_sc_hd__nand2_2   | 0.054 |   4.785 |    4.563 | 
     | g123520                                 | B ^ -> Y v   | sky130_fd_sc_hd__nand2_2   | 0.065 |   4.849 |    4.627 | 
     | FE_OFC57_n_16054                        | A v -> Y ^   | sky130_fd_sc_hd__inv_4     | 0.088 |   4.937 |    4.716 | 
     | g125128                                 | B ^ -> Y v   | sky130_fd_sc_hd__nand2_4   | 0.079 |   5.016 |    4.794 | 
     | alu_inst_muldiv_inst_mul_349_24_g9797   | A v -> Y ^   | sky130_fd_sc_hd__nand2_1   | 0.099 |   5.115 |    4.893 | 
     | g123400                                 | A ^ -> Y v   | sky130_fd_sc_hd__nand2_2   | 0.095 |   5.210 |    4.988 | 
     | alu_inst_muldiv_inst_mul_349_24_g9403   | A2 v -> Y ^  | sky130_fd_sc_hd__o21ai_2   | 0.135 |   5.345 |    5.123 | 
     | alu_inst_muldiv_inst_mul_349_24_g9378   | A ^ -> Y v   | sky130_fd_sc_hd__nand2_2   | 0.106 |   5.451 |    5.229 | 
     | g699                                    | C v -> Y ^   | sky130_fd_sc_hd__nand3_1   | 0.096 |   5.547 |    5.325 | 
     | g697                                    | B ^ -> Y v   | sky130_fd_sc_hd__nand2_1   | 0.091 |   5.638 |    5.416 | 
     | g7031                                   | A2 v -> Y ^  | sky130_fd_sc_hd__o21ai_1   | 0.122 |   5.760 |    5.538 | 
     | g7028                                   | A ^ -> Y v   | sky130_fd_sc_hd__nand2_1   | 0.087 |   5.846 |    5.625 | 
     | alu_inst_muldiv_inst_mul_349_24_g116238 | A v -> Y ^   | sky130_fd_sc_hd__nand2_1   | 0.124 |   5.970 |    5.749 | 
     | alu_inst_muldiv_inst_mul_349_24_g125976 | B ^ -> Y v   | sky130_fd_sc_hd__nand2_2   | 0.067 |   6.038 |    5.816 | 
     | alu_inst_muldiv_inst_mul_349_24_g125975 | A v -> Y ^   | sky130_fd_sc_hd__nand2_2   | 0.065 |   6.103 |    5.882 | 
     | alu_inst_muldiv_inst_mul_349_24_g125974 | A1 ^ -> Y v  | sky130_fd_sc_hd__a21oi_2   | 0.054 |   6.158 |    5.936 | 
     | alu_inst_muldiv_inst_mul_349_24_g8914   | B v -> Y ^   | sky130_fd_sc_hd__nor2_2    | 0.162 |   6.320 |    6.098 | 
     | FE_RC_11_0                              | C ^ -> Y v   | sky130_fd_sc_hd__nand4_4   | 0.164 |   6.484 |    6.262 | 
     | g125512_dup                             | B v -> Y ^   | sky130_fd_sc_hd__nand2_2   | 0.117 |   6.601 |    6.379 | 
     | g125516                                 | A ^ -> Y v   | sky130_fd_sc_hd__nand2_2   | 0.051 |   6.652 |    6.430 | 
     | g125187                                 | A v -> Y ^   | sky130_fd_sc_hd__nand3_2   | 0.089 |   6.741 |    6.520 | 
     | g108191                                 | A ^ -> Y v   | sky130_fd_sc_hd__nand2_2   | 0.058 |   6.799 |    6.578 | 
     | g126298                                 | A v -> Y ^   | sky130_fd_sc_hd__nand2_2   | 0.074 |   6.874 |    6.652 | 
     | g126297_dup                             | A ^ -> Y v   | sky130_fd_sc_hd__nand2_2   | 0.071 |   6.944 |    6.723 | 
     | fopt120328                              | A v -> Y ^   | sky130_fd_sc_hd__inv_2     | 0.067 |   7.011 |    6.790 | 
     | g125466                                 | A ^ -> Y v   | sky130_fd_sc_hd__nand2_4   | 0.055 |   7.066 |    6.845 | 
     | g125556                                 | B v -> Y ^   | sky130_fd_sc_hd__nand2_4   | 0.095 |   7.161 |    6.940 | 
     | g116724                                 | A ^ -> X ^   | sky130_fd_sc_hd__and2_4    | 0.207 |   7.369 |    7.147 | 
     | g107658                                 | A ^ -> Y v   | sky130_fd_sc_hd__nand2_1   | 0.062 |   7.431 |    7.210 | 
     | g107639                                 | B v -> Y ^   | sky130_fd_sc_hd__nand2_1   | 0.086 |   7.517 |    7.296 | 
     | g116311                                 | B1 ^ -> Y v  | sky130_fd_sc_hd__a21oi_2   | 0.043 |   7.560 |    7.339 | 
     | g116313                                 | A2 v -> Y ^  | sky130_fd_sc_hd__o21ai_1   | 0.207 |   7.767 |    7.545 | 
     | g116520                                 | A ^ -> Y v   | sky130_fd_sc_hd__inv_1     | 0.071 |   7.838 |    7.616 | 
     | g120139                                 | A v -> Y ^   | sky130_fd_sc_hd__nand2_1   | 0.088 |   7.926 |    7.705 | 
     | g125908                                 | C ^ -> Y v   | sky130_fd_sc_hd__nand3_1   | 0.099 |   8.025 |    7.803 | 
     | g127819                                 | A v -> Y ^   | sky130_fd_sc_hd__nand2_1   | 0.088 |   8.113 |    7.891 | 
     | g127818                                 | A ^ -> Y v   | sky130_fd_sc_hd__clkinv_2  | 0.076 |   8.189 |    7.967 | 
     | g127823                                 | A v -> Y ^   | sky130_fd_sc_hd__nand2_2   | 0.078 |   8.266 |    8.045 | 
     | FE_OFC1649_n_21129                      | A ^ -> Y v   | sky130_fd_sc_hd__inv_2     | 0.053 |   8.320 |    8.098 | 
     | FE_RC_91_0                              | A v -> Y ^   | sky130_fd_sc_hd__nand3_2   | 0.109 |   8.429 |    8.207 | 
     | g107025                                 | B ^ -> Y v   | sky130_fd_sc_hd__nor2_1    | 0.055 |   8.483 |    8.261 | 
     | g107007                                 | B v -> Y ^   | sky130_fd_sc_hd__nor2_1    | 0.102 |   8.585 |    8.364 | 
     | FE_RC_24_0                              | A2 ^ -> Y v  | sky130_fd_sc_hd__o21ai_1   | 0.090 |   8.676 |    8.454 | 
     | FE_RC_51_0                              | B v -> Y ^   | sky130_fd_sc_hd__nor2_1    | 0.148 |   8.823 |    8.602 | 
     | g105881                                 | B2 ^ -> Y v  | sky130_fd_sc_hd__o2bb2ai_1 | 0.080 |   8.904 |    8.682 | 
     | result_r_reg[3]                         | D v          | sky130_fd_sc_hd__dfrtp_1   | 0.000 |   8.904 |    8.682 | 
     +------------------------------------------------------------------------------------------------------------------+ 
     Clock Rise Edge                      0.000
     + Source Insertion Delay            -0.182
     = Beginpoint Arrival Time           -0.182
     Other End Path:
     +--------------------------------------------------------------------------------------------+ 
     |      Instance       |    Arc     |            Cell            | Delay | Arrival | Required | 
     |                     |            |                            |       |  Time   |   Time   | 
     |---------------------+------------+----------------------------+-------+---------+----------| 
     |                     | clk ^      |                            |       |  -0.182 |    0.040 | 
     | CTS_ccl_a_inv_00003 | A ^ -> Y v | sky130_fd_sc_hd__clkinv_16 | 0.062 |  -0.120 |    0.102 | 
     | CTS_ccl_a_inv_00002 | A v -> Y ^ | sky130_fd_sc_hd__clkinv_16 | 0.120 |   0.000 |    0.222 | 
     | result_r_reg[3]     | CLK ^      | sky130_fd_sc_hd__dfrtp_1   | 0.003 |   0.003 |    0.225 | 
     +--------------------------------------------------------------------------------------------+ 
Path 8: VIOLATED Setup Check with Pin result_r_reg[2]/CLK 
Endpoint:   result_r_reg[2]/D (v) checked with  leading edge of 'clk'
Beginpoint: in2_r_reg[1]/Q    (v) triggered by  leading edge of 'clk'
Path Groups: {clk}
Analysis View: VIEW_TYP
Other End Arrival Time          0.003
- Setup                         0.118
+ Phase Shift                   8.800
= Required Time                 8.685
- Arrival Time                  8.899
= Slack Time                   -0.214
     Clock Rise Edge                      0.000
     + Source Insertion Delay            -0.182
     = Beginpoint Arrival Time           -0.182
     Timing Path:
     +------------------------------------------------------------------------------------------------------------------+ 
     |                Instance                 |     Arc      |            Cell            | Delay | Arrival | Required | 
     |                                         |              |                            |       |  Time   |   Time   | 
     |-----------------------------------------+--------------+----------------------------+-------+---------+----------| 
     |                                         | clk ^        |                            |       |  -0.182 |   -0.395 | 
     | CTS_ccl_a_inv_00003                     | A ^ -> Y v   | sky130_fd_sc_hd__clkinv_16 | 0.062 |  -0.120 |   -0.333 | 
     | CTS_ccl_a_inv_00002                     | A v -> Y ^   | sky130_fd_sc_hd__clkinv_16 | 0.120 |   0.000 |   -0.213 | 
     | in2_r_reg[1]                            | CLK ^ -> Q v | sky130_fd_sc_hd__sdfrtp_2  | 0.428 |   0.429 |    0.215 | 
     | FE_OFC545_in2_r_1                       | A v -> Y ^   | sky130_fd_sc_hd__inv_2     | 0.096 |   0.524 |    0.311 | 
     | g80_110                                 | B ^ -> X ^   | sky130_fd_sc_hd__and2_4    | 0.201 |   0.725 |    0.512 | 
     | g121090                                 | A ^ -> Y v   | sky130_fd_sc_hd__nand4_1   | 0.084 |   0.809 |    0.596 | 
     | g119622                                 | A v -> Y ^   | sky130_fd_sc_hd__nand2_1   | 0.081 |   0.891 |    0.677 | 
     | g128542                                 | A_N ^ -> Y ^ | sky130_fd_sc_hd__nand2b_1  | 0.098 |   0.989 |    0.775 | 
     | g124605                                 | A ^ -> Y v   | sky130_fd_sc_hd__nand2_1   | 0.107 |   1.096 |    0.882 | 
     | g124609                                 | A v -> Y ^   | sky130_fd_sc_hd__nand2_1   | 0.084 |   1.180 |    0.966 | 
     | g114389                                 | A ^ -> Y v   | sky130_fd_sc_hd__nand2_1   | 0.045 |   1.225 |    1.012 | 
     | g124754                                 | A v -> Y ^   | sky130_fd_sc_hd__nand2_1   | 0.068 |   1.294 |    1.080 | 
     | FE_RC_287_0                             | B1 ^ -> Y v  | sky130_fd_sc_hd__a21oi_2   | 0.038 |   1.332 |    1.118 | 
     | g124752                                 | A v -> Y ^   | sky130_fd_sc_hd__nand2_2   | 0.075 |   1.407 |    1.193 | 
     | FE_OCPC1020_n_17344                     | A ^ -> Y v   | sky130_fd_sc_hd__clkinv_4  | 0.100 |   1.507 |    1.293 | 
     | g9                                      | A1 v -> X v  | sky130_fd_sc_hd__a21o_4    | 0.280 |   1.787 |    1.573 | 
     | FE_OFC472_n_20205                       | A v -> Y ^   | sky130_fd_sc_hd__inv_4     | 0.108 |   1.895 |    1.681 | 
     | FE_RC_90_0                              | B ^ -> Y v   | sky130_fd_sc_hd__nand3_2   | 0.098 |   1.993 |    1.779 | 
     | g125263                                 | A v -> Y ^   | sky130_fd_sc_hd__nand2_4   | 0.113 |   2.106 |    1.892 | 
     | g120300                                 | A ^ -> Y v   | sky130_fd_sc_hd__nand2_8   | 0.128 |   2.234 |    2.020 | 
     | FE_OFC1381_n_12191                      | A v -> Y ^   | sky130_fd_sc_hd__inv_4     | 0.204 |   2.438 |    2.224 | 
     | g113688                                 | B ^ -> Y v   | sky130_fd_sc_hd__nand2_8   | 0.185 |   2.622 |    2.409 | 
     | FE_OFC763_n_2552                        | A v -> X v   | sky130_fd_sc_hd__buf_2     | 0.320 |   2.942 |    2.728 | 
     | g111275                                 | A v -> Y ^   | sky130_fd_sc_hd__nor2_2    | 0.644 |   3.586 |    3.373 | 
     | g110521__2398                           | B1 ^ -> Y v  | sky130_fd_sc_hd__a32oi_1   | 0.104 |   3.691 |    3.477 | 
     | g120258                                 | B v -> Y ^   | sky130_fd_sc_hd__nand2_1   | 0.237 |   3.928 |    3.714 | 
     | g120257                                 | A_N ^ -> Y ^ | sky130_fd_sc_hd__nand3b_4  | 0.271 |   4.199 |    3.986 | 
     | g120256                                 | A ^ -> Y v   | sky130_fd_sc_hd__nand2_2   | 0.071 |   4.270 |    4.057 | 
     | g398                                    | A v -> Y ^   | sky130_fd_sc_hd__nand2_1   | 0.085 |   4.355 |    4.141 | 
     | g127325                                 | B1 ^ -> Y v  | sky130_fd_sc_hd__a21oi_1   | 0.039 |   4.394 |    4.181 | 
     | FE_RC_189_0                             | C v -> Y ^   | sky130_fd_sc_hd__nand3_1   | 0.127 |   4.521 |    4.307 | 
     | FE_OFC1685_n_20380                      | A ^ -> X ^   | sky130_fd_sc_hd__buf_6     | 0.150 |   4.671 |    4.458 | 
     | FE_OFC1686_n_20380                      | A ^ -> Y v   | sky130_fd_sc_hd__inv_2     | 0.060 |   4.731 |    4.517 | 
     | alu_inst_muldiv_inst_mul_349_24_g10108  | A v -> Y ^   | sky130_fd_sc_hd__nand2_2   | 0.054 |   4.785 |    4.571 | 
     | g123520                                 | B ^ -> Y v   | sky130_fd_sc_hd__nand2_2   | 0.065 |   4.849 |    4.635 | 
     | FE_OFC57_n_16054                        | A v -> Y ^   | sky130_fd_sc_hd__inv_4     | 0.088 |   4.937 |    4.724 | 
     | g125128                                 | B ^ -> Y v   | sky130_fd_sc_hd__nand2_4   | 0.079 |   5.016 |    4.802 | 
     | alu_inst_muldiv_inst_mul_349_24_g9797   | A v -> Y ^   | sky130_fd_sc_hd__nand2_1   | 0.099 |   5.115 |    4.901 | 
     | g123400                                 | A ^ -> Y v   | sky130_fd_sc_hd__nand2_2   | 0.095 |   5.210 |    4.996 | 
     | alu_inst_muldiv_inst_mul_349_24_g9403   | A2 v -> Y ^  | sky130_fd_sc_hd__o21ai_2   | 0.135 |   5.345 |    5.131 | 
     | alu_inst_muldiv_inst_mul_349_24_g9378   | A ^ -> Y v   | sky130_fd_sc_hd__nand2_2   | 0.106 |   5.451 |    5.237 | 
     | g699                                    | C v -> Y ^   | sky130_fd_sc_hd__nand3_1   | 0.096 |   5.547 |    5.333 | 
     | g697                                    | B ^ -> Y v   | sky130_fd_sc_hd__nand2_1   | 0.091 |   5.638 |    5.424 | 
     | g7031                                   | A2 v -> Y ^  | sky130_fd_sc_hd__o21ai_1   | 0.122 |   5.760 |    5.546 | 
     | g7028                                   | A ^ -> Y v   | sky130_fd_sc_hd__nand2_1   | 0.087 |   5.846 |    5.633 | 
     | alu_inst_muldiv_inst_mul_349_24_g116238 | A v -> Y ^   | sky130_fd_sc_hd__nand2_1   | 0.124 |   5.970 |    5.757 | 
     | alu_inst_muldiv_inst_mul_349_24_g125976 | B ^ -> Y v   | sky130_fd_sc_hd__nand2_2   | 0.067 |   6.038 |    5.824 | 
     | alu_inst_muldiv_inst_mul_349_24_g125975 | A v -> Y ^   | sky130_fd_sc_hd__nand2_2   | 0.065 |   6.103 |    5.890 | 
     | alu_inst_muldiv_inst_mul_349_24_g125974 | A1 ^ -> Y v  | sky130_fd_sc_hd__a21oi_2   | 0.054 |   6.158 |    5.944 | 
     | alu_inst_muldiv_inst_mul_349_24_g8914   | B v -> Y ^   | sky130_fd_sc_hd__nor2_2    | 0.162 |   6.320 |    6.106 | 
     | FE_RC_11_0                              | C ^ -> Y v   | sky130_fd_sc_hd__nand4_4   | 0.164 |   6.484 |    6.270 | 
     | g125512_dup                             | B v -> Y ^   | sky130_fd_sc_hd__nand2_2   | 0.117 |   6.601 |    6.387 | 
     | g125516                                 | A ^ -> Y v   | sky130_fd_sc_hd__nand2_2   | 0.051 |   6.652 |    6.438 | 
     | g125187                                 | A v -> Y ^   | sky130_fd_sc_hd__nand3_2   | 0.089 |   6.741 |    6.528 | 
     | g108191                                 | A ^ -> Y v   | sky130_fd_sc_hd__nand2_2   | 0.058 |   6.799 |    6.586 | 
     | g126298                                 | A v -> Y ^   | sky130_fd_sc_hd__nand2_2   | 0.074 |   6.874 |    6.660 | 
     | g126297_dup                             | A ^ -> Y v   | sky130_fd_sc_hd__nand2_2   | 0.071 |   6.944 |    6.731 | 
     | fopt120328                              | A v -> Y ^   | sky130_fd_sc_hd__inv_2     | 0.067 |   7.011 |    6.798 | 
     | g125466                                 | A ^ -> Y v   | sky130_fd_sc_hd__nand2_4   | 0.055 |   7.066 |    6.853 | 
     | g125556                                 | B v -> Y ^   | sky130_fd_sc_hd__nand2_4   | 0.095 |   7.161 |    6.948 | 
     | g116724                                 | A ^ -> X ^   | sky130_fd_sc_hd__and2_4    | 0.207 |   7.369 |    7.155 | 
     | g107658                                 | A ^ -> Y v   | sky130_fd_sc_hd__nand2_1   | 0.062 |   7.431 |    7.218 | 
     | g107639                                 | B v -> Y ^   | sky130_fd_sc_hd__nand2_1   | 0.086 |   7.517 |    7.304 | 
     | g116311                                 | B1 ^ -> Y v  | sky130_fd_sc_hd__a21oi_2   | 0.043 |   7.560 |    7.347 | 
     | g116313                                 | A2 v -> Y ^  | sky130_fd_sc_hd__o21ai_1   | 0.207 |   7.767 |    7.553 | 
     | g116520                                 | A ^ -> Y v   | sky130_fd_sc_hd__inv_1     | 0.071 |   7.838 |    7.624 | 
     | g120139                                 | A v -> Y ^   | sky130_fd_sc_hd__nand2_1   | 0.088 |   7.926 |    7.713 | 
     | g125908                                 | C ^ -> Y v   | sky130_fd_sc_hd__nand3_1   | 0.099 |   8.025 |    7.811 | 
     | g127819                                 | A v -> Y ^   | sky130_fd_sc_hd__nand2_1   | 0.088 |   8.113 |    7.899 | 
     | g127818                                 | A ^ -> Y v   | sky130_fd_sc_hd__clkinv_2  | 0.076 |   8.189 |    7.975 | 
     | g127823_dup                             | A v -> Y ^   | sky130_fd_sc_hd__nand2_1   | 0.076 |   8.265 |    8.052 | 
     | g127826                                 | B ^ -> Y v   | sky130_fd_sc_hd__nor2_2    | 0.039 |   8.305 |    8.091 | 
     | g127825                                 | A v -> Y ^   | sky130_fd_sc_hd__inv_2     | 0.074 |   8.379 |    8.165 | 
     | g107053                                 | B ^ -> Y v   | sky130_fd_sc_hd__nor2_1    | 0.041 |   8.420 |    8.206 | 
     | g107042                                 | B v -> Y ^   | sky130_fd_sc_hd__nor2_1    | 0.101 |   8.521 |    8.308 | 
     | g116577                                 | A2 ^ -> Y v  | sky130_fd_sc_hd__o21ai_1   | 0.101 |   8.622 |    8.408 | 
     | g118719                                 | B1 v -> Y ^  | sky130_fd_sc_hd__a21oi_1   | 0.196 |   8.818 |    8.604 | 
     | g105902                                 | B2 ^ -> Y v  | sky130_fd_sc_hd__o2bb2ai_1 | 0.081 |   8.899 |    8.685 | 
     | result_r_reg[2]                         | D v          | sky130_fd_sc_hd__dfrtp_1   | 0.000 |   8.899 |    8.685 | 
     +------------------------------------------------------------------------------------------------------------------+ 
     Clock Rise Edge                      0.000
     + Source Insertion Delay            -0.182
     = Beginpoint Arrival Time           -0.182
     Other End Path:
     +--------------------------------------------------------------------------------------------+ 
     |      Instance       |    Arc     |            Cell            | Delay | Arrival | Required | 
     |                     |            |                            |       |  Time   |   Time   | 
     |---------------------+------------+----------------------------+-------+---------+----------| 
     |                     | clk ^      |                            |       |  -0.182 |    0.032 | 
     | CTS_ccl_a_inv_00003 | A ^ -> Y v | sky130_fd_sc_hd__clkinv_16 | 0.062 |  -0.120 |    0.094 | 
     | CTS_ccl_a_inv_00002 | A v -> Y ^ | sky130_fd_sc_hd__clkinv_16 | 0.120 |   0.000 |    0.214 | 
     | result_r_reg[2]     | CLK ^      | sky130_fd_sc_hd__dfrtp_1   | 0.003 |   0.003 |    0.217 | 
     +--------------------------------------------------------------------------------------------+ 
Path 9: VIOLATED Setup Check with Pin result_r_reg[4]/CLK 
Endpoint:   result_r_reg[4]/D (v) checked with  leading edge of 'clk'
Beginpoint: in2_r_reg[1]/Q    (v) triggered by  leading edge of 'clk'
Path Groups: {clk}
Analysis View: VIEW_TYP
Other End Arrival Time          0.003
- Setup                         0.117
+ Phase Shift                   8.800
= Required Time                 8.686
- Arrival Time                  8.899
= Slack Time                   -0.213
     Clock Rise Edge                      0.000
     + Source Insertion Delay            -0.182
     = Beginpoint Arrival Time           -0.182
     Timing Path:
     +------------------------------------------------------------------------------------------------------------------+ 
     |                Instance                 |     Arc      |            Cell            | Delay | Arrival | Required | 
     |                                         |              |                            |       |  Time   |   Time   | 
     |-----------------------------------------+--------------+----------------------------+-------+---------+----------| 
     |                                         | clk ^        |                            |       |  -0.182 |   -0.395 | 
     | CTS_ccl_a_inv_00003                     | A ^ -> Y v   | sky130_fd_sc_hd__clkinv_16 | 0.062 |  -0.120 |   -0.333 | 
     | CTS_ccl_a_inv_00002                     | A v -> Y ^   | sky130_fd_sc_hd__clkinv_16 | 0.120 |   0.000 |   -0.213 | 
     | in2_r_reg[1]                            | CLK ^ -> Q v | sky130_fd_sc_hd__sdfrtp_2  | 0.428 |   0.429 |    0.216 | 
     | FE_OFC545_in2_r_1                       | A v -> Y ^   | sky130_fd_sc_hd__inv_2     | 0.096 |   0.524 |    0.311 | 
     | g80_110                                 | B ^ -> X ^   | sky130_fd_sc_hd__and2_4    | 0.201 |   0.725 |    0.512 | 
     | g121090                                 | A ^ -> Y v   | sky130_fd_sc_hd__nand4_1   | 0.084 |   0.809 |    0.596 | 
     | g119622                                 | A v -> Y ^   | sky130_fd_sc_hd__nand2_1   | 0.081 |   0.891 |    0.678 | 
     | g128542                                 | A_N ^ -> Y ^ | sky130_fd_sc_hd__nand2b_1  | 0.098 |   0.989 |    0.776 | 
     | g124605                                 | A ^ -> Y v   | sky130_fd_sc_hd__nand2_1   | 0.107 |   1.096 |    0.883 | 
     | g124609                                 | A v -> Y ^   | sky130_fd_sc_hd__nand2_1   | 0.084 |   1.180 |    0.967 | 
     | g114389                                 | A ^ -> Y v   | sky130_fd_sc_hd__nand2_1   | 0.045 |   1.225 |    1.012 | 
     | g124754                                 | A v -> Y ^   | sky130_fd_sc_hd__nand2_1   | 0.068 |   1.294 |    1.081 | 
     | FE_RC_287_0                             | B1 ^ -> Y v  | sky130_fd_sc_hd__a21oi_2   | 0.038 |   1.332 |    1.119 | 
     | g124752                                 | A v -> Y ^   | sky130_fd_sc_hd__nand2_2   | 0.075 |   1.407 |    1.194 | 
     | FE_OCPC1020_n_17344                     | A ^ -> Y v   | sky130_fd_sc_hd__clkinv_4  | 0.100 |   1.507 |    1.294 | 
     | g9                                      | A1 v -> X v  | sky130_fd_sc_hd__a21o_4    | 0.280 |   1.787 |    1.574 | 
     | FE_OFC472_n_20205                       | A v -> Y ^   | sky130_fd_sc_hd__inv_4     | 0.108 |   1.895 |    1.682 | 
     | FE_RC_90_0                              | B ^ -> Y v   | sky130_fd_sc_hd__nand3_2   | 0.098 |   1.993 |    1.780 | 
     | g125263                                 | A v -> Y ^   | sky130_fd_sc_hd__nand2_4   | 0.113 |   2.106 |    1.893 | 
     | g120300                                 | A ^ -> Y v   | sky130_fd_sc_hd__nand2_8   | 0.128 |   2.234 |    2.021 | 
     | FE_OFC1381_n_12191                      | A v -> Y ^   | sky130_fd_sc_hd__inv_4     | 0.204 |   2.438 |    2.225 | 
     | g113688                                 | B ^ -> Y v   | sky130_fd_sc_hd__nand2_8   | 0.185 |   2.622 |    2.409 | 
     | FE_OFC763_n_2552                        | A v -> X v   | sky130_fd_sc_hd__buf_2     | 0.320 |   2.942 |    2.729 | 
     | g111275                                 | A v -> Y ^   | sky130_fd_sc_hd__nor2_2    | 0.644 |   3.586 |    3.373 | 
     | g110521__2398                           | B1 ^ -> Y v  | sky130_fd_sc_hd__a32oi_1   | 0.104 |   3.691 |    3.478 | 
     | g120258                                 | B v -> Y ^   | sky130_fd_sc_hd__nand2_1   | 0.237 |   3.928 |    3.715 | 
     | g120257                                 | A_N ^ -> Y ^ | sky130_fd_sc_hd__nand3b_4  | 0.271 |   4.199 |    3.986 | 
     | g120256                                 | A ^ -> Y v   | sky130_fd_sc_hd__nand2_2   | 0.071 |   4.270 |    4.057 | 
     | g398                                    | A v -> Y ^   | sky130_fd_sc_hd__nand2_1   | 0.085 |   4.355 |    4.142 | 
     | g127325                                 | B1 ^ -> Y v  | sky130_fd_sc_hd__a21oi_1   | 0.039 |   4.394 |    4.181 | 
     | FE_RC_189_0                             | C v -> Y ^   | sky130_fd_sc_hd__nand3_1   | 0.127 |   4.521 |    4.308 | 
     | FE_OFC1685_n_20380                      | A ^ -> X ^   | sky130_fd_sc_hd__buf_6     | 0.150 |   4.671 |    4.458 | 
     | FE_OFC1686_n_20380                      | A ^ -> Y v   | sky130_fd_sc_hd__inv_2     | 0.060 |   4.731 |    4.518 | 
     | alu_inst_muldiv_inst_mul_349_24_g10108  | A v -> Y ^   | sky130_fd_sc_hd__nand2_2   | 0.054 |   4.785 |    4.572 | 
     | g123520                                 | B ^ -> Y v   | sky130_fd_sc_hd__nand2_2   | 0.065 |   4.849 |    4.636 | 
     | FE_OFC57_n_16054                        | A v -> Y ^   | sky130_fd_sc_hd__inv_4     | 0.088 |   4.937 |    4.724 | 
     | g125128                                 | B ^ -> Y v   | sky130_fd_sc_hd__nand2_4   | 0.079 |   5.016 |    4.803 | 
     | alu_inst_muldiv_inst_mul_349_24_g9797   | A v -> Y ^   | sky130_fd_sc_hd__nand2_1   | 0.099 |   5.115 |    4.902 | 
     | g123400                                 | A ^ -> Y v   | sky130_fd_sc_hd__nand2_2   | 0.095 |   5.210 |    4.997 | 
     | alu_inst_muldiv_inst_mul_349_24_g9403   | A2 v -> Y ^  | sky130_fd_sc_hd__o21ai_2   | 0.135 |   5.345 |    5.132 | 
     | alu_inst_muldiv_inst_mul_349_24_g9378   | A ^ -> Y v   | sky130_fd_sc_hd__nand2_2   | 0.106 |   5.451 |    5.238 | 
     | g699                                    | C v -> Y ^   | sky130_fd_sc_hd__nand3_1   | 0.096 |   5.547 |    5.334 | 
     | g697                                    | B ^ -> Y v   | sky130_fd_sc_hd__nand2_1   | 0.091 |   5.638 |    5.425 | 
     | g7031                                   | A2 v -> Y ^  | sky130_fd_sc_hd__o21ai_1   | 0.122 |   5.760 |    5.547 | 
     | g7028                                   | A ^ -> Y v   | sky130_fd_sc_hd__nand2_1   | 0.087 |   5.846 |    5.633 | 
     | alu_inst_muldiv_inst_mul_349_24_g116238 | A v -> Y ^   | sky130_fd_sc_hd__nand2_1   | 0.124 |   5.970 |    5.757 | 
     | alu_inst_muldiv_inst_mul_349_24_g125976 | B ^ -> Y v   | sky130_fd_sc_hd__nand2_2   | 0.067 |   6.038 |    5.825 | 
     | alu_inst_muldiv_inst_mul_349_24_g125975 | A v -> Y ^   | sky130_fd_sc_hd__nand2_2   | 0.065 |   6.103 |    5.890 | 
     | alu_inst_muldiv_inst_mul_349_24_g125974 | A1 ^ -> Y v  | sky130_fd_sc_hd__a21oi_2   | 0.054 |   6.158 |    5.945 | 
     | alu_inst_muldiv_inst_mul_349_24_g8914   | B v -> Y ^   | sky130_fd_sc_hd__nor2_2    | 0.162 |   6.320 |    6.107 | 
     | FE_RC_11_0                              | C ^ -> Y v   | sky130_fd_sc_hd__nand4_4   | 0.164 |   6.484 |    6.271 | 
     | g125512_dup                             | B v -> Y ^   | sky130_fd_sc_hd__nand2_2   | 0.117 |   6.601 |    6.388 | 
     | g125516                                 | A ^ -> Y v   | sky130_fd_sc_hd__nand2_2   | 0.051 |   6.652 |    6.439 | 
     | g125187                                 | A v -> Y ^   | sky130_fd_sc_hd__nand3_2   | 0.089 |   6.741 |    6.528 | 
     | g108191                                 | A ^ -> Y v   | sky130_fd_sc_hd__nand2_2   | 0.058 |   6.799 |    6.586 | 
     | g126298                                 | A v -> Y ^   | sky130_fd_sc_hd__nand2_2   | 0.074 |   6.874 |    6.661 | 
     | g126297_dup                             | A ^ -> Y v   | sky130_fd_sc_hd__nand2_2   | 0.071 |   6.944 |    6.731 | 
     | fopt120328                              | A v -> Y ^   | sky130_fd_sc_hd__inv_2     | 0.067 |   7.011 |    6.798 | 
     | g125466                                 | A ^ -> Y v   | sky130_fd_sc_hd__nand2_4   | 0.055 |   7.066 |    6.853 | 
     | g125556                                 | B v -> Y ^   | sky130_fd_sc_hd__nand2_4   | 0.095 |   7.161 |    6.948 | 
     | g116724                                 | A ^ -> X ^   | sky130_fd_sc_hd__and2_4    | 0.207 |   7.369 |    7.156 | 
     | g107658                                 | A ^ -> Y v   | sky130_fd_sc_hd__nand2_1   | 0.062 |   7.431 |    7.218 | 
     | g107639                                 | B v -> Y ^   | sky130_fd_sc_hd__nand2_1   | 0.086 |   7.517 |    7.304 | 
     | g116311                                 | B1 ^ -> Y v  | sky130_fd_sc_hd__a21oi_2   | 0.043 |   7.560 |    7.347 | 
     | g116313                                 | A2 v -> Y ^  | sky130_fd_sc_hd__o21ai_1   | 0.207 |   7.767 |    7.554 | 
     | g116520                                 | A ^ -> Y v   | sky130_fd_sc_hd__inv_1     | 0.071 |   7.838 |    7.625 | 
     | g120139                                 | A v -> Y ^   | sky130_fd_sc_hd__nand2_1   | 0.088 |   7.926 |    7.713 | 
     | g125908                                 | C ^ -> Y v   | sky130_fd_sc_hd__nand3_1   | 0.099 |   8.025 |    7.812 | 
     | g127819                                 | A v -> Y ^   | sky130_fd_sc_hd__nand2_1   | 0.088 |   8.113 |    7.900 | 
     | g127818                                 | A ^ -> Y v   | sky130_fd_sc_hd__clkinv_2  | 0.076 |   8.189 |    7.976 | 
     | g127823                                 | A v -> Y ^   | sky130_fd_sc_hd__nand2_2   | 0.078 |   8.266 |    8.053 | 
     | FE_OFC1649_n_21129                      | A ^ -> Y v   | sky130_fd_sc_hd__inv_2     | 0.053 |   8.320 |    8.107 | 
     | FE_RC_91_0                              | A v -> Y ^   | sky130_fd_sc_hd__nand3_2   | 0.109 |   8.429 |    8.216 | 
     | g124869                                 | A2 ^ -> Y v  | sky130_fd_sc_hd__o21bai_1  | 0.076 |   8.504 |    8.291 | 
     | g124868                                 | B v -> Y ^   | sky130_fd_sc_hd__nand2b_1  | 0.064 |   8.569 |    8.356 | 
     | g124862                                 | C1 ^ -> Y v  | sky130_fd_sc_hd__o211ai_1  | 0.112 |   8.681 |    8.468 | 
     | g105879                                 | A v -> Y ^   | sky130_fd_sc_hd__nor2_1    | 0.152 |   8.833 |    8.620 | 
     | g105857                                 | B2 ^ -> Y v  | sky130_fd_sc_hd__o2bb2ai_1 | 0.066 |   8.899 |    8.686 | 
     | result_r_reg[4]                         | D v          | sky130_fd_sc_hd__dfrtp_1   | 0.000 |   8.899 |    8.686 | 
     +------------------------------------------------------------------------------------------------------------------+ 
     Clock Rise Edge                      0.000
     + Source Insertion Delay            -0.182
     = Beginpoint Arrival Time           -0.182
     Other End Path:
     +--------------------------------------------------------------------------------------------+ 
     |      Instance       |    Arc     |            Cell            | Delay | Arrival | Required | 
     |                     |            |                            |       |  Time   |   Time   | 
     |---------------------+------------+----------------------------+-------+---------+----------| 
     |                     | clk ^      |                            |       |  -0.182 |    0.032 | 
     | CTS_ccl_a_inv_00003 | A ^ -> Y v | sky130_fd_sc_hd__clkinv_16 | 0.062 |  -0.120 |    0.094 | 
     | CTS_ccl_a_inv_00002 | A v -> Y ^ | sky130_fd_sc_hd__clkinv_16 | 0.120 |   0.000 |    0.213 | 
     | result_r_reg[4]     | CLK ^      | sky130_fd_sc_hd__dfrtp_1   | 0.003 |   0.003 |    0.216 | 
     +--------------------------------------------------------------------------------------------+ 
Path 10: VIOLATED Setup Check with Pin result_r_reg[14]/CLK 
Endpoint:   result_r_reg[14]/D (v) checked with  leading edge of 'clk'
Beginpoint: in2_r_reg[1]/Q     (v) triggered by  leading edge of 'clk'
Path Groups: {clk}
Analysis View: VIEW_TYP
Other End Arrival Time          0.003
- Setup                         0.119
+ Phase Shift                   8.800
= Required Time                 8.684
- Arrival Time                  8.891
= Slack Time                   -0.207
     Clock Rise Edge                      0.000
     + Source Insertion Delay            -0.182
     = Beginpoint Arrival Time           -0.182
     Timing Path:
     +------------------------------------------------------------------------------------------------------------------+ 
     |                Instance                 |     Arc      |            Cell            | Delay | Arrival | Required | 
     |                                         |              |                            |       |  Time   |   Time   | 
     |-----------------------------------------+--------------+----------------------------+-------+---------+----------| 
     |                                         | clk ^        |                            |       |  -0.182 |   -0.388 | 
     | CTS_ccl_a_inv_00003                     | A ^ -> Y v   | sky130_fd_sc_hd__clkinv_16 | 0.062 |  -0.120 |   -0.326 | 
     | CTS_ccl_a_inv_00002                     | A v -> Y ^   | sky130_fd_sc_hd__clkinv_16 | 0.120 |   0.000 |   -0.207 | 
     | in2_r_reg[1]                            | CLK ^ -> Q v | sky130_fd_sc_hd__sdfrtp_2  | 0.428 |   0.429 |    0.222 | 
     | FE_OFC545_in2_r_1                       | A v -> Y ^   | sky130_fd_sc_hd__inv_2     | 0.096 |   0.524 |    0.317 | 
     | g80_110                                 | B ^ -> X ^   | sky130_fd_sc_hd__and2_4    | 0.201 |   0.725 |    0.519 | 
     | g121090                                 | A ^ -> Y v   | sky130_fd_sc_hd__nand4_1   | 0.084 |   0.809 |    0.602 | 
     | g119622                                 | A v -> Y ^   | sky130_fd_sc_hd__nand2_1   | 0.081 |   0.891 |    0.684 | 
     | g128542                                 | A_N ^ -> Y ^ | sky130_fd_sc_hd__nand2b_1  | 0.098 |   0.989 |    0.782 | 
     | g124605                                 | A ^ -> Y v   | sky130_fd_sc_hd__nand2_1   | 0.107 |   1.096 |    0.889 | 
     | g124609                                 | A v -> Y ^   | sky130_fd_sc_hd__nand2_1   | 0.084 |   1.180 |    0.973 | 
     | g114389                                 | A ^ -> Y v   | sky130_fd_sc_hd__nand2_1   | 0.045 |   1.225 |    1.018 | 
     | g124754                                 | A v -> Y ^   | sky130_fd_sc_hd__nand2_1   | 0.068 |   1.294 |    1.087 | 
     | FE_RC_287_0                             | B1 ^ -> Y v  | sky130_fd_sc_hd__a21oi_2   | 0.038 |   1.332 |    1.125 | 
     | g124752                                 | A v -> Y ^   | sky130_fd_sc_hd__nand2_2   | 0.075 |   1.407 |    1.200 | 
     | FE_OCPC1020_n_17344                     | A ^ -> Y v   | sky130_fd_sc_hd__clkinv_4  | 0.100 |   1.507 |    1.300 | 
     | g9                                      | A1 v -> X v  | sky130_fd_sc_hd__a21o_4    | 0.280 |   1.787 |    1.580 | 
     | FE_OFC472_n_20205                       | A v -> Y ^   | sky130_fd_sc_hd__inv_4     | 0.108 |   1.895 |    1.688 | 
     | FE_RC_90_0                              | B ^ -> Y v   | sky130_fd_sc_hd__nand3_2   | 0.098 |   1.993 |    1.786 | 
     | g125263                                 | A v -> Y ^   | sky130_fd_sc_hd__nand2_4   | 0.113 |   2.106 |    1.899 | 
     | g120300                                 | A ^ -> Y v   | sky130_fd_sc_hd__nand2_8   | 0.128 |   2.234 |    2.027 | 
     | FE_OFC1381_n_12191                      | A v -> Y ^   | sky130_fd_sc_hd__inv_4     | 0.204 |   2.438 |    2.231 | 
     | g113688                                 | B ^ -> Y v   | sky130_fd_sc_hd__nand2_8   | 0.185 |   2.622 |    2.416 | 
     | FE_OFC763_n_2552                        | A v -> X v   | sky130_fd_sc_hd__buf_2     | 0.320 |   2.942 |    2.735 | 
     | g111275                                 | A v -> Y ^   | sky130_fd_sc_hd__nor2_2    | 0.644 |   3.586 |    3.379 | 
     | g110521__2398                           | B1 ^ -> Y v  | sky130_fd_sc_hd__a32oi_1   | 0.104 |   3.691 |    3.484 | 
     | g120258                                 | B v -> Y ^   | sky130_fd_sc_hd__nand2_1   | 0.237 |   3.928 |    3.721 | 
     | g120257                                 | A_N ^ -> Y ^ | sky130_fd_sc_hd__nand3b_4  | 0.271 |   4.199 |    3.992 | 
     | g120256                                 | A ^ -> Y v   | sky130_fd_sc_hd__nand2_2   | 0.071 |   4.270 |    4.063 | 
     | g398                                    | A v -> Y ^   | sky130_fd_sc_hd__nand2_1   | 0.085 |   4.355 |    4.148 | 
     | g127325                                 | B1 ^ -> Y v  | sky130_fd_sc_hd__a21oi_1   | 0.039 |   4.394 |    4.187 | 
     | FE_RC_189_0                             | C v -> Y ^   | sky130_fd_sc_hd__nand3_1   | 0.127 |   4.521 |    4.314 | 
     | FE_OFC1685_n_20380                      | A ^ -> X ^   | sky130_fd_sc_hd__buf_6     | 0.150 |   4.671 |    4.464 | 
     | FE_OFC1686_n_20380                      | A ^ -> Y v   | sky130_fd_sc_hd__inv_2     | 0.060 |   4.731 |    4.524 | 
     | alu_inst_muldiv_inst_mul_349_24_g10108  | A v -> Y ^   | sky130_fd_sc_hd__nand2_2   | 0.054 |   4.785 |    4.578 | 
     | g123520                                 | B ^ -> Y v   | sky130_fd_sc_hd__nand2_2   | 0.065 |   4.849 |    4.642 | 
     | FE_OFC57_n_16054                        | A v -> Y ^   | sky130_fd_sc_hd__inv_4     | 0.088 |   4.937 |    4.730 | 
     | g125128                                 | B ^ -> Y v   | sky130_fd_sc_hd__nand2_4   | 0.079 |   5.016 |    4.809 | 
     | alu_inst_muldiv_inst_mul_349_24_g9797   | A v -> Y ^   | sky130_fd_sc_hd__nand2_1   | 0.099 |   5.115 |    4.908 | 
     | g123400                                 | A ^ -> Y v   | sky130_fd_sc_hd__nand2_2   | 0.095 |   5.210 |    5.003 | 
     | alu_inst_muldiv_inst_mul_349_24_g9403   | A2 v -> Y ^  | sky130_fd_sc_hd__o21ai_2   | 0.135 |   5.345 |    5.138 | 
     | alu_inst_muldiv_inst_mul_349_24_g9378   | A ^ -> Y v   | sky130_fd_sc_hd__nand2_2   | 0.106 |   5.451 |    5.244 | 
     | g699                                    | C v -> Y ^   | sky130_fd_sc_hd__nand3_1   | 0.096 |   5.547 |    5.340 | 
     | g697                                    | B ^ -> Y v   | sky130_fd_sc_hd__nand2_1   | 0.091 |   5.638 |    5.431 | 
     | g7031                                   | A2 v -> Y ^  | sky130_fd_sc_hd__o21ai_1   | 0.122 |   5.760 |    5.553 | 
     | g7028                                   | A ^ -> Y v   | sky130_fd_sc_hd__nand2_1   | 0.087 |   5.846 |    5.640 | 
     | alu_inst_muldiv_inst_mul_349_24_g116238 | A v -> Y ^   | sky130_fd_sc_hd__nand2_1   | 0.124 |   5.970 |    5.763 | 
     | alu_inst_muldiv_inst_mul_349_24_g125976 | B ^ -> Y v   | sky130_fd_sc_hd__nand2_2   | 0.067 |   6.038 |    5.831 | 
     | alu_inst_muldiv_inst_mul_349_24_g125975 | A v -> Y ^   | sky130_fd_sc_hd__nand2_2   | 0.065 |   6.103 |    5.896 | 
     | alu_inst_muldiv_inst_mul_349_24_g125974 | A1 ^ -> Y v  | sky130_fd_sc_hd__a21oi_2   | 0.054 |   6.158 |    5.951 | 
     | alu_inst_muldiv_inst_mul_349_24_g8914   | B v -> Y ^   | sky130_fd_sc_hd__nor2_2    | 0.162 |   6.320 |    6.113 | 
     | FE_RC_11_0                              | C ^ -> Y v   | sky130_fd_sc_hd__nand4_4   | 0.164 |   6.484 |    6.277 | 
     | g125512                                 | B v -> Y ^   | sky130_fd_sc_hd__nand2_2   | 0.144 |   6.628 |    6.421 | 
     | g125515_dup                             | A ^ -> Y v   | sky130_fd_sc_hd__nand2_1   | 0.072 |   6.700 |    6.493 | 
     | g108109                                 | A v -> Y ^   | sky130_fd_sc_hd__nand2_2   | 0.106 |   6.806 |    6.599 | 
     | g126298                                 | B ^ -> Y v   | sky130_fd_sc_hd__nand2_2   | 0.068 |   6.874 |    6.667 | 
     | g126297                                 | A v -> Y ^   | sky130_fd_sc_hd__nand2_2   | 0.057 |   6.932 |    6.725 | 
     | g126296                                 | A ^ -> Y v   | sky130_fd_sc_hd__nand2_2   | 0.044 |   6.976 |    6.769 | 
     | g134                                    | A v -> Y ^   | sky130_fd_sc_hd__nand2_2   | 0.079 |   7.055 |    6.848 | 
     | g120067                                 | A ^ -> Y v   | sky130_fd_sc_hd__nand2_2   | 0.065 |   7.120 |    6.913 | 
     | g126773                                 | A v -> Y ^   | sky130_fd_sc_hd__nand2_2   | 0.068 |   7.187 |    6.981 | 
     | g126246                                 | A ^ -> Y v   | sky130_fd_sc_hd__nand2_2   | 0.062 |   7.249 |    7.042 | 
     | g126245                                 | A v -> Y ^   | sky130_fd_sc_hd__nand2_4   | 0.065 |   7.314 |    7.107 | 
     | fopt124279                              | A ^ -> Y v   | sky130_fd_sc_hd__inv_1     | 0.048 |   7.362 |    7.155 | 
     | g126258                                 | A v -> Y ^   | sky130_fd_sc_hd__nand2_2   | 0.052 |   7.414 |    7.207 | 
     | g126257                                 | A ^ -> Y v   | sky130_fd_sc_hd__nand2_1   | 0.057 |   7.471 |    7.264 | 
     | g127453                                 | A v -> Y ^   | sky130_fd_sc_hd__nand2_2   | 0.057 |   7.528 |    7.321 | 
     | g127452                                 | A ^ -> Y v   | sky130_fd_sc_hd__nand2_2   | 0.081 |   7.609 |    7.402 | 
     | FE_OCPC1044_n_20559                     | A v -> Y ^   | sky130_fd_sc_hd__inv_2     | 0.118 |   7.727 |    7.520 | 
     | g125386                                 | B ^ -> Y v   | sky130_fd_sc_hd__nand3_2   | 0.107 |   7.834 |    7.627 | 
     | g128421                                 | B v -> X v   | sky130_fd_sc_hd__and2_1    | 0.174 |   8.008 |    7.801 | 
     | FE_RC_18_0                              | B v -> Y ^   | sky130_fd_sc_hd__nand3_1   | 0.086 |   8.094 |    7.887 | 
     | FE_OFC1466_n_16273                      | A ^ -> Y v   | sky130_fd_sc_hd__inv_2     | 0.051 |   8.146 |    7.939 | 
     | FE_OFC1467_n_16273                      | A v -> Y ^   | sky130_fd_sc_hd__inv_2     | 0.079 |   8.225 |    8.018 | 
     | g426                                    | B ^ -> Y v   | sky130_fd_sc_hd__nor2_1    | 0.044 |   8.269 |    8.062 | 
     | g424                                    | B v -> Y ^   | sky130_fd_sc_hd__nand2_1   | 0.076 |   8.345 |    8.138 | 
     | FE_DBTC12_n_17480                       | A ^ -> Y v   | sky130_fd_sc_hd__inv_2     | 0.051 |   8.396 |    8.190 | 
     | FE_RC_190_0                             | A v -> Y ^   | sky130_fd_sc_hd__nand3_1   | 0.072 |   8.468 |    8.261 | 
     | FE_OFC1646_n_21636                      | A ^ -> Y v   | sky130_fd_sc_hd__inv_2     | 0.053 |   8.521 |    8.314 | 
     | g128260                                 | B v -> Y ^   | sky130_fd_sc_hd__nand2_1   | 0.073 |   8.594 |    8.387 | 
     | FE_RC_170_0                             | D1 ^ -> Y v  | sky130_fd_sc_hd__o2111ai_2 | 0.127 |   8.721 |    8.514 | 
     | g124409                                 | B v -> Y ^   | sky130_fd_sc_hd__nor2_2    | 0.111 |   8.832 |    8.625 | 
     | FE_RC_29_0                              | A2 ^ -> Y v  | sky130_fd_sc_hd__o21ai_1   | 0.059 |   8.891 |    8.684 | 
     | result_r_reg[14]                        | D v          | sky130_fd_sc_hd__dfrtp_1   | 0.000 |   8.891 |    8.684 | 
     +------------------------------------------------------------------------------------------------------------------+ 
     Clock Rise Edge                      0.000
     + Source Insertion Delay            -0.182
     = Beginpoint Arrival Time           -0.182
     Other End Path:
     +--------------------------------------------------------------------------------------------+ 
     |      Instance       |    Arc     |            Cell            | Delay | Arrival | Required | 
     |                     |            |                            |       |  Time   |   Time   | 
     |---------------------+------------+----------------------------+-------+---------+----------| 
     |                     | clk ^      |                            |       |  -0.182 |    0.025 | 
     | CTS_ccl_a_inv_00003 | A ^ -> Y v | sky130_fd_sc_hd__clkinv_16 | 0.062 |  -0.120 |    0.087 | 
     | CTS_ccl_a_inv_00002 | A v -> Y ^ | sky130_fd_sc_hd__clkinv_16 | 0.120 |   0.000 |    0.207 | 
     | result_r_reg[14]    | CLK ^      | sky130_fd_sc_hd__dfrtp_1   | 0.003 |   0.003 |    0.210 | 
     +--------------------------------------------------------------------------------------------+ 

