###############################################################
#  Generated by:      Cadence Innovus 21.15-s110_1
#  OS:                Linux x86_64(Host ID vlsiece24.iitr.ac.in)
#  Generated on:      Thu Sep 24 16:30:38 2026
#  Design:            coprocessor
#  Command:           summaryReport -noHtml -outfile ./runC/summary.rpt
###############################################################


==============================
General Design Information
==============================
Design Status: Routed  
Design Name: coprocessor  
# Instances: 7230  
# Hard Macros: 0  
# Std Cells: 7230  
    ------------------------------
    Standard Cells in Netlist
    ------------------------------
               Cell Type   Instance Count  Area (um^2)  
    sky130_fd_sc_hd__a2bb2oi_1               16         140.1344  
    sky130_fd_sc_hd__a2bb2oi_2                2          30.0288  
    sky130_fd_sc_hd__a21bo_1                4          40.0384  
    sky130_fd_sc_hd__a21bo_2                3          30.0288  
    sky130_fd_sc_hd__a21boi_0                4          30.0288  
    sky130_fd_sc_hd__a21boi_1               16         120.1152  
    sky130_fd_sc_hd__a21boi_2                3          33.7824  
    sky130_fd_sc_hd__a21o_1               31         232.7232  
    sky130_fd_sc_hd__a21o_2                1           8.7584  
    sky130_fd_sc_hd__a21o_4                2          30.0288  
    sky130_fd_sc_hd__a21oi_1              210        1051.0080  
    sky130_fd_sc_hd__a21oi_2               40         350.3360  
    sky130_fd_sc_hd__a21oi_4                7         113.8592  
    sky130_fd_sc_hd__a22o_1               23         201.4432  
    sky130_fd_sc_hd__a22oi_1               47         352.8384  
    sky130_fd_sc_hd__a22oi_2                5          62.5600  
    sky130_fd_sc_hd__a31o_1                3          26.2752  
    sky130_fd_sc_hd__a31oi_1               42         262.7520  
    sky130_fd_sc_hd__a31oi_2                9         112.6080  
    sky130_fd_sc_hd__a31oi_4                6         127.6224  
    sky130_fd_sc_hd__a32o_1                4          40.0384  
    sky130_fd_sc_hd__a32oi_1               23         201.4432  
    sky130_fd_sc_hd__a32oi_2                3          48.7968  
    sky130_fd_sc_hd__a32oi_4                2          55.0528  
    sky130_fd_sc_hd__a41oi_2                1          16.2656  
    sky130_fd_sc_hd__a211o_1                2          17.5168  
    sky130_fd_sc_hd__a211oi_1                2          15.0144  
    sky130_fd_sc_hd__a211oi_4                1          20.0192  
    sky130_fd_sc_hd__a221o_1                7          70.0672  
    sky130_fd_sc_hd__a221oi_1               12         105.1008  
    sky130_fd_sc_hd__a221oi_2                1          15.0144  
    sky130_fd_sc_hd__a222oi_1               14         140.1344  
    sky130_fd_sc_hd__and2_0               17         106.3520  
    sky130_fd_sc_hd__and2_1               60         375.3600  
    sky130_fd_sc_hd__and2_2                3          22.5216  
    sky130_fd_sc_hd__and2_4               35         306.5440  
    sky130_fd_sc_hd__and2b_1                3          22.5216  
    sky130_fd_sc_hd__and2b_4                1          10.0096  
    sky130_fd_sc_hd__and3_1               11          68.8160  
    sky130_fd_sc_hd__and3_2                1           7.5072  
    sky130_fd_sc_hd__and3_4                2          22.5216  
    sky130_fd_sc_hd__and3b_1                2          17.5168  
    sky130_fd_sc_hd__and4_1                2          17.5168  
    sky130_fd_sc_hd__and4_2                1          10.0096  
    sky130_fd_sc_hd__and4b_1                2          20.0192  
    sky130_fd_sc_hd__buf_1               82         307.7952  
    sky130_fd_sc_hd__buf_2              117         585.5616  
    sky130_fd_sc_hd__buf_4               45         337.8240  
    sky130_fd_sc_hd__buf_6              137        1542.7296  
    sky130_fd_sc_hd__buf_8               14         210.2016  
    sky130_fd_sc_hd__buf_12               39         780.7488  
    sky130_fd_sc_hd__buf_16                1          27.5264  
    sky130_fd_sc_hd__bufinv_8                3          52.5504  
    sky130_fd_sc_hd__bufinv_16                1          30.0288  
    sky130_fd_sc_hd__clkbuf_1              110         412.8960  
    sky130_fd_sc_hd__clkbuf_2               15          75.0720  
    sky130_fd_sc_hd__clkbuf_4               13          97.5936  
    sky130_fd_sc_hd__clkinv_1               59         221.4624  
    sky130_fd_sc_hd__clkinv_2               14          70.0672  
    sky130_fd_sc_hd__clkinv_4               14         122.6176  
    sky130_fd_sc_hd__clkinv_8                5          81.3280  
    sky130_fd_sc_hd__clkinv_16                4         120.1152  
    sky130_fd_sc_hd__dfrbp_1                7         201.4432  
    sky130_fd_sc_hd__dfrtp_1               56        1401.3440  
    sky130_fd_sc_hd__dfsbp_1                1          28.7776  
    sky130_fd_sc_hd__dfstp_1                1          26.2752  
    sky130_fd_sc_hd__dfstp_2                1          26.2752  
    sky130_fd_sc_hd__fah_1                1          33.7824  
    sky130_fd_sc_hd__fahcon_1                1          33.7824  
    sky130_fd_sc_hd__ha_1               21         262.7520  
    sky130_fd_sc_hd__inv_1              290        1088.5440  
    sky130_fd_sc_hd__inv_2              459        1722.9024  
    sky130_fd_sc_hd__inv_4               67         419.1520  
    sky130_fd_sc_hd__inv_6               44         385.3696  
    sky130_fd_sc_hd__inv_8               30         337.8240  
    sky130_fd_sc_hd__inv_12                7         113.8592  
    sky130_fd_sc_hd__maj3_1                2          20.0192  
    sky130_fd_sc_hd__mux2_2                2          22.5216  
    sky130_fd_sc_hd__mux2i_1               20         200.1920  
    sky130_fd_sc_hd__mux4_2                1          22.5216  
    sky130_fd_sc_hd__nand2_1             1880        7056.7680  
    sky130_fd_sc_hd__nand2_2              332        2076.9920  
    sky130_fd_sc_hd__nand2_4              108        1216.1664  
    sky130_fd_sc_hd__nand2_8               21         420.4032  
    sky130_fd_sc_hd__nand2b_1              206        1288.7360  
    sky130_fd_sc_hd__nand2b_2               22         192.6848  
    sky130_fd_sc_hd__nand2b_4               34         467.9488  
    sky130_fd_sc_hd__nand3_1              295        1476.4160  
    sky130_fd_sc_hd__nand3_2               60         600.5760  
    sky130_fd_sc_hd__nand3_4               11         192.6848  
    sky130_fd_sc_hd__nand3b_1               56         420.4032  
    sky130_fd_sc_hd__nand3b_2                2          22.5216  
    sky130_fd_sc_hd__nand3b_4                4          80.0768  
    sky130_fd_sc_hd__nand4_1              113         706.9280  
    sky130_fd_sc_hd__nand4_2               22         275.2640  
    sky130_fd_sc_hd__nand4_4                9         191.4336  
    sky130_fd_sc_hd__nand4b_1               16         140.1344  
    sky130_fd_sc_hd__nand4bb_1                1          11.2608  
    sky130_fd_sc_hd__nor2_1              419        1572.7584  
    sky130_fd_sc_hd__nor2_2               93         581.8080  
    sky130_fd_sc_hd__nor2_4               43         484.2144  
    sky130_fd_sc_hd__nor2_8                6         120.1152  
    sky130_fd_sc_hd__nor2b_1               51         319.0560  
    sky130_fd_sc_hd__nor2b_2                6          52.5504  
    sky130_fd_sc_hd__nor2b_4                5          68.8160  
    sky130_fd_sc_hd__nor3_1               45         225.2160  
    sky130_fd_sc_hd__nor3_2                4          40.0384  
    sky130_fd_sc_hd__nor3_4                3          48.7968  
    sky130_fd_sc_hd__nor3b_1               14         105.1008  
    sky130_fd_sc_hd__nor4_1                9          56.3040  
    sky130_fd_sc_hd__nor4b_1                2          17.5168  
    sky130_fd_sc_hd__nor4bb_1                2          20.0192  
    sky130_fd_sc_hd__o2bb2a_1                2          20.0192  
    sky130_fd_sc_hd__o2bb2a_2                1          11.2608  
    sky130_fd_sc_hd__o2bb2a_4                1          20.0192  
    sky130_fd_sc_hd__o2bb2ai_1               89         779.4976  
    sky130_fd_sc_hd__o2bb2ai_2               17         255.2448  
    sky130_fd_sc_hd__o2bb2ai_4                1          27.5264  
    sky130_fd_sc_hd__o21a_1               36         270.2592  
    sky130_fd_sc_hd__o21a_2                2          17.5168  
    sky130_fd_sc_hd__o21a_4                2          30.0288  
    sky130_fd_sc_hd__o21ai_0               35         175.1680  
    sky130_fd_sc_hd__o21ai_1              236        1181.1328  
    sky130_fd_sc_hd__o21ai_2               55         481.7120  
    sky130_fd_sc_hd__o21ai_4                4          65.0624  
    sky130_fd_sc_hd__o21ba_2                2          20.0192  
    sky130_fd_sc_hd__o21bai_1               17         127.6224  
    sky130_fd_sc_hd__o21bai_2                2          22.5216  
    sky130_fd_sc_hd__o22a_1               20         175.1680  
    sky130_fd_sc_hd__o22a_2                1          10.0096  
    sky130_fd_sc_hd__o22ai_1              165        1032.2400  
    sky130_fd_sc_hd__o22ai_2               14         175.1680  
    sky130_fd_sc_hd__o22ai_4                1          20.0192  
    sky130_fd_sc_hd__o31a_1                1           8.7584  
    sky130_fd_sc_hd__o31a_2                1          10.0096  
    sky130_fd_sc_hd__o31ai_1                3          22.5216  
    sky130_fd_sc_hd__o32a_1                3          30.0288  
    sky130_fd_sc_hd__o32ai_1               12         105.1008  
    sky130_fd_sc_hd__o32ai_2                4          65.0624  
    sky130_fd_sc_hd__o32ai_4                1          27.5264  
    sky130_fd_sc_hd__o211a_1                4          40.0384  
    sky130_fd_sc_hd__o211ai_1               19         142.6368  
    sky130_fd_sc_hd__o211ai_2                1          12.5120  
    sky130_fd_sc_hd__o211ai_4                1          21.2704  
    sky130_fd_sc_hd__o221a_1                4          45.0432  
    sky130_fd_sc_hd__o221ai_1               39         341.5776  
    sky130_fd_sc_hd__o221ai_2                5          75.0720  
    sky130_fd_sc_hd__o221ai_4                1          26.2752  
    sky130_fd_sc_hd__o311a_1                1          10.0096  
    sky130_fd_sc_hd__o311ai_1                4          35.0336  
    sky130_fd_sc_hd__o2111a_1                1          11.2608  
    sky130_fd_sc_hd__o2111ai_1               11          96.3424  
    sky130_fd_sc_hd__o2111ai_2                4          60.0576  
    sky130_fd_sc_hd__or2_0               11          68.8160  
    sky130_fd_sc_hd__or2_1               14          87.5840  
    sky130_fd_sc_hd__or2_2                3          18.7680  
    sky130_fd_sc_hd__or2_4                2          17.5168  
    sky130_fd_sc_hd__or2b_1                3          22.5216  
    sky130_fd_sc_hd__or2b_4                1          11.2608  
    sky130_fd_sc_hd__or3_1                1           6.2560  
    sky130_fd_sc_hd__or3b_1                1           8.7584  
    sky130_fd_sc_hd__or4_1                1           7.5072  
    sky130_fd_sc_hd__or4b_1                1          10.0096  
    sky130_fd_sc_hd__probe_p_8                2          30.0288  
    sky130_fd_sc_hd__sdfrtp_1               29         907.1200  
    sky130_fd_sc_hd__sdfrtp_2               23         748.2176  
    sky130_fd_sc_hd__sdfrtp_4                1          35.0336  
    sky130_fd_sc_hd__xnor2_1               24         210.2016  
    sky130_fd_sc_hd__xnor2_2                1          16.2656  
    sky130_fd_sc_hd__xnor3_1                1          22.5216  
    sky130_fd_sc_hd__xor2_1               20         175.1680  
    sky130_fd_sc_hd__xor2_2                2          32.5312  
    sky130_fd_sc_hd__xor3_1                2          47.5456  
# Pads: 0  
# Net: 7271  
# Special Net: 0  
# IO Pins: 
    ------------------------------
    Issued IO Information
    ------------------------------
    # Unplaced IO Pin  
        ------------------------------
        Unplaced IO
        ------------------------------
            Unplaced IO Name  
                          tx  
                          rx  
                         rst  
                         clk  4  
    # Floating IO  0  
    # IO Connected to Non-IO Inst  
        ------------------------------
        IO Connected to Non-IO Inst
        ------------------------------
                     IO Name      Non-IO Inst Name  
                          tx  uart_inst_uart_tx_inst_tx_reg  
                          rx  uart_inst_uart_rx_inst_rx_ff1_reg  
                         rst               g114751  
                         clk   CTS_ccl_a_inv_00003  4  4  
# Pins: 
    ------------------------------
    Correctness of Pin Connectivity for All Instances
    ------------------------------
    # Floating Terms  0  
    # Output Term Marked Tie Hi/Lo  0  
    # Output Term Shorted to PG Net  0  23478  
# PG Pins: 
    ------------------------------
    Correctness of PG Pin Connectivity for All Instances
    ------------------------------
    # Instances that No Net Defined for Any PG Pin  
        ------------------------------
        The Instances that No Net Defined for any PG Pin
        ------------------------------
               Instance Name  
                     g128819  
                     g128813  
                     g128812  
                     g128810  
                     g128809  
                     g128808  
                     g128805  
                     g128804  
                     g128802  
                     g128801  
                     g128799  
                     g128798  
                     g128797  
                     g128796  
                     g128795  
                     g128786  
                     g128784  
                     g128777  
                     g128776  
                     g128775  
                     g128774  
                     g128773  
                     g128771  
                     g128770  
                     g128769  
                     g128768  
                     g128766  
                     g128765  
                     g128761  
                     g128760  
                     g128759  
                     g128758  
                     g128757  
                     g128755  
                     g128754  
                     g128753  
                     g128752  
                     g128751  
                     g128750  
                     g128749  
                     g128743  
                     g128742  
                     g128741  
                     g128740  
                     g128739  
                     g128738  
                     g128735  
                          g3  
                     g128732  
                     g128730  
                     g128729  
                     g128728  
                     g128727  
                     g128726  
                     g128725  
                     g128724  
                     g128722  
                     g128721  
                     g128720  
                     g128717  
                     g128715  
                     g128714  
                     g128713  
                     g128712  
                     g128710  
                     g128708  
                     g128707  
                     g128706  
                     g128705  
                     g128704  
                     g128701  
                     g128700  
                     g128699  
                     g128697  
                     g128696  
                     g128695  
                     g128694  
                     g128693  
                     g128692  
                     g128691  
                     g128690  
                     g128689  
                     g128688  
                     g128687  
                     g128686  
                     g128685  
                     g128684  
                     g128683  
                     g128682  
                     g128681  
                     g128680  
                     g128679  
                     g128678  
                     g128677  
                     g128676  
                     g128675  
                     g128674  
                     g128673  
                     g128672  
                     g128671  
                     g128670  
                     g128669  
                     g128668  
                     g128666  
                     g128665  
                     g128664  
                     g128663  
                     g128662  
                     g128661  
                     g128658  
                     g128657  
                     g128656  
                     g128655  
                     g128654  
                     g128652  
                     g128651  
                     g128650  
                     g128649  
                     g128648  
                     g128647  
                     g128646  
                     g128644  
                     g128643  
                     g128642  
                     g128641  
                     g128640  
                     g128639  
                     g128638  
                     g128637  
                     g128636  
                     g128635  
                     g128634  
                     g128633  
                     g128632  
                     g128631  
                     g128630  
                     g128629  
                     g128628  
                     g128626  
                     g128625  
                     g128624  
                     g128623  
                     g128622  
                     g128621  
                     g128620  
                     g128619  
                     g128618  
                     g128617  
                     g128616  
                     g128615  
                     g128614  
                     g128613  
                     g128612  
                     g128611  
                     g128608  
                     g128607  
                     g128605  
                     g128604  
                     g128602  
                     g128601  
                     g128600  
                     g128599  
                     g128598  
                     g128594  
                     g128591  
                     g128590  
                     g128589  
                     g128588  
                     g128586  
                     g128584  
                     g128581  
                     g128580  
                     g128579  
                     g128575  
                     g128574  
                     g128572  
                     g128570  
                     g128568  
                     g128567  
                     g128564  
                     g128563  
                     g128561  
                     g128560  
                     g128559  
                     g128558  
                     g128556  
                     g128555  
                     g128554  
                     g128553  
                     g128552  
                     g128549  
                     g128548  
                     g128547  
                     g128546  
                     g128544  
                     g128542  
                     g128541  
                     g128540  
                     g128538  
                     g128537  
                     g128536  
                     g128535  
                     g128531  
                     g128530  
                     g128529  
                     g128528  
                     g128525  
                     g128523  
                     g128522  
                     g128521  
                     g128520  
                     g128519  
                     g128518  
                     g128517  
                     g128515  
                     g128513  
                     g128512  
                     g128511  
                     g128510  
                     g128509  
                     g128508  
                     g128506  
                     g128505  
                     g128504  
                     g128503  
                     g128500  
                     g128499  
                     g128497  
                     g128496  
                     g128495  
                     g128493  
                     g128492  
                     g128491  
                     g128489  
                     g128488  
                     g128487  
                     g128483  
                     g128482  
                     g128480  
                     g128479  
                     g128478  
                     g128477  
                     g128476  
                     g128475  
                     g128474  
                     g128473  
                     g128472  
                     g128471  
                     g128470  
                     g128469  
                     g128468  
                     g128466  
                     g128465  
                     g128461  
                     g128460  
                     g128459  
                     g128458  
                     g128457  
                     g128456  
                     g128454  
                     g128449  
                     g128448  
                     g128447  
                     g128446  
                     g128444  
                     g128443  
                     g128435  
                     g128434  
                     g128433  
                     g128428  
                     g128427  
                     g128426  
                     g128425  
                     g128424  
                     g128423  
                     g128421  
                     g128417  
                     g128416  
                     g128415  
                     g128414  
                     g128413  
                     g128412  
                     g128411  
                     g128410  
                     g128409  
                     g128408  
                     g128407  
                     g128406  
                     g128405  
                     g128399  
                     g128398  
                     g128397  
                     g128396  
                     g128394  
                     g128393  
                     g128392  
                     g128391  
                          g2  
        uart_inst_uart_rx_inst_rx_sync_reg  
        uart_inst_uart_tx_inst_bit_count_reg[0]  
        alu_inst_muldiv_inst_mul_349_24_g128384  
                     g128383  
                     g128382  
             g110203__128381  
                     g128380  
                     g128379  
                     g128378  
                     g128377  
                     g128376  
                     g128375  
                     g128374  
                     g128372  
                        g324  
                     g128370  
                     g128369  
                     g128368  
                     g128367  
                        g322  
                     g128366  
                     g128365  
                     g128364  
                     g128363  
                     g128362  
                     g128361  
                     g128360  
                     g128359  
                     g128358  
                     g128357  
                     g128356  
                     g128355  
                     g128354  
                     g128352  
                     g128350  
                     g128349  
                     g128324  
                     g128323  
                     g128322  
                     g128311  
                     g128310  
                     g128309  
                     g128308  
                        g118  
                     g128307  
                        g330  
                     g128300  
                     g128299  
                        g329  
                     g128298  
                     g128297  
                     g128296  
                     g128295  
                     g128294  
                     g128293  
                     g128292  
                     g128291  
                     g128290  
                     g128289  
                     g128288  
                     g128287  
                        g407  
                     g128286  
                     g128284  
                     g128283  
                     g128282  
                     g128280  
                     g128278  
                     g128276  
                     g128275  
                     g128274  
                     g128273  
                     g128272  
                     g128271  
                     g128270  
                     g128269  
                     g128268  
                     g128267  
                     g128266  
                     g128265  
                         g24  
                     g128261  
                     g128260  
                     g128258  
                     g128256  
                  fopt128255  
                     g128254  
                     g128253  
                     g128252  
                     g128251  
                     g128250  
                         g14  
                     g128247  
                     g128246  
                     g128234  
                     g128232  
                     g128231  
                     g128230  
                     g128224  
                     g128221  
                     g128219  
             g110637__128218  
                     g128212  
                     g128207  
                     g128206  
                     g128101  
                     g128100  
                     g128099  
                     g128098  
                     g128097  
                  fopt128096  
                     g128082  
                     g128081  
                     g128076  
                     g128073  
                     g128072  
                     g128071  
                     g128070  
                     g128066  
                     g128065  
                     g128064  
                  fopt128062  
                     g128061  
                     g128060  
                     g128059  
                     g128056  
                     g128055  
                     g128054  
                     g128053  
                     g128052  
                     g128051  
                     g128049  
                     g128048  
                     g128047  
                     g128046  
                     g128045  
                     g128044  
                     g128043  
                     g128042  
                     g128040  
                     g128039  
                     g128038  
                     g128037  
                     g128036  
                     g128035  
                     g128034  
                     g128033  
                     g128031  
                     g128030  
                     g128028  
                     g128027  
                     g128024  
                     g128023  
                     g128020  
                     g128017  
                     g128015  
                     g128014  
                     g128012  
                     g128011  
                     g128007  
                     g128006  
                     g128004  
                     g128003  
                     g128002  
                     g128001  
                     g127999  
                     g127998  
                     g127996  
                     g127995  
                     g127994  
                     g127993  
                     g127992  
                     g127991  
             g110540__127990  
             g109992__127989  
             g110420__127988  
             g110128__127987  
                     g127985  
                     g127983  
                     g127982  
             g110440__127979  
             g110373__127978  
             g110266__127977  
             g110233__127975  
                     g127972  
                     g127971  
                     g127967  
                     g127959  
                     g127958  
                     g127956  
                     g127955  
                     g127954  
                     g127950  
                     g127948  
                  fopt127934  
                  fopt127931  
                  fopt127930  
                     g127923  
                     g127918  
                     g127917  
                     g127915  
                     g127914  
                     g127910  
                     g127907  
                     g127906  
                     g127905  
                     g127903  
                     g127902  
                     g127897  
                     g127895  
                        g384  
                        g390  
                     g127894  
                        g386  
                        g389  
                        g391  
                        g388  
                     g127890  
                        g373  
                        g717  
                        g720  
                        g721  
                        g718  
                        g715  
                        g716  
                        g724  
                        g719  
                        g714  
                     g127889  
                     g127887  
                     g127883  
                     g127880  
                     g127879  
                     g127878  
                     g127875  
                     g127874  
                     g127867  
                        g439  
                        g433  
                        g442  
                        g436  
                        g435  
                        g441  
                        g434  
                        g438  
                        g444  
                     g127851  
                        g432  
                     g127850  
                     g127849  
                     g127848  
                     g127847  
                     g127846  
                     g127845  
                     g127844  
                     g127843  
                     g127839  
                     g127838  
                     g127837  
                     g127836  
                     g127834  
                     g127833  
                     g127832  
                     g127831  
                     g127830  
                     g127829  
                     g127828  
                     g127827  
                     g127826  
                     g127823  
                     g127822  
                     g127821  
                     g127820  
                     g127819  
                     g127818  
                     g127817  
                        g273  
                        g272  
                     g127782  
                     g127780  
                     g127779  
                     g127778  
                     g127777  
                     g127775  
                     g127773  
                     g127772  
                     g127771  
                     g127770  
                     g127755  
                     g127752  
                     g127749  
                     g127748  
                     g127747  
                     g127746  
                     g127745  
                     g127735  
                     g127734  
                     g127733  
                     g127730  
                     g127726  
                     g127725  
                     g127724  
                     g127723  
                     g127722  
                     g127721  
                     g127720  
                     g127719  
                     g127718  
                     g127717  
                     g127716  
                     g127715  
                     g127714  
                     g127713  
                     g127712  
                     g127711  
                     g127710  
                     g127709  
                     g127708  
                     g127707  
                     g127704  
                     g127701  
                     g127700  
                     g127699  
                        g244  
                     g127698  
                     g127697  
                     g127696  
                     g127695  
                        g243  
                     g127694  
                     g127693  
                     g127692  
                     g127691  
                     g127690  
                     g127689  
                     g127688  
                        g169  
                     g127653  
                        g476  
                        g480  
                        g477  
                        g474  
                        g472  
                        g470  
                        g475  
                        g479  
                     g127652  
                     g127651  
                     g127649  
                     g127646  
                     g127641  
                         g50  
                     g127637  
                     g127634  
                        g648  
                        g651  
                        g645  
                        g644  
                        g646  
                        g643  
                     g127624  
                     g127622  
                     g127621  
                     g127620  
                     g127619  
                     g127618  
                     g127612  
                     g127610  
                     g127609  
                     g127607  
                     g127606  
                     g127605  
                     g127604  
                        g178  
                     g127599  
                     g127598  
                     g127597  
                     g127596  
                     g127595  
                     g127594  
                        g412  
                     g127592  
                     g127591  
                     g127587  
                     g127586  
                     g127585  
                     g127584  
                     g127583  
                     g127582  
                        g425  
                     g127581  
                        g417  
                     g127580  
                        g430  
                        g429  
                        g431  
                        g427  
                     g127577  
                        g416  
                     g127562  
                     g127561  
                     g127560  
                     g127557  
                     g127556  
                     g127555  
                     g127554  
                     g127553  
                     g127552  
                     g127551  
                     g127548  
                        g492  
                     g127547  
                     g127546  
                     g127545  
                        g489  
                        g495  
                     g127544  
                        g488  
                     g127543  
                     g127542  
                     g127541  
                     g127539  
                        g194  
                     g127538  
                     g127537  
                     g127536  
                     g127524  
                     g127523  
                     g127522  
                     g127521  
                        g566  
                     g127520  
                        g565  
                        g567  
                        g564  
                        g563  
                     g127517  
                        g575  
                     g127513  
                     g127512  
                     g127511  
                     g127510  
                        g109  
                     g127504  
                     g127503  
                     g127502  
                     g127501  
                     g127498  
                     g127497  
                     g127496  
                     g127459  
                     g127458  
                     g127456  
                     g127454  
                     g127453  
                     g127452  
                        g509  
                        g514  
                        g513  
                        g512  
                        g524  
                        g523  
                        g511  
                        g510  
                        g508  
                        g518  
                        g517  
                     g127451  
                     g127449  
                        g189  
                     g127444  
                     g127413  
                     g127410  
                     g127409  
                     g127408  
                     g127407  
                     g127406  
                     g127405  
                     g127404  
                     g127403  
                     g127402  
                     g127401  
                     g127400  
                     g127399  
                     g127398  
                     g127397  
                     g127395  
                     g127394  
                     g127393  
                     g127392  
                     g127391  
                     g127390  
                     g127387  
                     g127385  
                     g127384  
                     g127383  
                     g127382  
                     g127379  
                     g127373  
                     g127372  
                     g127371  
                     g127370  
                     g127369  
                     g127368  
                     g127367  
                     g127366  
                        g145  
                     g127365  
                     g127363  
                        g143  
                        g146  
                        g156  
                     g127362  
                     g127358  
                     g127357  
                     g127356  
                     g127352  
                     g127351  
                     g127350  
                     g127349  
                     g127348  
                     g127347  
                     g127346  
                     g127341  
                     g127340  
                     g127339  
                     g127338  
                     g127337  
                     g127336  
                     g127335  
                     g127334  
                     g127332  
                     g127331  
                     g127330  
                     g127329  
                     g127328  
                     g127327  
                     g127325  
                     g127324  
                     g127323  
                     g127302  
                     g127301  
                     g127299  
                     g127298  
                     g127297  
                     g127295  
                     g127294  
                     g127293  
                     g127292  
                     g127288  
                     g127287  
                     g127286  
                     g127285  
                     g127284  
                     g127283  
                     g127281  
                     g127280  
                     g127279  
                     g127278  
                     g127277  
                     g127276  
                     g127274  
                     g127273  
                     g127272  
                     g127271  
                     g127270  
                     g127269  
                     g127268  
                     g127260  
                     g127259  
                     g127258  
                     g127257  
                     g127255  
                     g127254  
                     g127252  
                     g127251  
                     g127250  
                     g127239  
                     g127238  
                     g127236  
                     g127235  
                     g127233  
                     g127231  
                     g127230  
                     g127229  
                     g127228  
                     g127227  
                     g127203  
                     g127202  
                     g127201  
                     g127200  
                     g127199  
                     g127198  
                     g127197  
                     g127196  
                     g127195  
                     g127194  
                     g127193  
                     g127192  
                  fopt127191  
                  fopt127190  
                     g127189  
                     g127188  
                     g127187  
                     g127170  
                     g127169  
                     g127168  
                          g9  
                     g127151  
                     g127150  
                     g127147  
                     g127146  
                     g127145  
                     g127143  
                     g127138  
                     g127137  
                     g127136  
                     g127135  
                     g127134  
                     g127133  
                     g127131  
                     g127130  
                     g127129  
                     g127128  
                     g127127  
                     g127126  
                     g127125  
                     g127124  
                     g127123  
                     g127122  
                     g127121  
                     g127120  
                     g127116  
                     g127115  
                     g127114  
                     g127113  
                     g127112  
                     g127111  
                     g127110  
                     g127109  
                     g127107  
                     g127103  
                     g127100  
                     g127099  
                     g127089  
                     g127086  
                     g127085  
                     g127084  
                     g127081  
                     g127079  
                     g127078  
                     g127077  
                     g127076  
                     g127075  
                     g127074  
                     g127073  
                     g127072  
                     g127071  
                     g127069  
                     g127068  
                     g127067  
                     g127066  
                     g127064  
                     g127059  
                     g127057  
                     g127056  
                     g127055  
                     g127048  
                     g127047  
                     g127046  
                     g127045  
                     g127044  
                     g127043  
                     g127042  
                     g127038  
                     g127037  
                     g127032  
                     g127027  
                     g127026  
                     g127025  
                  fopt127024  
                     g127005  
                     g127001  
                     g127000  
                     g126998  
                     g126987  
                     g126984  
                     g126983  
                     g126982  
                     g126981  
                     g126978  
                     g126977  
                     g126976  
                     g126974  
                     g126972  
                     g126971  
                     g126970  
                     g126968  
                     g126965  
                     g126962  
                     g126961  
                     g126960  
                     g126959  
                     g126958  
                     g126957  
                     g126956  
                     g126949  
                     g126948  
                     g126947  
                     g126940  
                     g126939  
                     g126938  
                     g126937  
                     g126935  
                     g126934  
                     g126933  
                     g126931  
                     g126930  
                     g126929  
                     g126928  
                     g126927  
                     g126926  
                     g126925  
                     g126923  
                     g126919  
                     g126918  
                     g126917  
                     g126916  
                     g126915  
                     g126913  
                     g126912  
                     g126911  
                     g126910  
                     g126902  
                     g126897  
                     g126896  
                     g126895  
                     g126894  
                     g126893  
                     g126892  
                     g126891  
                     g126890  
                     g126886  
                     g126880  
                     g126876  
                     g126875  
                     g126864  
                     g126863  
                     g126860  
                     g126859  
                     g126858  
                     g126857  
                     g126856  
                     g126855  
                     g126852  
                     g126851  
                     g126841  
                     g126840  
                     g126838  
                     g126836  
                     g126835  
                     g126834  
                     g126833  
                     g126832  
                     g126831  
                     g126828  
                     g126827  
                     g126826  
                     g126825  
                     g126824  
                     g126818  
                     g126817  
                     g126816  
                        g237  
                     g126815  
                     g126814  
                        g214  
                        g217  
                     g126774  
                     g126773  
                     g126772  
                     g126771  
                     g126770  
                     g126769  
                     g126756  
                     g126754  
                     g126752  
                     g126748  
                        g242  
                        g239  
                        g247  
                        g246  
                     g126745  
                     g126743  
                     g126742  
                     g126741  
                     g126740  
                     g126738  
                     g126737  
                        g165  
                        g164  
                     g126730  
                         g36  
                     g126728  
                     g126727  
                     g126726  
                     g126723  
                     g126717  
                     g126713  
                        g132  
                     g126710  
                     g126709  
                     g126708  
                     g126707  
                     g126696  
                     g126695  
                     fopt183  
                        g172  
                     g126692  
                     g126691  
                     g126690  
                     g126689  
                     g126688  
                     g126686  
                     g126685  
                       g82_0  
                     g126682  
                     g126681  
                     g126679  
                     g126678  
                     g126677  
                     g126674  
                     g126672  
                     g126669  
                     g126661  
                     g126660  
                     g126659  
                     g126656  
                     g126655  
                     g126654  
                     g126647  
                     g126644  
                     g126643  
                     g126640  
                     g126637  
                     g126636  
                     g126635  
                     g126634  
                     g126633  
                     g126625  
                     g126622  
                     g126621  
                     g126616  
                     g126615  
                     g126614  
                     g126610  
                     g126608  
                     g126606  
                     g126603  
                     g126602  
                     g126598  
                     g126597  
                     g126591  
                     g126590  
                     g126589  
                     g126588  
                     g126585  
                     g126584  
                     g126583  
                     g126582  
                     g126580  
                     g126579  
                     g126578  
                     g126577  
                     g126576  
                     g126572  
                     g126571  
                     g126570  
                     g126564  
                     g126558  
                     g126553  
                     g126552  
                     g126549  
                     g126547  
                     g126545  
                     g126535  
                     g126534  
                     g126533  
                     g126532  
                     g126530  
                     g126529  
                         g97  
                     g126523  
                     g126521  
                     g126516  
                     g126515  
                         g59  
                     g126511  
                     g126509  
                     g126507  
                     g126506  
                     g126500  
                     g126499  
                     g126495  
                     g126494  
                     g126493  
                     g126485  
                     g126482  
                     g126472  
                     g126468  
                     g126467  
                     g126447  
                     g126438  
                     g126436  
                     g126433  
                     g126432  
                     g126430  
                     g126414  
                     g126401  
                     g126400  
                     g126399  
                     g126398  
                     g126397  
                         g32  
                     g126395  
                     g126389  
                     g126387  
                     g126386  
                     g126385  
                     g126384  
                     g126383  
                     g126382  
                     g126379  
                     g126377  
                     g126376  
                     g126374  
                     g126373  
                     g126372  
                     g126370  
                     g126369  
                     g126364  
                     g126363  
                     g126362  
                     g126361  
                     g126360  
                     g126359  
                     g126358  
                     g126353  
                     g126349  
                     g126348  
                         g18  
                     g126347  
                     g126346  
                     g126338  
                     g126335  
                         g15  
                     g126334  
                     g126329  
                     g126328  
                     g126311  
                     g126309  
                     g126308  
                     g126307  
                     g126303  
                     g126302  
                     g126301  
                     g126300  
                     g126299  
                     g126298  
                     g126297  
                     g126296  
                        g134  
                        g695  
                        g703  
                        g702  
                        g701  
                        g698  
                        g694  
                        g699  
                        g700  
                        g697  
                        g696  
                        g258  
                     g126260  
                     g126259  
                     g126258  
                     g126257  
                        g261  
                        g106  
                     g126253  
                     g126252  
                     g126250  
                     g126249  
                     g126248  
                     g126247  
                     g126246  
                        g103  
                       g7025  
                       g7020  
                       g7034  
                       g7043  
                       g7042  
                       g7024  
                       g7023  
                       g7041  
                       g7031  
                       g7028  
                  fopt126243  
                       g7021  
                       g7036  
                       g7048  
                       g7047  
                       g7045  
                       g7033  
                       g7032  
                       g7030  
                       g7022  
                       g1293  
                       g1301  
                       g1295  
                       g1300  
                       g1296  
                       g1299  
                       g1294  
                       g1292  
                       g1792  
                       g1781  
                     g126182  
                     g126181  
                     g126179  
                     g126158  
                     g126157  
                     g126156  
                     g126155  
                     g126154  
                     g126153  
                     g126148  
                     g126147  
                     g126146  
                     g126144  
        alu_inst_muldiv_inst_mul_349_24_g126142  
                     g126139  
                     g126138  
                     g126136  
                     g126133  
                     g126132  
                     g126130  
                     g126022  
                     g126020  
                     g126017  
                     g126013  
                     g126012  
                     g126011  
                     g126007  
                     g126006  
                     g126005  
                     g126003  
                     g125999  
                     g125992  
             g110042__125991  
                     g125986  
                     g125984  
                     g125982  
                     g125981  
                     g125980  
        alu_inst_muldiv_inst_mul_349_24_g125977  
        alu_inst_muldiv_inst_mul_349_24_g125976  
        alu_inst_muldiv_inst_mul_349_24_g125975  
        alu_inst_muldiv_inst_mul_349_24_g125974  
        alu_inst_muldiv_inst_mul_349_24_g125963  
        alu_inst_muldiv_inst_mul_349_24_g125959  
        alu_inst_muldiv_inst_mul_349_24_g125958  
                     g125952  
                     g125951  
                     g125950  
        alu_inst_muldiv_inst_mul_349_24_g125947  
        alu_inst_muldiv_inst_mul_349_24_g125946  
        alu_inst_muldiv_inst_mul_349_24_g125945  
        alu_inst_muldiv_inst_mul_349_24_g125944  
        alu_inst_muldiv_inst_mul_349_24_g125943  
        alu_inst_muldiv_inst_mul_349_24_g125942  
        alu_inst_muldiv_inst_mul_349_24_g125941  
        alu_inst_muldiv_inst_mul_349_24_g125940  
        alu_inst_muldiv_inst_mul_349_24_g125939  
        alu_inst_muldiv_inst_mul_349_24_g125938  
        alu_inst_muldiv_inst_mul_349_24_g125937  
        alu_inst_muldiv_inst_mul_349_24_g125936  
                     g125935  
        alu_inst_muldiv_inst_mul_349_24_g125934  
                     g125933  
        alu_inst_muldiv_inst_mul_349_24_g125932  
                     g125930  
        alu_inst_muldiv_inst_mul_349_24_g125926  
        alu_inst_muldiv_inst_mul_349_24_g125924  
                     g125923  
                     g125922  
                     g125921  
                  fopt125919  
                     g125914  
                     g125913  
                     g125908  
                     g125877  
                     g125875  
                     g125874  
        alu_inst_muldiv_inst_mul_349_24_g125866  
        alu_inst_muldiv_inst_mul_349_24_g125865  
        alu_inst_muldiv_inst_mul_349_24_g125864  
        alu_inst_muldiv_inst_mul_349_24_g125863  
        alu_inst_muldiv_inst_mul_349_24_g125862  
        alu_inst_muldiv_inst_mul_349_24_g125860  
        alu_inst_muldiv_inst_mul_349_24_g125859  
        alu_inst_muldiv_inst_mul_349_24_g125858  
                     g125836  
                  fopt125818  
                  fopt125730  
                  fopt125722  
                  fopt125710  
                  fopt125674  
                  fopt125654  
                  fopt125644  
                  fopt125623  
                  fopt125615  
                     g125603  
                     g125574  
                     g125572  
                     g125571  
                     g125564  
                        g183  
                     g125563  
                     g125562  
                     g125561  
                  fopt125560  
                     g125559  
                     g125558  
                     g125557  
                     g125556  
                     g125554  
                     g125553  
                     g125551  
                     g125548  
                     g125547  
                     g125546  
                     g125543  
                     g125540  
                     g125534  
                     g125516  
                     g125515  
                     g125513  
                     g125512  
                     g125509  
                     g125488  
                     g125483  
                     g125482  
                     g125480  
                     g125466  
                     g125465  
                     g125462  
                     g125461  
                     g125432  
                     g125431  
                     g125430  
                     g125428  
                     g125426  
                     g125425  
                     g125422  
                     g125415  
                     g125414  
                     g125413  
                     g125412  
                     g125411  
                     g125410  
                     g125408  
                        g352  
                     g125406  
                     g125405  
                     g125404  
                     g125403  
                     g125402  
                        g350  
                        g348  
                     g125401  
                     g125400  
                        g356  
                     g125399  
                     g125398  
                     g125397  
                        g357  
                     g125396  
                     g125395  
                     g125394  
                     g125391  
                     g125389  
                        g282  
                     g125385  
                     g125383  
                     g125381  
                     g125376  
                        g833  
                        g830  
                     g125375  
                        g828  
                        g822  
                        g821  
                     g125373  
                     g125372  
                     g125371  
                     g125370  
                     g125369  
                     g125360  
                     g125358  
                     g125353  
                     g125352  
                     g125347  
                     g125346  
                     g125344  
                     g125341  
                         g51  
                     g125336  
                     g125335  
                     g125331  
                  fopt125330  
                         g72  
                     g125329  
                     g125328  
                     g125327  
                     g125326  
                     g125325  
                     g125324  
                     g125323  
                     g125320  
                     g125318  
                     g125304  
                     g125303  
                     g125302  
                     g125299  
                     g125297  
                     g125284  
                        g342  
                        g340  
                     g125281  
                     g125280  
                     g125264  
                     g125263  
                     g125254  
                     g125252  
                     g125251  
                     g125250  
                     g125248  
                     g125241  
                     g125240  
                     g125239  
                     g125234  
                         g73  
                     g125232  
                     g125228  
                     g125224  
                     g125221  
                     g125192  
                     g125191  
                     g125190  
                     g125177  
                     g125171  
                     g125169  
                     g125160  
                     g125153  
                     g125148  
                        g128  
                     g125146  
                     g125144  
                     g125143  
                     g125141  
                     g125139  
                     g125136  
                     g125134  
                     g125133  
                     g125132  
                     g125130  
                     g125128  
                     g125120  
                     g125119  
                     g125110  
                     g125108  
                     g125107  
                     g125106  
                     g125105  
                        g101  
                     g125102  
                     g125101  
                     g125090  
                     g125089  
                     g125083  
                     g125082  
                     g125081  
                     g125080  
                     g125079  
                     g125068  
                     g125067  
                        g123  
                     g125066  
                     g125064  
                        g303  
                     g125059  
                     g125058  
                     g125057  
                     g125055  
                     g125054  
                        g111  
                     g125052  
                     g125048  
                     g125043  
                     g125042  
                     g125040  
                     g125011  
                     g125005  
                     g124999  
                     g124998  
                     g124993  
                     g124992  
                     g124957  
                     g124954  
                     g124950  
                     g124934  
                     g124933  
                     g124930  
                     g124908  
                     g124906  
                     g124903  
                     g124901  
                     g124900  
                     g124899  
                         g60  
                     g124888  
                     g124875  
                        g426  
                        g424  
                     g124870  
                     g124869  
                     g124868  
                     g124865  
                     g124863  
                     g124862  
                     g124841  
                     g124840  
                     g124838  
                     g124837  
                     g124816  
                     g124815  
                     g124814  
                        g301  
                        g302  
                        g300  
                        g299  
                        g362  
                        g360  
                        g361  
                     g124808  
                     g124807  
                     g124806  
                     g124805  
                     g124804  
                     g124802  
                     g124801  
                     g124799  
                     g124798  
                     g124795  
                     g124794  
                     g124793  
                     g124792  
                     g124791  
                     g124790  
                     g124787  
                     g124782  
                     g124779  
                     g124778  
                     g124777  
                     g124775  
                     g124774  
                     g124754  
                     g124753  
                     g124752  
                     g124751  
                     g124750  
                     g124749  
                     g124747  
                     g124745  
                     g124743  
                     g124742  
                     g124741  
                     g124738  
                     g124737  
                     g124736  
                     g124727  
                     g124718  
                     g124717  
                     g124716  
                     g124715  
                     g124714  
                     g124712  
                     g124710  
                     g124709  
                     g124708  
                     g124707  
                     g124706  
                     g124673  
                     g124660  
                     g124658  
                     g124656  
                     g124654  
                     g124652  
                     g124651  
                     g124649  
                     g124648  
                     g124647  
                     g124644  
                     g124635  
                     g124634  
                     g124633  
                     g124632  
                     g124631  
                     g124612  
                     g124611  
                     g124610  
                     g124609  
                     g124605  
                     g124604  
                     g124578  
                     g124577  
                     g124575  
                     g124562  
                     g124561  
                     g124559  
                     g124558  
                     g124552  
                     g124540  
                     g124539  
                     g124536  
                     g124535  
                     g124528  
                     g124527  
                     g124525  
                     g124513  
                     g124512  
                     g124507  
                     g124506  
                     g124502  
                     g124501  
                        g126  
                     g124498  
                     g124485  
                       g34_1  
                     g124482  
                         g12  
                     g124473  
                     g124471  
                  fopt124469  
                     g124445  
                     g124438  
                     g124437  
                     g124432  
                     g124431  
                     g124424  
                     g124423  
                     g124422  
                     g124411  
                     g124410  
                     g124409  
                     g124408  
                     g124407  
                      fopt84  
                     g124393  
                     g124392  
                         g45  
                     g124390  
                     g124389  
                     g124387  
                     g124386  
                     g124374  
                     g124372  
                     g124371  
                  fopt124370  
                     g124369  
                     g124368  
                     g124367  
                     g124366  
                     g124349  
                     g124347  
                     g124346  
                     g124345  
                     g124344  
                     g124343  
                     g124342  
                     g124341  
                     g124335  
                     g124332  
                     g124329  
                     g124328  
                     g124327  
                     g124317  
                     g124315  
                     g124314  
                     g124301  
                     g124298  
                     g124289  
                  fopt124285  
                     g124284  
                     g124280  
                  fopt124279  
                        g104  
                     g124274  
                     g124272  
                     g124262  
                     g124261  
                     g124260  
                     g124259  
                     g124256  
                     g124255  
                     g124254  
                     g124253  
                     g124251  
                     g124250  
                     g124249  
                     g124245  
                     g124237  
                     g124236  
                     g124235  
                     g124233  
                     g124231  
                     g124230  
                     g124229  
                     g124228  
                     g124225  
                     g124224  
                     g124223  
                     g124222  
                     g124219  
                     g124216  
                     g124215  
                     g124214  
                     g124213  
                     g124211  
                     g124210  
                     g124204  
                     g124203  
                     g124202  
                     g124200  
                  fopt124199  
                     g124193  
                     g124187  
                     g124181  
                     g124180  
                     g124179  
                     g124174  
                     g124173  
                     g124170  
                     g124169  
                     g124168  
                     g124164  
                     g124163  
                     g124161  
                        g135  
                     g124159  
                     g124157  
                     g124156  
                     g124155  
                     g124154  
                     g124153  
                        g168  
                        g170  
                     g124148  
                     g124147  
                     g124145  
                     g124143  
                     g124142  
                     g124141  
                  fopt124140  
                         g53  
                     g124135  
                     g124134  
                     g124133  
                     g124132  
                     g124130  
                     g124129  
                     g124128  
                     g124126  
                     g124121  
                     g124120  
                     g124119  
                     g124118  
                     g124117  
                     g124116  
                     g124115  
                     g124102  
                     g124101  
                     g124094  
                     g124093  
                     g124092  
                     g124087  
                     g124082  
                     g124080  
                     g124079  
                     g124046  
                     g124045  
                     g124029  
                     g124028  
                     g124000  
                     g123999  
                  fopt123998  
                     g123997  
                     g123992  
                     g123986  
                         g23  
                     g123975  
                     g123974  
                     g123970  
                     g123965  
                     g123963  
                     g123960  
                     g123941  
                     g123940  
                     g123934  
                     g123933  
                     g123931  
                     g123930  
                     g123929  
                     g123928  
                     g123927  
                     g123926  
                     g123922  
                     g123877  
                     g123869  
                     g123866  
                     g123859  
                        g286  
                     g123851  
                     g123850  
                     g123849  
                     g123847  
                     g123843  
                     g123828  
                     g123827  
                     g123825  
                     g123823  
                     g123813  
                     g123801  
                     g123797  
                     g123796  
                     g123795  
                     g123794  
                     g123793  
                     g123792  
                     g123791  
                     g123790  
                     g123777  
                         g88  
                     g123774  
                     g123771  
                        g305  
                     g123766  
                     g123765  
                     g123742  
                     g123741  
                     g123740  
                     g123736  
                     g123733  
                     g123732  
                     g123731  
                     g123730  
                     g123714  
                     g123706  
                     g123693  
                     g123688  
                     g123667  
                     g123663  
                     g123654  
                     g123651  
                     g123650  
                     g123646  
                     g123644  
                     g123641  
                     g123635  
                     g123628  
                     g123627  
                     g123622  
                     g123610  
                     g123608  
                     g123603  
                     g123601  
                     g123598  
                     g123582  
                     g123580  
                     g123559  
                     g123525  
                     g123524  
                     g123523  
                     g123522  
                     g123520  
                     g123515  
                     g123513  
                     g123510  
                     g123503  
                     g123502  
                     g123501  
                     g123495  
                     g123493  
                     g123489  
                     g123488  
                     g123461  
                     g123459  
                     g123444  
                     g123440  
                     g123438  
                     g123430  
                     g123422  
                     g123419  
                     g123406  
                     g123403  
                     g123402  
                     g123401  
                     g123400  
                     g123399  
                     g123398  
                     g123397  
                     g123394  
                     g123393  
                     g123380  
                     g123378  
                     g123366  
                     g123361  
                     g123358  
                  fopt123357  
                        g414  
                        g413  
                        g411  
                     g123338  
                         g38  
                     g123320  
                     g123317  
                     g123314  
                     g123313  
                     g123312  
                     g123290  
                     g123289  
                     g123285  
                     g123283  
                     g123278  
                     g123272  
                     g123271  
                     g123248  
                     g123247  
                  fopt123246  
                     g123243  
                     g123235  
                     g123228  
                     g123224  
                     g123195  
                     g123191  
                     g123186  
                     g123185  
                     g123184  
                     g123183  
                     g123171  
                     g123170  
                     g123168  
                     g123167  
                     g123166  
                     g123164  
                     g123161  
                     g123156  
                     g123154  
                     g123151  
                     g123149  
                     g123147  
                     g123144  
                     g123143  
                     g123141  
                         g22  
                     g123139  
                     g123134  
                        g658  
                        g659  
                        g660  
                        g664  
                        g663  
                        g661  
                        g665  
                        g662  
                        g657  
                        g656  
                     g123117  
                     g123115  
                     g123114  
                     g123111  
                     g123110  
                     g123107  
                     g123106  
                     g123095  
                     g123094  
                     g123076  
                     g123074  
                     g123071  
                     g123070  
                     g123069  
                     g123066  
                     g123065  
                     g123064  
                     g123062  
                     g123006  
                     g123001  
                     g122999  
                        g410  
                     g122997  
                     g122996  
                     g122995  
                     g122994  
                     g122993  
                     g122991  
                     g122966  
                     g122964  
                     g122951  
                     g122950  
                     g122937  
                     g122931  
                     g122929  
                     g122928  
                     g122927  
                     g122926  
                     g122925  
                     g122924  
                     g122923  
                         g85  
                     g122922  
                     g122921  
                        g267  
                     g122920  
                        g270  
                     g122918  
                     g122917  
                     g122914  
                     g122898  
                     g122895  
                     g122869  
                     g122855  
                         g55  
                     g122853  
                     g122852  
                     g122846  
                     g122844  
                     g122843  
                     g122833  
                        g306  
                     g122831  
                     g122817  
                     g122816  
                     g122814  
                         g86  
                     g122806  
                     g122805  
                     g122787  
                     g122777  
                         g99  
                        g205  
                        g206  
                     g122744  
                     g122735  
                       g1019  
                       g1017  
                       g1021  
                       g1020  
                       g1018  
                     g122724  
                        g382  
                     g122703  
                     g122701  
                     g122696  
                        g684  
                        g679  
                     g122672  
                     g122664  
                     g122663  
                     g122662  
                     g122661  
                     g122660  
                     g122659  
                     g122647  
                     g122644  
                  fopt122591  
                     g122588  
                     g122587  
                     g122579  
                     g122577  
                     g122576  
                     g122575  
                     g122574  
                     g122558  
                     g122557  
                     g122556  
                     g122553  
                     g122552  
                     g122551  
                     g122550  
                     g122549  
                     g122548  
                     g122547  
                     g122546  
                     g122538  
                     g122537  
                       g1816  
                       g1813  
                       g1812  
                       g1808  
                     g122530  
                        g379  
                        g381  
                     g122529  
                        g380  
                     g122528  
                     g122526  
                        g249  
                     g122521  
                     g122519  
                     g122518  
                     g122517  
                     g122516  
                     g122515  
                     g122514  
                     g122513  
                     g122494  
                     g122493  
                     g122491  
                     g122490  
                     g122489  
                     g122488  
                     g122487  
                     g122486  
                     g122480  
                     g122474  
                     g122473  
                     g122472  
                     g122467  
                     g122465  
                     g122464  
                     g122463  
                     g122459  
                     g122455  
                     g122448  
                     g122447  
                     g122429  
                     g122427  
                     g122423  
                     g122405  
                        g283  
                        g292  
                     g122398  
                     g122392  
                     g122391  
                     g122388  
                     g122382  
                     g122381  
                     g122379  
                     g122378  
                        g780  
                       g1545  
                     g122354  
                     g122349  
                     g122348  
                     g122347  
                     g122341  
                     g122340  
                     g122339  
                     g122338  
                     g122337  
                     g122336  
                     g122334  
                        g574  
                        g573  
                        g571  
                        g570  
                        g572  
                        g569  
                     g122282  
                     g122270  
                     g122269  
                     g122266  
                     g122264  
                     g122260  
                     g122252  
                     g122246  
                     g122245  
                     g122240  
                     g122239  
                     g122236  
                     g122225  
                     g122220  
                     g122217  
                     g122214  
                     g122213  
                     g122164  
                     g122071  
                     g122070  
                     g122069  
                     g122067  
                     g122065  
                     g122063  
                     g122039  
                  fopt122033  
                     g122032  
                     g122027  
                     g122008  
                     g122006  
                     g122002  
                     g121997  
                     g121995  
                     g121984  
                     g121981  
                     g121978  
                     g121976  
                     g121975  
                     g121974  
                     g121973  
                     g121970  
                     g121969  
                     g121968  
                     g121967  
                     g121965  
                     g121962  
                     g121946  
                     g121944  
                     g121936  
                     g121931  
                     g121926  
                     g121923  
                     g121915  
                     g121870  
                  fopt121861  
                     g121857  
                     fopt198  
                     g121855  
                     g121842  
                     g121832  
                     g121829  
                     g121826  
                     g121825  
                     g121824  
                     g121795  
                     g121791  
                     g121788  
                        g334  
                        g333  
                     g121754  
                     g121753  
                     g121747  
                        g129  
                     g121746  
                     g121740  
                     g121727  
                     g121714  
                     g121684  
                     g121666  
                     g121665  
                     g121664  
                     g121663  
                     g121660  
                     g121659  
                     g121658  
                     g121645  
                     g121642  
                     g121627  
                     g121616  
                     g121612  
                     g121576  
                     g121574  
                     g121573  
                     g121572  
                     g121571  
                     g121560  
                     g121548  
                     g121547  
                     g121544  
                     g121543  
                     g121534  
                     g121531  
                     g121530  
                     g121529  
                     g121516  
                     g121486  
                        g201  
                        g197  
                     g121466  
                        g198  
                        g200  
                        g195  
                     g121465  
                     g121463  
                        g187  
                     g121461  
                        g199  
                     g121456  
                     g121454  
                     g121452  
                     g121451  
                     g121450  
                     g121449  
                       g34_0  
                     g121435  
                     g121430  
                     g121428  
                     g121426  
                     g121420  
                        g115  
                     g121419  
                     g121418  
                     g121415  
                     g121410  
                     g121409  
                     g121408  
                     g121364  
                     g121363  
                     g121360  
                     g121359  
                     g121358  
                     g121355  
                     g121354  
                     g121313  
                     g121312  
                     g121311  
                     g121310  
                     g121309  
                     g121308  
                     g121305  
                     g121293  
                     g121280  
                     g121241  
                     g121239  
                     g121238  
                     g121235  
                     g121230  
                     g121229  
                     g121223  
                     g121216  
                     g121213  
                     g121211  
                     g121210  
                        g231  
                     g121189  
                     g121182  
                     g121174  
                     g121168  
                     g121165  
                     g121163  
                     g121155  
                     g121154  
                     g121152  
                     g121139  
                        g108  
                     g121137  
                     g121135  
                        g105  
                     g121127  
                     g121126  
                     g121123  
                     g121121  
                     g80_110  
                     g121118  
                     g121116  
                     g121097  
                     g121096  
                     g121095  
                     g121092  
                     g121090  
                     g121089  
                     g121088  
                     g121087  
                     g121086  
                     g121079  
                     g121077  
                        g304  
                     g121071  
                     g121070  
                     g121069  
                     g121066  
                     g121063  
                     g121062  
                         g46  
                         g44  
                     g121051  
                     g121050  
                     g121038  
                     g120991  
                     g120977  
                     g120953  
                     g120952  
                     g120938  
                     g120936  
                     g120925  
                     g120924  
                     g120923  
                     g120921  
                     g120875  
                        g287  
                        g285  
                     g120873  
                     g120795  
                     fopt216  
                     g120791  
                     g120790  
                     g120789  
                        g212  
                     g120784  
                        g216  
                     g120781  
                     g120780  
                     g120778  
                     g120773  
                     g120772  
                     g120770  
                     g120768  
                     g120767  
                     g120764  
                     g120731  
                     g120730  
                     g120727  
                     g120726  
                     g120725  
                     g120724  
                     g120709  
                         g42  
                     g120705  
                        g484  
                        g485  
                     fopt499  
                        g483  
                        g493  
                        g490  
                        g487  
                        g486  
                        g349  
                     g120623  
                     g120622  
                     g120621  
                     g120620  
                     g120619  
                     g120618  
                     g120616  
                     g120614  
                     g120593  
                        g325  
                     g120592  
                     g120591  
                     g120590  
                     g120589  
                     g120588  
                     g120587  
                     g120586  
                     g120585  
                     g120584  
                        g235  
                     g120553  
                        g230  
                        g233  
                     g120552  
                     g120549  
                     g120548  
                        g238  
                         g92  
                     g120547  
                     g120546  
                     g120545  
                     g120533  
                     g120485  
                     g120483  
                        g184  
                        g180  
                     g120461  
                     g120460  
                     g120459  
                     g120458  
                     g120457  
                     g120452  
                        g167  
                     g120430  
                     g120429  
                     g120422  
                     g120420  
                     g120407  
                     g120406  
                     g120405  
                     g120404  
                     g120401  
                     g120395  
                     g120393  
                     g120381  
                     g120377  
                     g120375  
                     g120374  
                     g120363  
                     g120362  
                        g255  
                     g120361  
                     g120360  
                        g254  
                     g120357  
                     g120356  
                        g245  
                     g120354  
                     g120349  
                     g120348  
                     g120346  
                     g120344  
                     g120343  
                     g120342  
                  fopt120328  
                        g280  
                        g278  
                     g120326  
                        g279  
                        g124  
                        g226  
                     g120316  
                     g120310  
                     g120309  
                     g120308  
                     g120300  
                     g120297  
                     g120263  
                     g120261  
                     g120260  
                     g120259  
                     g120258  
                     g120257  
                     g120256  
                        g398  
                     g120248  
                     g120234  
                     g120203  
                     g120202  
                     g120190  
                     g120176  
                     g120150  
                     g120149  
                     g120139  
                     g120130  
                     g120110  
                     g120091  
                     g120078  
                     g120073  
                     g120067  
                     g120045  
                     g120041  
                        g338  
                     g120029  
                     g120028  
                     g120018  
                         g95  
                     g119988  
                     g119987  
                     g119979  
                     g119976  
                     g119971  
                     g119969  
                     g119967  
                     g119960  
                     g119959  
                     g119953  
                     g119930  
                     g119904  
                     g119903  
                     g119897  
                     g119884  
                     g119878  
                     g119877  
                     g119876  
                     g119872  
                     g119867  
                         g74  
                         g69  
                     g119866  
                     g119865  
                         g67  
                     g119863  
                     g119861  
                     g119858  
                     g119857  
                        g152  
                     g119845  
                     g119843  
                     g119841  
                     g119838  
                     g119827  
                     g119826  
                     g119825  
                     g119824  
                        g473  
                         g66  
                     g119813  
                     g119812  
                     g119811  
                     g119810  
                     g119809  
                     g119808  
                     g119807  
                     g119798  
                        g102  
                     g119795  
                        g112  
                     g119788  
                     g119783  
                     g119782  
                     g119781  
                     g119780  
                     g119779  
                     g119778  
                     g119776  
                     g119775  
                     g119774  
                     g119773  
                     g119772  
                     g119767  
                     g119757  
                     g119756  
                     g119755  
                         g58  
                     g119754  
                     g119753  
                     g119752  
                         g98  
                     g119720  
                     g119714  
                     g119713  
                     g119711  
                     g119690  
                     g119688  
                     g119678  
                     g119677  
                         g54  
                         g49  
                         g48  
                     g119626  
                     g119625  
                     g119622  
                     g119618  
                     g119611  
                     g119610  
                     g119608  
                     g119607  
                     g119606  
                     g119602  
                     g119576  
                         g41  
                         g63  
                         g64  
                         g62  
                         g61  
                     g119571  
                         g28  
                     g119543  
                     g119480  
                     g119435  
                         g90  
                        g116  
                        g119  
                        g114  
                        g113  
                     g119429  
                        g993  
                        g980  
                        g964  
                        g987  
                        g982  
                        g469  
                        g460  
                     g119407  
                     g119404  
                     g119403  
                        g221  
                     g119400  
                     g119399  
                        g223  
                        g204  
                     g119391  
                     g119390  
                     g119389  
                       g2006  
                       g2002  
                       g2008  
                       g2001  
                       g2005  
                       g2000  
                       g1999  
                       g2011  
                       g2010  
                       g2007  
                        g394  
                     g119366  
                        g402  
                        g401  
                     g119365  
                     g119364  
                     g119363  
                     g119362  
                     g119361  
                     g119356  
                        g397  
                        g395  
                        g393  
                        g392  
                        g996  
                       g1011  
                        g421  
                        g422  
                        g418  
                        g423  
                        g420  
                     g119327  
                     g119324  
                       g1131  
                       g1132  
                       g1130  
                    fopt1161  
                     g119318  
                       g1136  
                     g119316  
                     g119315  
                     g119310  
                     g119290  
                     g119288  
                     g119287  
                     g119286  
                     g119285  
                        g309  
                       g1125  
                       g1117  
                     g119254  
                        g179  
                        g281  
                        g327  
                        g326  
                        g315  
                        g328  
                        g317  
                        g313  
                         g78  
                         g77  
                     g119234  
                     g119233  
                         g75  
                     g119232  
                     g119226  
                     g119225  
                        g154  
                        g153  
                     g119220  
                        g478  
                     g119173  
                     g119169  
                     g119153  
                       g1199  
                       g1206  
                       g1195  
                       g1200  
                     g119150  
                       g1521  
                        g346  
                     g119140  
                        g369  
                        g837  
                     g119134  
                     g119133  
                     g119130  
                     g119128  
                     g119127  
                        g147  
                     g119115  
                        g148  
                     g119113  
                        g151  
                         g94  
                         g93  
                     g119108  
                         g82  
                         g81  
                     g119097  
                     g119096  
                     g119094  
                     g119089  
                        g136  
                        g131  
                        g137  
                        g138  
                        g130  
                        g241  
                        g597  
                        g591  
                        g176  
                        g405  
                     g118910  
                     g118899  
                     g118758  
                     g118757  
                     g118749  
                     g118748  
                     g118719  
                     g118714  
                     g118443  
                     g118441  
                     g118434  
                     g118427  
                     g118391  
                     g118233  
                  fopt118112  
                          g4  
                     g118014  
                     g118013  
                     g118012  
                     g118010  
                     g117911  
                     g117779  
                     g117778  
                     g117777  
                     g117776  
                     g117775  
                     g117774  
                     g117766  
                     g117765  
                     g117764  
                     g117761  
                     g117731  
                     g117462  
                     g117459  
                     g117224  
                     g117215  
                     g117210  
                     g117205  
                     g117203  
                     g117177  
                     g117151  
                     g117072  
                     g117071  
                     g117066  
                     g117056  
                     g117049  
                     g117048  
                     g117047  
                     g117046  
                     g117040  
                     g117038  
                     g116831  
                     g116821  
                     g116790  
                     g116789  
                     g116787  
                     g116724  
             g110586__116715  
             g110479__116714  
             g110227__116713  
                     g116712  
             g110497__116711  
             g110452__116709  
             g110355__116708  
             g110693__116707  
                     g116706  
             g110633__116705  
                     g116703  
                     g116694  
                     g116693  
                     g116692  
                     g116691  
                     g116690  
                     g116676  
                     g116674  
                     g116672  
                     g116670  
                     g116665  
                     g116662  
                     g116652  
                     g116650  
                     g116649  
                     g116648  
                     g116643  
                     g116615  
             g110694__116612  
                     g116602  
                     g116601  
                     g116599  
                     g116598  
                     g116597  
                     g116596  
                     g116595  
                     g116590  
                     g116585  
                     g116584  
                     g116581  
                     g116577  
                     g116560  
                     g116536  
                     g116534  
                     g116533  
                     g116532  
                     g116531  
                     g116502  
                     g116493  
                     g116480  
                     g116477  
                     g116469  
                     g116468  
                     g116467  
             g110329__116466  
                     g116465  
                     g116464  
                     g116463  
             g110655__116461  
                     g116460  
                     g116459  
                     g116458  
                     g116457  
             g110714__116456  
                     g116448  
                     g116444  
             g110517__116443  
             g110286__116442  
             g110604__116441  
             g110259__116439  
             g110569__116438  
             g110537__116437  
                     g116435  
                     g116434  
                     g116432  
             g110564__116430  
                     g116429  
             g110737__116427  
             g110443__116426  
             g110534__116425  
                     g116422  
                     g116421  
        alu_inst_muldiv_inst_mul_349_24_g116417  
        alu_inst_muldiv_inst_mul_349_24_g116412  
                     g116407  
                     g116396  
                     g116393  
                     g116392  
        alu_inst_muldiv_inst_mul_349_24_g116380  
        alu_inst_muldiv_inst_mul_349_24_g116376  
                     g116374  
                     g116373  
                     g116370  
                     g116369  
                     g116368  
                     g116367  
                     g116366  
                     g116364  
             g110710__116363  
                     g116362  
             g110185__116361  
                     g116360  
                     g116357  
                     g116356  
             g110149__116353  
        alu_inst_muldiv_inst_mul_349_24_g116350  
        alu_inst_muldiv_inst_mul_349_24_g116349  
        alu_inst_muldiv_inst_mul_349_24_g116343  
                     g116317  
                     g116314  
                     g116313  
                     g116311  
                     g116254  
        alu_inst_muldiv_inst_mul_349_24_g116238  
             g109895__116231  
             g109871__116230  
             g109912__116228  
                     g116203  
                     g116160  
                     g116158  
                     g116157  
                     g116156  
                     g116131  
                     g116116  
                     g116021  
                     g116019  
                  fopt115832  
                  fopt115661  
                  fopt115228  
                  fopt115012  
        alu_inst_muldiv_inst_mul_349_24_g114966  
        alu_inst_muldiv_inst_mul_349_24_g10454  
        alu_inst_muldiv_inst_mul_349_24_g10452  
        alu_inst_muldiv_inst_mul_349_24_g10451  
        alu_inst_muldiv_inst_mul_349_24_g10449  
        alu_inst_muldiv_inst_mul_349_24_g10448  
        alu_inst_muldiv_inst_mul_349_24_g10447  
        alu_inst_muldiv_inst_mul_349_24_g10445  
        alu_inst_muldiv_inst_mul_349_24_g10442  
        alu_inst_muldiv_inst_mul_349_24_g10439  
        alu_inst_muldiv_inst_mul_349_24_g10438  
        alu_inst_muldiv_inst_mul_349_24_g10436  
        alu_inst_muldiv_inst_mul_349_24_g10434  
        alu_inst_muldiv_inst_mul_349_24_g10433  
        alu_inst_muldiv_inst_mul_349_24_g10429  
        alu_inst_muldiv_inst_mul_349_24_g10428  
        alu_inst_muldiv_inst_mul_349_24_g10427  
        alu_inst_muldiv_inst_mul_349_24_g10423  
        alu_inst_muldiv_inst_mul_349_24_g10421  
        alu_inst_muldiv_inst_mul_349_24_g10417  
        alu_inst_muldiv_inst_mul_349_24_g10414  
        alu_inst_muldiv_inst_mul_349_24_g10413  
        alu_inst_muldiv_inst_mul_349_24_g10409  
        alu_inst_muldiv_inst_mul_349_24_g10407  
        alu_inst_muldiv_inst_mul_349_24_g10406  
        alu_inst_muldiv_inst_mul_349_24_g10403  
        alu_inst_muldiv_inst_mul_349_24_g10400  
        alu_inst_muldiv_inst_mul_349_24_g10398  
        alu_inst_muldiv_inst_mul_349_24_g10394  
        alu_inst_muldiv_inst_mul_349_24_g10393  
        alu_inst_muldiv_inst_mul_349_24_g10392  
        alu_inst_muldiv_inst_mul_349_24_g10391  
        alu_inst_muldiv_inst_mul_349_24_g10386  
        alu_inst_muldiv_inst_mul_349_24_g10382  
        alu_inst_muldiv_inst_mul_349_24_g10293  
        alu_inst_muldiv_inst_mul_349_24_g10203  
        alu_inst_muldiv_inst_mul_349_24_g10202  
        alu_inst_muldiv_inst_mul_349_24_g10200  
        alu_inst_muldiv_inst_mul_349_24_g10198  
        alu_inst_muldiv_inst_mul_349_24_g10196  
        alu_inst_muldiv_inst_mul_349_24_g10195  
        alu_inst_muldiv_inst_mul_349_24_g10193  
        alu_inst_muldiv_inst_mul_349_24_g10192  
        alu_inst_muldiv_inst_mul_349_24_g10191  
        alu_inst_muldiv_inst_mul_349_24_g10190  
        alu_inst_muldiv_inst_mul_349_24_g10189  
        alu_inst_muldiv_inst_mul_349_24_g10187  
        alu_inst_muldiv_inst_mul_349_24_g10186  
        alu_inst_muldiv_inst_mul_349_24_g10185  
        alu_inst_muldiv_inst_mul_349_24_g10184  
        alu_inst_muldiv_inst_mul_349_24_g10181  
        alu_inst_muldiv_inst_mul_349_24_g10180  
        alu_inst_muldiv_inst_mul_349_24_g10179  
        alu_inst_muldiv_inst_mul_349_24_g10177  
        alu_inst_muldiv_inst_mul_349_24_g10175  
        alu_inst_muldiv_inst_mul_349_24_g10174  
        alu_inst_muldiv_inst_mul_349_24_g10173  
        alu_inst_muldiv_inst_mul_349_24_g10165  
        alu_inst_muldiv_inst_mul_349_24_g10163  
        alu_inst_muldiv_inst_mul_349_24_g10159  
        alu_inst_muldiv_inst_mul_349_24_g10158  
        alu_inst_muldiv_inst_mul_349_24_g10155  
        alu_inst_muldiv_inst_mul_349_24_g10153  
        alu_inst_muldiv_inst_mul_349_24_g10152  
        alu_inst_muldiv_inst_mul_349_24_g10151  
        alu_inst_muldiv_inst_mul_349_24_g10150  
        alu_inst_muldiv_inst_mul_349_24_g10149  
        alu_inst_muldiv_inst_mul_349_24_g10147  
        alu_inst_muldiv_inst_mul_349_24_g10146  
        alu_inst_muldiv_inst_mul_349_24_g10145  
        alu_inst_muldiv_inst_mul_349_24_g10144  
        alu_inst_muldiv_inst_mul_349_24_g10142  
        alu_inst_muldiv_inst_mul_349_24_g10138  
        alu_inst_muldiv_inst_mul_349_24_g10137  
        alu_inst_muldiv_inst_mul_349_24_g10136  
        alu_inst_muldiv_inst_mul_349_24_g10134  
        alu_inst_muldiv_inst_mul_349_24_g10133  
        alu_inst_muldiv_inst_mul_349_24_g10132  
        alu_inst_muldiv_inst_mul_349_24_g10131  
        alu_inst_muldiv_inst_mul_349_24_g10129  
        alu_inst_muldiv_inst_mul_349_24_g10128  
        alu_inst_muldiv_inst_mul_349_24_g10127  
        alu_inst_muldiv_inst_mul_349_24_g10126  
        alu_inst_muldiv_inst_mul_349_24_g10125  
        alu_inst_muldiv_inst_mul_349_24_g10124  
        alu_inst_muldiv_inst_mul_349_24_g10122  
        alu_inst_muldiv_inst_mul_349_24_g10121  
        alu_inst_muldiv_inst_mul_349_24_g10119  
        alu_inst_muldiv_inst_mul_349_24_g10117  
        alu_inst_muldiv_inst_mul_349_24_g10116  
        alu_inst_muldiv_inst_mul_349_24_g10115  
        alu_inst_muldiv_inst_mul_349_24_g10114  
        alu_inst_muldiv_inst_mul_349_24_g10113  
        alu_inst_muldiv_inst_mul_349_24_g10111  
        alu_inst_muldiv_inst_mul_349_24_g10110  
        alu_inst_muldiv_inst_mul_349_24_g10109  
        alu_inst_muldiv_inst_mul_349_24_g10108  
        alu_inst_muldiv_inst_mul_349_24_g10107  
        alu_inst_muldiv_inst_mul_349_24_g10106  
        alu_inst_muldiv_inst_mul_349_24_g10102  
        alu_inst_muldiv_inst_mul_349_24_g10096  
        alu_inst_muldiv_inst_mul_349_24_g10086  
        alu_inst_muldiv_inst_mul_349_24_g10085  
        alu_inst_muldiv_inst_mul_349_24_g10076  
        alu_inst_muldiv_inst_mul_349_24_g10073  
        alu_inst_muldiv_inst_mul_349_24_g10072  
        alu_inst_muldiv_inst_mul_349_24_g10071  
        alu_inst_muldiv_inst_mul_349_24_g10069  
        alu_inst_muldiv_inst_mul_349_24_g10066  
        alu_inst_muldiv_inst_mul_349_24_g10065  
        alu_inst_muldiv_inst_mul_349_24_g10064  
        alu_inst_muldiv_inst_mul_349_24_g10062  
        alu_inst_muldiv_inst_mul_349_24_g10061  
        alu_inst_muldiv_inst_mul_349_24_g10060  
        alu_inst_muldiv_inst_mul_349_24_g10059  
        alu_inst_muldiv_inst_mul_349_24_g10058  
        alu_inst_muldiv_inst_mul_349_24_g10056  
        alu_inst_muldiv_inst_mul_349_24_g10054  
        alu_inst_muldiv_inst_mul_349_24_g10053  
        alu_inst_muldiv_inst_mul_349_24_g10052  
        alu_inst_muldiv_inst_mul_349_24_g10050  
        alu_inst_muldiv_inst_mul_349_24_g10049  
        alu_inst_muldiv_inst_mul_349_24_g10048  
        alu_inst_muldiv_inst_mul_349_24_g10047  
        alu_inst_muldiv_inst_mul_349_24_g10046  
        alu_inst_muldiv_inst_mul_349_24_g10045  
        alu_inst_muldiv_inst_mul_349_24_g10044  
        alu_inst_muldiv_inst_mul_349_24_g10043  
        alu_inst_muldiv_inst_mul_349_24_g10042  
        alu_inst_muldiv_inst_mul_349_24_g10041  
        alu_inst_muldiv_inst_mul_349_24_g10040  
        alu_inst_muldiv_inst_mul_349_24_g10039  
        alu_inst_muldiv_inst_mul_349_24_g10038  
        alu_inst_muldiv_inst_mul_349_24_g10037  
        alu_inst_muldiv_inst_mul_349_24_g10033  
        alu_inst_muldiv_inst_mul_349_24_g10032  
        alu_inst_muldiv_inst_mul_349_24_g10027  
        alu_inst_muldiv_inst_mul_349_24_g10026  
        alu_inst_muldiv_inst_mul_349_24_g10025  
        alu_inst_muldiv_inst_mul_349_24_g10023  
        alu_inst_muldiv_inst_mul_349_24_g10022  
        alu_inst_muldiv_inst_mul_349_24_g10021  
        alu_inst_muldiv_inst_mul_349_24_g10020  
        alu_inst_muldiv_inst_mul_349_24_g10019  
        alu_inst_muldiv_inst_mul_349_24_g10018  
        alu_inst_muldiv_inst_mul_349_24_g10017  
        alu_inst_muldiv_inst_mul_349_24_g10015  
        alu_inst_muldiv_inst_mul_349_24_g10014  
        alu_inst_muldiv_inst_mul_349_24_g10013  
        alu_inst_muldiv_inst_mul_349_24_g10010  
        alu_inst_muldiv_inst_mul_349_24_g10009  
        alu_inst_muldiv_inst_mul_349_24_g10007  
        alu_inst_muldiv_inst_mul_349_24_g10006  
        alu_inst_muldiv_inst_mul_349_24_g10004  
        alu_inst_muldiv_inst_mul_349_24_g10001  
        alu_inst_muldiv_inst_mul_349_24_g9999  
        alu_inst_muldiv_inst_mul_349_24_g9997  
        alu_inst_muldiv_inst_mul_349_24_g9993  
        alu_inst_muldiv_inst_mul_349_24_g9965  
        alu_inst_muldiv_inst_mul_349_24_g9957  
        alu_inst_muldiv_inst_mul_349_24_g9956  
        alu_inst_muldiv_inst_mul_349_24_g9954  
        alu_inst_muldiv_inst_mul_349_24_g9953  
        alu_inst_muldiv_inst_mul_349_24_g9952  
        alu_inst_muldiv_inst_mul_349_24_g9950  
        alu_inst_muldiv_inst_mul_349_24_g9949  
        alu_inst_muldiv_inst_mul_349_24_g9944  
        alu_inst_muldiv_inst_mul_349_24_g9942  
        alu_inst_muldiv_inst_mul_349_24_g9939  
        alu_inst_muldiv_inst_mul_349_24_g9938  
        alu_inst_muldiv_inst_mul_349_24_g9937  
        alu_inst_muldiv_inst_mul_349_24_g9936  
        alu_inst_muldiv_inst_mul_349_24_g9935  
        alu_inst_muldiv_inst_mul_349_24_g9933  
        alu_inst_muldiv_inst_mul_349_24_g9932  
        alu_inst_muldiv_inst_mul_349_24_g9930  
        alu_inst_muldiv_inst_mul_349_24_g9929  
        alu_inst_muldiv_inst_mul_349_24_g9926  
        alu_inst_muldiv_inst_mul_349_24_g9925  
        alu_inst_muldiv_inst_mul_349_24_g9924  
        alu_inst_muldiv_inst_mul_349_24_g9923  
        alu_inst_muldiv_inst_mul_349_24_g9922  
        alu_inst_muldiv_inst_mul_349_24_g9921  
        alu_inst_muldiv_inst_mul_349_24_g9920  
        alu_inst_muldiv_inst_mul_349_24_g9919  
        alu_inst_muldiv_inst_mul_349_24_g9918  
        alu_inst_muldiv_inst_mul_349_24_g9917  
        alu_inst_muldiv_inst_mul_349_24_g9916  
        alu_inst_muldiv_inst_mul_349_24_g9914  
        alu_inst_muldiv_inst_mul_349_24_g9891  
        alu_inst_muldiv_inst_mul_349_24_g9882  
        alu_inst_muldiv_inst_mul_349_24_g9881  
        alu_inst_muldiv_inst_mul_349_24_g9873  
        alu_inst_muldiv_inst_mul_349_24_g9863  
        alu_inst_muldiv_inst_mul_349_24_g9862  
        alu_inst_muldiv_inst_mul_349_24_g9860  
        alu_inst_muldiv_inst_mul_349_24_g9859  
        alu_inst_muldiv_inst_mul_349_24_g9857  
        alu_inst_muldiv_inst_mul_349_24_g9850  
        alu_inst_muldiv_inst_mul_349_24_g9849  
        alu_inst_muldiv_inst_mul_349_24_g9848  
        alu_inst_muldiv_inst_mul_349_24_g9846  
        alu_inst_muldiv_inst_mul_349_24_g9845  
        alu_inst_muldiv_inst_mul_349_24_g9843  
        alu_inst_muldiv_inst_mul_349_24_g9842  
        alu_inst_muldiv_inst_mul_349_24_g9838  
        alu_inst_muldiv_inst_mul_349_24_g9836  
        alu_inst_muldiv_inst_mul_349_24_g9835  
        alu_inst_muldiv_inst_mul_349_24_g9834  
        alu_inst_muldiv_inst_mul_349_24_g9833  
        alu_inst_muldiv_inst_mul_349_24_g9831  
        alu_inst_muldiv_inst_mul_349_24_g9829  
        alu_inst_muldiv_inst_mul_349_24_g9828  
        alu_inst_muldiv_inst_mul_349_24_g9826  
        alu_inst_muldiv_inst_mul_349_24_g9825  
        alu_inst_muldiv_inst_mul_349_24_g9824  
        alu_inst_muldiv_inst_mul_349_24_g9811  
        alu_inst_muldiv_inst_mul_349_24_g9806  
        alu_inst_muldiv_inst_mul_349_24_g9803  
        alu_inst_muldiv_inst_mul_349_24_g9802  
        alu_inst_muldiv_inst_mul_349_24_g9800  
        alu_inst_muldiv_inst_mul_349_24_g9798  
        alu_inst_muldiv_inst_mul_349_24_g9797  
        alu_inst_muldiv_inst_mul_349_24_g9796  
        alu_inst_muldiv_inst_mul_349_24_g9794  
        alu_inst_muldiv_inst_mul_349_24_g9791  
        alu_inst_muldiv_inst_mul_349_24_g9789  
        alu_inst_muldiv_inst_mul_349_24_g9787  
        alu_inst_muldiv_inst_mul_349_24_g9786  
        alu_inst_muldiv_inst_mul_349_24_g9784  
        alu_inst_muldiv_inst_mul_349_24_g9783  
        alu_inst_muldiv_inst_mul_349_24_g9777  
        alu_inst_muldiv_inst_mul_349_24_g9769  
        alu_inst_muldiv_inst_mul_349_24_g9767  
        alu_inst_muldiv_inst_mul_349_24_g9765  
        alu_inst_muldiv_inst_mul_349_24_g9762  
        alu_inst_muldiv_inst_mul_349_24_g9761  
        alu_inst_muldiv_inst_mul_349_24_g9758  
        alu_inst_muldiv_inst_mul_349_24_g9756  
        alu_inst_muldiv_inst_mul_349_24_g9755  
        alu_inst_muldiv_inst_mul_349_24_g9753  
        alu_inst_muldiv_inst_mul_349_24_g9750  
        alu_inst_muldiv_inst_mul_349_24_g9749  
        alu_inst_muldiv_inst_mul_349_24_g9748  
        alu_inst_muldiv_inst_mul_349_24_g9747  
        alu_inst_muldiv_inst_mul_349_24_g9746  
        alu_inst_muldiv_inst_mul_349_24_g9744  
        alu_inst_muldiv_inst_mul_349_24_g9741  
        alu_inst_muldiv_inst_mul_349_24_g9739  
        alu_inst_muldiv_inst_mul_349_24_g9735  
        alu_inst_muldiv_inst_mul_349_24_g9734  
        alu_inst_muldiv_inst_mul_349_24_g9732  
        alu_inst_muldiv_inst_mul_349_24_g9729  
        alu_inst_muldiv_inst_mul_349_24_g9727  
        alu_inst_muldiv_inst_mul_349_24_g9726  
        alu_inst_muldiv_inst_mul_349_24_g9724  
        alu_inst_muldiv_inst_mul_349_24_g9723  
        alu_inst_muldiv_inst_mul_349_24_g9716  
        alu_inst_muldiv_inst_mul_349_24_g9711  
        alu_inst_muldiv_inst_mul_349_24_g9710  
        alu_inst_muldiv_inst_mul_349_24_g9707  
        alu_inst_muldiv_inst_mul_349_24_g9706  
        alu_inst_muldiv_inst_mul_349_24_g9705  
        alu_inst_muldiv_inst_mul_349_24_g9704  
        alu_inst_muldiv_inst_mul_349_24_g9703  
        alu_inst_muldiv_inst_mul_349_24_g9702  
        alu_inst_muldiv_inst_mul_349_24_g9701  
        alu_inst_muldiv_inst_mul_349_24_g9700  
        alu_inst_muldiv_inst_mul_349_24_g9688  
        alu_inst_muldiv_inst_mul_349_24_g9682  
        alu_inst_muldiv_inst_mul_349_24_g9681  
        alu_inst_muldiv_inst_mul_349_24_g9665  
        alu_inst_muldiv_inst_mul_349_24_g9664  
        alu_inst_muldiv_inst_mul_349_24_g9661  
        alu_inst_muldiv_inst_mul_349_24_g9659  
        alu_inst_muldiv_inst_mul_349_24_g9656  
        alu_inst_muldiv_inst_mul_349_24_g9647  
        alu_inst_muldiv_inst_mul_349_24_g9646  
        alu_inst_muldiv_inst_mul_349_24_g9645  
        alu_inst_muldiv_inst_mul_349_24_g9644  
        alu_inst_muldiv_inst_mul_349_24_g9642  
        alu_inst_muldiv_inst_mul_349_24_g9640  
        alu_inst_muldiv_inst_mul_349_24_g9638  
        alu_inst_muldiv_inst_mul_349_24_g9637  
        alu_inst_muldiv_inst_mul_349_24_g9634  
        alu_inst_muldiv_inst_mul_349_24_g9632  
        alu_inst_muldiv_inst_mul_349_24_g9624  
        alu_inst_muldiv_inst_mul_349_24_g9623  
        alu_inst_muldiv_inst_mul_349_24_g9610  
        alu_inst_muldiv_inst_mul_349_24_g9607  
        alu_inst_muldiv_inst_mul_349_24_g9604  
        alu_inst_muldiv_inst_mul_349_24_g9602  
        alu_inst_muldiv_inst_mul_349_24_g9601  
        alu_inst_muldiv_inst_mul_349_24_g9591  
        alu_inst_muldiv_inst_mul_349_24_g9589  
        alu_inst_muldiv_inst_mul_349_24_g9588  
        alu_inst_muldiv_inst_mul_349_24_g9586  
        alu_inst_muldiv_inst_mul_349_24_g9583  
        alu_inst_muldiv_inst_mul_349_24_g9582  
        alu_inst_muldiv_inst_mul_349_24_g9581  
        alu_inst_muldiv_inst_mul_349_24_g9579  
        alu_inst_muldiv_inst_mul_349_24_g9577  
        alu_inst_muldiv_inst_mul_349_24_g9574  
        alu_inst_muldiv_inst_mul_349_24_g9573  
        alu_inst_muldiv_inst_mul_349_24_g9565  
        alu_inst_muldiv_inst_mul_349_24_g9563  
        alu_inst_muldiv_inst_mul_349_24_g9561  
        alu_inst_muldiv_inst_mul_349_24_g9560  
        alu_inst_muldiv_inst_mul_349_24_g9557  
        alu_inst_muldiv_inst_mul_349_24_g9556  
        alu_inst_muldiv_inst_mul_349_24_g9554  
        alu_inst_muldiv_inst_mul_349_24_g9552  
        alu_inst_muldiv_inst_mul_349_24_g9549  
        alu_inst_muldiv_inst_mul_349_24_g9544  
        alu_inst_muldiv_inst_mul_349_24_g9542  
        alu_inst_muldiv_inst_mul_349_24_g9541  
        alu_inst_muldiv_inst_mul_349_24_g9539  
        alu_inst_muldiv_inst_mul_349_24_g9538  
        alu_inst_muldiv_inst_mul_349_24_g9537  
        alu_inst_muldiv_inst_mul_349_24_g9536  
        alu_inst_muldiv_inst_mul_349_24_g9526  
        alu_inst_muldiv_inst_mul_349_24_g9525  
        alu_inst_muldiv_inst_mul_349_24_g9523  
        alu_inst_muldiv_inst_mul_349_24_g9522  
        alu_inst_muldiv_inst_mul_349_24_g9521  
        alu_inst_muldiv_inst_mul_349_24_g9520  
        alu_inst_muldiv_inst_mul_349_24_g9517  
        alu_inst_muldiv_inst_mul_349_24_g9516  
        alu_inst_muldiv_inst_mul_349_24_g9514  
        alu_inst_muldiv_inst_mul_349_24_g9496  
        alu_inst_muldiv_inst_mul_349_24_g9494  
        alu_inst_muldiv_inst_mul_349_24_g9493  
        alu_inst_muldiv_inst_mul_349_24_g9492  
        alu_inst_muldiv_inst_mul_349_24_g9491  
        alu_inst_muldiv_inst_mul_349_24_g9490  
        alu_inst_muldiv_inst_mul_349_24_g9489  
        alu_inst_muldiv_inst_mul_349_24_g9488  
        alu_inst_muldiv_inst_mul_349_24_g9487  
        alu_inst_muldiv_inst_mul_349_24_g9469  
        alu_inst_muldiv_inst_mul_349_24_g9467  
        alu_inst_muldiv_inst_mul_349_24_g9464  
        alu_inst_muldiv_inst_mul_349_24_g9463  
        alu_inst_muldiv_inst_mul_349_24_g9462  
        alu_inst_muldiv_inst_mul_349_24_g9460  
        alu_inst_muldiv_inst_mul_349_24_g9459  
        alu_inst_muldiv_inst_mul_349_24_g9458  
        alu_inst_muldiv_inst_mul_349_24_g9457  
        alu_inst_muldiv_inst_mul_349_24_g9455  
        alu_inst_muldiv_inst_mul_349_24_g9454  
        alu_inst_muldiv_inst_mul_349_24_g9453  
        alu_inst_muldiv_inst_mul_349_24_g9452  
        alu_inst_muldiv_inst_mul_349_24_g9451  
        alu_inst_muldiv_inst_mul_349_24_g9450  
        alu_inst_muldiv_inst_mul_349_24_g9448  
        alu_inst_muldiv_inst_mul_349_24_g9441  
        alu_inst_muldiv_inst_mul_349_24_g9440  
        alu_inst_muldiv_inst_mul_349_24_g9431  
        alu_inst_muldiv_inst_mul_349_24_g9429  
        alu_inst_muldiv_inst_mul_349_24_g9427  
        alu_inst_muldiv_inst_mul_349_24_g9422  
        alu_inst_muldiv_inst_mul_349_24_g9419  
        alu_inst_muldiv_inst_mul_349_24_g9418  
        alu_inst_muldiv_inst_mul_349_24_g9412  
        alu_inst_muldiv_inst_mul_349_24_g9407  
        alu_inst_muldiv_inst_mul_349_24_g9403  
        alu_inst_muldiv_inst_mul_349_24_g9398  
        alu_inst_muldiv_inst_mul_349_24_g9397  
        alu_inst_muldiv_inst_mul_349_24_g9378  
        alu_inst_muldiv_inst_mul_349_24_g9372  
        alu_inst_muldiv_inst_mul_349_24_g9367  
        alu_inst_muldiv_inst_mul_349_24_g9355  
        alu_inst_muldiv_inst_mul_349_24_g9351  
        alu_inst_muldiv_inst_mul_349_24_g9340  
        alu_inst_muldiv_inst_mul_349_24_g9333  
        alu_inst_muldiv_inst_mul_349_24_g9332  
        alu_inst_muldiv_inst_mul_349_24_g9331  
        alu_inst_muldiv_inst_mul_349_24_g9329  
        alu_inst_muldiv_inst_mul_349_24_g9323  
        alu_inst_muldiv_inst_mul_349_24_g9316  
        alu_inst_muldiv_inst_mul_349_24_g9312  
        alu_inst_muldiv_inst_mul_349_24_g9311  
        alu_inst_muldiv_inst_mul_349_24_g9309  
        alu_inst_muldiv_inst_mul_349_24_g9308  
        alu_inst_muldiv_inst_mul_349_24_g9307  
        alu_inst_muldiv_inst_mul_349_24_g9306  
        alu_inst_muldiv_inst_mul_349_24_g9305  
        alu_inst_muldiv_inst_mul_349_24_g9302  
        alu_inst_muldiv_inst_mul_349_24_g9301  
        alu_inst_muldiv_inst_mul_349_24_g9299  
        alu_inst_muldiv_inst_mul_349_24_g9298  
        alu_inst_muldiv_inst_mul_349_24_g9297  
        alu_inst_muldiv_inst_mul_349_24_g9296  
        alu_inst_muldiv_inst_mul_349_24_g9292  
        alu_inst_muldiv_inst_mul_349_24_g9291  
        alu_inst_muldiv_inst_mul_349_24_g9284  
        alu_inst_muldiv_inst_mul_349_24_g9283  
        alu_inst_muldiv_inst_mul_349_24_g9282  
        alu_inst_muldiv_inst_mul_349_24_g9281  
        alu_inst_muldiv_inst_mul_349_24_g9278  
        alu_inst_muldiv_inst_mul_349_24_g9267  
        alu_inst_muldiv_inst_mul_349_24_g9257  
        alu_inst_muldiv_inst_mul_349_24_g9255  
        alu_inst_muldiv_inst_mul_349_24_g9247  
        alu_inst_muldiv_inst_mul_349_24_g9245  
        alu_inst_muldiv_inst_mul_349_24_g9244  
        alu_inst_muldiv_inst_mul_349_24_g9242  
        alu_inst_muldiv_inst_mul_349_24_g9241  
        alu_inst_muldiv_inst_mul_349_24_g9240  
        alu_inst_muldiv_inst_mul_349_24_g9238  
        alu_inst_muldiv_inst_mul_349_24_g9235  
        alu_inst_muldiv_inst_mul_349_24_g9229  
        alu_inst_muldiv_inst_mul_349_24_g9228  
        alu_inst_muldiv_inst_mul_349_24_g9227  
        alu_inst_muldiv_inst_mul_349_24_g9223  
        alu_inst_muldiv_inst_mul_349_24_g9222  
        alu_inst_muldiv_inst_mul_349_24_g9217  
        alu_inst_muldiv_inst_mul_349_24_g9213  
        alu_inst_muldiv_inst_mul_349_24_g9210  
        alu_inst_muldiv_inst_mul_349_24_g9206  
        alu_inst_muldiv_inst_mul_349_24_g9204  
        alu_inst_muldiv_inst_mul_349_24_g9202  
        alu_inst_muldiv_inst_mul_349_24_g9200  
        alu_inst_muldiv_inst_mul_349_24_g9199  
        alu_inst_muldiv_inst_mul_349_24_g9198  
        alu_inst_muldiv_inst_mul_349_24_g9197  
        alu_inst_muldiv_inst_mul_349_24_g9193  
        alu_inst_muldiv_inst_mul_349_24_g9191  
        alu_inst_muldiv_inst_mul_349_24_g9184  
        alu_inst_muldiv_inst_mul_349_24_g9182  
        alu_inst_muldiv_inst_mul_349_24_g9180  
        alu_inst_muldiv_inst_mul_349_24_g9179  
        alu_inst_muldiv_inst_mul_349_24_g9177  
        alu_inst_muldiv_inst_mul_349_24_g9169  
        alu_inst_muldiv_inst_mul_349_24_g9168  
        alu_inst_muldiv_inst_mul_349_24_g9166  
        alu_inst_muldiv_inst_mul_349_24_g9165  
        alu_inst_muldiv_inst_mul_349_24_g9159  
        alu_inst_muldiv_inst_mul_349_24_g9154  
        alu_inst_muldiv_inst_mul_349_24_g9153  
        alu_inst_muldiv_inst_mul_349_24_g9151  
        alu_inst_muldiv_inst_mul_349_24_g9150  
        alu_inst_muldiv_inst_mul_349_24_g9149  
        alu_inst_muldiv_inst_mul_349_24_g9148  
        alu_inst_muldiv_inst_mul_349_24_g9140  
        alu_inst_muldiv_inst_mul_349_24_g9139  
        alu_inst_muldiv_inst_mul_349_24_g9134  
        alu_inst_muldiv_inst_mul_349_24_g9132  
        alu_inst_muldiv_inst_mul_349_24_g9128  
        alu_inst_muldiv_inst_mul_349_24_g9116  
        alu_inst_muldiv_inst_mul_349_24_g9113  
        alu_inst_muldiv_inst_mul_349_24_g9100  
        alu_inst_muldiv_inst_mul_349_24_g9097  
        alu_inst_muldiv_inst_mul_349_24_g9096  
        alu_inst_muldiv_inst_mul_349_24_g9093  
        alu_inst_muldiv_inst_mul_349_24_g9092  
        alu_inst_muldiv_inst_mul_349_24_g9090  
        alu_inst_muldiv_inst_mul_349_24_g9088  
        alu_inst_muldiv_inst_mul_349_24_g9085  
        alu_inst_muldiv_inst_mul_349_24_g9079  
        alu_inst_muldiv_inst_mul_349_24_g9078  
        alu_inst_muldiv_inst_mul_349_24_g9072  
        alu_inst_muldiv_inst_mul_349_24_g9071  
        alu_inst_muldiv_inst_mul_349_24_g9070  
        alu_inst_muldiv_inst_mul_349_24_g9068  
        alu_inst_muldiv_inst_mul_349_24_g9067  
        alu_inst_muldiv_inst_mul_349_24_g9064  
        alu_inst_muldiv_inst_mul_349_24_g9059  
        alu_inst_muldiv_inst_mul_349_24_g9053  
        alu_inst_muldiv_inst_mul_349_24_g9052  
        alu_inst_muldiv_inst_mul_349_24_g9046  
        alu_inst_muldiv_inst_mul_349_24_g9043  
        alu_inst_muldiv_inst_mul_349_24_g9032  
        alu_inst_muldiv_inst_mul_349_24_g9024  
        alu_inst_muldiv_inst_mul_349_24_g9021  
        alu_inst_muldiv_inst_mul_349_24_g9018  
        alu_inst_muldiv_inst_mul_349_24_g9016  
        alu_inst_muldiv_inst_mul_349_24_g9010  
        alu_inst_muldiv_inst_mul_349_24_g8994  
        alu_inst_muldiv_inst_mul_349_24_g8992  
        alu_inst_muldiv_inst_mul_349_24_g8990  
        alu_inst_muldiv_inst_mul_349_24_g8987  
        alu_inst_muldiv_inst_mul_349_24_g8985  
        alu_inst_muldiv_inst_mul_349_24_g8983  
        alu_inst_muldiv_inst_mul_349_24_g8979  
        alu_inst_muldiv_inst_mul_349_24_g8977  
        alu_inst_muldiv_inst_mul_349_24_g8976  
        alu_inst_muldiv_inst_mul_349_24_g8974  
        alu_inst_muldiv_inst_mul_349_24_g8971  
        alu_inst_muldiv_inst_mul_349_24_g8968  
        alu_inst_muldiv_inst_mul_349_24_g8959  
        alu_inst_muldiv_inst_mul_349_24_g8958  
        alu_inst_muldiv_inst_mul_349_24_g8957  
        alu_inst_muldiv_inst_mul_349_24_g8947  
        alu_inst_muldiv_inst_mul_349_24_g8943  
        alu_inst_muldiv_inst_mul_349_24_g8941  
        alu_inst_muldiv_inst_mul_349_24_g8937  
        alu_inst_muldiv_inst_mul_349_24_g8931  
        alu_inst_muldiv_inst_mul_349_24_g8926  
        alu_inst_muldiv_inst_mul_349_24_g8924  
        alu_inst_muldiv_inst_mul_349_24_g8923  
        alu_inst_muldiv_inst_mul_349_24_g8921  
        alu_inst_muldiv_inst_mul_349_24_g8918  
        alu_inst_muldiv_inst_mul_349_24_g8915  
        alu_inst_muldiv_inst_mul_349_24_g8914  
        alu_inst_muldiv_inst_mul_349_24_g8906  
        alu_inst_muldiv_inst_mul_349_24_g8904  
        alu_inst_muldiv_inst_mul_349_24_g8903  
        alu_inst_muldiv_inst_mul_349_24_g8900  
        alu_inst_muldiv_inst_mul_349_24_g8898  
        alu_inst_muldiv_inst_mul_349_24_g8893  
        alu_inst_muldiv_inst_mul_349_24_g8890  
        alu_inst_muldiv_inst_mul_349_24_g8887  
        alu_inst_muldiv_inst_mul_349_24_g8885  
        alu_inst_muldiv_inst_mul_349_24_g8884  
        alu_inst_muldiv_inst_mul_349_24_g8883  
        alu_inst_muldiv_inst_mul_349_24_g8882  
        alu_inst_muldiv_inst_mul_349_24_g8881  
        alu_inst_muldiv_inst_mul_349_24_g8880  
        alu_inst_muldiv_inst_mul_349_24_g8879  
        alu_inst_muldiv_inst_mul_349_24_g8878  
                     g109231  
                     g109230  
                     g109226  
                     g109224  
                     g109220  
                     g109219  
                     g109218  
                     g109215  
                     g109213  
                     g109209  
                     g109208  
                     g109197  
                     g109196  
                     g109192  
                     g109184  
                     g109183  
                     g109180  
                     g109177  
                     g109176  
                     g109175  
                     g109157  
                     g109154  
                     g109141  
                     g109132  
                     g109129  
                     g109125  
                     g109100  
                     g109099  
                     g114962  
        uart_inst_uart_tx_inst_state_reg[0]  
        uart_inst_uart_rx_inst_state_reg[1]  
        uart_inst_uart_rx_inst_state_reg[0]  
        uart_inst_uart_rx_inst_bit_count_reg[0]  
                state_reg[2]  
                state_reg[1]  
                     g109078  
                     g108981  
                     g108948  
                     g108907  
                     g108806  
                     g108792  
                     g108782  
                     g108781  
                     g108780  
                     g108779  
                     g108778  
                     g108777  
                     g108776  
                     g108775  
                     g108774  
                     g108773  
                     g108772  
                     g108771  
                     g108770  
                     g108769  
                     g108764  
                     g108763  
                     g108762  
                     g108761  
                     g108759  
                     g108758  
                     g108757  
                     g108756  
                     g108754  
                     g108753  
                     g108751  
                     g108750  
                     g108749  
                     g108748  
                     g108745  
                     g108744  
                     g108743  
                     g108742  
                     g108741  
                     g108738  
                     g108736  
                     g108734  
                     g108733  
                     g108732  
                     g108731  
                     g108729  
                     g108725  
                     g108722  
                     g108721  
                     g108717  
                     g108716  
                     g108715  
                     g108713  
                     g108709  
                     g108707  
                     g108705  
                     g108703  
                     g108701  
                     g108700  
                     g108699  
                     g108686  
                     g108685  
                     g108684  
                     g108682  
                     g108681  
                     g108680  
                     g108678  
                     g108677  
                     g108674  
                     g108673  
                     g108671  
                     g108669  
                     g108667  
                     g108666  
                     g108665  
                     g108664  
                     g108662  
                     g108660  
                     g108659  
                     g108658  
                     g108657  
                     g108653  
                     g108651  
                     g108648  
                     g108647  
                     g108645  
                     g108643  
                     g108640  
                     g108639  
                     g108638  
                     g108634  
                     g108629  
                     g108626  
                     g108625  
                     g108623  
                     g108622  
                     g108621  
                     g108618  
                     g108616  
                     g108614  
                     g108611  
                     g108602  
                     g108593  
                     g108592  
                     g108591  
                     g108590  
                     g108589  
                     g108588  
                     g108586  
                     g108585  
                     g108581  
                     g108580  
                     g108577  
                     g108576  
                     g108575  
                     g108574  
                     g108573  
                     g108571  
                     g108570  
                     g108569  
                     g108568  
                     g108546  
                     g108545  
                     g108544  
                     g108543  
                     g108542  
                     g108541  
                     g108537  
                     g108534  
                     g108530  
                     g108528  
                     g108524  
                     g108519  
                     g108499  
                     g108496  
                     g108493  
                     g108490  
                     g108489  
                     g108488  
                     g108487  
                     g108486  
                     g108485  
                     g108484  
                     g108452  
                     g108451  
                     g108450  
                     g108449  
                     g108448  
                     g108445  
                     g108444  
                     g108443  
                     g108441  
                     g108440  
                     g108439  
                     g108438  
                     g108437  
                     g108436  
                     g108435  
                     g108434  
                     g108432  
                     g108430  
                     g108429  
                     g108428  
                     g108427  
                     g108425  
                     g108413  
                     g108412  
                     g108411  
                     g108408  
                     g108400  
                     g108398  
                     g108397  
                     g108395  
                     g108394  
                     g108393  
                     g108391  
                     g108388  
                     g108386  
                     g108378  
                     g108365  
                     g108364  
                     g108363  
                     g108362  
                     g108361  
                     g108349  
                     g108348  
                     g108347  
                     g108346  
                     g108345  
                     g108344  
                     g108343  
                     g108341  
                     g108340  
                     g108339  
                     g108328  
                     g108327  
                     g108323  
                     g108321  
                     g108320  
                     g108315  
                     g108314  
                     g108312  
                     g108311  
                     g108304  
                     g108302  
                     g108301  
                     g108299  
                     g108296  
                     g108295  
                     g108292  
                     g108290  
                     g108289  
                     g108288  
                     g108286  
                     g108282  
                     g108280  
                     g108279  
                     g108278  
                     g108277  
                     g108266  
                     g108265  
                     g108264  
                     g108257  
                     g108256  
                     g108254  
                     g108253  
                     g108244  
                     g108242  
                     g108239  
                     g108238  
                     g108231  
                     g108230  
                     g108229  
                     g108228  
                     g108218  
                     g108217  
                     g108215  
                     g108214  
                     g108213  
                     g108212  
                     g108211  
                     g108210  
                     g108208  
                     g108205  
                     g108203  
                     g108202  
                     g108201  
                     g108200  
                     g108199  
                     g108198  
                     g108197  
                     g108196  
                     g108191  
                     g108190  
                     g108189  
                     g108188  
                     g108186  
                     g108185  
                     g108183  
                     g108182  
                     g108177  
                     g108173  
                     g108171  
                     g108170  
                     g108169  
                     g108168  
                     g108166  
                     g108165  
                     g108164  
                     g108163  
                     g108162  
                     g108161  
                     g108160  
                     g108156  
                     g108132  
                     g108131  
                     g108130  
                     g108129  
                     g108128  
                     g108126  
                     g108125  
                     g108124  
                     g108120  
                     g108119  
                     g108116  
                     g108109  
                     g108103  
                     g108102  
                     g108101  
                     g108089  
                     g108088  
                     g108086  
                     g108085  
                     g108084  
                     g108081  
                     g108077  
                     g108075  
                     g108073  
                     g108072  
                     g108069  
                     g108068  
                     g108067  
                     g108066  
                     g108063  
                     g108062  
                     g108061  
                     g108058  
                     g108057  
                     g108056  
                     g108053  
                     g108052  
                     g108051  
                     g108047  
                     g108046  
                     g108037  
                     g108033  
                     g108032  
                     g108031  
                     g108030  
                     g108029  
                     g108027  
                     g108025  
                     g108022  
                     g108021  
                     g108017  
                     g108016  
                     g108013  
                     g108011  
                     g108010  
                     g108009  
                     g108008  
                     g108003  
                     g108001  
                     g107997  
                     g107996  
                     g107991  
                     g107990  
                     g107987  
                     g107982  
                     g107981  
                     g107928  
                     g107927  
                     g107926  
                     g107913  
                     g107907  
                     g107906  
                     g107901  
                     g107900  
                     g107897  
                     g107888  
                     g107886  
                     g107878  
                     g107875  
                     g107870  
                     g107869  
                     g107852  
                     g107849  
                     g107835  
                     g107824  
                     g107808  
                     g107769  
                     g107762  
                     g107761  
                     g107758  
                     g107756  
                     g107755  
                     g107735  
                     g107734  
                     g107732  
                     g107728  
                     g107719  
                     g107684  
                     g107668  
                     g107667  
                     g107666  
                     g107665  
                     g107664  
                     g107663  
                     g107661  
                     g107660  
                     g107658  
                     g107656  
                     g107655  
                     g107653  
                     g107652  
                     g107650  
                     g107648  
                     g107647  
                     g107640  
                     g107639  
                     g107637  
                     g107636  
                     g107635  
                     g107633  
                     g107632  
                     g107625  
                     g107624  
                     g107622  
                     g107621  
                     g107619  
                     g107616  
                     g107598  
                     g107596  
                     g107594  
                     g107592  
                     g107588  
                     g107586  
                     g107581  
                     g107580  
                     g107577  
                     g107569  
                     g107567  
                     g107565  
                     g107562  
                     g107561  
                     g107560  
                     g107557  
                     g107553  
                     g107551  
                     g107550  
                     g107527  
                     g107525  
                     g107520  
                     g107509  
                     g107507  
                     g107505  
                     g107504  
                     g107486  
                     g107485  
                     g107482  
                     g107481  
                     g107474  
                     g107473  
                     g107459  
                     g107458  
                     g107456  
                     g107455  
                     g107451  
                     g107449  
                     g107447  
                     g107439  
                     g107424  
                     g107423  
                     g107413  
                     g107398  
                     g107390  
                     g107359  
                     g107338  
                     g107320  
                     g107313  
                     g107312  
                     g107309  
                     g107308  
                     g107307  
                     g107282  
                     g107275  
                     g107274  
                     g107273  
                     g107261  
                     g107252  
                     g107247  
                     g107245  
                     g107244  
                     g107241  
                     g107218  
                     g107214  
                     g107213  
                     g107211  
                     g107210  
                     g107198  
                     g107190  
                     g107181  
                     g107178  
                     g107177  
                     g107174  
                     g107171  
                     g107170  
                     g107164  
                     g107163  
                     g107155  
                     g107154  
                     g107152  
                     g107130  
                     g107129  
                     g107127  
                     g107126  
                     g107125  
                     g107123  
                     g107117  
                     g107111  
                     g107107  
                     g107106  
                     g107105  
                     g107103  
                     g107101  
                     g107098  
                     g107097  
                     g107093  
                     g107092  
                     g107091  
                     g107090  
                     g107084  
                     g107081  
                     g107080  
                     g107078  
                     g107075  
                     g107056  
                     g107055  
                     g107054  
                     g107053  
                     g107052  
                     g107051  
                     g107044  
                     g107042  
                     g107029  
                     g107027  
                     g107025  
                     g107018  
                     g107017  
                     g107009  
                     g107007  
                     g106994  
                     g106987  
                     g106970  
                     g106963  
                     g106954  
                     g106944  
                     g106941  
                     g106938  
                     g106861  
                     g106813  
                     g106783  
                     g106776  
                     g106743  
                     g106738  
                     g106737  
                     g106725  
                     g106715  
                     g106704  
                     g106703  
                     g106701  
                     g106665  
                     g106664  
                     g106644  
                     g106642  
                     g106635  
                     g106629  
                     g106628  
                     g106625  
                     g106624  
                     g106623  
                     g106617  
                     g106598  
                     g106597  
                     g106589  
                     g106585  
                     g106578  
                     g106572  
                     g106504  
                     g106497  
                     g106487  
                     g106479  
                     g106462  
                     g106425  
                     g106414  
                     g106398  
                     g106397  
                     g106372  
                     g106360  
                     g106357  
                     g106323  
                     g106314  
                     g106313  
                     g106308  
                     g106282  
                     g106188  
                     g106129  
                     g106122  
                     g106094  
                     g106064  
                     g106057  
                     g106043  
                     g106024  
                     g106020  
                     g106011  
                     g106003  
                     g105998  
                     g105996  
                     g105995  
                     g105994  
                     g105987  
                     g105985  
                     g105984  
                     g105977  
                     g105974  
                     g105973  
                     g105972  
                     g105968  
                     g105967  
                     g105966  
                     g105962  
                     g105961  
                     g105959  
                     g105956  
                     g105953  
                     g105952  
                     g105951  
                     g105950  
                     g105938  
                     g105932  
                     g105929  
                     g105922  
                     g105916  
                     g105904  
                     g105902  
                     g105885  
                     g105881  
                     g105880  
                     g105879  
                     g105867  
                     g105861  
                     g105859  
                     g105857  
                     g105842  
                     g105814  
         uart_tx_data_reg[7]  
         uart_tx_data_reg[6]  
         uart_tx_data_reg[5]  
         uart_tx_data_reg[4]  
         uart_tx_data_reg[3]  
         uart_tx_data_reg[2]  
         uart_tx_data_reg[1]  
         uart_tx_data_reg[0]  
        uart_inst_uart_tx_inst_tx_done_reg  
        uart_inst_uart_tx_inst_tick_count_reg[3]  
        uart_inst_uart_tx_inst_tick_count_reg[2]  
        uart_inst_uart_tx_inst_tick_count_reg[1]  
        uart_inst_uart_tx_inst_tick_count_reg[0]  
        uart_inst_uart_tx_inst_state_reg[1]  
        uart_inst_uart_tx_inst_shift_reg_reg[7]  
        uart_inst_uart_tx_inst_shift_reg_reg[6]  
        uart_inst_uart_tx_inst_shift_reg_reg[5]  
        uart_inst_uart_tx_inst_shift_reg_reg[4]  
        uart_inst_uart_tx_inst_shift_reg_reg[3]  
        uart_inst_uart_tx_inst_shift_reg_reg[2]  
        uart_inst_uart_tx_inst_shift_reg_reg[1]  
        uart_inst_uart_tx_inst_shift_reg_reg[0]  
        uart_inst_uart_tx_inst_bit_count_reg[2]  
        uart_inst_uart_tx_inst_bit_count_reg[1]  
        uart_inst_uart_rx_inst_tick_count_reg[3]  
        uart_inst_uart_rx_inst_tick_count_reg[2]  
        uart_inst_uart_rx_inst_tick_count_reg[1]  
        uart_inst_uart_rx_inst_tick_count_reg[0]  
        uart_inst_uart_rx_inst_shift_reg_reg[7]  
        uart_inst_uart_rx_inst_shift_reg_reg[6]  
        uart_inst_uart_rx_inst_shift_reg_reg[5]  
        uart_inst_uart_rx_inst_shift_reg_reg[4]  
        uart_inst_uart_rx_inst_shift_reg_reg[3]  
        uart_inst_uart_rx_inst_shift_reg_reg[2]  
        uart_inst_uart_rx_inst_shift_reg_reg[1]  
        uart_inst_uart_rx_inst_shift_reg_reg[0]  
        uart_inst_uart_rx_inst_rx_valid_reg  
        uart_inst_uart_rx_inst_data_rx_reg[7]  
        uart_inst_uart_rx_inst_data_rx_reg[6]  
        uart_inst_uart_rx_inst_data_rx_reg[5]  
        uart_inst_uart_rx_inst_data_rx_reg[4]  
        uart_inst_uart_rx_inst_data_rx_reg[3]  
        uart_inst_uart_rx_inst_data_rx_reg[2]  
        uart_inst_uart_rx_inst_data_rx_reg[1]  
        uart_inst_uart_rx_inst_data_rx_reg[0]  
        uart_inst_uart_rx_inst_bit_count_reg[2]  
        uart_inst_uart_rx_inst_bit_count_reg[1]  
        uart_inst_baud_gen_inst_tick_reg  
        uart_inst_baud_gen_inst_count_reg[4]  
        uart_inst_baud_gen_inst_count_reg[3]  
        uart_inst_baud_gen_inst_count_reg[2]  
        uart_inst_baud_gen_inst_count_reg[1]  
        uart_inst_baud_gen_inst_count_reg[0]  
             status_r_reg[1]  
             status_r_reg[0]  
                state_reg[0]  
            result_r_reg[15]  
            result_r_reg[14]  
            result_r_reg[13]  
            result_r_reg[12]  
            result_r_reg[11]  
            result_r_reg[10]  
             result_r_reg[9]  
             result_r_reg[8]  
             result_r_reg[7]  
             result_r_reg[6]  
             result_r_reg[5]  
             result_r_reg[4]  
             result_r_reg[3]  
             result_r_reg[2]  
             result_r_reg[1]  
             result_r_reg[0]  
             opcode_r_reg[2]  
             opcode_r_reg[1]  
             opcode_r_reg[0]  
               in2_r_reg[15]  
               in2_r_reg[14]  
               in2_r_reg[13]  
               in2_r_reg[12]  
               in2_r_reg[11]  
               in2_r_reg[10]  
                in2_r_reg[9]  
                in2_r_reg[8]  
                in2_r_reg[7]  
                in2_r_reg[6]  
                in2_r_reg[5]  
                in2_r_reg[4]  
                in2_r_reg[3]  
                in2_r_reg[2]  
                in2_r_reg[1]  
                in2_r_reg[0]  
               in1_r_reg[15]  
               in1_r_reg[14]  
               in1_r_reg[13]  
               in1_r_reg[12]  
               in1_r_reg[11]  
               in1_r_reg[10]  
                in1_r_reg[9]  
                in1_r_reg[8]  
                in1_r_reg[7]  
                in1_r_reg[6]  
                in1_r_reg[5]  
                in1_r_reg[4]  
                in1_r_reg[3]  
                in1_r_reg[2]  
                in1_r_reg[1]  
                in1_r_reg[0]  
             byte_cnt_reg[0]  
                     g114959  
                     g114955  
                     g114950  
                     g114949  
                     g114948  
                     g114946  
                     g114944  
                     g114943  
                     g114942  
                     g114941  
                     g114938  
                     g114937  
                     g114936  
                     g114935  
                     g114934  
                     g114933  
                     g114932  
                     g114931  
                     g114930  
                     g114929  
                     g114927  
                     g114925  
                     g114923  
                     g114922  
                     g114921  
                     g114920  
                     g114919  
                     g114916  
                     g114915  
                     g114912  
                     g114910  
                     g114909  
                     g114907  
                     g114905  
                     g114904  
                     g114903  
                     g114901  
                     g114900  
                     g114899  
                     g114898  
                     g114897  
                     g114896  
                     g114892  
                     g114890  
                     g114889  
                     g114888  
                     g114887  
                     g114886  
                     g114884  
                     g114883  
                     g114881  
                     g114880  
                     g114877  
                     g114876  
                     g114751  
                     g114750  
                     g114739  
                     g114733  
                     g114732  
                     g114729  
                     g114726  
                     g114716  
                     g114712  
                     g114707  
                     g114706  
                     g114702  
                     g114696  
                     g114692  
                     g114691  
                     g114686  
                     g114685  
                     g114684  
                     g114681  
                     g114680  
                     g114677  
                     g114676  
                     g114675  
                     g114674  
                     g114672  
                     g114664  
                     g114663  
                     g114655  
                     g114654  
                     g114653  
                     g114652  
                     g114651  
                     g114649  
                     g114648  
                     g114646  
                     g114643  
                     g114630  
                     g114629  
                     g114627  
                     g114623  
                     g114621  
                     g114616  
                     g114612  
                     g114611  
                     g114609  
                     g114602  
                     g114597  
                     g114596  
                     g114594  
                     g114593  
                     g114591  
                     g114590  
                     g114589  
                     g114584  
                     g114583  
                     g114580  
                     g114577  
                     g114566  
                     g114561  
                     g114555  
                     g114548  
                     g114546  
                     g114543  
                     g114540  
                     g114538  
                     g114531  
                     g114529  
                     g114519  
                     g114512  
                     g114508  
                     g114507  
                     g114503  
                     g114492  
                     g114474  
                     g114460  
                     g114447  
                     g114445  
                     g114444  
                     g114442  
                     g114438  
                     g114437  
                     g114436  
                     g114434  
                     g114432  
                     g114427  
                     g114423  
                     g114420  
                     g114416  
                     g114412  
                     g114398  
                     g114391  
                     g114389  
                     g114386  
                     g114385  
                     g114384  
                     g114382  
                     g114375  
                     g114373  
                     g114367  
                     g114362  
                     g114348  
                     g114344  
                     g114333  
                     g114331  
                     g114327  
                     g114313  
                     g114295  
                     g114294  
                     g114293  
                     g114292  
                     g114291  
                     g114287  
                     g114286  
                     g114285  
                     g114270  
                     g114266  
                     g114265  
                     g114264  
                     g114252  
                     g114233  
                     g114224  
                     g114220  
                     g114197  
                     g114196  
                     g114195  
                     g114176  
                     g114175  
                     g114174  
                     g114173  
                     g114169  
                     g114166  
                     g114164  
                     g114162  
                     g114161  
                     g114158  
                     g114151  
                     g114149  
                     g114146  
                     g114145  
                     g114144  
                     g114143  
                     g114142  
                     g114138  
                     g114133  
                     g114131  
                     g114128  
                     g114119  
                     g114117  
                     g114112  
                     g114106  
                     g114101  
                     g114099  
                     g114097  
                     g114057  
                     g114050  
                     g114037  
                     g114036  
                     g114032  
                     g114028  
                     g114027  
                     g113883  
                     g113872  
                     g113727  
                     g113689  
                     g113688  
                     g113686  
                     g113685  
                     g113682  
                     g113681  
                     g113422  
                     g113421  
                     g113419  
                     g113418  
                     g113417  
                     g113416  
                     g113415  
                     g113414  
                     g113409  
                     g113406  
                     g113405  
                     g113404  
                     g113403  
                     g113402  
                     g113401  
                     g113400  
                     g113144  
                     g113143  
                     g113138  
                     g113129  
                     g113126  
                     g113124  
                     g113123  
                     g113122  
                     g113121  
                     g112851  
                     g112843  
                     g112841  
                     g112838  
                     g112837  
                     g112836  
                     g112835  
                     g112834  
                     g112833  
                     g112830  
                     g112829  
                     g112827  
                     g112825  
                     g112824  
                     g112823  
                     g112822  
                     g112821  
                     g112820  
                     g112818  
                     g112817  
                     g112816  
                     g112815  
                     g112813  
                     g112812  
                     g112811  
                     g112808  
                     g112807  
                     g112806  
                     g112803  
                     g112726  
                     g112719  
                     g112718  
                     g112717  
                     g112714  
                     g112712  
                     g112710  
                     g112704  
                     g112702  
                     g112700  
                     g112698  
                     g112684  
                     g112683  
                     g112681  
                     g112680  
                     g112678  
                     g112677  
                     g112676  
                     g112675  
                     g112674  
                     g112673  
                     g112672  
                     g112671  
                     g112670  
                     g112669  
                     g112668  
                     g112667  
                     g112666  
                     g112663  
                     g112553  
                     g112335  
                     g112326  
                     g112118  
                     g112103  
                     g112079  
                     g112073  
                     g112072  
                     g112071  
                     g112070  
                     g112069  
                     g112067  
                     g112066  
                     g112065  
                     g112064  
                     g112063  
                     g112062  
                     g112061  
                     g112060  
                     g112059  
                     g112058  
                     g112057  
                     g112056  
                     g112055  
                     g112054  
                     g112053  
                     g112051  
                     g112050  
                     g112049  
                     g112045  
                     g112044  
                     g112043  
                     g112042  
                     g112041  
                     g112039  
                     g112038  
                     g112037  
                     g112036  
                     g112035  
                     g112034  
                     g112032  
                     g112031  
                     g112030  
                     g112029  
                     g112028  
                     g112027  
                     g112026  
                     g112025  
                     g112024  
                     g112023  
                     g112021  
                     g112020  
                     g112019  
                     g112018  
                     g112017  
                     g112016  
                     g112015  
                     g112013  
                     g112012  
                     g112008  
                     g112006  
                     g112005  
                     g112004  
                     g112003  
                     g112002  
                     g112001  
                     g111998  
                     g111996  
                     g111994  
                     g111992  
                     g111991  
                     g111990  
                     g111989  
                     g111988  
                     g111987  
                     g111986  
                     g111985  
                     g111984  
                     g111983  
                     g111982  
                     g111981  
                     g111980  
                     g111979  
                     g111978  
                     g111977  
                     g111976  
                     g111975  
                     g111974  
                     g111973  
                     g111972  
                     g111971  
                     g111970  
                     g111969  
                     g111968  
                     g111966  
                     g111965  
                     g111964  
                     g111962  
                     g111961  
                     g111960  
                     g111959  
                     g111944  
                     g111943  
                     g111935  
                     g111932  
                     g111931  
                     g111930  
                     g111922  
                     g111921  
                     g111917  
                     g111903  
                     g111901  
                     g111900  
                     g111899  
                     g111898  
                     g111897  
                     g111896  
                     g111895  
                     g111894  
                     g111893  
                     g111892  
                     g111891  
                     g111890  
                     g111889  
                     g111888  
                     g111886  
                     g111885  
                     g111884  
                     g111883  
                     g111881  
                     g111880  
                     g111878  
                     g111875  
                     g111874  
                     g111873  
                     g111872  
                     g111871  
                     g111870  
                     g111869  
                     g111868  
                     g111866  
                     g111862  
                     g111861  
                     g111860  
                     g111859  
                     g111858  
                     g111857  
                     g111856  
                     g111853  
                     g111852  
                     g111851  
                     g111850  
                     g111847  
                     g111846  
                     g111845  
                     g111844  
                     g111843  
                     g111842  
                     g111841  
                     g111840  
                     g111839  
                     g111838  
                     g111837  
                     g111836  
                     g111835  
                     g111834  
                     g111828  
                     g111826  
                     g111825  
                     g111824  
                     g111821  
                     g111820  
                     g111819  
                     g111817  
                     g111816  
                     g111815  
                     g111814  
                     g111813  
                     g111810  
                     g111809  
                     g111808  
                     g111806  
                     g111805  
                     g111804  
                     g111803  
                     g111630  
                     g111588  
                     g111578  
                     g111575  
                     g111566  
                     g111545  
                     g111541  
                     g111538  
                     g111537  
                     g111536  
                     g111534  
                     g111533  
                     g111532  
                     g111531  
                     g111530  
                     g111529  
                     g111528  
                     g111527  
                     g111524  
                     g111523  
                     g111522  
                     g111520  
                     g111517  
                     g111516  
                     g111513  
                     g111512  
                     g111511  
                     g111510  
                     g111509  
                     g111508  
                     g111506  
                     g111505  
                     g111504  
                     g111503  
                     g111500  
                     g111499  
                     g111498  
                     g111497  
                     g111496  
                     g111494  
                     g111492  
                     g111491  
                     g111490  
                     g111489  
                     g111488  
                     g111487  
                     g111486  
                     g111485  
                     g111484  
                     g111482  
                     g111481  
                     g111480  
                     g111479  
                     g111477  
                     g111476  
                     g111475  
                     g111473  
                     g111472  
                     g111470  
                     g111469  
                     g111468  
                     g111467  
                     g111464  
                     g111462  
                     g111460  
                     g111459  
                     g111458  
                     g111456  
                     g111454  
                     g111451  
                     g111450  
                     g111448  
                     g111447  
                     g111446  
                     g111444  
                     g111443  
                     g111441  
                     g111439  
                     g111438  
                     g111435  
                     g111434  
                     g111433  
                     g111432  
                     g111431  
                     g111430  
                     g111429  
                     g111428  
                     g111427  
                     g111426  
                     g111425  
                     g111424  
                     g111422  
                     g111420  
                     g111419  
                     g111417  
                     g111416  
                     g111414  
                     g111412  
                     g111410  
                     g111409  
                     g111408  
                     g111407  
                     g111406  
                     g111404  
                     g111403  
                     g111402  
                     g111401  
                     g111400  
                     g111399  
                     g111398  
                     g111397  
                     g111396  
                     g111395  
                     g111392  
                     g111390  
                     g111389  
                     g111388  
                     g111387  
                     g111386  
                     g111385  
                     g111384  
                     g111383  
                     g111382  
                     g111381  
                     g111380  
                     g111379  
                     g111367  
                     g111351  
                     g111349  
                     g111345  
                     g111344  
                     g111342  
                     g111340  
                     g111339  
                     g111338  
                     g111337  
                     g111336  
                     g111335  
                     g111334  
                     g111332  
                     g111330  
                     g111328  
                     g111325  
                     g111323  
                     g111321  
                     g111319  
                     g111318  
                     g111317  
                     g111316  
                     g111314  
                     g111313  
                     g111308  
                     g111307  
                     g111306  
                     g111305  
                     g111304  
                     g111303  
                     g111301  
                     g111300  
                     g111299  
                     g111298  
                     g111297  
                     g111296  
                     g111295  
                     g111292  
                     g111291  
                     g111290  
                     g111289  
                     g111288  
                     g111287  
                     g111286  
                     g111285  
                     g111284  
                     g111283  
                     g111282  
                     g111281  
                     g111280  
                     g111279  
                     g111278  
                     g111276  
                     g111275  
                     g111274  
                     g111273  
                     g111272  
                     g111271  
                     g111270  
                     g111269  
                     g111268  
                     g111267  
                     g111264  
                     g111263  
                     g111261  
                     g111260  
                     g111259  
                     g111258  
                     g111256  
                     g111255  
                     g111254  
                     g111253  
                     g111252  
                     g111251  
                     g111250  
                     g111249  
                     g111247  
                     g111246  
                     g111245  
                     g111244  
                     g111243  
                     g111241  
                     g111238  
                     g111237  
                     g111232  
                     g111231  
                     g111230  
                     g111229  
                     g111228  
                     g111226  
                     g111221  
                     g111220  
                     g111219  
                     g111217  
                     g111216  
                     g111215  
                     g111211  
                     g111208  
                     g111207  
                     g111206  
                     g111205  
                     g111204  
                     g111203  
                     g111202  
                     g111201  
                     g111200  
                     g111199  
                     g111197  
                     g111196  
                     g111195  
                     g111193  
                     g111192  
                     g111191  
                     g111190  
                     g111189  
                     g111188  
                     g111187  
                     g111186  
                     g111185  
                     g111181  
                     g111179  
                     g111178  
                     g111177  
                     g111176  
                     g111175  
                     g111174  
                     g111173  
                     g111172  
                     g111170  
                     g111169  
                     g111168  
                     g111167  
                     g111166  
                     g111165  
                     g111164  
                     g111163  
                     g111162  
                     g111161  
                     g111160  
                     g111158  
                     g111157  
                     g111128  
                     g111104  
                     g111087  
                     g111063  
                     g111057  
                     g111050  
                     g111042  
                     g111026  
                     g111023  
                     g111020  
                     g111017  
                     g111016  
                     g111014  
                     g111013  
                     g111012  
                     g111011  
                     g111010  
                     g111009  
                     g111008  
                     g111006  
                     g111005  
                     g111003  
                     g111002  
                     g111001  
                     g111000  
                     g110999  
                     g110998  
                     g110997  
                     g110996  
                     g110995  
                     g110994  
                     g110992  
                     g110991  
                     g110990  
                     g110989  
                     g110988  
                     g110987  
                     g110986  
                     g110981  
                     g110978  
                     g110976  
                     g110974  
                     g110970  
                     g110969  
                     g110968  
                     g110967  
                     g110966  
                     g110965  
                     g110963  
                     g110961  
                     g110960  
                     g110958  
                     g110957  
                     g110956  
                     g110955  
                     g110954  
                     g110953  
                     g110952  
                     g110951  
                     g110949  
                     g110948  
                     g110947  
                     g110946  
                     g110945  
                     g110944  
                     g110943  
                     g110942  
                     g110941  
                     g110940  
                     g110938  
                     g110937  
                     g110936  
                     g110935  
                     g110934  
                     g110933  
                     g110932  
                     g110931  
                     g110928  
                     g110927  
                     g110925  
                     g110923  
                     g110922  
                     g110921  
                     g110920  
                     g110919  
                     g110917  
                     g110916  
                     g110915  
                     g110912  
                     g110911  
                     g110909  
                     g110908  
                     g110907  
                     g110905  
                     g110904  
                     g110903  
                     g110900  
                     g110899  
                     g110898  
                     g110896  
                     g110895  
                     g110894  
                     g110892  
                     g110891  
                     g110890  
                     g110889  
                     g110888  
                     g110887  
                     g110885  
                     g110884  
                     g110883  
                     g110882  
                     g110881  
                     g110878  
                     g110877  
                     g110876  
                     g110874  
                     g110873  
                     g110872  
                     g110870  
                     g110868  
                     g110866  
                     g110864  
                     g110863  
                     g110862  
                     g110861  
                     g110860  
                     g110859  
                     g110858  
                     g110857  
                     g110856  
                     g110853  
                     g110852  
                     g110851  
                     g110850  
                     g110849  
                     g110848  
                     g110847  
                     g110846  
                     g110840  
                     g110839  
                     g110838  
                     g110835  
                     g110834  
                     g110832  
                     g110831  
                     g110830  
                     g110829  
                     g110828  
                     g110827  
                     g110826  
                     g110825  
                     g110824  
                     g110823  
                     g110822  
                     g110821  
                     g110820  
                     g110818  
                     g110816  
                     g110815  
                     g110814  
                     g110813  
                     g110812  
                     g110811  
                     g110810  
                     g110809  
                     g110808  
                     g110807  
                     g110805  
                     g110802  
                     g110801  
                     g110800  
                     g110798  
                     g110797  
                     g110796  
                     g110795  
                     g110794  
                     g110793  
                     g110792  
                     g110791  
                     g110790  
                     g110788  
                     g110787  
                     g110783  
                     g110782  
                     g110781  
                     g110780  
                     g110779  
                     g110777  
                     g110776  
                     g110775  
                     g110774  
                     g110773  
                     g110771  
                     g110770  
                     g110768  
                     g110767  
                     g110766  
                     g110765  
                     g110763  
                     g110762  
                     g110761  
                     g110758  
                     g110757  
                     g110756  
                     g110755  
                     g110754  
                     g110753  
                     g110752  
                     g110751  
                     g110750  
               g110749__6161  
               g110748__4733  
               g110747__7482  
               g110746__5115  
               g110745__1881  
               g110744__6131  
               g110742__7098  
               g110741__8246  
               g110740__5122  
               g110739__1705  
               g110738__2802  
               g110735__6783  
               g110733__8428  
               g110731__6260  
               g110730__5107  
               g110728__5477  
               g110727__6417  
               g110726__7410  
               g110725__1666  
               g110724__2346  
               g110723__2883  
               g110721__9315  
               g110720__6161  
               g110719__4733  
               g110717__7482  
               g110716__5115  
               g110715__1881  
               g110713__7098  
               g110712__8246  
               g110711__5122  
               g110709__2802  
               g110708__1617  
               g110707__3680  
               g110706__6783  
               g110705__5526  
               g110703__4319  
               g110702__6260  
               g110701__5107  
               g110700__2398  
               g110699__5477  
               g110698__6417  
               g110697__7410  
               g110696__1666  
               g110695__2346  
               g110692__9315  
               g110691__6161  
               g110690__4733  
               g110689__7482  
               g110687__5115  
               g110686__1881  
               g110685__6131  
               g110684__7098  
               g110682__5122  
               g110681__1705  
               g110680__2802  
               g110678__3680  
               g110677__6783  
               g110676__5526  
               g110675__8428  
               g110674__4319  
               g110672__5107  
               g110671__2398  
               g110670__5477  
               g110669__6417  
               g110668__7410  
                     g110660  
               g110658__1666  
               g110657__2346  
               g110656__2883  
               g110653__9315  
               g110652__6161  
               g110651__4733  
               g110650__7482  
               g110649__5115  
               g110648__1881  
               g110647__6131  
               g110646__7098  
               g110645__8246  
               g110644__5122  
               g110643__1705  
               g110642__2802  
               g110641__1617  
               g110640__3680  
               g110638__5526  
               g110636__4319  
               g110635__6260  
               g110634__5107  
               g110632__5477  
               g110630__7410  
               g110629__1666  
               g110628__2346  
               g110627__2883  
               g110625__9315  
               g110622__7482  
               g110621__5115  
               g110620__1881  
               g110618__7098  
               g110617__8246  
               g110616__5122  
               g110615__1705  
               g110614__2802  
               g110612__3680  
               g110611__6783  
               g110610__5526  
               g110609__8428  
               g110608__4319  
               g110607__6260  
               g110606__5107  
               g110605__2398  
               g110603__6417  
               g110602__7410  
               g110601__1666  
               g110600__2346  
               g110599__2883  
               g110598__9945  
               g110597__9315  
               g110596__6161  
               g110595__4733  
               g110594__7482  
               g110592__1881  
               g110590__7098  
               g110589__8246  
               g110587__1705  
               g110585__1617  
               g110584__3680  
               g110583__6783  
               g110582__5526  
               g110581__8428  
               g110580__4319  
               g110579__6260  
               g110578__5107  
               g110577__2398  
               g110576__5477  
               g110574__7410  
               g110571__2883  
               g110570__9945  
               g110568__6161  
               g110566__7482  
               g110563__6131  
               g110562__7098  
               g110561__8246  
               g110560__5122  
               g110559__1705  
               g110558__2802  
               g110556__3680  
               g110555__6783  
               g110554__5526  
               g110553__8428  
               g110551__6260  
               g110550__5107  
               g110549__2398  
               g110548__5477  
               g110547__6417  
               g110546__7410  
               g110545__1666  
               g110544__2346  
               g110543__2883  
               g110541__9315  
               g110538__7482  
               g110536__1881  
               g110535__6131  
               g110533__8246  
               g110532__5122  
               g110530__2802  
               g110528__3680  
               g110527__6783  
               g110526__5526  
               g110525__8428  
               g110524__4319  
               g110522__5107  
               g110521__2398  
               g110520__5477  
               g110518__7410  
               g110516__2346  
               g110515__2883  
               g110514__9945  
               g110513__9315  
               g110512__6161  
               g110511__4733  
               g110510__7482  
               g110509__5115  
               g110508__1881  
               g110506__7098  
               g110504__5122  
               g110503__1705  
               g110502__2802  
               g110501__1617  
               g110500__3680  
               g110496__4319  
               g110495__6260  
               g110494__5107  
               g110492__5477  
               g110491__6417  
               g110484__2346  
               g110483__2883  
               g110482__9945  
               g110480__6161  
               g110478__7482  
               g110476__1881  
               g110475__6131  
               g110474__7098  
               g110473__8246  
               g110472__5122  
               g110471__1705  
               g110470__2802  
               g110469__1617  
               g110468__3680  
               g110467__6783  
               g110466__5526  
               g110465__8428  
               g110464__4319  
               g110463__6260  
               g110462__5107  
               g110461__2398  
               g110460__5477  
               g110459__6417  
               g110458__7410  
               g110457__1666  
               g110456__2346  
               g110455__2883  
               g110454__9945  
               g110453__9315  
               g110451__4733  
               g110450__7482  
               g110449__5115  
               g110448__1881  
               g110447__6131  
               g110446__7098  
               g110445__8246  
               g110444__5122  
               g110442__2802  
               g110441__1617  
               g110439__6783  
               g110438__5526  
               g110436__4319  
               g110435__6260  
               g110434__5107  
               g110432__5477  
               g110431__6417  
               g110430__7410  
               g110429__1666  
               g110428__2346  
               g110427__2883  
               g110424__6161  
               g110423__4733  
               g110422__7482  
               g110421__5115  
               g110418__7098  
               g110417__8246  
               g110416__5122  
               g110415__1705  
               g110414__2802  
               g110413__1617  
               g110411__6783  
               g110409__8428  
               g110406__5107  
               g110405__2398  
               g110404__5477  
               g110403__6417  
               g110402__7410  
               g110401__1666  
               g110400__2346  
               g110399__2883  
               g110398__9945  
               g110397__9315  
               g110394__7482  
               g110393__5115  
               g110391__6131  
               g110390__7098  
               g110389__8246  
               g110388__5122  
               g110387__1705  
               g110386__2802  
               g110385__1617  
               g110384__3680  
               g110381__8428  
               g110380__4319  
               g110379__6260  
               g110376__5477  
               g110375__6417  
               g110374__7410  
               g110372__2346  
               g110371__2883  
               g110370__9945  
               g110368__6161  
               g110367__4733  
               g110366__7482  
               g110365__5115  
               g110364__1881  
               g110363__6131  
               g110362__7098  
               g110360__5122  
               g110358__2802  
               g110357__1617  
               g110356__3680  
               g110354__5526  
               g110352__4319  
               g110351__6260  
               g110350__5107  
               g110349__2398  
               g110348__5477  
               g110347__6417  
               g110345__1666  
               g110344__2346  
               g110343__2883  
               g110342__9945  
               g110341__9315  
               g110340__6161  
               g110339__4733  
               g110338__7482  
               g110337__5115  
               g110336__1881  
               g110335__6131  
               g110334__7098  
               g110332__5122  
               g110331__1705  
               g110328__3680  
               g110327__6783  
               g110326__5526  
               g110324__4319  
               g110322__5107  
               g110320__2398  
               g110319__5477  
               g110318__6417  
               g110317__7410  
               g110316__1666  
               g110313__2883  
               g110310__6161  
               g110309__4733  
               g110308__7482  
               g110307__5115  
               g110305__6131  
               g110304__7098  
               g110303__8246  
               g110302__5122  
               g110301__1705  
               g110300__2802  
               g110299__1617  
               g110298__3680  
               g110297__6783  
               g110296__5526  
               g110295__8428  
               g110294__4319  
               g110293__6260  
               g110292__5107  
               g110290__5477  
               g110289__6417  
               g110287__1666  
               g110285__2883  
               g110284__9945  
               g110283__9315  
               g110281__4733  
               g110279__5115  
               g110278__1881  
               g110277__6131  
               g110276__7098  
               g110275__8246  
               g110273__1705  
               g110272__2802  
               g110271__1617  
               g110270__3680  
               g110269__6783  
               g110268__5526  
               g110267__8428  
               g110265__6260  
               g110264__5107  
               g110263__2398  
               g110261__6417  
               g110260__7410  
               g110258__2346  
               g110257__2883  
               g110255__9315  
               g110254__6161  
               g110252__7482  
               g110251__5115  
               g110249__6131  
               g110248__7098  
               g110247__8246  
               g110246__5122  
               g110245__1705  
               g110244__2802  
               g110243__1617  
               g110242__3680  
               g110241__6783  
               g110240__5526  
               g110239__8428  
               g110238__4319  
               g110236__5107  
               g110235__2398  
               g110234__5477  
               g110232__7410  
               g110231__1666  
               g110225__4733  
               g110224__7482  
               g110222__1881  
               g110221__6131  
               g110219__8246  
               g110218__5122  
               g110217__1705  
               g110216__2802  
               g110215__1617  
               g110214__3680  
               g110213__6783  
               g110211__8428  
               g110210__4319  
               g110208__5107  
               g110207__2398  
               g110206__5477  
               g110205__6417  
               g110202__2346  
               g110201__2883  
               g110200__9945  
               g110199__9315  
               g110198__6161  
               g110196__7482  
               g110195__5115  
               g110193__6131  
               g110191__8246  
               g110190__5122  
               g110189__1705  
               g110188__2802  
               g110187__1617  
               g110183__8428  
               g110182__4319  
               g110181__6260  
               g110180__5107  
               g110178__5477  
               g110177__6417  
               g110176__7410  
               g110175__1666  
               g110174__2346  
               g110173__2883  
               g110170__6161  
               g110169__4733  
               g110168__7482  
               g110165__6131  
               g110164__7098  
               g110163__8246  
               g110162__5122  
               g110161__1705  
               g110160__2802  
               g110159__1617  
               g110158__3680  
               g110156__5526  
               g110154__4319  
               g110153__6260  
               g110152__5107  
               g110151__2398  
               g110150__5477  
               g110148__7410  
               g110144__9945  
               g110142__6161  
               g110141__4733  
               g110140__7482  
               g110139__5115  
               g110138__1881  
               g110137__6131  
               g110136__7098  
               g110135__8246  
               g110132__2802  
               g110131__1617  
               g110130__3680  
               g110129__6783  
               g110127__8428  
               g110125__6260  
               g110122__5477  
               g110119__1666  
               g110118__2346  
               g110117__2883  
               g110116__9945  
               g110115__9315  
               g110114__6161  
               g110113__4733  
               g110112__7482  
               g110110__1881  
               g110109__6131  
               g110108__7098  
               g110106__5122  
               g110105__1705  
               g110103__1617  
               g110102__3680  
               g110101__6783  
               g110100__5526  
               g110099__8428  
               g110097__4319  
               g110096__6260  
               g110095__5107  
               g110093__2398  
               g110090__7410  
               g110089__1666  
               g110088__2346  
               g110087__2883  
               g110086__9945  
               g110085__9315  
               g110079__1881  
               g110078__6131  
               g110077__7098  
               g110075__5122  
               g110073__2802  
               g110072__1617  
               g110070__6783  
               g110068__8428  
               g110067__4319  
               g110066__6260  
               g110065__5107  
               g110063__5477  
               g110062__6417  
               g110060__1666  
               g110059__2346  
               g110056__9315  
               g110055__6161  
               g110052__5115  
               g110051__1881  
               g110050__6131  
               g110049__7098  
               g110048__8246  
               g110047__5122  
               g110046__1705  
               g110045__2802  
               g110044__1617  
               g110039__4319  
               g110038__6260  
               g110037__5107  
               g110035__5477  
               g110034__6417  
               g110033__7410  
               g110032__1666  
               g110031__2346  
               g110030__2883  
               g110029__9945  
               g110028__9315  
               g110027__6161  
               g110026__4733  
               g110025__7482  
               g110024__5115  
               g110023__1881  
               g110022__6131  
               g110021__7098  
               g110019__5122  
               g110017__1705  
               g110016__2802  
               g110015__1617  
               g110012__5526  
               g110011__8428  
               g110009__6260  
               g110008__5107  
               g110007__2398  
               g110005__6417  
               g110004__7410  
               g110003__1666  
               g110002__2346  
               g110000__9945  
               g109999__9315  
               g109998__6161  
               g109997__4733  
               g109994__1881  
               g109993__6131  
               g109991__8246  
               g109990__5122  
               g109989__1705  
               g109988__2802  
               g109985__6783  
               g109984__5526  
               g109979__2398  
               g109978__5477  
               g109977__6417  
               g109976__7410  
               g109973__2883  
               g109972__9945  
               g109971__9315  
               g109970__6161  
               g109969__4733  
               g109968__7482  
               g109967__5115  
               g109966__1881  
               g109964__7098  
               g109963__8246  
               g109962__5122  
               g109961__1705  
               g109960__2802  
               g109959__1617  
               g109958__3680  
               g109957__6783  
               g109956__5526  
               g109955__8428  
               g109954__4319  
               g109952__5107  
               g109951__2398  
               g109950__5477  
               g109949__6417  
               g109948__7410  
               g109947__1666  
               g109946__2346  
               g109945__2883  
               g109944__9945  
               g109943__9315  
               g109942__6161  
               g109941__4733  
               g109940__7482  
               g109939__5115  
               g109938__1881  
               g109937__6131  
               g109936__7098  
               g109935__8246  
               g109932__1705  
               g109931__2802  
               g109930__1617  
               g109929__3680  
               g109928__6783  
               g109927__5526  
               g109926__8428  
               g109925__4319  
               g109923__5107  
               g109920__6417  
               g109918__1666  
               g109915__9945  
               g109913__6161  
               g109911__7482  
               g109909__1881  
               g109908__6131  
               g109907__7098  
               g109906__8246  
               g109903__1705  
               g109901__1617  
               g109899__3680  
               g109897__5526  
               g109896__8428  
               g109894__6260  
               g109893__5107  
               g109890__6417  
               g109888__1666  
               g109887__2346  
               g109885__9945  
               g109883__6161  
               g109880__5115  
               g109878__6131  
               g109877__7098  
               g109876__8246  
               g109875__5122  
               g109874__1705  
               g109873__2802  
               g109872__1617  
               g109870__6783  
               g109868__8428  
               g109867__4319  
               g109866__6260  
               g109865__5107  
               g109862__6417  
               g109861__7410  
               g109860__1666  
               g109859__2346  
               g109856__9315  
               g109855__6161  
               g109854__4733  
               g109852__5115  
               g109851__1881  
               g109850__6131  
               g109849__7098  
               g109848__8246  
               g109847__5122  
               g109845__2802  
               g109844__1617  
               g109843__3680  
               g109841__5526  
               g109838__6260  
               g109837__5107  
               g109835__5477  
               g109834__6417  
               g109833__7410  
               g109830__2883  
               g109828__9315  
               g109827__6161  
               g109826__4733  
               g109822__6131  
               g109821__7098  
               g109819__5122  
               g109818__1705  
               g109814__6783  
               g109813__5526  
               g109812__8428  
               g109811__4319  
               g109808__2398  
               g109806__6417  
               g109803__2346  
               g109802__2883  
               g109800__9315  
               g109799__6161  
               g109796__5115  
               g109795__1881  
               g109794__6131  
               g109792__8246  
               g109791__5122  
               g109789__2802  
               g109784__8428  
               g109780__2398  
               g109778__6417  
               g109776__1666  
               g109773__9945  
               g109771__6161  
               g109769__7482  
               g109767__1881  
               g109766__6131  
               g109764__8246  
               g109757__5526  
               g109756__8428  
               g109751__5477  
               g109737__7098  
           uart_tx_start_reg  
        uart_inst_uart_tx_inst_tx_reg  
        uart_inst_uart_rx_inst_rx_ff1_reg  
            FE_DBTC3_n_20302  
            FE_DBTC8_n_20200  
           FE_DBTC12_n_17480  
           FE_DBTC14_n_17054  
           FE_DBTC20_n_21379  
           FE_DBTC21_n_21642  
           FE_DBTC23_n_19042  
           FE_DBTC25_n_15804  
           FE_DBTC26_n_11894  
           FE_DBTC28_n_19478  
           FE_DBTC31_n_17741  
           FE_DBTC44_n_14676  
           FE_DBTC56_n_11425  
           FE_DBTC57_n_13377  
            FE_DBTC60_n_3054  
            FE_DBTC61_n_3047  
            FE_DBTC62_n_2910  
           FE_DBTC81_n_16824  
          FE_DBTC90_in2_r_15  
        FE_DBTC95_opcode_r_0  
        FE_OFC0_FE_DBTN95_opcode_r_0  
            FE_OFC39_n_22077  
        FE_OFC53_alu_inst_n_28866  
             FE_OFC54_n_2565  
            FE_OFC61_n_11713  
            FE_OFC62_n_11713  
            FE_OFC63_n_16054  
            FE_OFC64_n_16054  
            FE_OFC65_n_15480  
            FE_OFC66_n_15480  
        FE_OFC74_alu_inst_n_28871  
        FE_OFC75_alu_inst_n_28871  
            FE_OFC91_in2_r_1  
            FE_OFC92_in2_r_1  
            FE_OFC108_n_2476  
            FE_OFC109_n_2476  
            FE_OFC125_n_2657  
            FE_OFC126_n_2657  
            FE_OFC127_n_2657  
            FE_OFC154_n_3309  
            FE_OFC155_n_3309  
           FE_OFC156_n_11656  
           FE_OFC157_n_11656  
           FE_OFC158_n_19886  
           FE_OFC159_n_19886  
           FE_OFC162_in1_r_7  
           FE_OFC164_in1_r_7  
           FE_OFC165_n_20848  
           FE_OFC182_n_12286  
           FE_OFC188_n_12829  
            FE_OFC189_n_3940  
            FE_OFC194_n_3898  
           FE_OFC195_n_21375  
           FE_OFC196_n_21375  
            FE_OFC204_n_7122  
           FE_OFC207_n_21332  
           FE_OFC208_n_21332  
           FE_OFC216_n_19633  
           FE_OFC217_n_19633  
            FE_OFC220_n_2712  
          FE_OFC226_in1_r_11  
            FE_OFC227_n_2660  
        FE_OFC229_alu_inst_n_87  
        FE_OFC230_alu_inst_n_87  
        FE_OFC231_alu_inst_n_87  
           FE_OFC235_in1_r_4  
           FE_OFC237_in1_r_4  
           FE_OFC243_n_15914  
           FE_OFC246_n_13161  
           FE_OFC247_n_13161  
           FE_OFC255_n_16684  
           FE_OFC256_n_16684  
            FE_OFC264_n_3957  
           FE_OFC268_n_18617  
            FE_OFC271_n_2584  
            FE_OFC282_n_3898  
           FE_OFC298_n_17364  
           FE_OFC299_n_17364  
           FE_OFC310_n_20559  
           FE_OFC311_n_20559  
           FE_OFC317_n_21253  
           FE_OFC323_n_13234  
           FE_OFC324_n_13234  
           FE_OFC329_n_21676  
           FE_OFC330_n_21676  
           FE_OFC336_n_13945  
           FE_OFC337_n_13945  
           FE_OFC338_n_13945  
           FE_OFC339_n_17344  
           FE_OFC342_n_20464  
           FE_OFC343_n_20464  
           FE_OFC344_n_21266  
           FE_OFC347_n_17060  
           FE_OFC348_n_17060  
            FE_OFC351_n_3918  
            FE_OFC352_n_3918  
           FE_OFC354_in2_r_5  
            FE_OFC358_n_2779  
           FE_OFC363_n_21763  
           FE_OFC364_n_21763  
           FE_OFC369_n_13228  
           FE_OFC373_n_14738  
           FE_OFC374_n_14738  
           FE_OFC375_n_14738  
           FE_OFC376_n_14738  
           FE_OFC377_n_14738  
           FE_OFC379_n_17380  
           FE_OFC380_n_17380  
           FE_OFC381_n_17008  
           FE_OFC386_n_18079  
           FE_OFC388_n_18079  
           FE_OFC407_n_19913  
        FE_OFC421_alu_inst_n_28866  
           FE_OFC423_n_16754  
            FE_OFC442_n_2519  
            FE_OFC443_n_2519  
           FE_OFC465_n_19329  
           FE_OFC467_n_19329  
           FE_OFC468_n_19329  
           FE_OFC469_n_19329  
           FE_OFC470_n_18654  
           FE_OFC479_n_19787  
           FE_OFC487_n_19022  
           FE_OFC488_n_19022  
           FE_OFC491_n_14599  
           FE_OFC495_n_21001  
           FE_OFC499_n_21945  
           FE_OFC500_n_21945  
           FE_OFC501_n_18461  
            FE_OFC504_n_7257  
            FE_OFC505_n_7257  
           FE_OFC514_n_19678  
           FE_OFC515_n_19678  
           FE_OFC522_n_12194  
           FE_OFC523_n_12194  
           FE_OFC524_n_12194  
        FE_OFC525_alu_inst_muldiv_inst_mul_349_24_n_618  
           FE_OFC526_n_18020  
            FE_OFC528_n_2552  
            FE_OFC530_n_2552  
          FE_OFC532_in1_r_15  
          FE_OFC533_in1_r_15  
           FE_OFC534_n_21396  
           FE_OFC535_n_13970  
            FE_OFC541_n_6469  
           FE_OFC542_n_20191  
           FE_OFC543_n_20191  
            FE_OFC544_n_2790  
          FE_OFC545_in1_r_11  
            FE_OFC549_n_2755  
           FE_OFC551_n_19932  
           FE_OFC553_in1_r_5  
           FE_OFC554_in1_r_5  
            FE_OFC557_n_5066  
           FE_OFC558_n_21416  
           FE_OFC569_in1_r_8  
           FE_OFC576_in1_r_6  
           FE_OFC577_in1_r_6  
           FE_OFC586_n_11684  
           FE_OFC587_n_11684  
           FE_OFC588_n_11684  
           FE_OFC589_n_11684  
           FE_OFC590_n_11684  
           FE_OFC591_n_15911  
           FE_OFC592_n_15911  
           FE_OFC593_n_15911  
           FE_OFC594_n_15911  
        FE_OFC616_alu_inst_muldiv_inst_mul_349_24_n_117  
            FE_OFC628_n_6893  
            FE_OFC632_n_7874  
           FE_OFC633_n_16042  
           FE_OFC637_n_21449  
           FE_OFC653_n_21973  
           FE_OFC654_n_21973  
           FE_OFC677_n_16762  
           FE_OFC678_n_16762  
           FE_OFC679_n_16762  
           FE_OFC680_n_16762  
           FE_OFC682_n_16762  
           FE_OFC684_n_16762  
           FE_OFC685_n_16762  
           FE_OFC686_n_16762  
           FE_OFC690_n_20380  
            FE_OFC693_n_2720  
            FE_OFC694_n_2720  
           FE_OFC702_n_21415  
             FE_OFC711_n_359  
            FE_OFC724_n_3375  
            FE_OFC725_n_2374  
            FE_OFC726_n_2374  
           FE_OFC727_n_16042  
        FE_OFC732_alu_inst_n_87  
           FE_OFC735_n_13608  
           FE_OFC736_n_13608  
           FE_OFC740_n_12191  
           FE_OFC741_n_12191  
           FE_OFC754_n_19727  
           FE_OFC759_n_19727  
           FE_OFC760_n_19727  
           FE_OFC762_n_13946  
           FE_OFC763_n_13946  
           FE_OFC764_n_13946  
           FE_OFC765_n_13946  
           FE_OFC766_n_13946  
            FE_OFC768_n_2582  
            FE_OFC772_n_8473  
        FE_OFC778_FE_DBTN11_n_21676  
        FE_OFC779_FE_DBTN11_n_21676  
           FE_OFC785_n_20828  
           FE_OFC786_n_20828  
           FE_OFC787_n_20828  
           FE_OFC794_n_16049  
           FE_OFC795_n_16049  
           FE_OFC796_n_16049  
           FE_OFC810_n_14747  
        FE_OFC823_FE_DBTN52_n_20848  
        FE_OFC826_FE_DBTN52_n_20848  
        FE_OFC827_FE_DBTN52_n_20848  
            FE_OFC828_n_5721  
            FE_OFC829_n_5721  
            FE_OFC830_n_5721  
            FE_OFC831_n_5721  
           FE_OFC837_n_17790  
           FE_OFC838_n_17790  
           FE_OFC839_n_18224  
           FE_OFC840_n_18224  
            FE_OFC841_n_3423  
           FE_OFC843_n_15241  
            FE_OFC853_n_2676  
            FE_OFC854_n_2676  
           FE_OFC855_n_16278  
           FE_OFC869_n_17194  
           FE_OFC872_n_21401  
           FE_OFC873_n_21401  
            FE_OFC879_n_3996  
           FE_OFC890_n_13608  
            FE_OFC894_n_2812  
           FE_OFC895_n_20348  
            FE_OFC898_n_3915  
            FE_OFC899_n_3915  
            FE_OFC900_n_3915  
           FE_OFC901_n_22077  
            FE_OFC902_n_7360  
            FE_OFC903_n_7360  
           FE_OFC906_n_18287  
           FE_OFC907_n_18287  
           FE_OFC908_n_18287  
           FE_OFC909_n_18287  
            FE_OFC910_n_2682  
            FE_OFC917_n_8474  
            FE_OFC918_n_8474  
            FE_OFC919_n_8474  
           FE_OFC920_n_20622  
           FE_OFC923_n_20622  
           FE_OFC924_n_20622  
           FE_OFC927_n_15120  
           FE_OFC928_n_15120  
           FE_OFC931_n_15120  
           FE_OFC935_n_21401  
           FE_OFC936_n_21401  
           FE_OFC937_n_21401  
           FE_OFC938_n_21401  
           FE_OFC941_n_21868  
        FE_OFC944_alu_inst_n_28861  
           FE_OFC955_n_12829  
           FE_OFC959_n_21920  
                   FE_RC_0_0  
                   FE_RC_1_0  
          FE_OCPC974_n_18245  
        FE_OCPC975_FE_DBTN48_n_18654  
                   FE_RC_3_0  
                   FE_RC_4_0  
                   FE_RC_5_0  
          FE_OCPC976_n_12948  
                   FE_RC_7_0  
                  FE_RC_10_0  
                  FE_RC_11_0  
                  FE_RC_12_0  
                  FE_RC_15_0  
        FE_OCPC978_FE_DBTN48_n_18654  
                  FE_RC_16_0  
        FE_OCPC979_FE_OFN135_n_19727  
        FE_OCPC980_FE_OFN135_n_19727  
          FE_OCPC981_n_20617  
          FE_OCPC985_n_15914  
          FE_OCPC986_n_13376  
          FE_OCPC987_n_13376  
                  FE_RC_18_0  
        FE_OCPC988_FE_OFN135_n_19727  
           FE_OCPC992_n_8474  
                  FE_RC_19_0  
                  FE_RC_20_0  
        FE_OCPC1010_in2_r_15  
        FE_OCPC1011_in2_r_15  
         FE_OCPC1020_n_15120  
         FE_OCPC1021_n_15120  
        FE_OCPC1029_FE_DBTN34_n_19679  
          FE_OCPC1032_n_6167  
          FE_OCPC1033_n_6167  
        FE_OCPC1034_FE_OFN13766_n_13608  
                 g126297_dup  
                  FE_RC_21_0  
                  FE_RC_22_0  
                  FE_RC_23_0  
                  FE_RC_24_0  
        FE_OFC298_n_17364_dup  
                 g128247_dup  
        FE_OFC317_n_21253_dup  
                    g234_dup  
                 g127745_dup  
                 g126245_dup  
                 g127354_dup  
                 g127045_dup  
        alu_inst_muldiv_inst_mul_349_24_g8976_dup  
                  FE_RC_25_0  
                  FE_RC_26_0  
                  FE_RC_27_0  
           FE_OCPC1037_11829  
        FE_OCPC1039_DBTN71_n_17344  
                  FE_RC_28_0  
                  FE_RC_29_0  
                  FE_RC_30_0  
                  FE_RC_31_0  
             FE_OCPC1040_r_4  
                  FE_RC_32_0  
             FE_OCPC1043_r_6  
             FE_OCPC1044_r_9  
                  FE_RC_33_0  
                  FE_RC_34_0  
                  FE_RC_36_0  
                  FE_RC_37_0  
                  FE_RC_38_0  
                  FE_RC_39_0  
                  FE_RC_40_0  
                  FE_RC_41_0  
                  FE_RC_42_0  
                  FE_RC_43_0  
                  FE_RC_44_0  
                  FE_RC_45_0  
                  FE_RC_46_0  
                  FE_RC_47_0  
          FE_OFC1054_n_21719  
          FE_OFC1055_n_21131  
          FE_OFC1056_n_20085  
          FE_OFC1057_n_20095  
          FE_OFC1059_n_21129  
          FE_OFC1060_n_18109  
          FE_OFC1061_n_11737  
          FE_OFC1062_n_21122  
          FE_OFC1063_n_17755  
          FE_OFC1064_n_17755  
          FE_OFC1065_n_16922  
          FE_OFC1067_n_19505  
          FE_OFC1068_n_18029  
          FE_OFC1069_n_18029  
          FE_OFC1071_n_12017  
          FE_OFC1075_n_18298  
          FE_OFC1076_n_20106  
          FE_OFC1078_n_17907  
          FE_OFC1079_n_17907  
          FE_OFC1082_n_20966  
          FE_OFC1083_n_20924  
          FE_OFC1084_n_12673  
          FE_OFC1085_n_20048  
          FE_OFC1086_n_20048  
          FE_OFC1087_n_11843  
          FE_OFC1088_n_12560  
          FE_OFC1089_n_17781  
          FE_OFC1090_n_17781  
          FE_OFC1091_n_14732  
          FE_OFC1092_n_14732  
          FE_OFC1093_n_14732  
        FE_OFC1094_FE_OCPN13805_FE_DBTN48_n_18654  
        FE_OFC1095_FE_OCPN13805_FE_DBTN48_n_18654  
          FE_OFC1096_n_16203  
          FE_OFC1097_n_16203  
          FE_OFC1099_n_11613  
          FE_OFC1100_n_13634  
           FE_OFC1103_n_3937  
          FE_OFC1106_n_19363  
          FE_OFC1107_n_19363  
           FE_OFC1108_n_2828  
           FE_OFC1115_n_4179  
          FE_OFC1117_n_11798  
          FE_OFC1118_n_11798  
          FE_OFC1124_n_13970  
          FE_OFC1125_n_13970  
          FE_OFC1126_n_13970  
           FE_OFC1128_n_3936  
           FE_OFC1131_n_3929  
          FE_OFC1135_n_21746  
          FE_OFC1136_n_21746  
          FE_OFC1138_n_20637  
           FE_OFC1139_n_3932  
           FE_OFC1141_n_3931  
        FE_OFC1144_FE_OCPN18292_n  
          FE_OFC1145_n_20348  
          FE_OFC1146_n_20348  
           FE_OFC1148_n_2754  
           FE_OFC1151_n_3950  
           FE_OFC1152_n_3950  
          FE_OFC1154_n_11645  
           FE_OFC1156_n_3612  
          FE_OFC1159_n_18291  
          FE_OFC1160_n_18291  
           FE_OFC1161_n_2602  
           FE_OFC1166_n_6894  
           FE_OFC1167_n_6894  
           FE_OFC1168_n_6894  
           FE_OFC1169_n_6894  
           FE_OFC1171_n_2717  
           FE_OFC1172_n_2717  
        FE_OFC1173_FE_RN_10_0  
           FE_OFC1174_n_7333  
           FE_OFC1175_n_7333  
           FE_OFC1176_n_7333  
           FE_OFC1177_n_7333  
           FE_OFC1178_n_7333  
           FE_OFC1179_n_2536  
           FE_OFC1180_n_2536  
           FE_OFC1181_n_2536  
           FE_OFC1182_n_2536  
           FE_OFC1183_n_2536  
           FE_OFC1184_n_2536  
           FE_OFC1185_n_2536  
        FE_OFC1186_FE_DBTN53_n_16754  
        FE_OFC1187_FE_DBTN53_n_16754  
          FE_OFC1188_n_17684  
        FE_OFC1196_FE_DBTN84_alu_inst_n_28861  
          FE_OFC1203_n_21888  
           FE_OFC1207_n_2661  
           FE_OFC1208_n_3330  
          FE_OFC1210_n_20629  
          FE_OFC1211_n_20629  
           FE_OFC1215_n_2336  
           FE_OFC1217_n_2336  
           FE_OFC1218_n_2336  
           FE_OFC1221_n_7892  
           FE_OFC1222_n_7892  
           FE_OFC1223_n_7892  
           FE_OFC1225_n_2676  
           FE_OFC1226_n_2671  
          FE_OFC1227_n_15408  
          FE_OFC1228_n_21888  
          FE_OFC1230_n_16042  
          FE_OFC1231_n_16042  
           FE_OFC1232_n_2565  
          FE_OFC1234_n_16552  
        FE_OFC1236_FE_DBTN35_n_8473  
        FE_OFC1237_FE_DBTN35_n_8473  
        FE_OFC1238_FE_DBTN35_n_8473  
        FE_OFC1239_FE_DBTN35_n_8473  
           FE_OFC1242_n_3306  
           FE_OFC1243_n_3306  
           FE_OFC1244_n_3306  
           FE_OFC1245_n_3306  
           FE_OFC1246_n_3306  
           FE_OFC1247_n_3306  
          FE_OFC1249_n_12191  
          FE_OFC1255_n_11689  
          FE_OFC1256_n_11689  
          FE_OFC1257_n_11689  
          FE_OFC1258_n_11689  
        FE_OFC1263_alu_inst_n_39299  
        FE_OFC1266_alu_inst_n_39299  
        FE_OFC1267_alu_inst_n_39299  
        FE_OFC1269_alu_inst_n_39299  
          FE_OFC1270_n_19722  
        FE_OFC1272_FE_OCPN17345_n  
          FE_OFC1273_n_10156  
          FE_OFC1276_n_11304  
          FE_OFC1278_n_16892  
          FE_OFC1279_n_16892  
           FE_OFC1281_n_2996  
           FE_OFC1282_n_9885  
         FE_OFC1283_in1_r_13  
          FE_OFC1284_in2_r_0  
          FE_OFC1285_in2_r_0  
          FE_OFC1286_in2_r_0  
          FE_OFC1287_in2_r_2  
          FE_OFC1288_in2_r_2  
             FE_OFC1289_n_23  
                  FE_RC_48_0  
                  FE_RC_49_0  
                  FE_RC_50_0  
         CTS_ccl_a_inv_00003  
         CTS_ccl_a_inv_00001  
         CTS_ccl_a_inv_00002  
           FE_OFC1292_n_2780  
           FE_OFC1294_n_3449  
          FE_OFC1296_n_21344  
          FE_OFC1297_n_21344  
           FE_OFC1300_n_6473  
           FE_OFC1301_n_6473  
           FE_OFC1302_n_6473  
          FE_OFC1306_n_16552  
          FE_OFC1307_n_16552  
           FE_OFC1308_n_3889  
           FE_OFC1309_n_9395  
          FE_OFC1313_n_20622  
          FE_OFC1314_n_20622  
          FE_OFC1315_n_20622  
          FE_OFC1316_n_20622  
           FE_OFC1317_n_3316  
           FE_OFC1318_n_3316  
           FE_OFC1319_n_2807  
          FE_OFC1320_n_16273  
        FE_OFC1326_alu_inst_n_39299  
        FE_OFC1327_alu_inst_n_39299  
        FE_OFC1328_alu_inst_n_39299  
          FE_OFC1329_n_20633  
          FE_OFC1330_n_20633  
          FE_OFC1332_n_21132  
           FE_OFC1333_n_2447  
           FE_OFC1335_n_2447  
          FE_OFC1336_n_16907  
           FE_OFC1339_n_6970  
           FE_OFC1340_n_2730  
        FE_OFC1341_alu_inst_n_28867  
          FE_OFC1343_n_22118  
          FE_OFC1344_n_22118  
          FE_OFC1345_n_17698  
          FE_OFC1346_n_21419  
          FE_OFC1347_n_19679  
          FE_OFC1348_n_19679  
           FE_OFC1349_n_7078  
           FE_OFC1350_n_7078  
          FE_OFC1351_n_17329  
           FE_OFC1353_n_2352  
          FE_OFC1356_n_20855  
          FE_OFC1357_n_11506  
          FE_OFC1358_n_15408  
           FE_OFC1359_n_3415  
           FE_OFC1360_n_3415  
           FE_OFC1361_n_7348  
          FE_OFC1363_n_13627  
          FE_OFC1364_n_13627  
          FE_OFC1365_n_13627  
           FE_OFC1370_n_2338  
           FE_OFC1375_n_3893  
           FE_OFC1376_n_2754  
        FE_OFC1377_alu_inst_n_28866  
          FE_OFC1382_n_11613  
          FE_OFC1383_n_16762  
          FE_OFC1384_n_16762  
          FE_OFC1387_n_16123  
        FE_OFC1388_FE_OCPN13849_n_15120  
           FE_OFC1389_n_3901  
           FE_OFC1392_n_2575  
           FE_OFC1394_n_2575  
           FE_OFC1396_n_2209  
           FE_OFC1398_n_2559  
           FE_OFC1399_n_2559  
           FE_OFC1400_n_3330  
          FE_OFC1401_n_11684  
           FE_OFC1402_n_7350  
           FE_OFC1403_n_2559  
           FE_OFC1404_n_2559  
           FE_OFC1406_n_2559  
          FE_OFC1409_n_17684  
          FE_OFC1410_n_17684  
           FE_OFC1411_n_7362  
                  FE_RC_51_0  
                  FE_RC_52_0  
                  FE_RC_53_0  
                  FE_RC_54_0  
        FE_OCPC1412_FE_DBTN40_n_22077  
        FE_OCPC1413_FE_DBTN40_n_22077  
                  FE_RC_55_0  
                  FE_RC_56_0  
                  FE_RC_57_0  
          FE_OCPC1414_n_6894  
                  FE_RC_60_0  
                  FE_RC_61_0  
                  FE_RC_62_0  
                  FE_RC_63_0  
                  FE_RC_64_0  
                  FE_RC_65_0  
                  FE_RC_67_0  
         FE_OCPC1416_in2_r_1  
         FE_OCPC1417_n_15914  
          FE_OCPC1418_n_6894  
          FE_OCPC1419_n_6894  
                  FE_RC_68_0  
                  FE_RC_69_0  
                  FE_RC_70_0  
                  FE_RC_71_0  
         FE_OCPC1423_in2_r_3  
         FE_OCPC1424_in2_r_5  
          FE_OCPC1425_n_2759  
                  FE_RC_72_0  
        FE_OCPC1426_FE_DBTN52_n_20848  
                  FE_RC_73_0  
                  FE_RC_74_0  
        FE_OCPC1428_FE_OFN13723_n_8473  
        FE_OCPC1429_FE_OFN13723_n_8473  
        FE_OCPC1430_FE_OFN13723_n_8473  
                  FE_RC_75_0  
                  FE_RC_76_0  
                  FE_RC_78_0  
                  FE_RC_79_0  
        FE_OCPC1433_FE_OFN135_n_19727  
         FE_OCPC1435_n_17741  
                  FE_RC_80_0  
         FE_OCPC1436_in2_r_7  
                  FE_RC_81_0  
                  FE_RC_82_0  
        FE_OCPC1439_FE_DBTN43_n_19329  
                  FE_RC_83_0  
                  FE_RC_84_0  
                  FE_RC_85_0  
                  FE_RC_86_0  
                  FE_RC_87_0  
         FE_OCPC1440_n_21589  
                  FE_RC_88_0  
                  FE_RC_89_0  
                  FE_RC_90_0  
         FE_OCPC1441_in2_r_8  
                  FE_RC_91_0  
                  FE_RC_92_0  
            FE_OFC1442_19616  
          FE_OFC1443_n_21381  
          FE_OFC1444_n_21636  
           FE_OFC1445_n_8111  
          FE_OFC1446_n_18128  
        FE_OFC1447_FE_DBTN74_n_16273  
        FE_OFC1448_FE_DBTN74_n_16273  
           FE_OFC1449_n_1462  
          FE_OFC1450_n_16662  
          FE_OFC1451_n_19537  
          FE_OFC1452_n_20563  
          FE_OFC1453_n_19846  
          FE_OFC1454_n_18058  
          FE_OFC1455_n_12303  
          FE_OFC1456_n_21930  
          FE_OFC1457_n_21930  
          FE_OFC1458_n_21930  
        FE_OFC1459_FE_DBTN30_n_21001  
          FE_OFC1460_FE_RN_9  
          FE_OFC1461_FE_RN_9  
          FE_OFC1462_n_20328  
          FE_OFC1463_n_20328  
          FE_OFC1464_n_20326  
          FE_OFC1465_n_11028  
          FE_OFC1466_n_11028  
          FE_OFC1467_n_11028  
          FE_OFC1468_n_19161  
        FE_OFC1469_alu_inst_muldiv_inst_mul_349_24_n_849  
          FE_OFC1470_n_21190  
        FE_OFC1471_alu_inst_muldiv_inst_mul_349_24_n_614  
           FE_OFC1472_n_7286  
           FE_OFC1473_n_7286  
          FE_OFC1474_n_20159  
          FE_OFC1475_n_20159  
          FE_OFC1476_n_20159  
          FE_OFC1477_n_20159  
           FE_OFC1478_n_2352  
           FE_OFC1480_n_2814  
           FE_OFC1481_n_3920  
           FE_OFC1482_n_3906  
           FE_OFC1483_n_3906  
           FE_OFC1484_n_3906  
          FE_OFC1485_n_20733  
          FE_OFC1486_n_20733  
          FE_OFC1487_n_20733  
           FE_OFC1488_n_5782  
           FE_OFC1489_n_5782  
           FE_OFC1490_n_2806  
          FE_OFC1491_n_20731  
           FE_OFC1492_n_3932  
           FE_OFC1493_n_3945  
           FE_OFC1494_n_3901  
           FE_OFC1495_n_3901  
           FE_OFC1496_n_6496  
           FE_OFC1497_n_6496  
          FE_OFC1498_n_15688  
          FE_OFC1499_n_15688  
        FE_OFC1500_FE_DBTN39_n_7360  
        FE_OFC1501_FE_DBTN39_n_7360  
           FE_OFC1502_n_2785  
          FE_OFC1503_n_20798  
          FE_OFC1504_n_20774  
           FE_OFC1505_n_2729  
           FE_OFC1506_n_2729  
          FE_OFC1507_n_21941  
          FE_OFC1508_n_21941  
          FE_OFC1509_n_21941  
          FE_OFC1510_n_20089  
           FE_OFC1511_n_2757  
           FE_OFC1512_n_2682  
           FE_OFC1513_n_2682  
           FE_OFC1514_n_2682  
        FE_OFC1515_FE_DBTN59_n_3423  
          FE_OFC1516_n_11616  
          FE_OFC1517_n_18509  
          FE_OFC1518_n_18509  
          FE_OFC1519_n_17684  
          FE_OFC1520_n_17684  
          FE_OFC1521_n_17684  
          FE_OFC1522_n_17684  
          FE_OFC1523_n_13509  
           FE_OFC1525_n_2644  
           FE_OFC1526_n_2339  
           FE_OFC1527_n_2336  
           FE_OFC1528_n_2336  
           FE_OFC1529_n_2336  
           FE_OFC1530_n_2678  
           FE_OFC1531_n_2678  
           FE_OFC1532_n_2678  
           FE_OFC1533_n_2678  
           FE_OFC1534_n_6618  
           FE_OFC1535_n_6618  
           FE_OFC1536_n_2338  
          FE_OFC1537_n_21386  
          FE_OFC1538_n_21386  
          FE_OFC1539_n_21386  
        FE_OFC1540_FE_DBTN86_alu_inst_n_28867  
           FE_OFC1541_n_2664  
           FE_OFC1542_n_3318  
        FE_OFC1543_FE_OCPN39367_FE_OFN135_n_19727  
        FE_OFC1544_FE_OCPN39367_FE_OFN135_n_19727  
           FE_OFC1545_n_2579  
           FE_OFC1546_n_2579  
           FE_OFC1547_n_2579  
          FE_OFC1548_n_21356  
          FE_OFC1549_n_19309  
          FE_OFC1550_n_19727  
          FE_OFC1551_n_19727  
           FE_OFC1552_n_2337  
          FE_OFC1553_n_20641  
          FE_OFC1554_n_20641  
          FE_OFC1555_n_14738  
        FE_OFC1556_alu_inst_n_28870  
        FE_OFC1557_alu_inst_n_28870  
          FE_OFC1558_n_12191  
          FE_OFC1559_n_12191  
          FE_OFC1560_n_12191  
          FE_OFC1561_n_12191  
          FE_OFC1562_n_17115  
          FE_OFC1563_n_20205  
          FE_OFC1564_n_20205  
          FE_OFC1565_n_16521  
        FE_OFC1566_FE_OCPN13813_n_13376  
        FE_OFC1567_FE_OCPN13813_n_13376  
          FE_OFC1568_n_15470  
          FE_OFC1569_n_15470  
          FE_OFC1570_n_15470  
        FE_OFC1571_alu_inst_n_28748  
          FE_OFC1572_n_17098  
          FE_OFC1573_n_10107  
                  FE_RC_93_0  
                  FE_RC_94_0  
        FE_OFC1574_opcode_r_0  
            FE_OFC1575_n_399  
                  FE_RC_95_0  
                  FE_RC_99_0  
                 FE_RC_100_0  
                 FE_RC_101_0  
                 FE_RC_103_0  
                 FE_RC_104_0  
                 FE_RC_105_0  
                 FE_RC_107_0  
                 FE_RC_108_0  
        FE_OCPC1576_FE_DBTN74_n_16273  
                 FE_RC_109_0  
                 FE_RC_110_0  
          FE_OCPC1577_n_9891  
         FE_OCPC1578_n_17064  
                 FE_RC_111_0  
                 FE_RC_112_0  
                 FE_RC_113_0  
                 FE_RC_114_0  
                 FE_RC_115_0  
        FE_OCPC1579_in2_r_12  
                 FE_RC_116_0  
                 FE_RC_117_0  
         FE_OCPC1580_in1_r_0  
         FE_OCPC1581_in1_r_8  
                 FE_RC_118_0  
                 FE_RC_119_0  
                 FE_RC_120_0  
                 FE_RC_121_0  
         FE_OCPC1582_n_12017  
          FE_OCPC1583_n_7892  
                 FE_RC_122_0  
                 FE_RC_123_0  
                 FE_RC_124_0  
                 FE_RC_125_0  
                 FE_RC_126_0  
        FE_OCPC1584_FE_DBTN40_n_22077  
        FE_OCPC1585_FE_DBTN40_n_22077  
           FE_PDC1586_n_3595  
           FE_PDC1587_n_3595  
           FE_PDC1588_n_6297  
           FE_PDC1589_n_6297  
           FE_PDC1590_n_6297  
           FE_PDC1591_n_6297  
           FE_PDC1592_n_6297  
           FE_PDC1593_n_6297  
          FE_PSC1574_n_13608  
          FE_PSC1575_n_15323  
          FE_PSC1576_n_13608  
         FE_PSC1577_in2_r_11  
            FE_PSC1578_n_826  
         FE_PSC1579_in2_r_10  
          FE_PSC1580_in2_r_6  
          FE_PSC1581_in2_r_8  
          FE_PSC1582_n_11885  
        FE_PSC1583_FE_DBTN18_n_21930  
          FE_PSC1584_n_14214  
          FE_PSC1585_n_11684  
          FE_PSC1586_n_20205  
         FE_PSC1587_in2_r_13  
          FE_PSC1588_in2_r_9  
          FE_PSC1589_n_20415  
          FE_PSC1590_n_18298  
        FE_PSC1591_alu_inst_n_28748  
          FE_PSC1592_n_19844  
          FE_PSC1593_n_20559  
          FE_PSC1594_n_20563  
          FE_PSC1595_in2_r_5  
            FE_PSC1596_n_286  
          FE_PSC1597_n_19342  
          FE_PSC1598_n_18710  
          FE_PSC1599_n_20000  
        FE_PSC1600_FE_OFN135_n_19727  
          FE_PSC1601_n_11684  
        FE_PSC1602_FE_OCPN13805_FE_DBTN48_n_18654  
           FE_PSC1603_n_2814  
           FE_PSC1604_n_1421  
          FE_PSC1606_n_20205  
          FE_PSC1607_n_22076  
          FE_PSC1608_in2_r_6  
           FE_PSC1609_n_2519  
          FE_PSC1610_in2_r_5  
        FE_PSC1611_FE_OCPN13847_n_15120  
           FE_PSC1612_n_2337  
          FE_PSC1613_n_11684  
           FE_PSC1614_n_3546  
        FE_PSC1615_FE_OFN59_in2_r_0  
           FE_PSC1616_n_6878  
          FE_PSC1617_n_19912  
        FE_PSC1618_FE_DBTN75_n_18298  
          FE_PSC1619_n_15318  
        FE_PSC1620_alu_inst_muldiv_inst_mul_349_24_n_835  
           FE_PSC1621_n_6491  
          FE_PSC1622_n_14734  
           FE_PSC1623_n_3960  
           FE_PSC1624_n_1462  
           FE_PSC1625_n_5353  
          FE_PSC1626_n_17194  
        FE_PSC1627_FE_DBTN36_n_13970  
         FE_PSC1628_in2_r_10  
           FE_PSC1629_n_4336  
           FE_PSC1630_n_2478  
           FE_PSC1631_n_4727  
           FE_PSC1632_n_4621  
        FE_PSC1633_alu_inst_muldiv_inst_mul_349_24_n_1130  
           FE_PSC1634_n_5156  
          FE_PSC1635_n_20641  
        FE_PSC1636_FE_DBTN36_n_13970  
          FE_PSC1637_n_12287  
        FE_PSC1639_FE_OFN13635_n_3932  
           FE_PSC1640_n_2769  
        FE_PSC1641_FE_DBTN42_n_20205  
        FE_PSC1642_FE_DBTN89_in2_r_5  
        FE_PSC1643_alu_inst_muldiv_inst_mul_349_24_n_1140  
           FE_PSC1644_n_2814  
        FE_PSC1645_FE_DBTN35_n_8473  
           FE_PSC1646_n_6491  
        FE_PSC1647_FE_OFN198_n_14738  
        FE_PSC1648_FE_OFN227_n_2519  
           FE_PSC1649_n_3625  
           FE_PSC1650_n_4500  
        FE_PSC1651_FE_OFN13640_n_13970  
          FE_PSC1652_n_21396  
        FE_PSC1653_FE_DBTN42_n_20205  
        FE_PSC1654_FE_OFN23_n_22077  
          FE_PSC1655_n_14913  
          FE_PSC1656_n_20925  
        FE_PSC1657_FE_OFN135_n_19727  
           FE_PSC1658_n_3978  
        FE_PSC1659_FE_RN_41_0  
          FE_PSC1660_n_19161  
           FE_PSC1661_n_2559  
           FE_PSC1662_n_2552  
          FE_PSC1663_n_20637  
        FE_PSC1664_FE_OFN30_n_8473  
        FE_PSC1665_FE_RN_41_0  
           FE_PSC1666_n_2972  
           FE_PSC1667_n_2814  
        FE_PSC1668_FE_OCPN13830_FE_OFN21_n_14732  
        FE_PSC1669_FE_PDN39396_n_3595  
        FE_PSC1670_FE_DBTN70_n_11684  
           FE_PSC1671_n_6491  
        FE_PSC1672_FE_OFN147_n_3306  
           FE_PSC1673_n_4337  
        FE_PSC1674_FE_OFN82_n_6496  
        FE_PSC1675_FE_DBTN40_n_22077  
        FE_PSC1676_FE_PDN39396_n_3595  
        FE_PSC1677_FE_OCPN13864_n  
        FE_PSC1678_FE_OFN225_alu_inst_n_39299  
          FE_PSC1679_n_18827  
          FE_PSC1680_n_14945  
        FE_PSC1681_FE_OFN67_n_2552  
           FE_PSC1682_n_4792  
           FE_PSC1683_n_2337  
          FE_PSC1684_n_21386  
          FE_PSC1685_n_19679  
        FE_PSC1686_FE_OFN225_alu_inst_n_39299  
           FE_PSC1687_n_3595  
           FE_PSC1688_n_3978  
        FE_PSC1689_FE_OFN40_n_7078  
           FE_PSC1690_n_2749  
           FE_PSC1691_n_6491  
        FE_PSC1692_FE_OFN13776_n_20622  
           FE_PSC1693_n_2344  
        FE_PSC1694_FE_OFN196_n_2552  
           FE_PSC1695_n_2699  
           FE_PSC1696_n_2337  
        FE_PSC1697_FE_OFN23_n_22077  
        FE_PSC1698_FE_PDN39396_n_3595  
           FE_PSC1699_n_3595  
        FE_PSC1700_FE_OFN21892_n_3306  
           FE_PSC1701_n_2580  
           FE_PSC1702_n_2559  
           FE_PSC1703_n_5207  
          FE_PSC1704_n_20803  
           FE_PSC1705_n_4668  
           FE_PSC1706_n_2379  
          FE_PSC1707_n_21747  
           FE_PSC1708_n_2790  
        FE_PSC1709_FE_OFN13718_n_18287  
          FE_PSC1710_n_16684  
        FE_PSC1711_alu_inst_muldiv_inst_mul_349_24_n_205  
        FE_PSC1712_FE_OFN23_n_22077  
          FE_PSC1713_n_10867  
           FE_PSC1714_n_6894  
        FE_PSC1715_FE_PDN39396_n_3595  
          FE_PSC1716_n_11687  
          FE_PSC1717_n_11684  
          FE_PSC1718_n_13170  
          FE_PSC1719_n_20535  
        FE_PSC1720_FE_DBTN36_n_13970  
        FE_PSC1721_FE_PDN39397_n_3595  
          FE_PSC1722_n_21386  
        FE_PSC1723_FE_OCPN13847_n_15120  
        FE_PSC1724_FE_PDN39397_n_3595  
        FE_PSC1725_FE_OFN206_n_12191  
        FE_PSC1726_FE_OFN13693_n_16762  
          FE_PSC1727_n_12605  
        FE_PSC1728_FE_PDN39396_n_3595  
        FE_PSC1729_FE_OFN13640_n_13970  
           FE_PSC1730_n_7350  
          FE_PSC1731_n_19329  
          FE_PSC1732_n_19914  
        FE_PSC1733_FE_PDN39396_n_3595  
        FE_PSC1734_FE_OCPN39361_n_20563  
        FE_PSC1735_FE_OCPN13862_FE_DBTN34_n_19679  
        FE_PSC1736_FE_OFN13666_n_11613  
        FE_PSBC1594_FE_DBTN48_n_18654  
        FE_PSBC1595_FE_DBTN48_n_18654  
          FE_PSC1737_n_21378  
          FE_PSC1738_n_20201  
           FE_PSC1739_n_3765  
          FE_PSC1740_FE_RN_7  
        FE_PSC1741_FE_PDN39396_n_3595  
           FE_PSC1742_n_4872  
          FE_PSC1743_n_20562  
          FE_PSC1744_n_16275  
           FE_PSC1745_n_3419  
        FE_PSC1746_FE_OFN135_n_19727  
         FE_PSBC1596_n_19329  
         FE_PSBC1597_n_19329  
         FE_PSBC1598_n_19329  
        FE_PSC1747_alu_inst_muldiv_inst_mul_349_24_n_205  
          FE_PSC1748_n_11830  
           FE_PSC1749_n_3911  
        FE_PSC1750_FE_OFN13696_n_17684  
          FE_PSC1751_n_17755  
           FE_PSC1752_n_3640  
        FE_PSC1753_FE_OFN67_n_2552  
          FE_PSC1754_n_21386  
        FE_PSC1755_FE_OFN135_n_19727  
          FE_PSC1756_n_11689  
           FE_PSC1757_n_2814  
        FE_PSC1758_FE_OFN13679_n_19727  
           FE_PSC1759_n_2676  
        FE_PSC1760_FE_OFN100_n_7333  
        FE_PSC1761_FE_OFN13770_n_20348  
        FE_PSC1762_FE_OFN13712_n_2729  
           FE_PSC1763_n_7350  
          FE_PSC1764_n_16762  
          FE_PSC1765_n_19329  
        FE_PSC1766_FE_OFN13724_n_8473  
        FE_PSC1767_FE_PDN39398_n_6297  
        FE_PSC1768_alu_inst_muldiv_inst_mul_349_24_n_205  
          FE_PSC1769_n_20731  
        FE_PSC1770_FE_OFN13641_n_13970  
          FE_PSC1771_n_15840  
           FE_PSC1772_n_2816  
           FE_PSC1773_n_2657  
           FE_PSC1774_n_4422  
          FE_PSC1775_in2_r_7  
           FE_PSC1776_n_2519  
        FE_PSC1777_FE_DBTN36_n_13970  
        FE_PSC1778_FE_OFN143_n_21868  
        FE_PSC1779_FE_OFN54_n_17684  
        FE_PSC1780_FE_OFN227_n_2519  
          FE_PSC1781_n_20629  
        FE_PSC1782_FE_OFN13680_n_19727  
          FE_PSC1783_n_16049  
           FE_PSC1784_n_3934  
          FE_PSC1785_n_11715  
        FE_PSC1786_FE_OFN196_n_2552  
           FE_PSC1787_n_6935  
           FE_PSC1788_n_3951  
        FE_PSC1789_FE_OCPN13845_n_20637  
          FE_PSC1790_n_21673  
          FE_PSC1791_n_21198  
           FE_PSC1792_n_3983  
           FE_PSC1793_n_4784  
        FE_PSC1794_FE_OFN51_n_11689  
          FE_PSC1795_n_16483  
           FE_PSC1796_n_3983  
        FE_PSC1797_FE_OFN67_n_2552  
          FE_PSC1798_n_19909  
          FE_PSC1799_in2_r_4  
        FE_PSC1800_alu_inst_muldiv_inst_mul_349_24_n_1161  
           FE_PSC1801_n_1269  
          FE_PSC1802_n_15318  
        FE_PSC1803_FE_PDN39397_n_3595  
          FE_PSC1804_n_10873  
          FE_PSC1805_n_13608  
        FE_PSC1806_alu_inst_muldiv_inst_mul_349_24_n_989  
          FE_PSBC1599_n_4338  
          FE_PSBC1600_n_4338  
          FE_PSC1807_n_20172  
          FE_PSC1808_n_21657  
           FE_PSC1809_n_2814  
        FE_PSC1810_FE_OFN134_n_13970  
        FE_PSC1811_alu_inst_muldiv_inst_mul_349_24_n_162  
          FE_PSC1812_n_13170  
           FE_PSC1813_n_6894  
          FE_PSC1814_n_15650  
          FE_PSC1815_n_21356  
        FE_PSC1816_FE_RN_41_0  
          FE_PSC1817_n_15914  
           FE_PSC1818_n_1230  
          FE_PSC1819_n_21378  
          FE_PSC1820_n_11654  
          FE_PSC1821_n_20637  
          FE_PSC1822_n_19034  
        FE_PSC1823_FE_OFN13718_n_18287  
        FE_PSC1824_alu_inst_muldiv_inst_mul_349_24_n_617  
           FE_PSC1825_n_6894  
        FE_PSC1826_FE_OFN40_n_7078  
        FE_PSC1827_FE_DBTN45_n_12191  
        FE_PSC1828_FE_OFN185_n_21676  
        FE_PSC1829_alu_inst_n_30018  
          FE_PSC1830_n_18025  
        FE_PSC1831_FE_OFN13640_n_13970  
        FE_PSC1832_FE_DBTN87_n_20159  
          FE_COEC1833_n_2712  
         FE_COEC1834_n_20351  
           FE_COEC1835_n_202  
          FE_COEC1836_n_3792  
        FE_COEC1837_FE_DBTN86_alu_inst_n_28867  
        FE_COEC1838_FE_OFN10_n_6473  
          FE_COEC1839_n_3449  
          FE_COEC1840_n_3757  
          FE_COEC1841_n_3531  
          FE_COEC1842_n_2809  
        FE_COEC1843_FE_OFN13677_n_7333  
          FE_COEC1844_n_3893  
        FE_COEC1845_FE_OFN31_n_11713  
        FE_COEC1846_FE_OFN13646_in1_r_5  
         FE_COEC1847_n_14951  
         FE_COEC1848_n_20796  
          FE_COEC1849_n_2785  
         FE_COEC1850_n_14745  
        FE_COEC1851_FE_OFN13771_n_7360  
         FE_COEC1852_n_21031  
        FE_COEC1853_FE_DBTN77_n_17060  
        FE_COEC1854_FE_DBTN90_in2_r_15  
         FE_COEC1855_n_21989  
         FE_COEC1856_n_10285  
         FE_COEC1857_n_16850  
         FE_COEC1858_n_16712  
          FE_COEC1859_n_4800  
         FE_COEC1860_n_11534  
        FE_COEC1861_FE_PSN1735_FE_OCPN13862_FE_DBTN34_n_19679  
        FE_COEC1862_FE_OFN224_alu_inst_n_39299  
        FE_COEC1863_FE_OCPN13829_n_21386  
         FE_COEC1864_n_20988  
        FE_COEC1865_FE_OFN35_n_2682  
        FE_COEC1866_FE_OFN13645_n_19932  
        FE_COEC1867_FE_DBTN26_n_11894  
           FE_COEC1868_n_287  
        FE_COEC1869_FE_OFN119_n_21941  
        FE_COEC1870_FE_OFN202_n_18079  
         FE_COEC1871_n_19717  
         FE_COEC1872_n_20075  
          FE_COEC1873_n_3626  
        FE_COEC1874_alu_inst_muldiv_inst_mul_349_24_n_184  
         FE_COEC1875_n_15564  
          FE_COEC1876_n_2089  
          FE_COEC1877_n_5038  
          FE_COEC1878_n_2816  
          FE_COEC1879_n_4898  
        FE_COEC1880_FE_OCPN39357_in2_r_3  
        FE_COEC1881_FE_DBTN41_n_7286  
        FE_COEC1882_FE_PDN39400_n_6297  
          FE_COEC1883_n_5220  
         FE_COEC1884_n_20622  
          FE_COEC1885_n_3955  
          FE_COEC1886_n_4331  
          FE_COEC1887_n_2775  
          FE_COEC1888_n_3933  
         FE_COEC1889_n_16246  
          FE_COEC1890_n_5783  
         FE_COEC1891_n_21689  
          FE_COEC1892_n_2817  
          FE_COEC1893_n_2644  
          FE_COEC1894_n_4407  
          FE_COEC1895_n_3415  
          FE_COEC1896_n_3941  
          FE_COEC1897_n_2783  
         FE_COEC1898_n_21927  
          FE_COEC1899_n_4017  
         FE_COEC1900_n_19662  
          FE_COEC1901_n_7360  
        FE_COEC1902_FE_DBTN16_n_16203  
          FE_COEC1903_n_3896  
          FE_COEC1904_n_3931  
         FE_COEC1905_n_21367  
          FE_COEC1906_n_2826  
          FE_COEC1907_n_3966  
         FE_COEC1908_n_18440  
        FE_COEC1909_FE_OCPN39364_FE_OFN13723_n_8473  
          FE_COEC1910_n_4515  
          FE_COEC1911_n_2721  
          FE_COEC1912_n_4347  
         FE_COEC1913_n_17905  
         FE_COEC1914_n_10892  
        FE_COEC1915_FE_DBTN79_n_20622  
        FE_COEC1916_FE_OFN13635_n_3932  
        FE_COEC1917_FE_OFN6_n_12191  
         FE_COEC1918_n_20672  
        FE_COEC1919_FE_PDN39400_n_6297  
         FE_COEC1920_n_18611  
        FE_COEC1921_FE_OFN215_n_16754  
          FE_COEC1922_n_2718  
         FE_COEC1923_n_21892  
         FE_COEC1924_n_13957  
          FE_COEC1925_n_2821  
          FE_COEC1926_n_7874  
        FE_COEC1927_FE_OFN227_n_2519  
          FE_COEC1928_n_3945  
        FE_COEC1929_alu_inst_n_87  
         FE_COEC1930_n_21859  
        FE_COEC1931_FE_DBTN4_n_20191  
        FE_COEC1932_FE_OFN13691_n_16762  
          FE_COEC1933_n_4335  
        FE_COEC1934_FE_OFN6_n_12191  
         FE_COEC1935_n_21746  
          FE_COEC1936_n_7874  
          FE_COEC1937_n_3617  
        FE_COEC1938_FE_OFN21892_n_3306  
        FE_COEC1939_FE_OCPN39360_FE_DBTN52_n_20848  
        FE_COEC1940_FE_OFN196_n_2552  
          FE_COEC1941_n_2582  
        FE_COEC1942_FE_DBTN73_n_2336  
        FE_COEC1943_FE_OFN13623_n_16762  
          FE_COEC1944_n_4187  
          FE_COEC1945_n_2759  
          FE_COEC1946_n_3682  
          FE_COEC1947_n_2819  
        FE_COEC1948_FE_OFN13780_n_3931  
          FE_COEC1949_n_3530  
        FE_COEC1950_FE_OFN117_alu_inst_n_87  
        FE_COEC1951_FE_OFN54_n_17684  
          FE_COEC1952_n_4639  7230  
    # Floating PG Terms  0  
    # PG Pins Connect to Non-PG Net  0  
    # Power Pins Connect Ground Net  0  
    # Ground Pins Connect Power Net  0  28920  
Average Pins Per Net(Signal): 3.229  

==============================
General Library Information
==============================
# Routing Layers: 6  
# Masterslice Layers: 2  
# Pin Layers: 
    General Caution:
        1) Library have li1, met1, met4 and met5 pins, you should setPlaceMode -prerouteAsObs {1 2 3}                                 to ensure these pins are accessible after placement

    ------------------------------
    Pin Layers
    ------------------------------
    met5  
    met4  
    met1  
    li1  4  
# Layers: 
    ------------------------------
    Layer met5 Information
    ------------------------------
    Type  Routing  
    Wire Pitch X  3.400 um  
    Wire Pitch Y  3.400 um  
    Offset X  1.700 um  
    Offset Y  1.700 um  
    Wire Width  1.600 um  
    Spacing  1.600 um  
    ------------------------------
    Layer via4 Information
    ------------------------------
    Type  Cut  
    Wire Width  0.800 um  
    Vias  
        ------------------------------
        Via list in layer via4
        ------------------------------
                Vias in via4  Default  
                   M4M5_PR_C      Yes  
                  M4M5_PR_MR      Yes  
                   M4M5_PR_M      Yes  
                   M4M5_PR_R      Yes  
                     M4M5_PR      Yes  For complete list click here  
    ------------------------------
    Layer met4 Information
    ------------------------------
    Type  Routing  
    Wire Pitch X  0.920 um  
    Wire Pitch Y  0.920 um  
    Offset X  0.460 um  
    Offset Y  0.460 um  
    Wire Width  0.300 um  
    Spacing  0.300 um  
    ------------------------------
    Layer via3 Information
    ------------------------------
    Type  Cut  
    Wire Width  0.200 um  
    Vias  
        ------------------------------
        Via list in layer via3
        ------------------------------
                Vias in via3  Default  
                   M3M4_PR_C      Yes  
                  M3M4_PR_MR      Yes  
                   M3M4_PR_M      Yes  
                   M3M4_PR_R      Yes  
                     M3M4_PR      Yes  For complete list click here  
    ------------------------------
    Layer met3 Information
    ------------------------------
    Type  Routing  
    Wire Pitch X  0.680 um  
    Wire Pitch Y  0.680 um  
    Offset X  0.340 um  
    Offset Y  0.340 um  
    Wire Width  0.300 um  
    Spacing  0.300 um  
    ------------------------------
    Layer via2 Information
    ------------------------------
    Type  Cut  
    Wire Width  0.200 um  
    Vias  
        ------------------------------
        Via list in layer via2
        ------------------------------
                Vias in via2  Default  
                   M2M3_PR_C      Yes  
                  M2M3_PR_MR      Yes  
                   M2M3_PR_M      Yes  
                   M2M3_PR_R      Yes  
                     M2M3_PR      Yes  For complete list click here  
    ------------------------------
    Layer met2 Information
    ------------------------------
    Type  Routing  
    Wire Pitch X  0.460 um  
    Wire Pitch Y  0.460 um  
    Offset X  0.230 um  
    Offset Y  0.230 um  
    Wire Width  0.140 um  
    Spacing  0.140 um  
    ------------------------------
    Layer via Information
    ------------------------------
    Type  Cut  
    Wire Width  0.150 um  
    Vias  
        ------------------------------
        Via list in layer via
        ------------------------------
                 Vias in via  Default  
                   M1M2_PR_C      Yes  
                  M1M2_PR_MR      Yes  
                   M1M2_PR_M      Yes  
                   M1M2_PR_R      Yes  
                     M1M2_PR      Yes  For complete list click here  
    ------------------------------
    Layer met1 Information
    ------------------------------
    Type  Routing  
    Wire Pitch X  0.340 um  
    Wire Pitch Y  0.340 um  
    Offset X  0.170 um  
    Offset Y  0.170 um  
    Wire Width  0.140 um  
    Spacing  0.140 um  
    ------------------------------
    Layer mcon Information
    ------------------------------
    Type  Cut  
    Wire Width  0.170 um  
    Vias  
        ------------------------------
        Via list in layer mcon
        ------------------------------
                Vias in mcon  Default  
                   L1M1_PR_C      Yes  
                  L1M1_PR_MR      Yes  
                   L1M1_PR_M      Yes  
                   L1M1_PR_R      Yes  
                     L1M1_PR      Yes  For complete list click here  
    ------------------------------
    Layer li1 Information
    ------------------------------
    Type  Routing  
    Wire Pitch X  0.460 um  
    Wire Pitch Y  0.340 um  
    Offset X  0.230 um  
    Offset Y  0.170 um  
    Wire Width  0.170 um  
    Spacing  0.170 um  
    ------------------------------
    Layer licon Information
    ------------------------------
    Type  Cut  
    Wire Width  0.170 um  
    Vias  
        ------------------------------
        Via list in layer licon
        ------------------------------  14  
# Pins without Physical Port: 0  
# Pins in Library without Timing Lib: 0  
# Pins Missing Direction: 0  
Antenna Summary Report: 
    General Caution:
    ------------------------------
    These Layers have antenna info
    ------------------------------
    met5  
    via4  
    met4  
    via3  
    met3  
    via2  
    met2  
    via  
    met1  
    mcon  
    li1  
    ------------------------------
    These Layers have no antenna info
    ------------------------------
    licon  
    ------------------------------
    These Pins have antenna info
    ------------------------------
               Cell Name      List of Pin Name  
    sky130_fd_sc_hd__a2bb2o_1                     X  
    sky130_fd_sc_hd__a2bb2o_1                    B2  
    sky130_fd_sc_hd__a2bb2o_1                    B1  
    sky130_fd_sc_hd__a2bb2o_1                  A2_N  
    sky130_fd_sc_hd__a2bb2o_1                  A1_N  
    sky130_fd_sc_hd__a2bb2o_2                     X  
    sky130_fd_sc_hd__a2bb2o_2                    B2  
    sky130_fd_sc_hd__a2bb2o_2                    B1  
    sky130_fd_sc_hd__a2bb2o_2                  A2_N  
    sky130_fd_sc_hd__a2bb2o_2                  A1_N  
    sky130_fd_sc_hd__a2bb2o_4                     X  
    sky130_fd_sc_hd__a2bb2o_4                    B2  
    sky130_fd_sc_hd__a2bb2o_4                    B1  
    sky130_fd_sc_hd__a2bb2o_4                  A2_N  
    sky130_fd_sc_hd__a2bb2o_4                  A1_N  
    sky130_fd_sc_hd__a2bb2oi_1                     Y  
    sky130_fd_sc_hd__a2bb2oi_1                    B2  
    sky130_fd_sc_hd__a2bb2oi_1                    B1  
    sky130_fd_sc_hd__a2bb2oi_1                  A2_N  
    sky130_fd_sc_hd__a2bb2oi_1                  A1_N  
    sky130_fd_sc_hd__a2bb2oi_2                     Y  
    sky130_fd_sc_hd__a2bb2oi_2                    B2  
    sky130_fd_sc_hd__a2bb2oi_2                    B1  
    sky130_fd_sc_hd__a2bb2oi_2                  A2_N  
    sky130_fd_sc_hd__a2bb2oi_2                  A1_N  
    sky130_fd_sc_hd__a2bb2oi_4                     Y  
    sky130_fd_sc_hd__a2bb2oi_4                    B2  
    sky130_fd_sc_hd__a2bb2oi_4                    B1  
    sky130_fd_sc_hd__a2bb2oi_4                  A2_N  
    sky130_fd_sc_hd__a2bb2oi_4                  A1_N  
    sky130_fd_sc_hd__a21bo_1                     X  
    sky130_fd_sc_hd__a21bo_1                  B1_N  
    sky130_fd_sc_hd__a21bo_1                    A2  
    sky130_fd_sc_hd__a21bo_1                    A1  
    sky130_fd_sc_hd__a21bo_2                     X  
    sky130_fd_sc_hd__a21bo_2                  B1_N  
    sky130_fd_sc_hd__a21bo_2                    A2  
    sky130_fd_sc_hd__a21bo_2                    A1  
    sky130_fd_sc_hd__a21bo_4                     X  
    sky130_fd_sc_hd__a21bo_4                  B1_N  
    sky130_fd_sc_hd__a21bo_4                    A2  
    sky130_fd_sc_hd__a21bo_4                    A1  
    sky130_fd_sc_hd__a21boi_0                     Y  
    sky130_fd_sc_hd__a21boi_0                  B1_N  
    sky130_fd_sc_hd__a21boi_0                    A2  
    sky130_fd_sc_hd__a21boi_0                    A1  
    sky130_fd_sc_hd__a21boi_1                     Y  
    sky130_fd_sc_hd__a21boi_1                  B1_N  
    sky130_fd_sc_hd__a21boi_1                    A2  
    sky130_fd_sc_hd__a21boi_1                    A1  
    sky130_fd_sc_hd__a21boi_2                     Y  
    sky130_fd_sc_hd__a21boi_2                  B1_N  
    sky130_fd_sc_hd__a21boi_2                    A2  
    sky130_fd_sc_hd__a21boi_2                    A1  
    sky130_fd_sc_hd__a21boi_4                     Y  
    sky130_fd_sc_hd__a21boi_4                  B1_N  
    sky130_fd_sc_hd__a21boi_4                    A2  
    sky130_fd_sc_hd__a21boi_4                    A1  
    sky130_fd_sc_hd__a21o_1                     X  
    sky130_fd_sc_hd__a21o_1                    B1  
    sky130_fd_sc_hd__a21o_1                    A2  
    sky130_fd_sc_hd__a21o_1                    A1  
    sky130_fd_sc_hd__a21o_2                     X  
    sky130_fd_sc_hd__a21o_2                    B1  
    sky130_fd_sc_hd__a21o_2                    A2  
    sky130_fd_sc_hd__a21o_2                    A1  
    sky130_fd_sc_hd__a21o_4                     X  
    sky130_fd_sc_hd__a21o_4                    B1  
    sky130_fd_sc_hd__a21o_4                    A2  
    sky130_fd_sc_hd__a21o_4                    A1  
    sky130_fd_sc_hd__a21oi_1                     Y  
    sky130_fd_sc_hd__a21oi_1                    B1  
    sky130_fd_sc_hd__a21oi_1                    A2  
    sky130_fd_sc_hd__a21oi_1                    A1  
    sky130_fd_sc_hd__a21oi_2                     Y  
    sky130_fd_sc_hd__a21oi_2                    B1  
    sky130_fd_sc_hd__a21oi_2                    A2  
    sky130_fd_sc_hd__a21oi_2                    A1  
    sky130_fd_sc_hd__a21oi_4                     Y  
    sky130_fd_sc_hd__a21oi_4                    B1  
    sky130_fd_sc_hd__a21oi_4                    A2  
    sky130_fd_sc_hd__a21oi_4                    A1  
    sky130_fd_sc_hd__a22o_1                     X  
    sky130_fd_sc_hd__a22o_1                    B2  
    sky130_fd_sc_hd__a22o_1                    B1  
    sky130_fd_sc_hd__a22o_1                    A2  
    sky130_fd_sc_hd__a22o_1                    A1  
    sky130_fd_sc_hd__a22o_2                     X  
    sky130_fd_sc_hd__a22o_2                    B2  
    sky130_fd_sc_hd__a22o_2                    B1  
    sky130_fd_sc_hd__a22o_2                    A2  
    sky130_fd_sc_hd__a22o_2                    A1  
    sky130_fd_sc_hd__a22o_4                     X  
    sky130_fd_sc_hd__a22o_4                    B2  
    sky130_fd_sc_hd__a22o_4                    B1  
    sky130_fd_sc_hd__a22o_4                    A2  
    sky130_fd_sc_hd__a22o_4                    A1  
    sky130_fd_sc_hd__a22oi_1                     Y  
    sky130_fd_sc_hd__a22oi_1                    B2  
    sky130_fd_sc_hd__a22oi_1                    B1  
    sky130_fd_sc_hd__a22oi_1                    A2  
    sky130_fd_sc_hd__a22oi_1                    A1  
    sky130_fd_sc_hd__a22oi_2                     Y  
    sky130_fd_sc_hd__a22oi_2                    B2  
    sky130_fd_sc_hd__a22oi_2                    B1  
    sky130_fd_sc_hd__a22oi_2                    A2  
    sky130_fd_sc_hd__a22oi_2                    A1  
    sky130_fd_sc_hd__a22oi_4                     Y  
    sky130_fd_sc_hd__a22oi_4                    B2  
    sky130_fd_sc_hd__a22oi_4                    B1  
    sky130_fd_sc_hd__a22oi_4                    A2  
    sky130_fd_sc_hd__a22oi_4                    A1  
    sky130_fd_sc_hd__a31o_1                     X  
    sky130_fd_sc_hd__a31o_1                    B1  
    sky130_fd_sc_hd__a31o_1                    A3  
    sky130_fd_sc_hd__a31o_1                    A2  
    sky130_fd_sc_hd__a31o_1                    A1  
    sky130_fd_sc_hd__a31o_2                     X  
    sky130_fd_sc_hd__a31o_2                    B1  
    sky130_fd_sc_hd__a31o_2                    A3  
    sky130_fd_sc_hd__a31o_2                    A2  
    sky130_fd_sc_hd__a31o_2                    A1  
    sky130_fd_sc_hd__a31o_4                     X  
    sky130_fd_sc_hd__a31o_4                    B1  
    sky130_fd_sc_hd__a31o_4                    A3  
    sky130_fd_sc_hd__a31o_4                    A2  
    sky130_fd_sc_hd__a31o_4                    A1  
    sky130_fd_sc_hd__a31oi_1                     Y  
    sky130_fd_sc_hd__a31oi_1                    B1  
    sky130_fd_sc_hd__a31oi_1                    A3  
    sky130_fd_sc_hd__a31oi_1                    A2  
    sky130_fd_sc_hd__a31oi_1                    A1  
    sky130_fd_sc_hd__a31oi_2                     Y  
    sky130_fd_sc_hd__a31oi_2                    B1  
    sky130_fd_sc_hd__a31oi_2                    A3  
    sky130_fd_sc_hd__a31oi_2                    A2  
    sky130_fd_sc_hd__a31oi_2                    A1  
    sky130_fd_sc_hd__a31oi_4                     Y  
    sky130_fd_sc_hd__a31oi_4                    B1  
    sky130_fd_sc_hd__a31oi_4                    A3  
    sky130_fd_sc_hd__a31oi_4                    A2  
    sky130_fd_sc_hd__a31oi_4                    A1  
    sky130_fd_sc_hd__a32o_1                     X  
    sky130_fd_sc_hd__a32o_1                    B2  
    sky130_fd_sc_hd__a32o_1                    B1  
    sky130_fd_sc_hd__a32o_1                    A3  
    sky130_fd_sc_hd__a32o_1                    A2  
    sky130_fd_sc_hd__a32o_1                    A1  
    sky130_fd_sc_hd__a32o_2                     X  
    sky130_fd_sc_hd__a32o_2                    B2  
    sky130_fd_sc_hd__a32o_2                    B1  
    sky130_fd_sc_hd__a32o_2                    A3  
    sky130_fd_sc_hd__a32o_2                    A2  
    sky130_fd_sc_hd__a32o_2                    A1  
    sky130_fd_sc_hd__a32o_4                     X  
    sky130_fd_sc_hd__a32o_4                    B2  
    sky130_fd_sc_hd__a32o_4                    B1  
    sky130_fd_sc_hd__a32o_4                    A3  
    sky130_fd_sc_hd__a32o_4                    A2  
    sky130_fd_sc_hd__a32o_4                    A1  
    sky130_fd_sc_hd__a32oi_1                     Y  
    sky130_fd_sc_hd__a32oi_1                    B2  
    sky130_fd_sc_hd__a32oi_1                    B1  
    sky130_fd_sc_hd__a32oi_1                    A3  
    sky130_fd_sc_hd__a32oi_1                    A2  
    sky130_fd_sc_hd__a32oi_1                    A1  
    sky130_fd_sc_hd__a32oi_2                     Y  
    sky130_fd_sc_hd__a32oi_2                    B2  
    sky130_fd_sc_hd__a32oi_2                    B1  
    sky130_fd_sc_hd__a32oi_2                    A3  
    sky130_fd_sc_hd__a32oi_2                    A2  
    sky130_fd_sc_hd__a32oi_2                    A1  
    sky130_fd_sc_hd__a32oi_4                     Y  
    sky130_fd_sc_hd__a32oi_4                    B2  
    sky130_fd_sc_hd__a32oi_4                    B1  
    sky130_fd_sc_hd__a32oi_4                    A3  
    sky130_fd_sc_hd__a32oi_4                    A2  
    sky130_fd_sc_hd__a32oi_4                    A1  
    sky130_fd_sc_hd__a41o_1                     X  
    sky130_fd_sc_hd__a41o_1                    B1  
    sky130_fd_sc_hd__a41o_1                    A4  
    sky130_fd_sc_hd__a41o_1                    A3  
    sky130_fd_sc_hd__a41o_1                    A2  
    sky130_fd_sc_hd__a41o_1                    A1  
    sky130_fd_sc_hd__a41o_2                     X  
    sky130_fd_sc_hd__a41o_2                    B1  
    sky130_fd_sc_hd__a41o_2                    A4  
    sky130_fd_sc_hd__a41o_2                    A3  
    sky130_fd_sc_hd__a41o_2                    A2  
    sky130_fd_sc_hd__a41o_2                    A1  
    sky130_fd_sc_hd__a41o_4                     X  
    sky130_fd_sc_hd__a41o_4                    B1  
    sky130_fd_sc_hd__a41o_4                    A4  
    sky130_fd_sc_hd__a41o_4                    A3  
    sky130_fd_sc_hd__a41o_4                    A2  
    sky130_fd_sc_hd__a41o_4                    A1  
    sky130_fd_sc_hd__a41oi_1                     Y  
    sky130_fd_sc_hd__a41oi_1                    B1  
    sky130_fd_sc_hd__a41oi_1                    A4  
    sky130_fd_sc_hd__a41oi_1                    A3  
    sky130_fd_sc_hd__a41oi_1                    A2  
    sky130_fd_sc_hd__a41oi_1                    A1  
    sky130_fd_sc_hd__a41oi_2                     Y  
    sky130_fd_sc_hd__a41oi_2                    B1  
    sky130_fd_sc_hd__a41oi_2                    A4  
    sky130_fd_sc_hd__a41oi_2                    A3  
    sky130_fd_sc_hd__a41oi_2                    A2  
    sky130_fd_sc_hd__a41oi_2                    A1  
    sky130_fd_sc_hd__a41oi_4                     Y  
    sky130_fd_sc_hd__a41oi_4                    B1  
    sky130_fd_sc_hd__a41oi_4                    A4  
    sky130_fd_sc_hd__a41oi_4                    A3  
    sky130_fd_sc_hd__a41oi_4                    A2  
    sky130_fd_sc_hd__a41oi_4                    A1  
    sky130_fd_sc_hd__a211o_1                     X  
    sky130_fd_sc_hd__a211o_1                    C1  
    sky130_fd_sc_hd__a211o_1                    B1  
    sky130_fd_sc_hd__a211o_1                    A2  
    sky130_fd_sc_hd__a211o_1                    A1  
    sky130_fd_sc_hd__a211o_2                     X  
    sky130_fd_sc_hd__a211o_2                    C1  
    sky130_fd_sc_hd__a211o_2                    B1  
    sky130_fd_sc_hd__a211o_2                    A2  
    sky130_fd_sc_hd__a211o_2                    A1  
    sky130_fd_sc_hd__a211o_4                     X  
    sky130_fd_sc_hd__a211o_4                    C1  
    sky130_fd_sc_hd__a211o_4                    B1  
    sky130_fd_sc_hd__a211o_4                    A2  
    sky130_fd_sc_hd__a211o_4                    A1  
    sky130_fd_sc_hd__a211oi_1                     Y  
    sky130_fd_sc_hd__a211oi_1                    C1  
    sky130_fd_sc_hd__a211oi_1                    B1  
    sky130_fd_sc_hd__a211oi_1                    A2  
    sky130_fd_sc_hd__a211oi_1                    A1  
    sky130_fd_sc_hd__a211oi_2                     Y  
    sky130_fd_sc_hd__a211oi_2                    C1  
    sky130_fd_sc_hd__a211oi_2                    B1  
    sky130_fd_sc_hd__a211oi_2                    A2  
    sky130_fd_sc_hd__a211oi_2                    A1  
    sky130_fd_sc_hd__a211oi_4                     Y  
    sky130_fd_sc_hd__a211oi_4                    C1  
    sky130_fd_sc_hd__a211oi_4                    B1  
    sky130_fd_sc_hd__a211oi_4                    A2  
    sky130_fd_sc_hd__a211oi_4                    A1  
    sky130_fd_sc_hd__a221o_1                     X  
    sky130_fd_sc_hd__a221o_1                    C1  
    sky130_fd_sc_hd__a221o_1                    B2  
    sky130_fd_sc_hd__a221o_1                    B1  
    sky130_fd_sc_hd__a221o_1                    A2  
    sky130_fd_sc_hd__a221o_1                    A1  
    sky130_fd_sc_hd__a221o_2                     X  
    sky130_fd_sc_hd__a221o_2                    C1  
    sky130_fd_sc_hd__a221o_2                    B2  
    sky130_fd_sc_hd__a221o_2                    B1  
    sky130_fd_sc_hd__a221o_2                    A2  
    sky130_fd_sc_hd__a221o_2                    A1  
    sky130_fd_sc_hd__a221o_4                     X  
    sky130_fd_sc_hd__a221o_4                    C1  
    sky130_fd_sc_hd__a221o_4                    B2  
    sky130_fd_sc_hd__a221o_4                    B1  
    sky130_fd_sc_hd__a221o_4                    A2  
    sky130_fd_sc_hd__a221o_4                    A1  
    sky130_fd_sc_hd__a221oi_1                     Y  
    sky130_fd_sc_hd__a221oi_1                    C1  
    sky130_fd_sc_hd__a221oi_1                    B2  
    sky130_fd_sc_hd__a221oi_1                    B1  
    sky130_fd_sc_hd__a221oi_1                    A2  
    sky130_fd_sc_hd__a221oi_1                    A1  
    sky130_fd_sc_hd__a221oi_2                     Y  
    sky130_fd_sc_hd__a221oi_2                    C1  
    sky130_fd_sc_hd__a221oi_2                    B2  
    sky130_fd_sc_hd__a221oi_2                    B1  
    sky130_fd_sc_hd__a221oi_2                    A2  
    sky130_fd_sc_hd__a221oi_2                    A1  
    sky130_fd_sc_hd__a221oi_4                     Y  
    sky130_fd_sc_hd__a221oi_4                    C1  
    sky130_fd_sc_hd__a221oi_4                    B2  
    sky130_fd_sc_hd__a221oi_4                    B1  
    sky130_fd_sc_hd__a221oi_4                    A2  
    sky130_fd_sc_hd__a221oi_4                    A1  
    sky130_fd_sc_hd__a222oi_1                     Y  
    sky130_fd_sc_hd__a222oi_1                    C2  
    sky130_fd_sc_hd__a222oi_1                    C1  
    sky130_fd_sc_hd__a222oi_1                    B2  
    sky130_fd_sc_hd__a222oi_1                    B1  
    sky130_fd_sc_hd__a222oi_1                    A2  
    sky130_fd_sc_hd__a222oi_1                    A1  
    sky130_fd_sc_hd__a311o_1                     X  
    sky130_fd_sc_hd__a311o_1                    C1  
    sky130_fd_sc_hd__a311o_1                    B1  
    sky130_fd_sc_hd__a311o_1                    A3  
    sky130_fd_sc_hd__a311o_1                    A2  
    sky130_fd_sc_hd__a311o_1                    A1  
    sky130_fd_sc_hd__a311o_2                     X  
    sky130_fd_sc_hd__a311o_2                    C1  
    sky130_fd_sc_hd__a311o_2                    B1  
    sky130_fd_sc_hd__a311o_2                    A3  
    sky130_fd_sc_hd__a311o_2                    A2  
    sky130_fd_sc_hd__a311o_2                    A1  
    sky130_fd_sc_hd__a311o_4                     X  
    sky130_fd_sc_hd__a311o_4                    C1  
    sky130_fd_sc_hd__a311o_4                    B1  
    sky130_fd_sc_hd__a311o_4                    A3  
    sky130_fd_sc_hd__a311o_4                    A2  
    sky130_fd_sc_hd__a311o_4                    A1  
    sky130_fd_sc_hd__a311oi_1                     Y  
    sky130_fd_sc_hd__a311oi_1                    C1  
    sky130_fd_sc_hd__a311oi_1                    B1  
    sky130_fd_sc_hd__a311oi_1                    A3  
    sky130_fd_sc_hd__a311oi_1                    A2  
    sky130_fd_sc_hd__a311oi_1                    A1  
    sky130_fd_sc_hd__a311oi_2                     Y  
    sky130_fd_sc_hd__a311oi_2                    C1  
    sky130_fd_sc_hd__a311oi_2                    B1  
    sky130_fd_sc_hd__a311oi_2                    A3  
    sky130_fd_sc_hd__a311oi_2                    A2  
    sky130_fd_sc_hd__a311oi_2                    A1  
    sky130_fd_sc_hd__a311oi_4                     Y  
    sky130_fd_sc_hd__a311oi_4                    C1  
    sky130_fd_sc_hd__a311oi_4                    B1  
    sky130_fd_sc_hd__a311oi_4                    A3  
    sky130_fd_sc_hd__a311oi_4                    A2  
    sky130_fd_sc_hd__a311oi_4                    A1  
    sky130_fd_sc_hd__a2111o_1                     X  
    sky130_fd_sc_hd__a2111o_1                    D1  
    sky130_fd_sc_hd__a2111o_1                    C1  
    sky130_fd_sc_hd__a2111o_1                    B1  
    sky130_fd_sc_hd__a2111o_1                    A2  
    sky130_fd_sc_hd__a2111o_1                    A1  
    sky130_fd_sc_hd__a2111o_2                     X  
    sky130_fd_sc_hd__a2111o_2                    D1  
    sky130_fd_sc_hd__a2111o_2                    C1  
    sky130_fd_sc_hd__a2111o_2                    B1  
    sky130_fd_sc_hd__a2111o_2                    A2  
    sky130_fd_sc_hd__a2111o_2                    A1  
    sky130_fd_sc_hd__a2111o_4                     X  
    sky130_fd_sc_hd__a2111o_4                    D1  
    sky130_fd_sc_hd__a2111o_4                    C1  
    sky130_fd_sc_hd__a2111o_4                    B1  
    sky130_fd_sc_hd__a2111o_4                    A2  
    sky130_fd_sc_hd__a2111o_4                    A1  
    sky130_fd_sc_hd__a2111oi_0                     Y  
    sky130_fd_sc_hd__a2111oi_0                    D1  
    sky130_fd_sc_hd__a2111oi_0                    C1  
    sky130_fd_sc_hd__a2111oi_0                    B1  
    sky130_fd_sc_hd__a2111oi_0                    A2  
    sky130_fd_sc_hd__a2111oi_0                    A1  
    sky130_fd_sc_hd__a2111oi_1                     Y  
    sky130_fd_sc_hd__a2111oi_1                    D1  
    sky130_fd_sc_hd__a2111oi_1                    C1  
    sky130_fd_sc_hd__a2111oi_1                    B1  
    sky130_fd_sc_hd__a2111oi_1                    A2  
    sky130_fd_sc_hd__a2111oi_1                    A1  
    sky130_fd_sc_hd__a2111oi_2                     Y  
    sky130_fd_sc_hd__a2111oi_2                    D1  
    sky130_fd_sc_hd__a2111oi_2                    C1  
    sky130_fd_sc_hd__a2111oi_2                    B1  
    sky130_fd_sc_hd__a2111oi_2                    A2  
    sky130_fd_sc_hd__a2111oi_2                    A1  
    sky130_fd_sc_hd__a2111oi_4                     Y  
    sky130_fd_sc_hd__a2111oi_4                    D1  
    sky130_fd_sc_hd__a2111oi_4                    C1  
    sky130_fd_sc_hd__a2111oi_4                    B1  
    sky130_fd_sc_hd__a2111oi_4                    A2  
    sky130_fd_sc_hd__a2111oi_4                    A1  
    sky130_fd_sc_hd__and2_0                     X  
    sky130_fd_sc_hd__and2_0                     B  
    sky130_fd_sc_hd__and2_0                     A  
    sky130_fd_sc_hd__and2_1                     X  
    sky130_fd_sc_hd__and2_1                     B  
    sky130_fd_sc_hd__and2_1                     A  
    sky130_fd_sc_hd__and2_2                     X  
    sky130_fd_sc_hd__and2_2                     B  
    sky130_fd_sc_hd__and2_2                     A  
    sky130_fd_sc_hd__and2_4                     X  
    sky130_fd_sc_hd__and2_4                     B  
    sky130_fd_sc_hd__and2_4                     A  
    sky130_fd_sc_hd__and2b_1                     X  
    sky130_fd_sc_hd__and2b_1                     B  
    sky130_fd_sc_hd__and2b_1                   A_N  
    sky130_fd_sc_hd__and2b_2                     X  
    sky130_fd_sc_hd__and2b_2                     B  
    sky130_fd_sc_hd__and2b_2                   A_N  
    sky130_fd_sc_hd__and2b_4                     X  
    sky130_fd_sc_hd__and2b_4                     B  
    sky130_fd_sc_hd__and2b_4                   A_N  
    sky130_fd_sc_hd__and3_1                     X  
    sky130_fd_sc_hd__and3_1                     C  
    sky130_fd_sc_hd__and3_1                     B  
    sky130_fd_sc_hd__and3_1                     A  
    sky130_fd_sc_hd__and3_2                     X  
    sky130_fd_sc_hd__and3_2                     C  
    sky130_fd_sc_hd__and3_2                     B  
    sky130_fd_sc_hd__and3_2                     A  
    sky130_fd_sc_hd__and3_4                     X  
    sky130_fd_sc_hd__and3_4                     C  
    sky130_fd_sc_hd__and3_4                     B  
    sky130_fd_sc_hd__and3_4                     A  
    sky130_fd_sc_hd__and3b_1                     X  
    sky130_fd_sc_hd__and3b_1                     C  
    sky130_fd_sc_hd__and3b_1                     B  
    sky130_fd_sc_hd__and3b_1                   A_N  
    sky130_fd_sc_hd__and3b_2                     X  
    sky130_fd_sc_hd__and3b_2                     C  
    sky130_fd_sc_hd__and3b_2                     B  
    sky130_fd_sc_hd__and3b_2                   A_N  
    sky130_fd_sc_hd__and3b_4                     X  
    sky130_fd_sc_hd__and3b_4                     C  
    sky130_fd_sc_hd__and3b_4                     B  
    sky130_fd_sc_hd__and3b_4                   A_N  
    sky130_fd_sc_hd__and4_1                     X  
    sky130_fd_sc_hd__and4_1                     D  
    sky130_fd_sc_hd__and4_1                     C  
    sky130_fd_sc_hd__and4_1                     B  
    sky130_fd_sc_hd__and4_1                     A  
    sky130_fd_sc_hd__and4_2                     X  
    sky130_fd_sc_hd__and4_2                     D  
    sky130_fd_sc_hd__and4_2                     C  
    sky130_fd_sc_hd__and4_2                     B  
    sky130_fd_sc_hd__and4_2                     A  
    sky130_fd_sc_hd__and4_4                     X  
    sky130_fd_sc_hd__and4_4                     D  
    sky130_fd_sc_hd__and4_4                     C  
    sky130_fd_sc_hd__and4_4                     B  
    sky130_fd_sc_hd__and4_4                     A  
    sky130_fd_sc_hd__and4b_1                     X  
    sky130_fd_sc_hd__and4b_1                     D  
    sky130_fd_sc_hd__and4b_1                     C  
    sky130_fd_sc_hd__and4b_1                     B  
    sky130_fd_sc_hd__and4b_1                   A_N  
    sky130_fd_sc_hd__and4b_2                     X  
    sky130_fd_sc_hd__and4b_2                     D  
    sky130_fd_sc_hd__and4b_2                     C  
    sky130_fd_sc_hd__and4b_2                     B  
    sky130_fd_sc_hd__and4b_2                   A_N  
    sky130_fd_sc_hd__and4b_4                     X  
    sky130_fd_sc_hd__and4b_4                     D  
    sky130_fd_sc_hd__and4b_4                     C  
    sky130_fd_sc_hd__and4b_4                     B  
    sky130_fd_sc_hd__and4b_4                   A_N  
    sky130_fd_sc_hd__and4bb_1                     X  
    sky130_fd_sc_hd__and4bb_1                     D  
    sky130_fd_sc_hd__and4bb_1                     C  
    sky130_fd_sc_hd__and4bb_1                   B_N  
    sky130_fd_sc_hd__and4bb_1                   A_N  
    sky130_fd_sc_hd__and4bb_2                     X  
    sky130_fd_sc_hd__and4bb_2                     D  
    sky130_fd_sc_hd__and4bb_2                     C  
    sky130_fd_sc_hd__and4bb_2                   B_N  
    sky130_fd_sc_hd__and4bb_2                   A_N  
    sky130_fd_sc_hd__and4bb_4                     X  
    sky130_fd_sc_hd__and4bb_4                     D  
    sky130_fd_sc_hd__and4bb_4                     C  
    sky130_fd_sc_hd__and4bb_4                   B_N  
    sky130_fd_sc_hd__and4bb_4                   A_N  
    sky130_fd_sc_hd__buf_1                     X  
    sky130_fd_sc_hd__buf_1                     A  
    sky130_fd_sc_hd__buf_2                     X  
    sky130_fd_sc_hd__buf_2                     A  
    sky130_fd_sc_hd__buf_4                     X  
    sky130_fd_sc_hd__buf_4                     A  
    sky130_fd_sc_hd__buf_6                     X  
    sky130_fd_sc_hd__buf_6                     A  
    sky130_fd_sc_hd__buf_8                     X  
    sky130_fd_sc_hd__buf_8                     A  
    sky130_fd_sc_hd__buf_12                     X  
    sky130_fd_sc_hd__buf_12                     A  
    sky130_fd_sc_hd__buf_16                     X  
    sky130_fd_sc_hd__buf_16                     A  
    sky130_fd_sc_hd__bufbuf_8                     X  
    sky130_fd_sc_hd__bufbuf_8                     A  
    sky130_fd_sc_hd__bufbuf_16                     X  
    sky130_fd_sc_hd__bufbuf_16                     A  
    sky130_fd_sc_hd__bufinv_8                     Y  
    sky130_fd_sc_hd__bufinv_8                     A  
    sky130_fd_sc_hd__bufinv_16                     Y  
    sky130_fd_sc_hd__bufinv_16                     A  
    sky130_fd_sc_hd__clkbuf_1                     X  
    sky130_fd_sc_hd__clkbuf_1                     A  
    sky130_fd_sc_hd__clkbuf_2                     X  
    sky130_fd_sc_hd__clkbuf_2                     A  
    sky130_fd_sc_hd__clkbuf_4                     X  
    sky130_fd_sc_hd__clkbuf_4                     A  
    sky130_fd_sc_hd__clkbuf_8                     X  
    sky130_fd_sc_hd__clkbuf_8                     A  
    sky130_fd_sc_hd__clkbuf_16                     X  
    sky130_fd_sc_hd__clkbuf_16                     A  
    sky130_fd_sc_hd__clkdlybuf4s15_1                     X  
    sky130_fd_sc_hd__clkdlybuf4s15_1                     A  
    sky130_fd_sc_hd__clkdlybuf4s15_2                     X  
    sky130_fd_sc_hd__clkdlybuf4s15_2                     A  
    sky130_fd_sc_hd__clkdlybuf4s18_1                     X  
    sky130_fd_sc_hd__clkdlybuf4s18_1                     A  
    sky130_fd_sc_hd__clkdlybuf4s18_2                     X  
    sky130_fd_sc_hd__clkdlybuf4s18_2                     A  
    sky130_fd_sc_hd__clkdlybuf4s25_1                     X  
    sky130_fd_sc_hd__clkdlybuf4s25_1                     A  
    sky130_fd_sc_hd__clkdlybuf4s25_2                     X  
    sky130_fd_sc_hd__clkdlybuf4s25_2                     A  
    sky130_fd_sc_hd__clkdlybuf4s50_1                     X  
    sky130_fd_sc_hd__clkdlybuf4s50_1                     A  
    sky130_fd_sc_hd__clkdlybuf4s50_2                     X  
    sky130_fd_sc_hd__clkdlybuf4s50_2                     A  
    sky130_fd_sc_hd__clkinv_1                     Y  
    sky130_fd_sc_hd__clkinv_1                     A  
    sky130_fd_sc_hd__clkinv_2                     Y  
    sky130_fd_sc_hd__clkinv_2                     A  
    sky130_fd_sc_hd__clkinv_4                     Y  
    sky130_fd_sc_hd__clkinv_4                     A  
    sky130_fd_sc_hd__clkinv_8                     Y  
    sky130_fd_sc_hd__clkinv_8                     A  
    sky130_fd_sc_hd__clkinv_16                     Y  
    sky130_fd_sc_hd__clkinv_16                     A  
    sky130_fd_sc_hd__clkinvlp_2                     Y  
    sky130_fd_sc_hd__clkinvlp_2                     A  
    sky130_fd_sc_hd__clkinvlp_4                     Y  
    sky130_fd_sc_hd__clkinvlp_4                     A  
    sky130_fd_sc_hd__dfbbn_1                 SET_B  
    sky130_fd_sc_hd__dfbbn_1               RESET_B  
    sky130_fd_sc_hd__dfbbn_1                   Q_N  
    sky130_fd_sc_hd__dfbbn_1                     Q  
    sky130_fd_sc_hd__dfbbn_1                     D  
    sky130_fd_sc_hd__dfbbn_1                 CLK_N  
    sky130_fd_sc_hd__dfbbn_2                 SET_B  
    sky130_fd_sc_hd__dfbbn_2               RESET_B  
    sky130_fd_sc_hd__dfbbn_2                   Q_N  
    sky130_fd_sc_hd__dfbbn_2                     Q  
    sky130_fd_sc_hd__dfbbn_2                     D  
    sky130_fd_sc_hd__dfbbn_2                 CLK_N  
    sky130_fd_sc_hd__dfbbp_1                 SET_B  
    sky130_fd_sc_hd__dfbbp_1               RESET_B  
    sky130_fd_sc_hd__dfbbp_1                   Q_N  
    sky130_fd_sc_hd__dfbbp_1                     Q  
    sky130_fd_sc_hd__dfbbp_1                     D  
    sky130_fd_sc_hd__dfbbp_1                   CLK  
    sky130_fd_sc_hd__dfrbp_1               RESET_B  
    sky130_fd_sc_hd__dfrbp_1                   Q_N  
    sky130_fd_sc_hd__dfrbp_1                     Q  
    sky130_fd_sc_hd__dfrbp_1                     D  
    sky130_fd_sc_hd__dfrbp_1                   CLK  
    sky130_fd_sc_hd__dfrbp_2               RESET_B  
    sky130_fd_sc_hd__dfrbp_2                   Q_N  
    sky130_fd_sc_hd__dfrbp_2                     Q  
    sky130_fd_sc_hd__dfrbp_2                     D  
    sky130_fd_sc_hd__dfrbp_2                   CLK  
    sky130_fd_sc_hd__dfrtn_1               RESET_B  
    sky130_fd_sc_hd__dfrtn_1                     Q  
    sky130_fd_sc_hd__dfrtn_1                     D  
    sky130_fd_sc_hd__dfrtn_1                 CLK_N  
    sky130_fd_sc_hd__dfrtp_1               RESET_B  
    sky130_fd_sc_hd__dfrtp_1                     Q  
    sky130_fd_sc_hd__dfrtp_1                     D  
    sky130_fd_sc_hd__dfrtp_1                   CLK  
    sky130_fd_sc_hd__dfrtp_2               RESET_B  
    sky130_fd_sc_hd__dfrtp_2                     Q  
    sky130_fd_sc_hd__dfrtp_2                     D  
    sky130_fd_sc_hd__dfrtp_2                   CLK  
    sky130_fd_sc_hd__dfrtp_4               RESET_B  
    sky130_fd_sc_hd__dfrtp_4                     Q  
    sky130_fd_sc_hd__dfrtp_4                     D  
    sky130_fd_sc_hd__dfrtp_4                   CLK  
    sky130_fd_sc_hd__dfsbp_1                 SET_B  
    sky130_fd_sc_hd__dfsbp_1                   Q_N  
    sky130_fd_sc_hd__dfsbp_1                     Q  
    sky130_fd_sc_hd__dfsbp_1                     D  
    sky130_fd_sc_hd__dfsbp_1                   CLK  
    sky130_fd_sc_hd__dfsbp_2                 SET_B  
    sky130_fd_sc_hd__dfsbp_2                   Q_N  
    sky130_fd_sc_hd__dfsbp_2                     Q  
    sky130_fd_sc_hd__dfsbp_2                     D  
    sky130_fd_sc_hd__dfsbp_2                   CLK  
    sky130_fd_sc_hd__dfstp_1                 SET_B  
    sky130_fd_sc_hd__dfstp_1                     Q  
    sky130_fd_sc_hd__dfstp_1                     D  
    sky130_fd_sc_hd__dfstp_1                   CLK  
    sky130_fd_sc_hd__dfstp_2                 SET_B  
    sky130_fd_sc_hd__dfstp_2                     Q  
    sky130_fd_sc_hd__dfstp_2                     D  
    sky130_fd_sc_hd__dfstp_2                   CLK  
    sky130_fd_sc_hd__dfstp_4                 SET_B  
    sky130_fd_sc_hd__dfstp_4                     Q  
    sky130_fd_sc_hd__dfstp_4                     D  
    sky130_fd_sc_hd__dfstp_4                   CLK  
    sky130_fd_sc_hd__dfxbp_1                   Q_N  
    sky130_fd_sc_hd__dfxbp_1                     Q  
    sky130_fd_sc_hd__dfxbp_1                     D  
    sky130_fd_sc_hd__dfxbp_1                   CLK  
    sky130_fd_sc_hd__dfxbp_2                   Q_N  
    sky130_fd_sc_hd__dfxbp_2                     Q  
    sky130_fd_sc_hd__dfxbp_2                     D  
    sky130_fd_sc_hd__dfxbp_2                   CLK  
    sky130_fd_sc_hd__dfxtp_1                     Q  
    sky130_fd_sc_hd__dfxtp_1                     D  
    sky130_fd_sc_hd__dfxtp_1                   CLK  
    sky130_fd_sc_hd__dfxtp_2                     Q  
    sky130_fd_sc_hd__dfxtp_2                     D  
    sky130_fd_sc_hd__dfxtp_2                   CLK  
    sky130_fd_sc_hd__dfxtp_4                     Q  
    sky130_fd_sc_hd__dfxtp_4                     D  
    sky130_fd_sc_hd__dfxtp_4                   CLK  
    sky130_fd_sc_hd__diode_2                 DIODE  
    sky130_fd_sc_hd__dlclkp_1                  GCLK  
    sky130_fd_sc_hd__dlclkp_1                  GATE  
    sky130_fd_sc_hd__dlclkp_1                   CLK  
    sky130_fd_sc_hd__dlclkp_2                  GCLK  
    sky130_fd_sc_hd__dlclkp_2                  GATE  
    sky130_fd_sc_hd__dlclkp_2                   CLK  
    sky130_fd_sc_hd__dlclkp_4                  GCLK  
    sky130_fd_sc_hd__dlclkp_4                  GATE  
    sky130_fd_sc_hd__dlclkp_4                   CLK  
    sky130_fd_sc_hd__dlrbn_1               RESET_B  
    sky130_fd_sc_hd__dlrbn_1                   Q_N  
    sky130_fd_sc_hd__dlrbn_1                     Q  
    sky130_fd_sc_hd__dlrbn_1                GATE_N  
    sky130_fd_sc_hd__dlrbn_1                     D  
    sky130_fd_sc_hd__dlrbn_2               RESET_B  
    sky130_fd_sc_hd__dlrbn_2                   Q_N  
    sky130_fd_sc_hd__dlrbn_2                     Q  
    sky130_fd_sc_hd__dlrbn_2                GATE_N  
    sky130_fd_sc_hd__dlrbn_2                     D  
    sky130_fd_sc_hd__dlrbp_1               RESET_B  
    sky130_fd_sc_hd__dlrbp_1                   Q_N  
    sky130_fd_sc_hd__dlrbp_1                     Q  
    sky130_fd_sc_hd__dlrbp_1                  GATE  
    sky130_fd_sc_hd__dlrbp_1                     D  
    sky130_fd_sc_hd__dlrbp_2               RESET_B  
    sky130_fd_sc_hd__dlrbp_2                   Q_N  
    sky130_fd_sc_hd__dlrbp_2                     Q  
    sky130_fd_sc_hd__dlrbp_2                  GATE  
    sky130_fd_sc_hd__dlrbp_2                     D  
    sky130_fd_sc_hd__dlrtn_1               RESET_B  
    sky130_fd_sc_hd__dlrtn_1                     Q  
    sky130_fd_sc_hd__dlrtn_1                GATE_N  
    sky130_fd_sc_hd__dlrtn_1                     D  
    sky130_fd_sc_hd__dlrtn_2               RESET_B  
    sky130_fd_sc_hd__dlrtn_2                     Q  
    sky130_fd_sc_hd__dlrtn_2                GATE_N  
    sky130_fd_sc_hd__dlrtn_2                     D  
    sky130_fd_sc_hd__dlrtn_4               RESET_B  
    sky130_fd_sc_hd__dlrtn_4                     Q  
    sky130_fd_sc_hd__dlrtn_4                GATE_N  
    sky130_fd_sc_hd__dlrtn_4                     D  
    sky130_fd_sc_hd__dlrtp_1               RESET_B  
    sky130_fd_sc_hd__dlrtp_1                     Q  
    sky130_fd_sc_hd__dlrtp_1                  GATE  
    sky130_fd_sc_hd__dlrtp_1                     D  
    sky130_fd_sc_hd__dlrtp_2               RESET_B  
    sky130_fd_sc_hd__dlrtp_2                     Q  
    sky130_fd_sc_hd__dlrtp_2                  GATE  
    sky130_fd_sc_hd__dlrtp_2                     D  
    sky130_fd_sc_hd__dlrtp_4               RESET_B  
    sky130_fd_sc_hd__dlrtp_4                     Q  
    sky130_fd_sc_hd__dlrtp_4                  GATE  
    sky130_fd_sc_hd__dlrtp_4                     D  
    sky130_fd_sc_hd__dlxbn_1                   Q_N  
    sky130_fd_sc_hd__dlxbn_1                     Q  
    sky130_fd_sc_hd__dlxbn_1                GATE_N  
    sky130_fd_sc_hd__dlxbn_1                     D  
    sky130_fd_sc_hd__dlxbn_2                   Q_N  
    sky130_fd_sc_hd__dlxbn_2                     Q  
    sky130_fd_sc_hd__dlxbn_2                GATE_N  
    sky130_fd_sc_hd__dlxbn_2                     D  
    sky130_fd_sc_hd__dlxbp_1                   Q_N  
    sky130_fd_sc_hd__dlxbp_1                     Q  
    sky130_fd_sc_hd__dlxbp_1                  GATE  
    sky130_fd_sc_hd__dlxbp_1                     D  
    sky130_fd_sc_hd__dlxtn_1                     Q  
    sky130_fd_sc_hd__dlxtn_1                GATE_N  
    sky130_fd_sc_hd__dlxtn_1                     D  
    sky130_fd_sc_hd__dlxtn_2                     Q  
    sky130_fd_sc_hd__dlxtn_2                GATE_N  
    sky130_fd_sc_hd__dlxtn_2                     D  
    sky130_fd_sc_hd__dlxtn_4                     Q  
    sky130_fd_sc_hd__dlxtn_4                GATE_N  
    sky130_fd_sc_hd__dlxtn_4                     D  
    sky130_fd_sc_hd__dlxtp_1                     Q  
    sky130_fd_sc_hd__dlxtp_1                  GATE  
    sky130_fd_sc_hd__dlxtp_1                     D  
    sky130_fd_sc_hd__dlygate4sd1_1                     X  
    sky130_fd_sc_hd__dlygate4sd1_1                     A  
    sky130_fd_sc_hd__dlygate4sd2_1                     X  
    sky130_fd_sc_hd__dlygate4sd2_1                     A  
    sky130_fd_sc_hd__dlygate4sd3_1                     X  
    sky130_fd_sc_hd__dlygate4sd3_1                     A  
    sky130_fd_sc_hd__dlymetal6s2s_1                     X  
    sky130_fd_sc_hd__dlymetal6s2s_1                     A  
    sky130_fd_sc_hd__dlymetal6s4s_1                     X  
    sky130_fd_sc_hd__dlymetal6s4s_1                     A  
    sky130_fd_sc_hd__dlymetal6s6s_1                     X  
    sky130_fd_sc_hd__dlymetal6s6s_1                     A  
    sky130_fd_sc_hd__ebufn_1                     Z  
    sky130_fd_sc_hd__ebufn_1                  TE_B  
    sky130_fd_sc_hd__ebufn_1                     A  
    sky130_fd_sc_hd__ebufn_2                     Z  
    sky130_fd_sc_hd__ebufn_2                  TE_B  
    sky130_fd_sc_hd__ebufn_2                     A  
    sky130_fd_sc_hd__ebufn_4                     Z  
    sky130_fd_sc_hd__ebufn_4                  TE_B  
    sky130_fd_sc_hd__ebufn_4                     A  
    sky130_fd_sc_hd__ebufn_8                     Z  
    sky130_fd_sc_hd__ebufn_8                  TE_B  
    sky130_fd_sc_hd__ebufn_8                     A  
    sky130_fd_sc_hd__edfxbp_1                   Q_N  
    sky130_fd_sc_hd__edfxbp_1                     Q  
    sky130_fd_sc_hd__edfxbp_1                    DE  
    sky130_fd_sc_hd__edfxbp_1                     D  
    sky130_fd_sc_hd__edfxbp_1                   CLK  
    sky130_fd_sc_hd__edfxtp_1                     Q  
    sky130_fd_sc_hd__edfxtp_1                    DE  
    sky130_fd_sc_hd__edfxtp_1                     D  
    sky130_fd_sc_hd__edfxtp_1                   CLK  
    sky130_fd_sc_hd__einvn_0                     Z  
    sky130_fd_sc_hd__einvn_0                  TE_B  
    sky130_fd_sc_hd__einvn_0                     A  
    sky130_fd_sc_hd__einvn_1                     Z  
    sky130_fd_sc_hd__einvn_1                  TE_B  
    sky130_fd_sc_hd__einvn_1                     A  
    sky130_fd_sc_hd__einvn_2                     Z  
    sky130_fd_sc_hd__einvn_2                  TE_B  
    sky130_fd_sc_hd__einvn_2                     A  
    sky130_fd_sc_hd__einvn_4                     Z  
    sky130_fd_sc_hd__einvn_4                  TE_B  
    sky130_fd_sc_hd__einvn_4                     A  
    sky130_fd_sc_hd__einvn_8                     Z  
    sky130_fd_sc_hd__einvn_8                  TE_B  
    sky130_fd_sc_hd__einvn_8                     A  
    sky130_fd_sc_hd__einvp_1                     Z  
    sky130_fd_sc_hd__einvp_1                    TE  
    sky130_fd_sc_hd__einvp_1                     A  
    sky130_fd_sc_hd__einvp_2                     Z  
    sky130_fd_sc_hd__einvp_2                    TE  
    sky130_fd_sc_hd__einvp_2                     A  
    sky130_fd_sc_hd__einvp_4                     Z  
    sky130_fd_sc_hd__einvp_4                    TE  
    sky130_fd_sc_hd__einvp_4                     A  
    sky130_fd_sc_hd__einvp_8                     Z  
    sky130_fd_sc_hd__einvp_8                    TE  
    sky130_fd_sc_hd__einvp_8                     A  
    sky130_fd_sc_hd__fa_1                   SUM  
    sky130_fd_sc_hd__fa_1                  COUT  
    sky130_fd_sc_hd__fa_1                   CIN  
    sky130_fd_sc_hd__fa_1                     B  
    sky130_fd_sc_hd__fa_1                     A  
    sky130_fd_sc_hd__fa_2                   SUM  
    sky130_fd_sc_hd__fa_2                  COUT  
    sky130_fd_sc_hd__fa_2                   CIN  
    sky130_fd_sc_hd__fa_2                     B  
    sky130_fd_sc_hd__fa_2                     A  
    sky130_fd_sc_hd__fa_4                   SUM  
    sky130_fd_sc_hd__fa_4                  COUT  
    sky130_fd_sc_hd__fa_4                   CIN  
    sky130_fd_sc_hd__fa_4                     B  
    sky130_fd_sc_hd__fa_4                     A  
    sky130_fd_sc_hd__fah_1                   SUM  
    sky130_fd_sc_hd__fah_1                  COUT  
    sky130_fd_sc_hd__fah_1                    CI  
    sky130_fd_sc_hd__fah_1                     B  
    sky130_fd_sc_hd__fah_1                     A  
    sky130_fd_sc_hd__fahcin_1                   SUM  
    sky130_fd_sc_hd__fahcin_1                  COUT  
    sky130_fd_sc_hd__fahcin_1                   CIN  
    sky130_fd_sc_hd__fahcin_1                     B  
    sky130_fd_sc_hd__fahcin_1                     A  
    sky130_fd_sc_hd__fahcon_1                   SUM  
    sky130_fd_sc_hd__fahcon_1                COUT_N  
    sky130_fd_sc_hd__fahcon_1                    CI  
    sky130_fd_sc_hd__fahcon_1                     B  
    sky130_fd_sc_hd__fahcon_1                     A  
    sky130_fd_sc_hd__ha_1                   SUM  
    sky130_fd_sc_hd__ha_1                  COUT  
    sky130_fd_sc_hd__ha_1                     B  
    sky130_fd_sc_hd__ha_1                     A  
    sky130_fd_sc_hd__ha_2                   SUM  
    sky130_fd_sc_hd__ha_2                  COUT  
    sky130_fd_sc_hd__ha_2                     B  
    sky130_fd_sc_hd__ha_2                     A  
    sky130_fd_sc_hd__ha_4                   SUM  
    sky130_fd_sc_hd__ha_4                  COUT  
    sky130_fd_sc_hd__ha_4                     B  
    sky130_fd_sc_hd__ha_4                     A  
    sky130_fd_sc_hd__inv_1                     Y  
    sky130_fd_sc_hd__inv_1                     A  
    sky130_fd_sc_hd__inv_2                     Y  
    sky130_fd_sc_hd__inv_2                     A  
    sky130_fd_sc_hd__inv_4                     Y  
    sky130_fd_sc_hd__inv_4                     A  
    sky130_fd_sc_hd__inv_6                     Y  
    sky130_fd_sc_hd__inv_6                     A  
    sky130_fd_sc_hd__inv_8                     Y  
    sky130_fd_sc_hd__inv_8                     A  
    sky130_fd_sc_hd__inv_12                     Y  
    sky130_fd_sc_hd__inv_12                     A  
    sky130_fd_sc_hd__inv_16                     Y  
    sky130_fd_sc_hd__inv_16                     A  
    sky130_fd_sc_hd__lpflow_bleeder_1                 SHORT  
    sky130_fd_sc_hd__lpflow_clkbufkapwr_1                     X  
    sky130_fd_sc_hd__lpflow_clkbufkapwr_1                     A  
    sky130_fd_sc_hd__lpflow_clkbufkapwr_2                     X  
    sky130_fd_sc_hd__lpflow_clkbufkapwr_2                     A  
    sky130_fd_sc_hd__lpflow_clkbufkapwr_4                     X  
    sky130_fd_sc_hd__lpflow_clkbufkapwr_4                     A  
    sky130_fd_sc_hd__lpflow_clkbufkapwr_8                     X  
    sky130_fd_sc_hd__lpflow_clkbufkapwr_8                     A  
    sky130_fd_sc_hd__lpflow_clkbufkapwr_16                     X  
    sky130_fd_sc_hd__lpflow_clkbufkapwr_16                     A  
    sky130_fd_sc_hd__lpflow_clkinvkapwr_1                     Y  
    sky130_fd_sc_hd__lpflow_clkinvkapwr_1                     A  
    sky130_fd_sc_hd__lpflow_clkinvkapwr_2                     Y  
    sky130_fd_sc_hd__lpflow_clkinvkapwr_2                     A  
    sky130_fd_sc_hd__lpflow_clkinvkapwr_4                     Y  
    sky130_fd_sc_hd__lpflow_clkinvkapwr_4                     A  
    sky130_fd_sc_hd__lpflow_clkinvkapwr_8                     Y  
    sky130_fd_sc_hd__lpflow_clkinvkapwr_8                     A  
    sky130_fd_sc_hd__lpflow_clkinvkapwr_16                     Y  
    sky130_fd_sc_hd__lpflow_clkinvkapwr_16                     A  
    sky130_fd_sc_hd__lpflow_inputiso0n_1                     X  
    sky130_fd_sc_hd__lpflow_inputiso0n_1               SLEEP_B  
    sky130_fd_sc_hd__lpflow_inputiso0n_1                     A  
    sky130_fd_sc_hd__lpflow_inputiso0p_1                     X  
    sky130_fd_sc_hd__lpflow_inputiso0p_1                 SLEEP  
    sky130_fd_sc_hd__lpflow_inputiso0p_1                     A  
    sky130_fd_sc_hd__lpflow_inputiso1n_1                     X  
    sky130_fd_sc_hd__lpflow_inputiso1n_1               SLEEP_B  
    sky130_fd_sc_hd__lpflow_inputiso1n_1                     A  
    sky130_fd_sc_hd__lpflow_inputiso1p_1                     X  
    sky130_fd_sc_hd__lpflow_inputiso1p_1                 SLEEP  
    sky130_fd_sc_hd__lpflow_inputiso1p_1                     A  
    sky130_fd_sc_hd__lpflow_inputisolatch_1               SLEEP_B  
    sky130_fd_sc_hd__lpflow_inputisolatch_1                     Q  
    sky130_fd_sc_hd__lpflow_inputisolatch_1                     D  
    sky130_fd_sc_hd__lpflow_isobufsrc_1                     X  
    sky130_fd_sc_hd__lpflow_isobufsrc_1                 SLEEP  
    sky130_fd_sc_hd__lpflow_isobufsrc_1                     A  
    sky130_fd_sc_hd__lpflow_isobufsrc_2                     X  
    sky130_fd_sc_hd__lpflow_isobufsrc_2                 SLEEP  
    sky130_fd_sc_hd__lpflow_isobufsrc_2                     A  
    sky130_fd_sc_hd__lpflow_isobufsrc_4                     X  
    sky130_fd_sc_hd__lpflow_isobufsrc_4                 SLEEP  
    sky130_fd_sc_hd__lpflow_isobufsrc_4                     A  
    sky130_fd_sc_hd__lpflow_isobufsrc_8                     X  
    sky130_fd_sc_hd__lpflow_isobufsrc_8                 SLEEP  
    sky130_fd_sc_hd__lpflow_isobufsrc_8                     A  
    sky130_fd_sc_hd__lpflow_isobufsrc_16                     X  
    sky130_fd_sc_hd__lpflow_isobufsrc_16                 SLEEP  
    sky130_fd_sc_hd__lpflow_isobufsrc_16                     A  
    sky130_fd_sc_hd__lpflow_isobufsrckapwr_16                     X  
    sky130_fd_sc_hd__lpflow_isobufsrckapwr_16                 SLEEP  
    sky130_fd_sc_hd__lpflow_isobufsrckapwr_16                     A  
    sky130_fd_sc_hd__lpflow_lsbuf_lh_hl_isowell_tap_1                     X  
    sky130_fd_sc_hd__lpflow_lsbuf_lh_hl_isowell_tap_1                     A  
    sky130_fd_sc_hd__lpflow_lsbuf_lh_hl_isowell_tap_2                     X  
    sky130_fd_sc_hd__lpflow_lsbuf_lh_hl_isowell_tap_2                     A  
    sky130_fd_sc_hd__lpflow_lsbuf_lh_hl_isowell_tap_4                     X  
    sky130_fd_sc_hd__lpflow_lsbuf_lh_hl_isowell_tap_4                     A  
    sky130_fd_sc_hd__lpflow_lsbuf_lh_isowell_4                     X  
    sky130_fd_sc_hd__lpflow_lsbuf_lh_isowell_4                     A  
    sky130_fd_sc_hd__lpflow_lsbuf_lh_isowell_tap_1                     X  
    sky130_fd_sc_hd__lpflow_lsbuf_lh_isowell_tap_1                     A  
    sky130_fd_sc_hd__lpflow_lsbuf_lh_isowell_tap_2                     X  
    sky130_fd_sc_hd__lpflow_lsbuf_lh_isowell_tap_2                     A  
    sky130_fd_sc_hd__lpflow_lsbuf_lh_isowell_tap_4                     X  
    sky130_fd_sc_hd__lpflow_lsbuf_lh_isowell_tap_4                     A  
    sky130_fd_sc_hd__macro_sparecell                    LO  
    sky130_fd_sc_hd__maj3_1                     X  
    sky130_fd_sc_hd__maj3_1                     C  
    sky130_fd_sc_hd__maj3_1                     B  
    sky130_fd_sc_hd__maj3_1                     A  
    sky130_fd_sc_hd__maj3_2                     X  
    sky130_fd_sc_hd__maj3_2                     C  
    sky130_fd_sc_hd__maj3_2                     B  
    sky130_fd_sc_hd__maj3_2                     A  
    sky130_fd_sc_hd__maj3_4                     X  
    sky130_fd_sc_hd__maj3_4                     C  
    sky130_fd_sc_hd__maj3_4                     B  
    sky130_fd_sc_hd__maj3_4                     A  
    sky130_fd_sc_hd__mux2_1                     X  
    sky130_fd_sc_hd__mux2_1                     S  
    sky130_fd_sc_hd__mux2_1                    A1  
    sky130_fd_sc_hd__mux2_1                    A0  
    sky130_fd_sc_hd__mux2_2                     X  
    sky130_fd_sc_hd__mux2_2                     S  
    sky130_fd_sc_hd__mux2_2                    A1  
    sky130_fd_sc_hd__mux2_2                    A0  
    sky130_fd_sc_hd__mux2_4                     X  
    sky130_fd_sc_hd__mux2_4                     S  
    sky130_fd_sc_hd__mux2_4                    A1  
    sky130_fd_sc_hd__mux2_4                    A0  
    sky130_fd_sc_hd__mux2_8                     X  
    sky130_fd_sc_hd__mux2_8                     S  
    sky130_fd_sc_hd__mux2_8                    A1  
    sky130_fd_sc_hd__mux2_8                    A0  
    sky130_fd_sc_hd__mux2i_1                     Y  
    sky130_fd_sc_hd__mux2i_1                     S  
    sky130_fd_sc_hd__mux2i_1                    A1  
    sky130_fd_sc_hd__mux2i_1                    A0  
    sky130_fd_sc_hd__mux2i_2                     Y  
    sky130_fd_sc_hd__mux2i_2                     S  
    sky130_fd_sc_hd__mux2i_2                    A1  
    sky130_fd_sc_hd__mux2i_2                    A0  
    sky130_fd_sc_hd__mux2i_4                     Y  
    sky130_fd_sc_hd__mux2i_4                     S  
    sky130_fd_sc_hd__mux2i_4                    A1  
    sky130_fd_sc_hd__mux2i_4                    A0  
    sky130_fd_sc_hd__mux4_1                     X  
    sky130_fd_sc_hd__mux4_1                    S1  
    sky130_fd_sc_hd__mux4_1                    S0  
    sky130_fd_sc_hd__mux4_1                    A3  
    sky130_fd_sc_hd__mux4_1                    A2  
    sky130_fd_sc_hd__mux4_1                    A1  
    sky130_fd_sc_hd__mux4_1                    A0  
    sky130_fd_sc_hd__mux4_2                     X  
    sky130_fd_sc_hd__mux4_2                    S1  
    sky130_fd_sc_hd__mux4_2                    S0  
    sky130_fd_sc_hd__mux4_2                    A3  
    sky130_fd_sc_hd__mux4_2                    A2  
    sky130_fd_sc_hd__mux4_2                    A1  
    sky130_fd_sc_hd__mux4_2                    A0  
    sky130_fd_sc_hd__mux4_4                     X  
    sky130_fd_sc_hd__mux4_4                    S1  
    sky130_fd_sc_hd__mux4_4                    S0  
    sky130_fd_sc_hd__mux4_4                    A3  
    sky130_fd_sc_hd__mux4_4                    A2  
    sky130_fd_sc_hd__mux4_4                    A1  
    sky130_fd_sc_hd__mux4_4                    A0  
    sky130_fd_sc_hd__nand2_1                     Y  
    sky130_fd_sc_hd__nand2_1                     B  
    sky130_fd_sc_hd__nand2_1                     A  
    sky130_fd_sc_hd__nand2_2                     Y  
    sky130_fd_sc_hd__nand2_2                     B  
    sky130_fd_sc_hd__nand2_2                     A  
    sky130_fd_sc_hd__nand2_4                     Y  
    sky130_fd_sc_hd__nand2_4                     B  
    sky130_fd_sc_hd__nand2_4                     A  
    sky130_fd_sc_hd__nand2_8                     Y  
    sky130_fd_sc_hd__nand2_8                     B  
    sky130_fd_sc_hd__nand2_8                     A  
    sky130_fd_sc_hd__nand2b_1                     Y  
    sky130_fd_sc_hd__nand2b_1                     B  
    sky130_fd_sc_hd__nand2b_1                   A_N  
    sky130_fd_sc_hd__nand2b_2                     Y  
    sky130_fd_sc_hd__nand2b_2                     B  
    sky130_fd_sc_hd__nand2b_2                   A_N  
    sky130_fd_sc_hd__nand2b_4                     Y  
    sky130_fd_sc_hd__nand2b_4                     B  
    sky130_fd_sc_hd__nand2b_4                   A_N  
    sky130_fd_sc_hd__nand3_1                     Y  
    sky130_fd_sc_hd__nand3_1                     C  
    sky130_fd_sc_hd__nand3_1                     B  
    sky130_fd_sc_hd__nand3_1                     A  
    sky130_fd_sc_hd__nand3_2                     Y  
    sky130_fd_sc_hd__nand3_2                     C  
    sky130_fd_sc_hd__nand3_2                     B  
    sky130_fd_sc_hd__nand3_2                     A  
    sky130_fd_sc_hd__nand3_4                     Y  
    sky130_fd_sc_hd__nand3_4                     C  
    sky130_fd_sc_hd__nand3_4                     B  
    sky130_fd_sc_hd__nand3_4                     A  
    sky130_fd_sc_hd__nand3b_1                     Y  
    sky130_fd_sc_hd__nand3b_1                     C  
    sky130_fd_sc_hd__nand3b_1                     B  
    sky130_fd_sc_hd__nand3b_1                   A_N  
    sky130_fd_sc_hd__nand3b_2                     Y  
    sky130_fd_sc_hd__nand3b_2                     C  
    sky130_fd_sc_hd__nand3b_2                     B  
    sky130_fd_sc_hd__nand3b_2                   A_N  
    sky130_fd_sc_hd__nand3b_4                     Y  
    sky130_fd_sc_hd__nand3b_4                     C  
    sky130_fd_sc_hd__nand3b_4                     B  
    sky130_fd_sc_hd__nand3b_4                   A_N  
    sky130_fd_sc_hd__nand4_1                     Y  
    sky130_fd_sc_hd__nand4_1                     D  
    sky130_fd_sc_hd__nand4_1                     C  
    sky130_fd_sc_hd__nand4_1                     B  
    sky130_fd_sc_hd__nand4_1                     A  
    sky130_fd_sc_hd__nand4_2                     Y  
    sky130_fd_sc_hd__nand4_2                     D  
    sky130_fd_sc_hd__nand4_2                     C  
    sky130_fd_sc_hd__nand4_2                     B  
    sky130_fd_sc_hd__nand4_2                     A  
    sky130_fd_sc_hd__nand4_4                     Y  
    sky130_fd_sc_hd__nand4_4                     D  
    sky130_fd_sc_hd__nand4_4                     C  
    sky130_fd_sc_hd__nand4_4                     B  
    sky130_fd_sc_hd__nand4_4                     A  
    sky130_fd_sc_hd__nand4b_1                     Y  
    sky130_fd_sc_hd__nand4b_1                     D  
    sky130_fd_sc_hd__nand4b_1                     C  
    sky130_fd_sc_hd__nand4b_1                     B  
    sky130_fd_sc_hd__nand4b_1                   A_N  
    sky130_fd_sc_hd__nand4b_2                     Y  
    sky130_fd_sc_hd__nand4b_2                     D  
    sky130_fd_sc_hd__nand4b_2                     C  
    sky130_fd_sc_hd__nand4b_2                     B  
    sky130_fd_sc_hd__nand4b_2                   A_N  
    sky130_fd_sc_hd__nand4b_4                     Y  
    sky130_fd_sc_hd__nand4b_4                     D  
    sky130_fd_sc_hd__nand4b_4                     C  
    sky130_fd_sc_hd__nand4b_4                     B  
    sky130_fd_sc_hd__nand4b_4                   A_N  
    sky130_fd_sc_hd__nand4bb_1                     Y  
    sky130_fd_sc_hd__nand4bb_1                     D  
    sky130_fd_sc_hd__nand4bb_1                     C  
    sky130_fd_sc_hd__nand4bb_1                   B_N  
    sky130_fd_sc_hd__nand4bb_1                   A_N  
    sky130_fd_sc_hd__nand4bb_2                     Y  
    sky130_fd_sc_hd__nand4bb_2                     D  
    sky130_fd_sc_hd__nand4bb_2                     C  
    sky130_fd_sc_hd__nand4bb_2                   B_N  
    sky130_fd_sc_hd__nand4bb_2                   A_N  
    sky130_fd_sc_hd__nand4bb_4                     Y  
    sky130_fd_sc_hd__nand4bb_4                     D  
    sky130_fd_sc_hd__nand4bb_4                     C  
    sky130_fd_sc_hd__nand4bb_4                   B_N  
    sky130_fd_sc_hd__nand4bb_4                   A_N  
    sky130_fd_sc_hd__nor2_1                     Y  
    sky130_fd_sc_hd__nor2_1                     B  
    sky130_fd_sc_hd__nor2_1                     A  
    sky130_fd_sc_hd__nor2_2                     Y  
    sky130_fd_sc_hd__nor2_2                     B  
    sky130_fd_sc_hd__nor2_2                     A  
    sky130_fd_sc_hd__nor2_4                     Y  
    sky130_fd_sc_hd__nor2_4                     B  
    sky130_fd_sc_hd__nor2_4                     A  
    sky130_fd_sc_hd__nor2_8                     Y  
    sky130_fd_sc_hd__nor2_8                     B  
    sky130_fd_sc_hd__nor2_8                     A  
    sky130_fd_sc_hd__nor2b_1                     Y  
    sky130_fd_sc_hd__nor2b_1                   B_N  
    sky130_fd_sc_hd__nor2b_1                     A  
    sky130_fd_sc_hd__nor2b_2                     Y  
    sky130_fd_sc_hd__nor2b_2                   B_N  
    sky130_fd_sc_hd__nor2b_2                     A  
    sky130_fd_sc_hd__nor2b_4                     Y  
    sky130_fd_sc_hd__nor2b_4                   B_N  
    sky130_fd_sc_hd__nor2b_4                     A  
    sky130_fd_sc_hd__nor3_1                     Y  
    sky130_fd_sc_hd__nor3_1                     C  
    sky130_fd_sc_hd__nor3_1                     B  
    sky130_fd_sc_hd__nor3_1                     A  
    sky130_fd_sc_hd__nor3_2                     Y  
    sky130_fd_sc_hd__nor3_2                     C  
    sky130_fd_sc_hd__nor3_2                     B  
    sky130_fd_sc_hd__nor3_2                     A  
    sky130_fd_sc_hd__nor3_4                     Y  
    sky130_fd_sc_hd__nor3_4                     C  
    sky130_fd_sc_hd__nor3_4                     B  
    sky130_fd_sc_hd__nor3_4                     A  
    sky130_fd_sc_hd__nor3b_1                     Y  
    sky130_fd_sc_hd__nor3b_1                   C_N  
    sky130_fd_sc_hd__nor3b_1                     B  
    sky130_fd_sc_hd__nor3b_1                     A  
    sky130_fd_sc_hd__nor3b_2                     Y  
    sky130_fd_sc_hd__nor3b_2                   C_N  
    sky130_fd_sc_hd__nor3b_2                     B  
    sky130_fd_sc_hd__nor3b_2                     A  
    sky130_fd_sc_hd__nor3b_4                     Y  
    sky130_fd_sc_hd__nor3b_4                   C_N  
    sky130_fd_sc_hd__nor3b_4                     B  
    sky130_fd_sc_hd__nor3b_4                     A  
    sky130_fd_sc_hd__nor4_1                     Y  
    sky130_fd_sc_hd__nor4_1                     D  
    sky130_fd_sc_hd__nor4_1                     C  
    sky130_fd_sc_hd__nor4_1                     B  
    sky130_fd_sc_hd__nor4_1                     A  
    sky130_fd_sc_hd__nor4_2                     Y  
    sky130_fd_sc_hd__nor4_2                     D  
    sky130_fd_sc_hd__nor4_2                     C  
    sky130_fd_sc_hd__nor4_2                     B  
    sky130_fd_sc_hd__nor4_2                     A  
    sky130_fd_sc_hd__nor4_4                     Y  
    sky130_fd_sc_hd__nor4_4                     D  
    sky130_fd_sc_hd__nor4_4                     C  
    sky130_fd_sc_hd__nor4_4                     B  
    sky130_fd_sc_hd__nor4_4                     A  
    sky130_fd_sc_hd__nor4b_1                     Y  
    sky130_fd_sc_hd__nor4b_1                   D_N  
    sky130_fd_sc_hd__nor4b_1                     C  
    sky130_fd_sc_hd__nor4b_1                     B  
    sky130_fd_sc_hd__nor4b_1                     A  
    sky130_fd_sc_hd__nor4b_2                     Y  
    sky130_fd_sc_hd__nor4b_2                   D_N  
    sky130_fd_sc_hd__nor4b_2                     C  
    sky130_fd_sc_hd__nor4b_2                     B  
    sky130_fd_sc_hd__nor4b_2                     A  
    sky130_fd_sc_hd__nor4b_4                     Y  
    sky130_fd_sc_hd__nor4b_4                   D_N  
    sky130_fd_sc_hd__nor4b_4                     C  
    sky130_fd_sc_hd__nor4b_4                     B  
    sky130_fd_sc_hd__nor4b_4                     A  
    sky130_fd_sc_hd__nor4bb_1                     Y  
    sky130_fd_sc_hd__nor4bb_1                   D_N  
    sky130_fd_sc_hd__nor4bb_1                   C_N  
    sky130_fd_sc_hd__nor4bb_1                     B  
    sky130_fd_sc_hd__nor4bb_1                     A  
    sky130_fd_sc_hd__nor4bb_2                     Y  
    sky130_fd_sc_hd__nor4bb_2                   D_N  
    sky130_fd_sc_hd__nor4bb_2                   C_N  
    sky130_fd_sc_hd__nor4bb_2                     B  
    sky130_fd_sc_hd__nor4bb_2                     A  
    sky130_fd_sc_hd__nor4bb_4                     Y  
    sky130_fd_sc_hd__nor4bb_4                   D_N  
    sky130_fd_sc_hd__nor4bb_4                   C_N  
    sky130_fd_sc_hd__nor4bb_4                     B  
    sky130_fd_sc_hd__nor4bb_4                     A  
    sky130_fd_sc_hd__o2bb2a_1                     X  
    sky130_fd_sc_hd__o2bb2a_1                    B2  
    sky130_fd_sc_hd__o2bb2a_1                    B1  
    sky130_fd_sc_hd__o2bb2a_1                  A2_N  
    sky130_fd_sc_hd__o2bb2a_1                  A1_N  
    sky130_fd_sc_hd__o2bb2a_2                     X  
    sky130_fd_sc_hd__o2bb2a_2                    B2  
    sky130_fd_sc_hd__o2bb2a_2                    B1  
    sky130_fd_sc_hd__o2bb2a_2                  A2_N  
    sky130_fd_sc_hd__o2bb2a_2                  A1_N  
    sky130_fd_sc_hd__o2bb2a_4                     X  
    sky130_fd_sc_hd__o2bb2a_4                    B2  
    sky130_fd_sc_hd__o2bb2a_4                    B1  
    sky130_fd_sc_hd__o2bb2a_4                  A2_N  
    sky130_fd_sc_hd__o2bb2a_4                  A1_N  
    sky130_fd_sc_hd__o2bb2ai_1                     Y  
    sky130_fd_sc_hd__o2bb2ai_1                    B2  
    sky130_fd_sc_hd__o2bb2ai_1                    B1  
    sky130_fd_sc_hd__o2bb2ai_1                  A2_N  
    sky130_fd_sc_hd__o2bb2ai_1                  A1_N  
    sky130_fd_sc_hd__o2bb2ai_2                     Y  
    sky130_fd_sc_hd__o2bb2ai_2                    B2  
    sky130_fd_sc_hd__o2bb2ai_2                    B1  
    sky130_fd_sc_hd__o2bb2ai_2                  A2_N  
    sky130_fd_sc_hd__o2bb2ai_2                  A1_N  
    sky130_fd_sc_hd__o2bb2ai_4                     Y  
    sky130_fd_sc_hd__o2bb2ai_4                    B2  
    sky130_fd_sc_hd__o2bb2ai_4                    B1  
    sky130_fd_sc_hd__o2bb2ai_4                  A2_N  
    sky130_fd_sc_hd__o2bb2ai_4                  A1_N  
    sky130_fd_sc_hd__o21a_1                     X  
    sky130_fd_sc_hd__o21a_1                    B1  
    sky130_fd_sc_hd__o21a_1                    A2  
    sky130_fd_sc_hd__o21a_1                    A1  
    sky130_fd_sc_hd__o21a_2                     X  
    sky130_fd_sc_hd__o21a_2                    B1  
    sky130_fd_sc_hd__o21a_2                    A2  
    sky130_fd_sc_hd__o21a_2                    A1  
    sky130_fd_sc_hd__o21a_4                     X  
    sky130_fd_sc_hd__o21a_4                    B1  
    sky130_fd_sc_hd__o21a_4                    A2  
    sky130_fd_sc_hd__o21a_4                    A1  
    sky130_fd_sc_hd__o21ai_0                     Y  
    sky130_fd_sc_hd__o21ai_0                    B1  
    sky130_fd_sc_hd__o21ai_0                    A2  
    sky130_fd_sc_hd__o21ai_0                    A1  
    sky130_fd_sc_hd__o21ai_1                     Y  
    sky130_fd_sc_hd__o21ai_1                    B1  
    sky130_fd_sc_hd__o21ai_1                    A2  
    sky130_fd_sc_hd__o21ai_1                    A1  
    sky130_fd_sc_hd__o21ai_2                     Y  
    sky130_fd_sc_hd__o21ai_2                    B1  
    sky130_fd_sc_hd__o21ai_2                    A2  
    sky130_fd_sc_hd__o21ai_2                    A1  
    sky130_fd_sc_hd__o21ai_4                     Y  
    sky130_fd_sc_hd__o21ai_4                    B1  
    sky130_fd_sc_hd__o21ai_4                    A2  
    sky130_fd_sc_hd__o21ai_4                    A1  
    sky130_fd_sc_hd__o21ba_1                     X  
    sky130_fd_sc_hd__o21ba_1                  B1_N  
    sky130_fd_sc_hd__o21ba_1                    A2  
    sky130_fd_sc_hd__o21ba_1                    A1  
    sky130_fd_sc_hd__o21ba_2                     X  
    sky130_fd_sc_hd__o21ba_2                  B1_N  
    sky130_fd_sc_hd__o21ba_2                    A2  
    sky130_fd_sc_hd__o21ba_2                    A1  
    sky130_fd_sc_hd__o21ba_4                     X  
    sky130_fd_sc_hd__o21ba_4                  B1_N  
    sky130_fd_sc_hd__o21ba_4                    A2  
    sky130_fd_sc_hd__o21ba_4                    A1  
    sky130_fd_sc_hd__o21bai_1                     Y  
    sky130_fd_sc_hd__o21bai_1                  B1_N  
    sky130_fd_sc_hd__o21bai_1                    A2  
    sky130_fd_sc_hd__o21bai_1                    A1  
    sky130_fd_sc_hd__o21bai_2                     Y  
    sky130_fd_sc_hd__o21bai_2                  B1_N  
    sky130_fd_sc_hd__o21bai_2                    A2  
    sky130_fd_sc_hd__o21bai_2                    A1  
    sky130_fd_sc_hd__o21bai_4                     Y  
    sky130_fd_sc_hd__o21bai_4                  B1_N  
    sky130_fd_sc_hd__o21bai_4                    A2  
    sky130_fd_sc_hd__o21bai_4                    A1  
    sky130_fd_sc_hd__o22a_1                     X  
    sky130_fd_sc_hd__o22a_1                    B2  
    sky130_fd_sc_hd__o22a_1                    B1  
    sky130_fd_sc_hd__o22a_1                    A2  
    sky130_fd_sc_hd__o22a_1                    A1  
    sky130_fd_sc_hd__o22a_2                     X  
    sky130_fd_sc_hd__o22a_2                    B2  
    sky130_fd_sc_hd__o22a_2                    B1  
    sky130_fd_sc_hd__o22a_2                    A2  
    sky130_fd_sc_hd__o22a_2                    A1  
    sky130_fd_sc_hd__o22a_4                     X  
    sky130_fd_sc_hd__o22a_4                    B2  
    sky130_fd_sc_hd__o22a_4                    B1  
    sky130_fd_sc_hd__o22a_4                    A2  
    sky130_fd_sc_hd__o22a_4                    A1  
    sky130_fd_sc_hd__o22ai_1                     Y  
    sky130_fd_sc_hd__o22ai_1                    B2  
    sky130_fd_sc_hd__o22ai_1                    B1  
    sky130_fd_sc_hd__o22ai_1                    A2  
    sky130_fd_sc_hd__o22ai_1                    A1  
    sky130_fd_sc_hd__o22ai_2                     Y  
    sky130_fd_sc_hd__o22ai_2                    B2  
    sky130_fd_sc_hd__o22ai_2                    B1  
    sky130_fd_sc_hd__o22ai_2                    A2  
    sky130_fd_sc_hd__o22ai_2                    A1  
    sky130_fd_sc_hd__o22ai_4                     Y  
    sky130_fd_sc_hd__o22ai_4                    B2  
    sky130_fd_sc_hd__o22ai_4                    B1  
    sky130_fd_sc_hd__o22ai_4                    A2  
    sky130_fd_sc_hd__o22ai_4                    A1  
    sky130_fd_sc_hd__o31a_1                     X  
    sky130_fd_sc_hd__o31a_1                    B1  
    sky130_fd_sc_hd__o31a_1                    A3  
    sky130_fd_sc_hd__o31a_1                    A2  
    sky130_fd_sc_hd__o31a_1                    A1  
    sky130_fd_sc_hd__o31a_2                     X  
    sky130_fd_sc_hd__o31a_2                    B1  
    sky130_fd_sc_hd__o31a_2                    A3  
    sky130_fd_sc_hd__o31a_2                    A2  
    sky130_fd_sc_hd__o31a_2                    A1  
    sky130_fd_sc_hd__o31a_4                     X  
    sky130_fd_sc_hd__o31a_4                    B1  
    sky130_fd_sc_hd__o31a_4                    A3  
    sky130_fd_sc_hd__o31a_4                    A2  
    sky130_fd_sc_hd__o31a_4                    A1  
    sky130_fd_sc_hd__o31ai_1                     Y  
    sky130_fd_sc_hd__o31ai_1                    B1  
    sky130_fd_sc_hd__o31ai_1                    A3  
    sky130_fd_sc_hd__o31ai_1                    A2  
    sky130_fd_sc_hd__o31ai_1                    A1  
    sky130_fd_sc_hd__o31ai_2                     Y  
    sky130_fd_sc_hd__o31ai_2                    B1  
    sky130_fd_sc_hd__o31ai_2                    A3  
    sky130_fd_sc_hd__o31ai_2                    A2  
    sky130_fd_sc_hd__o31ai_2                    A1  
    sky130_fd_sc_hd__o31ai_4                     Y  
    sky130_fd_sc_hd__o31ai_4                    B1  
    sky130_fd_sc_hd__o31ai_4                    A3  
    sky130_fd_sc_hd__o31ai_4                    A2  
    sky130_fd_sc_hd__o31ai_4                    A1  
    sky130_fd_sc_hd__o32a_1                     X  
    sky130_fd_sc_hd__o32a_1                    B2  
    sky130_fd_sc_hd__o32a_1                    B1  
    sky130_fd_sc_hd__o32a_1                    A3  
    sky130_fd_sc_hd__o32a_1                    A2  
    sky130_fd_sc_hd__o32a_1                    A1  
    sky130_fd_sc_hd__o32a_2                     X  
    sky130_fd_sc_hd__o32a_2                    B2  
    sky130_fd_sc_hd__o32a_2                    B1  
    sky130_fd_sc_hd__o32a_2                    A3  
    sky130_fd_sc_hd__o32a_2                    A2  
    sky130_fd_sc_hd__o32a_2                    A1  
    sky130_fd_sc_hd__o32a_4                     X  
    sky130_fd_sc_hd__o32a_4                    B2  
    sky130_fd_sc_hd__o32a_4                    B1  
    sky130_fd_sc_hd__o32a_4                    A3  
    sky130_fd_sc_hd__o32a_4                    A2  
    sky130_fd_sc_hd__o32a_4                    A1  
    sky130_fd_sc_hd__o32ai_1                     Y  
    sky130_fd_sc_hd__o32ai_1                    B2  
    sky130_fd_sc_hd__o32ai_1                    B1  
    sky130_fd_sc_hd__o32ai_1                    A3  
    sky130_fd_sc_hd__o32ai_1                    A2  
    sky130_fd_sc_hd__o32ai_1                    A1  
    sky130_fd_sc_hd__o32ai_2                     Y  
    sky130_fd_sc_hd__o32ai_2                    B2  
    sky130_fd_sc_hd__o32ai_2                    B1  
    sky130_fd_sc_hd__o32ai_2                    A3  
    sky130_fd_sc_hd__o32ai_2                    A2  
    sky130_fd_sc_hd__o32ai_2                    A1  
    sky130_fd_sc_hd__o32ai_4                     Y  
    sky130_fd_sc_hd__o32ai_4                    B2  
    sky130_fd_sc_hd__o32ai_4                    B1  
    sky130_fd_sc_hd__o32ai_4                    A3  
    sky130_fd_sc_hd__o32ai_4                    A2  
    sky130_fd_sc_hd__o32ai_4                    A1  
    sky130_fd_sc_hd__o41a_1                     X  
    sky130_fd_sc_hd__o41a_1                    B1  
    sky130_fd_sc_hd__o41a_1                    A4  
    sky130_fd_sc_hd__o41a_1                    A3  
    sky130_fd_sc_hd__o41a_1                    A2  
    sky130_fd_sc_hd__o41a_1                    A1  
    sky130_fd_sc_hd__o41a_2                     X  
    sky130_fd_sc_hd__o41a_2                    B1  
    sky130_fd_sc_hd__o41a_2                    A4  
    sky130_fd_sc_hd__o41a_2                    A3  
    sky130_fd_sc_hd__o41a_2                    A2  
    sky130_fd_sc_hd__o41a_2                    A1  
    sky130_fd_sc_hd__o41a_4                     X  
    sky130_fd_sc_hd__o41a_4                    B1  
    sky130_fd_sc_hd__o41a_4                    A4  
    sky130_fd_sc_hd__o41a_4                    A3  
    sky130_fd_sc_hd__o41a_4                    A2  
    sky130_fd_sc_hd__o41a_4                    A1  
    sky130_fd_sc_hd__o41ai_1                     Y  
    sky130_fd_sc_hd__o41ai_1                    B1  
    sky130_fd_sc_hd__o41ai_1                    A4  
    sky130_fd_sc_hd__o41ai_1                    A3  
    sky130_fd_sc_hd__o41ai_1                    A2  
    sky130_fd_sc_hd__o41ai_1                    A1  
    sky130_fd_sc_hd__o41ai_2                     Y  
    sky130_fd_sc_hd__o41ai_2                    B1  
    sky130_fd_sc_hd__o41ai_2                    A4  
    sky130_fd_sc_hd__o41ai_2                    A3  
    sky130_fd_sc_hd__o41ai_2                    A2  
    sky130_fd_sc_hd__o41ai_2                    A1  
    sky130_fd_sc_hd__o41ai_4                     Y  
    sky130_fd_sc_hd__o41ai_4                    B1  
    sky130_fd_sc_hd__o41ai_4                    A4  
    sky130_fd_sc_hd__o41ai_4                    A3  
    sky130_fd_sc_hd__o41ai_4                    A2  
    sky130_fd_sc_hd__o41ai_4                    A1  
    sky130_fd_sc_hd__o211a_1                     X  
    sky130_fd_sc_hd__o211a_1                    C1  
    sky130_fd_sc_hd__o211a_1                    B1  
    sky130_fd_sc_hd__o211a_1                    A2  
    sky130_fd_sc_hd__o211a_1                    A1  
    sky130_fd_sc_hd__o211a_2                     X  
    sky130_fd_sc_hd__o211a_2                    C1  
    sky130_fd_sc_hd__o211a_2                    B1  
    sky130_fd_sc_hd__o211a_2                    A2  
    sky130_fd_sc_hd__o211a_2                    A1  
    sky130_fd_sc_hd__o211a_4                     X  
    sky130_fd_sc_hd__o211a_4                    C1  
    sky130_fd_sc_hd__o211a_4                    B1  
    sky130_fd_sc_hd__o211a_4                    A2  
    sky130_fd_sc_hd__o211a_4                    A1  
    sky130_fd_sc_hd__o211ai_1                     Y  
    sky130_fd_sc_hd__o211ai_1                    C1  
    sky130_fd_sc_hd__o211ai_1                    B1  
    sky130_fd_sc_hd__o211ai_1                    A2  
    sky130_fd_sc_hd__o211ai_1                    A1  
    sky130_fd_sc_hd__o211ai_2                     Y  
    sky130_fd_sc_hd__o211ai_2                    C1  
    sky130_fd_sc_hd__o211ai_2                    B1  
    sky130_fd_sc_hd__o211ai_2                    A2  
    sky130_fd_sc_hd__o211ai_2                    A1  
    sky130_fd_sc_hd__o211ai_4                     Y  
    sky130_fd_sc_hd__o211ai_4                    C1  
    sky130_fd_sc_hd__o211ai_4                    B1  
    sky130_fd_sc_hd__o211ai_4                    A2  
    sky130_fd_sc_hd__o211ai_4                    A1  
    sky130_fd_sc_hd__o221a_1                     X  
    sky130_fd_sc_hd__o221a_1                    C1  
    sky130_fd_sc_hd__o221a_1                    B2  
    sky130_fd_sc_hd__o221a_1                    B1  
    sky130_fd_sc_hd__o221a_1                    A2  
    sky130_fd_sc_hd__o221a_1                    A1  
    sky130_fd_sc_hd__o221a_2                     X  
    sky130_fd_sc_hd__o221a_2                    C1  
    sky130_fd_sc_hd__o221a_2                    B2  
    sky130_fd_sc_hd__o221a_2                    B1  
    sky130_fd_sc_hd__o221a_2                    A2  
    sky130_fd_sc_hd__o221a_2                    A1  
    sky130_fd_sc_hd__o221a_4                     X  
    sky130_fd_sc_hd__o221a_4                    C1  
    sky130_fd_sc_hd__o221a_4                    B2  
    sky130_fd_sc_hd__o221a_4                    B1  
    sky130_fd_sc_hd__o221a_4                    A2  
    sky130_fd_sc_hd__o221a_4                    A1  
    sky130_fd_sc_hd__o221ai_1                     Y  
    sky130_fd_sc_hd__o221ai_1                    C1  
    sky130_fd_sc_hd__o221ai_1                    B2  
    sky130_fd_sc_hd__o221ai_1                    B1  
    sky130_fd_sc_hd__o221ai_1                    A2  
    sky130_fd_sc_hd__o221ai_1                    A1  
    sky130_fd_sc_hd__o221ai_2                     Y  
    sky130_fd_sc_hd__o221ai_2                    C1  
    sky130_fd_sc_hd__o221ai_2                    B2  
    sky130_fd_sc_hd__o221ai_2                    B1  
    sky130_fd_sc_hd__o221ai_2                    A2  
    sky130_fd_sc_hd__o221ai_2                    A1  
    sky130_fd_sc_hd__o221ai_4                     Y  
    sky130_fd_sc_hd__o221ai_4                    C1  
    sky130_fd_sc_hd__o221ai_4                    B2  
    sky130_fd_sc_hd__o221ai_4                    B1  
    sky130_fd_sc_hd__o221ai_4                    A2  
    sky130_fd_sc_hd__o221ai_4                    A1  
    sky130_fd_sc_hd__o311a_1                     X  
    sky130_fd_sc_hd__o311a_1                    C1  
    sky130_fd_sc_hd__o311a_1                    B1  
    sky130_fd_sc_hd__o311a_1                    A3  
    sky130_fd_sc_hd__o311a_1                    A2  
    sky130_fd_sc_hd__o311a_1                    A1  
    sky130_fd_sc_hd__o311a_2                     X  
    sky130_fd_sc_hd__o311a_2                    C1  
    sky130_fd_sc_hd__o311a_2                    B1  
    sky130_fd_sc_hd__o311a_2                    A3  
    sky130_fd_sc_hd__o311a_2                    A2  
    sky130_fd_sc_hd__o311a_2                    A1  
    sky130_fd_sc_hd__o311a_4                     X  
    sky130_fd_sc_hd__o311a_4                    C1  
    sky130_fd_sc_hd__o311a_4                    B1  
    sky130_fd_sc_hd__o311a_4                    A3  
    sky130_fd_sc_hd__o311a_4                    A2  
    sky130_fd_sc_hd__o311a_4                    A1  
    sky130_fd_sc_hd__o311ai_0                     Y  
    sky130_fd_sc_hd__o311ai_0                    C1  
    sky130_fd_sc_hd__o311ai_0                    B1  
    sky130_fd_sc_hd__o311ai_0                    A3  
    sky130_fd_sc_hd__o311ai_0                    A2  
    sky130_fd_sc_hd__o311ai_0                    A1  
    sky130_fd_sc_hd__o311ai_1                     Y  
    sky130_fd_sc_hd__o311ai_1                    C1  
    sky130_fd_sc_hd__o311ai_1                    B1  
    sky130_fd_sc_hd__o311ai_1                    A3  
    sky130_fd_sc_hd__o311ai_1                    A2  
    sky130_fd_sc_hd__o311ai_1                    A1  
    sky130_fd_sc_hd__o311ai_2                     Y  
    sky130_fd_sc_hd__o311ai_2                    C1  
    sky130_fd_sc_hd__o311ai_2                    B1  
    sky130_fd_sc_hd__o311ai_2                    A3  
    sky130_fd_sc_hd__o311ai_2                    A2  
    sky130_fd_sc_hd__o311ai_2                    A1  
    sky130_fd_sc_hd__o311ai_4                     Y  
    sky130_fd_sc_hd__o311ai_4                    C1  
    sky130_fd_sc_hd__o311ai_4                    B1  
    sky130_fd_sc_hd__o311ai_4                    A3  
    sky130_fd_sc_hd__o311ai_4                    A2  
    sky130_fd_sc_hd__o311ai_4                    A1  
    sky130_fd_sc_hd__o2111a_1                     X  
    sky130_fd_sc_hd__o2111a_1                    D1  
    sky130_fd_sc_hd__o2111a_1                    C1  
    sky130_fd_sc_hd__o2111a_1                    B1  
    sky130_fd_sc_hd__o2111a_1                    A2  
    sky130_fd_sc_hd__o2111a_1                    A1  
    sky130_fd_sc_hd__o2111a_2                     X  
    sky130_fd_sc_hd__o2111a_2                    D1  
    sky130_fd_sc_hd__o2111a_2                    C1  
    sky130_fd_sc_hd__o2111a_2                    B1  
    sky130_fd_sc_hd__o2111a_2                    A2  
    sky130_fd_sc_hd__o2111a_2                    A1  
    sky130_fd_sc_hd__o2111a_4                     X  
    sky130_fd_sc_hd__o2111a_4                    D1  
    sky130_fd_sc_hd__o2111a_4                    C1  
    sky130_fd_sc_hd__o2111a_4                    B1  
    sky130_fd_sc_hd__o2111a_4                    A2  
    sky130_fd_sc_hd__o2111a_4                    A1  
    sky130_fd_sc_hd__o2111ai_1                     Y  
    sky130_fd_sc_hd__o2111ai_1                    D1  
    sky130_fd_sc_hd__o2111ai_1                    C1  
    sky130_fd_sc_hd__o2111ai_1                    B1  
    sky130_fd_sc_hd__o2111ai_1                    A2  
    sky130_fd_sc_hd__o2111ai_1                    A1  
    sky130_fd_sc_hd__o2111ai_2                     Y  
    sky130_fd_sc_hd__o2111ai_2                    D1  
    sky130_fd_sc_hd__o2111ai_2                    C1  
    sky130_fd_sc_hd__o2111ai_2                    B1  
    sky130_fd_sc_hd__o2111ai_2                    A2  
    sky130_fd_sc_hd__o2111ai_2                    A1  
    sky130_fd_sc_hd__o2111ai_4                     Y  
    sky130_fd_sc_hd__o2111ai_4                    D1  
    sky130_fd_sc_hd__o2111ai_4                    C1  
    sky130_fd_sc_hd__o2111ai_4                    B1  
    sky130_fd_sc_hd__o2111ai_4                    A2  
    sky130_fd_sc_hd__o2111ai_4                    A1  
    sky130_fd_sc_hd__or2_0                     X  
    sky130_fd_sc_hd__or2_0                     B  
    sky130_fd_sc_hd__or2_0                     A  
    sky130_fd_sc_hd__or2_1                     X  
    sky130_fd_sc_hd__or2_1                     B  
    sky130_fd_sc_hd__or2_1                     A  
    sky130_fd_sc_hd__or2_2                     X  
    sky130_fd_sc_hd__or2_2                     B  
    sky130_fd_sc_hd__or2_2                     A  
    sky130_fd_sc_hd__or2_4                     X  
    sky130_fd_sc_hd__or2_4                     B  
    sky130_fd_sc_hd__or2_4                     A  
    sky130_fd_sc_hd__or2b_1                     X  
    sky130_fd_sc_hd__or2b_1                   B_N  
    sky130_fd_sc_hd__or2b_1                     A  
    sky130_fd_sc_hd__or2b_2                     X  
    sky130_fd_sc_hd__or2b_2                   B_N  
    sky130_fd_sc_hd__or2b_2                     A  
    sky130_fd_sc_hd__or2b_4                     X  
    sky130_fd_sc_hd__or2b_4                   B_N  
    sky130_fd_sc_hd__or2b_4                     A  
    sky130_fd_sc_hd__or3_1                     X  
    sky130_fd_sc_hd__or3_1                     C  
    sky130_fd_sc_hd__or3_1                     B  
    sky130_fd_sc_hd__or3_1                     A  
    sky130_fd_sc_hd__or3_2                     X  
    sky130_fd_sc_hd__or3_2                     C  
    sky130_fd_sc_hd__or3_2                     B  
    sky130_fd_sc_hd__or3_2                     A  
    sky130_fd_sc_hd__or3_4                     X  
    sky130_fd_sc_hd__or3_4                     C  
    sky130_fd_sc_hd__or3_4                     B  
    sky130_fd_sc_hd__or3_4                     A  
    sky130_fd_sc_hd__or3b_1                     X  
    sky130_fd_sc_hd__or3b_1                   C_N  
    sky130_fd_sc_hd__or3b_1                     B  
    sky130_fd_sc_hd__or3b_1                     A  
    sky130_fd_sc_hd__or3b_2                     X  
    sky130_fd_sc_hd__or3b_2                   C_N  
    sky130_fd_sc_hd__or3b_2                     B  
    sky130_fd_sc_hd__or3b_2                     A  
    sky130_fd_sc_hd__or3b_4                     X  
    sky130_fd_sc_hd__or3b_4                   C_N  
    sky130_fd_sc_hd__or3b_4                     B  
    sky130_fd_sc_hd__or3b_4                     A  
    sky130_fd_sc_hd__or4_1                     X  
    sky130_fd_sc_hd__or4_1                     D  
    sky130_fd_sc_hd__or4_1                     C  
    sky130_fd_sc_hd__or4_1                     B  
    sky130_fd_sc_hd__or4_1                     A  
    sky130_fd_sc_hd__or4_2                     X  
    sky130_fd_sc_hd__or4_2                     D  
    sky130_fd_sc_hd__or4_2                     C  
    sky130_fd_sc_hd__or4_2                     B  
    sky130_fd_sc_hd__or4_2                     A  
    sky130_fd_sc_hd__or4_4                     X  
    sky130_fd_sc_hd__or4_4                     D  
    sky130_fd_sc_hd__or4_4                     C  
    sky130_fd_sc_hd__or4_4                     B  
    sky130_fd_sc_hd__or4_4                     A  
    sky130_fd_sc_hd__or4b_1                     X  
    sky130_fd_sc_hd__or4b_1                   D_N  
    sky130_fd_sc_hd__or4b_1                     C  
    sky130_fd_sc_hd__or4b_1                     B  
    sky130_fd_sc_hd__or4b_1                     A  
    sky130_fd_sc_hd__or4b_2                     X  
    sky130_fd_sc_hd__or4b_2                   D_N  
    sky130_fd_sc_hd__or4b_2                     C  
    sky130_fd_sc_hd__or4b_2                     B  
    sky130_fd_sc_hd__or4b_2                     A  
    sky130_fd_sc_hd__or4b_4                     X  
    sky130_fd_sc_hd__or4b_4                   D_N  
    sky130_fd_sc_hd__or4b_4                     C  
    sky130_fd_sc_hd__or4b_4                     B  
    sky130_fd_sc_hd__or4b_4                     A  
    sky130_fd_sc_hd__or4bb_1                     X  
    sky130_fd_sc_hd__or4bb_1                   D_N  
    sky130_fd_sc_hd__or4bb_1                   C_N  
    sky130_fd_sc_hd__or4bb_1                     B  
    sky130_fd_sc_hd__or4bb_1                     A  
    sky130_fd_sc_hd__or4bb_2                     X  
    sky130_fd_sc_hd__or4bb_2                   D_N  
    sky130_fd_sc_hd__or4bb_2                   C_N  
    sky130_fd_sc_hd__or4bb_2                     B  
    sky130_fd_sc_hd__or4bb_2                     A  
    sky130_fd_sc_hd__or4bb_4                     X  
    sky130_fd_sc_hd__or4bb_4                   D_N  
    sky130_fd_sc_hd__or4bb_4                   C_N  
    sky130_fd_sc_hd__or4bb_4                     B  
    sky130_fd_sc_hd__or4bb_4                     A  
    sky130_fd_sc_hd__probe_p_8                     A  
    sky130_fd_sc_hd__probec_p_8                     A  
    sky130_fd_sc_hd__sdfbbn_1                 SET_B  
    sky130_fd_sc_hd__sdfbbn_1                   SCE  
    sky130_fd_sc_hd__sdfbbn_1                   SCD  
    sky130_fd_sc_hd__sdfbbn_1               RESET_B  
    sky130_fd_sc_hd__sdfbbn_1                   Q_N  
    sky130_fd_sc_hd__sdfbbn_1                     Q  
    sky130_fd_sc_hd__sdfbbn_1                     D  
    sky130_fd_sc_hd__sdfbbn_1                 CLK_N  
    sky130_fd_sc_hd__sdfbbn_2                 SET_B  
    sky130_fd_sc_hd__sdfbbn_2                   SCE  
    sky130_fd_sc_hd__sdfbbn_2                   SCD  
    sky130_fd_sc_hd__sdfbbn_2               RESET_B  
    sky130_fd_sc_hd__sdfbbn_2                   Q_N  
    sky130_fd_sc_hd__sdfbbn_2                     Q  
    sky130_fd_sc_hd__sdfbbn_2                     D  
    sky130_fd_sc_hd__sdfbbn_2                 CLK_N  
    sky130_fd_sc_hd__sdfbbp_1                 SET_B  
    sky130_fd_sc_hd__sdfbbp_1                   SCE  
    sky130_fd_sc_hd__sdfbbp_1                   SCD  
    sky130_fd_sc_hd__sdfbbp_1               RESET_B  
    sky130_fd_sc_hd__sdfbbp_1                   Q_N  
    sky130_fd_sc_hd__sdfbbp_1                     Q  
    sky130_fd_sc_hd__sdfbbp_1                     D  
    sky130_fd_sc_hd__sdfbbp_1                   CLK  
    sky130_fd_sc_hd__sdfrbp_1                   SCE  
    sky130_fd_sc_hd__sdfrbp_1                   SCD  
    sky130_fd_sc_hd__sdfrbp_1               RESET_B  
    sky130_fd_sc_hd__sdfrbp_1                   Q_N  
    sky130_fd_sc_hd__sdfrbp_1                     Q  
    sky130_fd_sc_hd__sdfrbp_1                     D  
    sky130_fd_sc_hd__sdfrbp_1                   CLK  
    sky130_fd_sc_hd__sdfrbp_2                   SCE  
    sky130_fd_sc_hd__sdfrbp_2                   SCD  
    sky130_fd_sc_hd__sdfrbp_2               RESET_B  
    sky130_fd_sc_hd__sdfrbp_2                   Q_N  
    sky130_fd_sc_hd__sdfrbp_2                     Q  
    sky130_fd_sc_hd__sdfrbp_2                     D  
    sky130_fd_sc_hd__sdfrbp_2                   CLK  
    sky130_fd_sc_hd__sdfrtn_1                   SCE  
    sky130_fd_sc_hd__sdfrtn_1                   SCD  
    sky130_fd_sc_hd__sdfrtn_1               RESET_B  
    sky130_fd_sc_hd__sdfrtn_1                     Q  
    sky130_fd_sc_hd__sdfrtn_1                     D  
    sky130_fd_sc_hd__sdfrtn_1                 CLK_N  
    sky130_fd_sc_hd__sdfrtp_1                   SCE  
    sky130_fd_sc_hd__sdfrtp_1                   SCD  
    sky130_fd_sc_hd__sdfrtp_1               RESET_B  
    sky130_fd_sc_hd__sdfrtp_1                     Q  
    sky130_fd_sc_hd__sdfrtp_1                     D  
    sky130_fd_sc_hd__sdfrtp_1                   CLK  
    sky130_fd_sc_hd__sdfrtp_2                   SCE  
    sky130_fd_sc_hd__sdfrtp_2                   SCD  
    sky130_fd_sc_hd__sdfrtp_2               RESET_B  
    sky130_fd_sc_hd__sdfrtp_2                     Q  
    sky130_fd_sc_hd__sdfrtp_2                     D  
    sky130_fd_sc_hd__sdfrtp_2                   CLK  
    sky130_fd_sc_hd__sdfrtp_4                   SCE  
    sky130_fd_sc_hd__sdfrtp_4                   SCD  
    sky130_fd_sc_hd__sdfrtp_4               RESET_B  
    sky130_fd_sc_hd__sdfrtp_4                     Q  
    sky130_fd_sc_hd__sdfrtp_4                     D  
    sky130_fd_sc_hd__sdfrtp_4                   CLK  
    sky130_fd_sc_hd__sdfsbp_1                 SET_B  
    sky130_fd_sc_hd__sdfsbp_1                   SCE  
    sky130_fd_sc_hd__sdfsbp_1                   SCD  
    sky130_fd_sc_hd__sdfsbp_1                   Q_N  
    sky130_fd_sc_hd__sdfsbp_1                     Q  
    sky130_fd_sc_hd__sdfsbp_1                     D  
    sky130_fd_sc_hd__sdfsbp_1                   CLK  
    sky130_fd_sc_hd__sdfsbp_2                 SET_B  
    sky130_fd_sc_hd__sdfsbp_2                   SCE  
    sky130_fd_sc_hd__sdfsbp_2                   SCD  
    sky130_fd_sc_hd__sdfsbp_2                   Q_N  
    sky130_fd_sc_hd__sdfsbp_2                     Q  
    sky130_fd_sc_hd__sdfsbp_2                     D  
    sky130_fd_sc_hd__sdfsbp_2                   CLK  
    sky130_fd_sc_hd__sdfstp_1                 SET_B  
    sky130_fd_sc_hd__sdfstp_1                   SCE  
    sky130_fd_sc_hd__sdfstp_1                   SCD  
    sky130_fd_sc_hd__sdfstp_1                     Q  
    sky130_fd_sc_hd__sdfstp_1                     D  
    sky130_fd_sc_hd__sdfstp_1                   CLK  
    sky130_fd_sc_hd__sdfstp_2                 SET_B  
    sky130_fd_sc_hd__sdfstp_2                   SCE  
    sky130_fd_sc_hd__sdfstp_2                   SCD  
    sky130_fd_sc_hd__sdfstp_2                     Q  
    sky130_fd_sc_hd__sdfstp_2                     D  
    sky130_fd_sc_hd__sdfstp_2                   CLK  
    sky130_fd_sc_hd__sdfstp_4                 SET_B  
    sky130_fd_sc_hd__sdfstp_4                   SCE  
    sky130_fd_sc_hd__sdfstp_4                   SCD  
    sky130_fd_sc_hd__sdfstp_4                     Q  
    sky130_fd_sc_hd__sdfstp_4                     D  
    sky130_fd_sc_hd__sdfstp_4                   CLK  
    sky130_fd_sc_hd__sdfxbp_1                   SCE  
    sky130_fd_sc_hd__sdfxbp_1                   SCD  
    sky130_fd_sc_hd__sdfxbp_1                   Q_N  
    sky130_fd_sc_hd__sdfxbp_1                     Q  
    sky130_fd_sc_hd__sdfxbp_1                     D  
    sky130_fd_sc_hd__sdfxbp_1                   CLK  
    sky130_fd_sc_hd__sdfxbp_2                   SCE  
    sky130_fd_sc_hd__sdfxbp_2                   SCD  
    sky130_fd_sc_hd__sdfxbp_2                   Q_N  
    sky130_fd_sc_hd__sdfxbp_2                     Q  
    sky130_fd_sc_hd__sdfxbp_2                     D  
    sky130_fd_sc_hd__sdfxbp_2                   CLK  
    sky130_fd_sc_hd__sdfxtp_1                   SCE  
    sky130_fd_sc_hd__sdfxtp_1                   SCD  
    sky130_fd_sc_hd__sdfxtp_1                     Q  
    sky130_fd_sc_hd__sdfxtp_1                     D  
    sky130_fd_sc_hd__sdfxtp_1                   CLK  
    sky130_fd_sc_hd__sdfxtp_2                   SCE  
    sky130_fd_sc_hd__sdfxtp_2                   SCD  
    sky130_fd_sc_hd__sdfxtp_2                     Q  
    sky130_fd_sc_hd__sdfxtp_2                     D  
    sky130_fd_sc_hd__sdfxtp_2                   CLK  
    sky130_fd_sc_hd__sdfxtp_4                   SCE  
    sky130_fd_sc_hd__sdfxtp_4                   SCD  
    sky130_fd_sc_hd__sdfxtp_4                     Q  
    sky130_fd_sc_hd__sdfxtp_4                     D  
    sky130_fd_sc_hd__sdfxtp_4                   CLK  
    sky130_fd_sc_hd__sdlclkp_1                   SCE  
    sky130_fd_sc_hd__sdlclkp_1                  GCLK  
    sky130_fd_sc_hd__sdlclkp_1                  GATE  
    sky130_fd_sc_hd__sdlclkp_1                   CLK  
    sky130_fd_sc_hd__sdlclkp_2                   SCE  
    sky130_fd_sc_hd__sdlclkp_2                  GCLK  
    sky130_fd_sc_hd__sdlclkp_2                  GATE  
    sky130_fd_sc_hd__sdlclkp_2                   CLK  
    sky130_fd_sc_hd__sdlclkp_4                   SCE  
    sky130_fd_sc_hd__sdlclkp_4                  GCLK  
    sky130_fd_sc_hd__sdlclkp_4                  GATE  
    sky130_fd_sc_hd__sdlclkp_4                   CLK  
    sky130_fd_sc_hd__sedfxbp_1                   SCE  
    sky130_fd_sc_hd__sedfxbp_1                   SCD  
    sky130_fd_sc_hd__sedfxbp_1                   Q_N  
    sky130_fd_sc_hd__sedfxbp_1                     Q  
    sky130_fd_sc_hd__sedfxbp_1                    DE  
    sky130_fd_sc_hd__sedfxbp_1                     D  
    sky130_fd_sc_hd__sedfxbp_1                   CLK  
    sky130_fd_sc_hd__sedfxbp_2                   SCE  
    sky130_fd_sc_hd__sedfxbp_2                   SCD  
    sky130_fd_sc_hd__sedfxbp_2                   Q_N  
    sky130_fd_sc_hd__sedfxbp_2                     Q  
    sky130_fd_sc_hd__sedfxbp_2                    DE  
    sky130_fd_sc_hd__sedfxbp_2                     D  
    sky130_fd_sc_hd__sedfxbp_2                   CLK  
    sky130_fd_sc_hd__sedfxtp_1                   SCE  
    sky130_fd_sc_hd__sedfxtp_1                   SCD  
    sky130_fd_sc_hd__sedfxtp_1                     Q  
    sky130_fd_sc_hd__sedfxtp_1                    DE  
    sky130_fd_sc_hd__sedfxtp_1                     D  
    sky130_fd_sc_hd__sedfxtp_1                   CLK  
    sky130_fd_sc_hd__sedfxtp_2                   SCE  
    sky130_fd_sc_hd__sedfxtp_2                   SCD  
    sky130_fd_sc_hd__sedfxtp_2                     Q  
    sky130_fd_sc_hd__sedfxtp_2                    DE  
    sky130_fd_sc_hd__sedfxtp_2                     D  
    sky130_fd_sc_hd__sedfxtp_2                   CLK  
    sky130_fd_sc_hd__sedfxtp_4                   SCE  
    sky130_fd_sc_hd__sedfxtp_4                   SCD  
    sky130_fd_sc_hd__sedfxtp_4                     Q  
    sky130_fd_sc_hd__sedfxtp_4                    DE  
    sky130_fd_sc_hd__sedfxtp_4                     D  
    sky130_fd_sc_hd__sedfxtp_4                   CLK  
    sky130_fd_sc_hd__xnor2_1                     Y  
    sky130_fd_sc_hd__xnor2_1                     B  
    sky130_fd_sc_hd__xnor2_1                     A  
    sky130_fd_sc_hd__xnor2_2                     Y  
    sky130_fd_sc_hd__xnor2_2                     B  
    sky130_fd_sc_hd__xnor2_2                     A  
    sky130_fd_sc_hd__xnor2_4                     Y  
    sky130_fd_sc_hd__xnor2_4                     B  
    sky130_fd_sc_hd__xnor2_4                     A  
    sky130_fd_sc_hd__xnor3_1                     X  
    sky130_fd_sc_hd__xnor3_1                     C  
    sky130_fd_sc_hd__xnor3_1                     B  
    sky130_fd_sc_hd__xnor3_1                     A  
    sky130_fd_sc_hd__xnor3_2                     X  
    sky130_fd_sc_hd__xnor3_2                     C  
    sky130_fd_sc_hd__xnor3_2                     B  
    sky130_fd_sc_hd__xnor3_2                     A  
    sky130_fd_sc_hd__xnor3_4                     X  
    sky130_fd_sc_hd__xnor3_4                     C  
    sky130_fd_sc_hd__xnor3_4                     B  
    sky130_fd_sc_hd__xnor3_4                     A  
    sky130_fd_sc_hd__xor2_1                     X  
    sky130_fd_sc_hd__xor2_1                     B  
    sky130_fd_sc_hd__xor2_1                     A  
    sky130_fd_sc_hd__xor2_2                     X  
    sky130_fd_sc_hd__xor2_2                     B  
    sky130_fd_sc_hd__xor2_2                     A  
    sky130_fd_sc_hd__xor2_4                     X  
    sky130_fd_sc_hd__xor2_4                     B  
    sky130_fd_sc_hd__xor2_4                     A  
    sky130_fd_sc_hd__xor3_1                     X  
    sky130_fd_sc_hd__xor3_1                     C  
    sky130_fd_sc_hd__xor3_1                     B  
    sky130_fd_sc_hd__xor3_1                     A  
    sky130_fd_sc_hd__xor3_2                     X  
    sky130_fd_sc_hd__xor3_2                     C  
    sky130_fd_sc_hd__xor3_2                     B  
    sky130_fd_sc_hd__xor3_2                     A  
    sky130_fd_sc_hd__xor3_4                     X  
    sky130_fd_sc_hd__xor3_4                     C  
    sky130_fd_sc_hd__xor3_4                     B  
    sky130_fd_sc_hd__xor3_4                     A  For more information click here  
# Cells Missing LEF Info: 0  
# Cells with Dimension Errors: 0  

==============================
Netlist Information
==============================
# HFO (>200) Nets: 0  
# No-driven Nets: 7  
    General Caution:
        1) TODO
    No-driven Nets  
    status_r[2]  
    status_r[3]  
    status_r[4]  
    status_r[5]  
    status_r[6]  
    status_r[7]  
    state[3]  
# Multi-driven Nets: 0  
# Assign Statements: 0  
Is Design Uniquified: YES  
# Pins in Netlist without timing lib: 0  

==============================

==============================
: Internal  External  
No of Nets:       7264           0  
No of Connections:      16218           0  
Total Net Length (X): 9.1823e+04  0.0000e+00  
Total Net Length (Y): 1.0971e+05  0.0000e+00  
Total Net Length: 2.0154e+05  0.0000e+00  

==============================
Timing Information
==============================
# Clocks in design: 
    ------------------------------
    Clocks in Design
    ------------------------------
    VIEW_TYP/clk  1  
# Generated clocks: 0  
# "dont_use" cells from .libs: 0  
# "dont_touch" cells from .libs: 0  
# Cells in .lib with max_tran: 
    ------------------------------
    Cell List with max_tran
    ------------------------------
               Cell Name  Max Transition (ps)  
    sky130_fd_sc_hd__a2bb2o_1  1504  
    sky130_fd_sc_hd__a2bb2o_2  1504  
    sky130_fd_sc_hd__a2bb2o_4  1504  
    sky130_fd_sc_hd__a2bb2oi_1  1494  
    sky130_fd_sc_hd__a2bb2oi_2  1499  
    sky130_fd_sc_hd__a2bb2oi_4  1495  
    sky130_fd_sc_hd__a21bo_1  1509  
    sky130_fd_sc_hd__a21bo_2  1504  
    sky130_fd_sc_hd__a21bo_4  1503  
    sky130_fd_sc_hd__a21boi_0  1487  
    sky130_fd_sc_hd__a21boi_1  1497  
    sky130_fd_sc_hd__a21boi_2  1491  
    sky130_fd_sc_hd__a21boi_4  1496  
    sky130_fd_sc_hd__a21o_1  1504  
    sky130_fd_sc_hd__a21o_2  1506  
    sky130_fd_sc_hd__a21o_4  1508  
    sky130_fd_sc_hd__a21oi_1  1505  
    sky130_fd_sc_hd__a21oi_2  1501  
    sky130_fd_sc_hd__a21oi_4  1497  
    sky130_fd_sc_hd__a22o_1  1505  
    sky130_fd_sc_hd__a22o_2  1507  
    sky130_fd_sc_hd__a22o_4  1509  
    sky130_fd_sc_hd__a22oi_1  1861  
    sky130_fd_sc_hd__a22oi_2  1955  
    sky130_fd_sc_hd__a22oi_4  1933  
    sky130_fd_sc_hd__a31o_1  1502  
    sky130_fd_sc_hd__a31o_2  1505  
    sky130_fd_sc_hd__a31o_4  1504  
    sky130_fd_sc_hd__a31oi_1  1493  
    sky130_fd_sc_hd__a31oi_2  1495  
    sky130_fd_sc_hd__a31oi_4  1502  
    sky130_fd_sc_hd__a32o_1  1508  
    sky130_fd_sc_hd__a32o_2  1502  
    sky130_fd_sc_hd__a32o_4  1501  
    sky130_fd_sc_hd__a32oi_1  1864  
    sky130_fd_sc_hd__a32oi_2  1919  
    sky130_fd_sc_hd__a32oi_4  1916  
    sky130_fd_sc_hd__a41o_1  1504  
    sky130_fd_sc_hd__a41o_2  1501  
    sky130_fd_sc_hd__a41o_4  1502  
    sky130_fd_sc_hd__a41oi_1  1480  
    sky130_fd_sc_hd__a41oi_2  1502  
    sky130_fd_sc_hd__a41oi_4  1495  
    sky130_fd_sc_hd__a211o_1  1501  
    sky130_fd_sc_hd__a211o_2  1506  
    sky130_fd_sc_hd__a211o_4  1504  
    sky130_fd_sc_hd__a211oi_1  1491  
    sky130_fd_sc_hd__a211oi_2  1497  
    sky130_fd_sc_hd__a211oi_4  1495  
    sky130_fd_sc_hd__a221o_1  1500  
    sky130_fd_sc_hd__a221o_2  1504  
    sky130_fd_sc_hd__a221o_4  1505  
    sky130_fd_sc_hd__a221oi_1  1752  
    sky130_fd_sc_hd__a221oi_2  1738  
    sky130_fd_sc_hd__a221oi_4  1760  
    sky130_fd_sc_hd__a222oi_1  2135  
    sky130_fd_sc_hd__a311o_1  1502  
    sky130_fd_sc_hd__a311o_2  1507  
    sky130_fd_sc_hd__a311o_4  1501  
    sky130_fd_sc_hd__a311oi_1  1490  
    sky130_fd_sc_hd__a311oi_2  1508  
    sky130_fd_sc_hd__a311oi_4  1506  
    sky130_fd_sc_hd__a2111o_1  1500  
    sky130_fd_sc_hd__a2111o_2  1502  
    sky130_fd_sc_hd__a2111o_4  1500  
    sky130_fd_sc_hd__a2111oi_0  1462  
    sky130_fd_sc_hd__a2111oi_1  1496  
    sky130_fd_sc_hd__a2111oi_2  1497  
    sky130_fd_sc_hd__a2111oi_4  1500  
    sky130_fd_sc_hd__and2_0  1499  
    sky130_fd_sc_hd__and2_1  1510  
    sky130_fd_sc_hd__and2_2  1506  
    sky130_fd_sc_hd__and2_4  1507  
    sky130_fd_sc_hd__and2b_1  1505  
    sky130_fd_sc_hd__and2b_2  1506  
    sky130_fd_sc_hd__and2b_4  1504  
    sky130_fd_sc_hd__and3_1  1505  
    sky130_fd_sc_hd__and3_2  1508  
    sky130_fd_sc_hd__and3_4  1508  
    sky130_fd_sc_hd__and3b_1  1505  
    sky130_fd_sc_hd__and3b_2  1505  
    sky130_fd_sc_hd__and3b_4  1506  
    sky130_fd_sc_hd__and4_1  1503  
    sky130_fd_sc_hd__and4_2  1509  
    sky130_fd_sc_hd__and4_4  1506  
    sky130_fd_sc_hd__and4b_1  1499  
    sky130_fd_sc_hd__and4b_2  1504  
    sky130_fd_sc_hd__and4b_4  1504  
    sky130_fd_sc_hd__and4bb_1  1505  
    sky130_fd_sc_hd__and4bb_2  1503  
    sky130_fd_sc_hd__and4bb_4  1502  
    sky130_fd_sc_hd__buf_1  1506  
    sky130_fd_sc_hd__buf_2  1510  
    sky130_fd_sc_hd__buf_4  1512  
    sky130_fd_sc_hd__buf_6  1504  
    sky130_fd_sc_hd__buf_8  7652  
    sky130_fd_sc_hd__buf_12  5399  
    sky130_fd_sc_hd__buf_16  5007  
    sky130_fd_sc_hd__bufbuf_8  1508  
    sky130_fd_sc_hd__bufbuf_16  1505  
    sky130_fd_sc_hd__bufinv_8  1510  
    sky130_fd_sc_hd__bufinv_16  1503  
    sky130_fd_sc_hd__clkbuf_1  1506  
    sky130_fd_sc_hd__clkbuf_2  1506  
    sky130_fd_sc_hd__clkbuf_4  1508  
    sky130_fd_sc_hd__clkbuf_8  1514  
    sky130_fd_sc_hd__clkbuf_16  1508  
    sky130_fd_sc_hd__clkdlybuf4s15_1  1506  
    sky130_fd_sc_hd__clkdlybuf4s15_2  1507  
    sky130_fd_sc_hd__clkdlybuf4s18_1  1506  
    sky130_fd_sc_hd__clkdlybuf4s18_2  1515  
    sky130_fd_sc_hd__clkdlybuf4s25_1  1509  
    sky130_fd_sc_hd__clkdlybuf4s25_2  1505  
    sky130_fd_sc_hd__clkdlybuf4s50_1  1495  
    sky130_fd_sc_hd__clkdlybuf4s50_2  1496  
    sky130_fd_sc_hd__clkinv_1  1491  
    sky130_fd_sc_hd__clkinv_2  1498  
    sky130_fd_sc_hd__clkinv_4  1500  
    sky130_fd_sc_hd__clkinv_8  1500  
    sky130_fd_sc_hd__clkinv_16  1500  
    sky130_fd_sc_hd__clkinvlp_2  1492  
    sky130_fd_sc_hd__clkinvlp_4  1497  
    sky130_fd_sc_hd__conb_1  1000  
    sky130_fd_sc_hd__dfbbn_1  1500  
    sky130_fd_sc_hd__dfbbn_2  1500  
    sky130_fd_sc_hd__dfbbp_1  1500  
    sky130_fd_sc_hd__dfrbp_1  1500  
    sky130_fd_sc_hd__dfrbp_2  1500  
    sky130_fd_sc_hd__dfrtn_1  1500  
    sky130_fd_sc_hd__dfrtp_1  1500  
    sky130_fd_sc_hd__dfrtp_2  1500  
    sky130_fd_sc_hd__dfrtp_4  1500  
    sky130_fd_sc_hd__dfsbp_1  1500  
    sky130_fd_sc_hd__dfsbp_2  1500  
    sky130_fd_sc_hd__dfstp_1  1500  
    sky130_fd_sc_hd__dfstp_2  1500  
    sky130_fd_sc_hd__dfstp_4  1500  
    sky130_fd_sc_hd__dfxbp_1  1499  
    sky130_fd_sc_hd__dfxbp_2  1500  
    sky130_fd_sc_hd__dfxtp_1  1498  
    sky130_fd_sc_hd__dfxtp_2  1504  
    sky130_fd_sc_hd__dfxtp_4  1507  
    sky130_fd_sc_hd__diode_2  1500  
    sky130_fd_sc_hd__dlclkp_1  1500  
    sky130_fd_sc_hd__dlclkp_2  1504  
    sky130_fd_sc_hd__dlclkp_4  1502  
    sky130_fd_sc_hd__dlrbn_1  1500  
    sky130_fd_sc_hd__dlrbn_2  1500  
    sky130_fd_sc_hd__dlrbp_1  1500  
    sky130_fd_sc_hd__dlrbp_2  1500  
    sky130_fd_sc_hd__dlrtn_1  1500  
    sky130_fd_sc_hd__dlrtn_2  1500  
    sky130_fd_sc_hd__dlrtn_4  1500  
    sky130_fd_sc_hd__dlrtp_1  1500  
    sky130_fd_sc_hd__dlrtp_2  1500  
    sky130_fd_sc_hd__dlrtp_4  1500  
    sky130_fd_sc_hd__dlxbn_1  1504  
    sky130_fd_sc_hd__dlxbn_2  1500  
    sky130_fd_sc_hd__dlxbp_1  1503  
    sky130_fd_sc_hd__dlxtn_1  1499  
    sky130_fd_sc_hd__dlxtn_2  1506  
    sky130_fd_sc_hd__dlxtn_4  1503  
    sky130_fd_sc_hd__dlxtp_1  1500  
    sky130_fd_sc_hd__dlygate4sd1_1  1505  
    sky130_fd_sc_hd__dlygate4sd2_1  1506  
    sky130_fd_sc_hd__dlygate4sd3_1  1495  
    sky130_fd_sc_hd__dlymetal6s2s_1  1498  
    sky130_fd_sc_hd__dlymetal6s4s_1  1506  
    sky130_fd_sc_hd__dlymetal6s6s_1  1513  
    sky130_fd_sc_hd__ebufn_1  1517  
    sky130_fd_sc_hd__ebufn_2  1515  
    sky130_fd_sc_hd__ebufn_4  1520  
    sky130_fd_sc_hd__ebufn_8  1520  
    sky130_fd_sc_hd__edfxbp_1  1495  
    sky130_fd_sc_hd__edfxtp_1  1503  
    sky130_fd_sc_hd__einvn_0  1487  
    sky130_fd_sc_hd__einvn_1  1484  
    sky130_fd_sc_hd__einvn_2  1492  
    sky130_fd_sc_hd__einvn_4  1498  
    sky130_fd_sc_hd__einvn_8  1499  
    sky130_fd_sc_hd__einvp_1  1496  
    sky130_fd_sc_hd__einvp_2  1501  
    sky130_fd_sc_hd__einvp_4  1500  
    sky130_fd_sc_hd__einvp_8  1499  
    sky130_fd_sc_hd__fa_1  1498  
    sky130_fd_sc_hd__fa_2  1504  
    sky130_fd_sc_hd__fa_4  1507  
    sky130_fd_sc_hd__fah_1  1501  
    sky130_fd_sc_hd__fahcin_1  1504  
    sky130_fd_sc_hd__fahcon_1  1468  
    sky130_fd_sc_hd__ha_1  1503  
    sky130_fd_sc_hd__ha_2  1503  
    sky130_fd_sc_hd__ha_4  1504  
    sky130_fd_sc_hd__inv_1  1498  
    sky130_fd_sc_hd__inv_2  1498  
    sky130_fd_sc_hd__inv_4  1500  
    sky130_fd_sc_hd__inv_6  1499  
    sky130_fd_sc_hd__inv_8  1500  
    sky130_fd_sc_hd__inv_12  1500  
    sky130_fd_sc_hd__inv_16  1501  
    sky130_fd_sc_hd__lpflow_bleeder_1  1500  
    sky130_fd_sc_hd__lpflow_clkbufkapwr_1  1505  
    sky130_fd_sc_hd__lpflow_clkbufkapwr_2  1505  
    sky130_fd_sc_hd__lpflow_clkbufkapwr_4  1505  
    sky130_fd_sc_hd__lpflow_clkbufkapwr_8  1511  
    sky130_fd_sc_hd__lpflow_clkbufkapwr_16  1511  
    sky130_fd_sc_hd__lpflow_clkinvkapwr_1  1491  
    sky130_fd_sc_hd__lpflow_clkinvkapwr_2  1498  
    sky130_fd_sc_hd__lpflow_clkinvkapwr_4  1503  
    sky130_fd_sc_hd__lpflow_clkinvkapwr_8  1498  
    sky130_fd_sc_hd__lpflow_clkinvkapwr_16  1501  
    sky130_fd_sc_hd__lpflow_inputiso0n_1  1510  
    sky130_fd_sc_hd__lpflow_inputiso0p_1  1505  
    sky130_fd_sc_hd__lpflow_inputiso1n_1  1505  
    sky130_fd_sc_hd__lpflow_inputiso1p_1  1504  
    sky130_fd_sc_hd__lpflow_inputisolatch_1  1500  
    sky130_fd_sc_hd__lpflow_isobufsrc_1  1497  
    sky130_fd_sc_hd__lpflow_isobufsrc_2  1493  
    sky130_fd_sc_hd__lpflow_isobufsrc_4  1498  
    sky130_fd_sc_hd__lpflow_isobufsrc_8  1500  
    sky130_fd_sc_hd__lpflow_isobufsrc_16  1504  
    sky130_fd_sc_hd__lpflow_isobufsrckapwr_16  1505  
    sky130_fd_sc_hd__lpflow_lsbuf_lh_hl_isowell_tap_1  1508  
    sky130_fd_sc_hd__lpflow_lsbuf_lh_hl_isowell_tap_2  1505  
    sky130_fd_sc_hd__lpflow_lsbuf_lh_hl_isowell_tap_4  1508  
    sky130_fd_sc_hd__lpflow_lsbuf_lh_isowell_4  1506  
    sky130_fd_sc_hd__lpflow_lsbuf_lh_isowell_tap_1  1509  
    sky130_fd_sc_hd__lpflow_lsbuf_lh_isowell_tap_2  1506  
    sky130_fd_sc_hd__lpflow_lsbuf_lh_isowell_tap_4  1508  
    sky130_fd_sc_hd__macro_sparecell  1000  
    sky130_fd_sc_hd__maj3_1  1500  
    sky130_fd_sc_hd__maj3_2  1503  
    sky130_fd_sc_hd__maj3_4  1503  
    sky130_fd_sc_hd__mux2_1  1504  
    sky130_fd_sc_hd__mux2_2  1507  
    sky130_fd_sc_hd__mux2_4  1507  
    sky130_fd_sc_hd__mux2_8  1506  
    sky130_fd_sc_hd__mux2i_1  1458  
    sky130_fd_sc_hd__mux2i_2  1471  
    sky130_fd_sc_hd__mux2i_4  1469  
    sky130_fd_sc_hd__mux4_1  1506  
    sky130_fd_sc_hd__mux4_2  1503  
    sky130_fd_sc_hd__mux4_4  1505  
    sky130_fd_sc_hd__nand2_1  1496  
    sky130_fd_sc_hd__nand2_2  1495  
    sky130_fd_sc_hd__nand2_4  1499  
    sky130_fd_sc_hd__nand2_8  1496  
    sky130_fd_sc_hd__nand2b_1  1506  
    sky130_fd_sc_hd__nand2b_2  1507  
    sky130_fd_sc_hd__nand2b_4  1499  
    sky130_fd_sc_hd__nand3_1  1496  
    sky130_fd_sc_hd__nand3_2  1498  
    sky130_fd_sc_hd__nand3_4  1500  
    sky130_fd_sc_hd__nand3b_1  1495  
    sky130_fd_sc_hd__nand3b_2  1492  
    sky130_fd_sc_hd__nand3b_4  1501  
    sky130_fd_sc_hd__nand4_1  1496  
    sky130_fd_sc_hd__nand4_2  1496  
    sky130_fd_sc_hd__nand4_4  1497  
    sky130_fd_sc_hd__nand4b_1  1492  
    sky130_fd_sc_hd__nand4b_2  1494  
    sky130_fd_sc_hd__nand4b_4  1498  
    sky130_fd_sc_hd__nand4bb_1  1491  
    sky130_fd_sc_hd__nand4bb_2  1499  
    sky130_fd_sc_hd__nand4bb_4  1497  
    sky130_fd_sc_hd__nor2_1  1494  
    sky130_fd_sc_hd__nor2_2  1498  
    sky130_fd_sc_hd__nor2_4  1496  
    sky130_fd_sc_hd__nor2_8  1500  
    sky130_fd_sc_hd__nor2b_1  1497  
    sky130_fd_sc_hd__nor2b_2  1493  
    sky130_fd_sc_hd__nor2b_4  1497  
    sky130_fd_sc_hd__nor3_1  1488  
    sky130_fd_sc_hd__nor3_2  1492  
    sky130_fd_sc_hd__nor3_4  1495  
    sky130_fd_sc_hd__nor3b_1  1497  
    sky130_fd_sc_hd__nor3b_2  1493  
    sky130_fd_sc_hd__nor3b_4  1498  
    sky130_fd_sc_hd__nor4_1  1486  
    sky130_fd_sc_hd__nor4_2  1488  
    sky130_fd_sc_hd__nor4_4  1489  
    sky130_fd_sc_hd__nor4b_1  1479  
    sky130_fd_sc_hd__nor4b_2  1496  
    sky130_fd_sc_hd__nor4b_4  1494  
    sky130_fd_sc_hd__nor4bb_1  1480  
    sky130_fd_sc_hd__nor4bb_2  1479  
    sky130_fd_sc_hd__nor4bb_4  1498  
    sky130_fd_sc_hd__o2bb2a_1  1507  
    sky130_fd_sc_hd__o2bb2a_2  1505  
    sky130_fd_sc_hd__o2bb2a_4  1504  
    sky130_fd_sc_hd__o2bb2ai_1  1502  
    sky130_fd_sc_hd__o2bb2ai_2  1491  
    sky130_fd_sc_hd__o2bb2ai_4  1498  
    sky130_fd_sc_hd__o21a_1  1511  
    sky130_fd_sc_hd__o21a_2  1508  
    sky130_fd_sc_hd__o21a_4  1504  
    sky130_fd_sc_hd__o21ai_0  1484  
    sky130_fd_sc_hd__o21ai_1  1490  
    sky130_fd_sc_hd__o21ai_2  1500  
    sky130_fd_sc_hd__o21ai_4  1494  
    sky130_fd_sc_hd__o21ba_1  1506  
    sky130_fd_sc_hd__o21ba_2  1503  
    sky130_fd_sc_hd__o21ba_4  1507  
    sky130_fd_sc_hd__o21bai_1  1497  
    sky130_fd_sc_hd__o21bai_2  1499  
    sky130_fd_sc_hd__o21bai_4  1496  
    sky130_fd_sc_hd__o22a_1  1502  
    sky130_fd_sc_hd__o22a_2  1504  
    sky130_fd_sc_hd__o22a_4  1501  
    sky130_fd_sc_hd__o22ai_1  1522  
    sky130_fd_sc_hd__o22ai_2  1503  
    sky130_fd_sc_hd__o22ai_4  1540  
    sky130_fd_sc_hd__o31a_1  1505  
    sky130_fd_sc_hd__o31a_2  1505  
    sky130_fd_sc_hd__o31a_4  1509  
    sky130_fd_sc_hd__o31ai_1  1487  
    sky130_fd_sc_hd__o31ai_2  1491  
    sky130_fd_sc_hd__o31ai_4  1504  
    sky130_fd_sc_hd__o32a_1  1498  
    sky130_fd_sc_hd__o32a_2  1502  
    sky130_fd_sc_hd__o32a_4  1503  
    sky130_fd_sc_hd__o32ai_1  1495  
    sky130_fd_sc_hd__o32ai_2  1504  
    sky130_fd_sc_hd__o32ai_4  1510  
    sky130_fd_sc_hd__o41a_1  1506  
    sky130_fd_sc_hd__o41a_2  1504  
    sky130_fd_sc_hd__o41a_4  1503  
    sky130_fd_sc_hd__o41ai_1  1481  
    sky130_fd_sc_hd__o41ai_2  1484  
    sky130_fd_sc_hd__o41ai_4  1495  
    sky130_fd_sc_hd__o211a_1  1503  
    sky130_fd_sc_hd__o211a_2  1503  
    sky130_fd_sc_hd__o211a_4  1505  
    sky130_fd_sc_hd__o211ai_1  1493  
    sky130_fd_sc_hd__o211ai_2  1496  
    sky130_fd_sc_hd__o211ai_4  1493  
    sky130_fd_sc_hd__o221a_1  1505  
    sky130_fd_sc_hd__o221a_2  1503  
    sky130_fd_sc_hd__o221a_4  1505  
    sky130_fd_sc_hd__o221ai_1  1528  
    sky130_fd_sc_hd__o221ai_2  1543  
    sky130_fd_sc_hd__o221ai_4  1547  
    sky130_fd_sc_hd__o311a_1  1512  
    sky130_fd_sc_hd__o311a_2  1504  
    sky130_fd_sc_hd__o311a_4  1506  
    sky130_fd_sc_hd__o311ai_0  1481  
    sky130_fd_sc_hd__o311ai_1  1477  
    sky130_fd_sc_hd__o311ai_2  1498  
    sky130_fd_sc_hd__o311ai_4  1496  
    sky130_fd_sc_hd__o2111a_1  1504  
    sky130_fd_sc_hd__o2111a_2  1506  
    sky130_fd_sc_hd__o2111a_4  1504  
    sky130_fd_sc_hd__o2111ai_1  1498  
    sky130_fd_sc_hd__o2111ai_2  1502  
    sky130_fd_sc_hd__o2111ai_4  1499  
    sky130_fd_sc_hd__or2_0  1500  
    sky130_fd_sc_hd__or2_1  1504  
    sky130_fd_sc_hd__or2_2  1509  
    sky130_fd_sc_hd__or2_4  1508  
    sky130_fd_sc_hd__or2b_1  1505  
    sky130_fd_sc_hd__or2b_2  1505  
    sky130_fd_sc_hd__or2b_4  1506  
    sky130_fd_sc_hd__or3_1  1503  
    sky130_fd_sc_hd__or3_2  1503  
    sky130_fd_sc_hd__or3_4  1507  
    sky130_fd_sc_hd__or3b_1  1503  
    sky130_fd_sc_hd__or3b_2  1504  
    sky130_fd_sc_hd__or3b_4  1508  
    sky130_fd_sc_hd__or4_1  1503  
    sky130_fd_sc_hd__or4_2  1506  
    sky130_fd_sc_hd__or4_4  1508  
    sky130_fd_sc_hd__or4b_1  1509  
    sky130_fd_sc_hd__or4b_2  1502  
    sky130_fd_sc_hd__or4b_4  1508  
    sky130_fd_sc_hd__or4bb_1  1502  
    sky130_fd_sc_hd__or4bb_2  1506  
    sky130_fd_sc_hd__or4bb_4  1503  
    sky130_fd_sc_hd__probe_p_8  1504  
    sky130_fd_sc_hd__probec_p_8  1504  
    sky130_fd_sc_hd__sdfbbn_1  1500  
    sky130_fd_sc_hd__sdfbbn_2  1500  
    sky130_fd_sc_hd__sdfbbp_1  1500  
    sky130_fd_sc_hd__sdfrbp_1  1500  
    sky130_fd_sc_hd__sdfrbp_2  1500  
    sky130_fd_sc_hd__sdfrtn_1  1500  
    sky130_fd_sc_hd__sdfrtp_1  1500  
    sky130_fd_sc_hd__sdfrtp_2  1500  
    sky130_fd_sc_hd__sdfrtp_4  1500  
    sky130_fd_sc_hd__sdfsbp_1  1500  
    sky130_fd_sc_hd__sdfsbp_2  1500  
    sky130_fd_sc_hd__sdfstp_1  1500  
    sky130_fd_sc_hd__sdfstp_2  1500  
    sky130_fd_sc_hd__sdfstp_4  1500  
    sky130_fd_sc_hd__sdfxbp_1  1500  
    sky130_fd_sc_hd__sdfxbp_2  1500  
    sky130_fd_sc_hd__sdfxtp_1  1500  
    sky130_fd_sc_hd__sdfxtp_2  1500  
    sky130_fd_sc_hd__sdfxtp_4  1500  
    sky130_fd_sc_hd__sdlclkp_1  1500  
    sky130_fd_sc_hd__sdlclkp_2  1500  
    sky130_fd_sc_hd__sdlclkp_4  1500  
    sky130_fd_sc_hd__sedfxbp_1  1500  
    sky130_fd_sc_hd__sedfxbp_2  1500  
    sky130_fd_sc_hd__sedfxtp_1  1500  
    sky130_fd_sc_hd__sedfxtp_2  1500  
    sky130_fd_sc_hd__sedfxtp_4  1500  
    sky130_fd_sc_hd__xnor2_1  1489  
    sky130_fd_sc_hd__xnor2_2  1493  
    sky130_fd_sc_hd__xnor2_4  1501  
    sky130_fd_sc_hd__xnor3_1  1504  
    sky130_fd_sc_hd__xnor3_2  1504  
    sky130_fd_sc_hd__xnor3_4  1507  
    sky130_fd_sc_hd__xor2_1  1495  
    sky130_fd_sc_hd__xor2_2  1499  
    sky130_fd_sc_hd__xor2_4  1498  
    sky130_fd_sc_hd__xor3_1  1497  
    sky130_fd_sc_hd__xor3_2  1500  
    sky130_fd_sc_hd__xor3_4  1504  418  
# Cells in .lib with max_cap: 
    ------------------------------
    Cell List with max_cap
    ------------------------------
               Cell Name  Max Capacitance (pf)  
    sky130_fd_sc_hd__a2bb2o_1  0.158396  
    sky130_fd_sc_hd__a2bb2o_2  0.300303  
    sky130_fd_sc_hd__a2bb2o_4  0.502634  
    sky130_fd_sc_hd__a2bb2oi_1  0.069590  
    sky130_fd_sc_hd__a2bb2oi_2  0.130015  
    sky130_fd_sc_hd__a2bb2oi_4  0.226145  
    sky130_fd_sc_hd__a21bo_1  0.183115  
    sky130_fd_sc_hd__a21bo_2  0.288401  
    sky130_fd_sc_hd__a21bo_4  0.475169  
    sky130_fd_sc_hd__a21boi_0  0.048533  
    sky130_fd_sc_hd__a21boi_1  0.075999  
    sky130_fd_sc_hd__a21boi_2  0.129099  
    sky130_fd_sc_hd__a21boi_4  0.215159  
    sky130_fd_sc_hd__a21o_1  0.177622  
    sky130_fd_sc_hd__a21o_2  0.309458  
    sky130_fd_sc_hd__a21o_4  0.568552  
    sky130_fd_sc_hd__a21oi_1  0.074168  
    sky130_fd_sc_hd__a21oi_2  0.128184  
    sky130_fd_sc_hd__a21oi_4  0.221568  
    sky130_fd_sc_hd__a22o_1  0.159312  
    sky130_fd_sc_hd__a22o_2  0.301218  
    sky130_fd_sc_hd__a22o_4  0.556650  
    sky130_fd_sc_hd__a22oi_1  0.088816  
    sky130_fd_sc_hd__a22oi_2  0.170298  
    sky130_fd_sc_hd__a22oi_4  0.293894  
    sky130_fd_sc_hd__a31o_1  0.160227  
    sky130_fd_sc_hd__a31o_2  0.271922  
    sky130_fd_sc_hd__a31o_4  0.498972  
    sky130_fd_sc_hd__a31oi_1  0.065928  
    sky130_fd_sc_hd__a31oi_2  0.118113  
    sky130_fd_sc_hd__a31oi_4  0.211497  
    sky130_fd_sc_hd__a32o_1  0.151072  
    sky130_fd_sc_hd__a32o_2  0.264597  
    sky130_fd_sc_hd__a32o_4  0.536509  
    sky130_fd_sc_hd__a32oi_1  0.085154  
    sky130_fd_sc_hd__a32oi_2  0.155650  
    sky130_fd_sc_hd__a32oi_4  0.251780  
    sky130_fd_sc_hd__a41o_1  0.165720  
    sky130_fd_sc_hd__a41o_2  0.325022  
    sky130_fd_sc_hd__a41o_4  0.560313  
    sky130_fd_sc_hd__a41oi_1  0.065928  
    sky130_fd_sc_hd__a41oi_2  0.124522  
    sky130_fd_sc_hd__a41oi_4  0.194102  
    sky130_fd_sc_hd__a211o_1  0.176707  
    sky130_fd_sc_hd__a211o_2  0.325022  
    sky130_fd_sc_hd__a211o_4  0.559397  
    sky130_fd_sc_hd__a211oi_1  0.047617  
    sky130_fd_sc_hd__a211oi_2  0.088816  
    sky130_fd_sc_hd__a211oi_4  0.141917  
    sky130_fd_sc_hd__a221o_1  0.158396  
    sky130_fd_sc_hd__a221o_2  0.299387  
    sky130_fd_sc_hd__a221o_4  0.537424  
    sky130_fd_sc_hd__a221oi_1  0.054942  
    sky130_fd_sc_hd__a221oi_2  0.096140  
    sky130_fd_sc_hd__a221oi_4  0.166636  
    sky130_fd_sc_hd__a222oi_1  0.065928  
    sky130_fd_sc_hd__a311o_1  0.142832  
    sky130_fd_sc_hd__a311o_2  0.298472  
    sky130_fd_sc_hd__a311o_4  0.453196  
    sky130_fd_sc_hd__a311oi_1  0.043955  
    sky130_fd_sc_hd__a311oi_2  0.084238  
    sky130_fd_sc_hd__a311oi_4  0.133677  
    sky130_fd_sc_hd__a2111o_1  0.175791  
    sky130_fd_sc_hd__a2111o_2  0.324107  
    sky130_fd_sc_hd__a2111o_4  0.535593  
    sky130_fd_sc_hd__a2111oi_0  0.021067  
    sky130_fd_sc_hd__a2111oi_1  0.031138  
    sky130_fd_sc_hd__a2111oi_2  0.056773  
    sky130_fd_sc_hd__a2111oi_4  0.105296  
    sky130_fd_sc_hd__and2_0  0.108958  
    sky130_fd_sc_hd__and2_1  0.158396  
    sky130_fd_sc_hd__and2_2  0.303049  
    sky130_fd_sc_hd__and2_4  0.539255  
    sky130_fd_sc_hd__and2b_1  0.169383  
    sky130_fd_sc_hd__and2b_2  0.310374  
    sky130_fd_sc_hd__and2b_4  0.468760  
    sky130_fd_sc_hd__and3_1  0.157481  
    sky130_fd_sc_hd__and3_2  0.309458  
    sky130_fd_sc_hd__and3_4  0.532847  
    sky130_fd_sc_hd__and3b_1  0.157481  
    sky130_fd_sc_hd__and3b_2  0.309458  
    sky130_fd_sc_hd__and3b_4  0.460520  
    sky130_fd_sc_hd__and4_1  0.161143  
    sky130_fd_sc_hd__and4_2  0.300303  
    sky130_fd_sc_hd__and4_4  0.531931  
    sky130_fd_sc_hd__and4b_1  0.155650  
    sky130_fd_sc_hd__and4b_2  0.297556  
    sky130_fd_sc_hd__and4b_4  0.463267  
    sky130_fd_sc_hd__and4bb_1  0.156565  
    sky130_fd_sc_hd__and4bb_2  0.270090  
    sky130_fd_sc_hd__and4bb_4  0.461436  
    sky130_fd_sc_hd__buf_1  0.130015  
    sky130_fd_sc_hd__buf_2  0.315867  
    sky130_fd_sc_hd__buf_4  0.561228  
    sky130_fd_sc_hd__buf_6  0.785532  
    sky130_fd_sc_hd__buf_8  5.000000  
    sky130_fd_sc_hd__buf_12  5.000000  
    sky130_fd_sc_hd__buf_16  5.000000  
    sky130_fd_sc_hd__bufbuf_8  0.941172  
    sky130_fd_sc_hd__bufbuf_16  1.494150  
    sky130_fd_sc_hd__bufinv_8  0.942087  
    sky130_fd_sc_hd__bufinv_16  1.509714  
    sky130_fd_sc_hd__clkbuf_1  0.130015  
    sky130_fd_sc_hd__clkbuf_2  0.281077  
    sky130_fd_sc_hd__clkbuf_4  0.517283  
    sky130_fd_sc_hd__clkbuf_8  0.909128  
    sky130_fd_sc_hd__clkbuf_16  1.531687  
    sky130_fd_sc_hd__clkdlybuf4s15_1  0.160227  
    sky130_fd_sc_hd__clkdlybuf4s15_2  0.280161  
    sky130_fd_sc_hd__clkdlybuf4s18_1  0.160227  
    sky130_fd_sc_hd__clkdlybuf4s18_2  0.297556  
    sky130_fd_sc_hd__clkdlybuf4s25_1  0.151987  
    sky130_fd_sc_hd__clkdlybuf4s25_2  0.298472  
    sky130_fd_sc_hd__clkdlybuf4s50_1  0.156565  
    sky130_fd_sc_hd__clkdlybuf4s50_2  0.292979  
    sky130_fd_sc_hd__clkinv_1  0.190440  
    sky130_fd_sc_hd__clkinv_2  0.395518  
    sky130_fd_sc_hd__clkinv_4  0.782786  
    sky130_fd_sc_hd__clkinv_8  1.381540  
    sky130_fd_sc_hd__clkinv_16  2.348337  
    sky130_fd_sc_hd__clkinvlp_2  0.154734  
    sky130_fd_sc_hd__clkinvlp_4  0.321360  
    sky130_fd_sc_hd__conb_1  2.046800  
    sky130_fd_sc_hd__dfbbn_1  0.153819  
    sky130_fd_sc_hd__dfbbn_2  0.288401  
    sky130_fd_sc_hd__dfbbp_1  0.153819  
    sky130_fd_sc_hd__dfrbp_1  0.171214  
    sky130_fd_sc_hd__dfrbp_2  0.287486  
    sky130_fd_sc_hd__dfrtn_1  0.174876  
    sky130_fd_sc_hd__dfrtp_1  0.174876  
    sky130_fd_sc_hd__dfrtp_2  0.322276  
    sky130_fd_sc_hd__dfrtp_4  0.551157  
    sky130_fd_sc_hd__dfsbp_1  0.178538  
    sky130_fd_sc_hd__dfsbp_2  0.319529  
    sky130_fd_sc_hd__dfstp_1  0.167551  
    sky130_fd_sc_hd__dfstp_2  0.311289  
    sky130_fd_sc_hd__dfstp_4  0.622568  
    sky130_fd_sc_hd__dfxbp_1  0.173045  
    sky130_fd_sc_hd__dfxbp_2  0.320444  
    sky130_fd_sc_hd__dfxtp_1  0.162058  
    sky130_fd_sc_hd__dfxtp_2  0.303049  
    sky130_fd_sc_hd__dfxtp_4  0.546580  
    sky130_fd_sc_hd__dlclkp_1  0.152903  
    sky130_fd_sc_hd__dlclkp_2  0.295725  
    sky130_fd_sc_hd__dlclkp_4  0.508128  
    sky130_fd_sc_hd__dlrbn_1  0.168467  
    sky130_fd_sc_hd__dlrbn_2  0.314036  
    sky130_fd_sc_hd__dlrbp_1  0.168467  
    sky130_fd_sc_hd__dlrbp_2  0.314036  
    sky130_fd_sc_hd__dlrtn_1  0.158396  
    sky130_fd_sc_hd__dlrtn_2  0.285654  
    sky130_fd_sc_hd__dlrtn_4  0.545664  
    sky130_fd_sc_hd__dlrtp_1  0.157481  
    sky130_fd_sc_hd__dlrtp_2  0.285654  
    sky130_fd_sc_hd__dlrtp_4  0.545664  
    sky130_fd_sc_hd__dlxbn_1  0.168467  
    sky130_fd_sc_hd__dlxbn_2  0.313120  
    sky130_fd_sc_hd__dlxbp_1  0.168467  
    sky130_fd_sc_hd__dlxtn_1  0.162058  
    sky130_fd_sc_hd__dlxtn_2  0.303965  
    sky130_fd_sc_hd__dlxtn_4  0.545664  
    sky130_fd_sc_hd__dlxtp_1  0.160227  
    sky130_fd_sc_hd__dlygate4sd1_1  0.159312  
    sky130_fd_sc_hd__dlygate4sd2_1  0.159312  
    sky130_fd_sc_hd__dlygate4sd3_1  0.154734  
    sky130_fd_sc_hd__dlymetal6s2s_1  0.157481  
    sky130_fd_sc_hd__dlymetal6s4s_1  0.156565  
    sky130_fd_sc_hd__dlymetal6s6s_1  0.160227  
    sky130_fd_sc_hd__ebufn_1  0.075999  
    sky130_fd_sc_hd__ebufn_2  0.125437  
    sky130_fd_sc_hd__ebufn_4  0.219736  
    sky130_fd_sc_hd__ebufn_8  0.380869  
    sky130_fd_sc_hd__edfxbp_1  0.168467  
    sky130_fd_sc_hd__edfxtp_1  0.171214  
    sky130_fd_sc_hd__einvn_0  0.050364  
    sky130_fd_sc_hd__einvn_1  0.074168  
    sky130_fd_sc_hd__einvn_2  0.128184  
    sky130_fd_sc_hd__einvn_4  0.244456  
    sky130_fd_sc_hd__einvn_8  0.411082  
    sky130_fd_sc_hd__einvp_1  0.076914  
    sky130_fd_sc_hd__einvp_2  0.135508  
    sky130_fd_sc_hd__einvp_4  0.236216  
    sky130_fd_sc_hd__einvp_8  0.403757  
    sky130_fd_sc_hd__fa_1  0.155650  
    sky130_fd_sc_hd__fa_2  0.288401  
    sky130_fd_sc_hd__fa_4  0.519114  
    sky130_fd_sc_hd__fah_1  0.161143  
    sky130_fd_sc_hd__fahcin_1  0.161143  
    sky130_fd_sc_hd__fahcon_1  0.157481  
    sky130_fd_sc_hd__ha_1  0.176707  
    sky130_fd_sc_hd__ha_2  0.312205  
    sky130_fd_sc_hd__ha_4  0.553904  
    sky130_fd_sc_hd__inv_1  0.181284  
    sky130_fd_sc_hd__inv_2  0.331431  
    sky130_fd_sc_hd__inv_4  0.563059  
    sky130_fd_sc_hd__inv_6  0.782786  
    sky130_fd_sc_hd__inv_8  1.035471  
    sky130_fd_sc_hd__inv_12  1.417246  
    sky130_fd_sc_hd__inv_16  1.681833  
    sky130_fd_sc_hd__lpflow_clkbufkapwr_1  0.130930  
    sky130_fd_sc_hd__lpflow_clkbufkapwr_2  0.281992  
    sky130_fd_sc_hd__lpflow_clkbufkapwr_4  0.521860  
    sky130_fd_sc_hd__lpflow_clkbufkapwr_8  0.950327  
    sky130_fd_sc_hd__lpflow_clkbufkapwr_16  1.742258  
    sky130_fd_sc_hd__lpflow_clkinvkapwr_1  0.191355  
    sky130_fd_sc_hd__lpflow_clkinvkapwr_2  0.395518  
    sky130_fd_sc_hd__lpflow_clkinvkapwr_4  0.784617  
    sky130_fd_sc_hd__lpflow_clkinvkapwr_8  1.424570  
    sky130_fd_sc_hd__lpflow_clkinvkapwr_16  2.351084  
    sky130_fd_sc_hd__lpflow_inputiso0n_1  0.158396  
    sky130_fd_sc_hd__lpflow_inputiso0p_1  0.169383  
    sky130_fd_sc_hd__lpflow_inputiso1n_1  0.169383  
    sky130_fd_sc_hd__lpflow_inputiso1p_1  0.164805  
    sky130_fd_sc_hd__lpflow_inputisolatch_1  0.162058  
    sky130_fd_sc_hd__lpflow_isobufsrc_1  0.082407  
    sky130_fd_sc_hd__lpflow_isobufsrc_2  0.142832  
    sky130_fd_sc_hd__lpflow_isobufsrc_4  0.254527  
    sky130_fd_sc_hd__lpflow_isobufsrc_8  0.420237  
    sky130_fd_sc_hd__lpflow_isobufsrc_16  0.576792  
    sky130_fd_sc_hd__lpflow_isobufsrckapwr_16  1.719370  
    sky130_fd_sc_hd__lpflow_lsbuf_lh_hl_isowell_tap_1  0.128184  
    sky130_fd_sc_hd__lpflow_lsbuf_lh_hl_isowell_tap_2  0.301218  
    sky130_fd_sc_hd__lpflow_lsbuf_lh_hl_isowell_tap_4  0.549326  
    sky130_fd_sc_hd__lpflow_lsbuf_lh_isowell_4  0.549326  
    sky130_fd_sc_hd__lpflow_lsbuf_lh_isowell_tap_1  0.128184  
    sky130_fd_sc_hd__lpflow_lsbuf_lh_isowell_tap_2  0.301218  
    sky130_fd_sc_hd__lpflow_lsbuf_lh_isowell_tap_4  0.549326  
    sky130_fd_sc_hd__macro_sparecell  1.894800  
    sky130_fd_sc_hd__maj3_1  0.155650  
    sky130_fd_sc_hd__maj3_2  0.304880  
    sky130_fd_sc_hd__maj3_4  0.534678  
    sky130_fd_sc_hd__mux2_1  0.173045  
    sky130_fd_sc_hd__mux2_2  0.297556  
    sky130_fd_sc_hd__mux2_4  0.536509  
    sky130_fd_sc_hd__mux2_8  0.931101  
    sky130_fd_sc_hd__mux2i_1  0.068675  
    sky130_fd_sc_hd__mux2i_2  0.108042  
    sky130_fd_sc_hd__mux2i_4  0.190440  
    sky130_fd_sc_hd__mux4_1  0.161143  
    sky130_fd_sc_hd__mux4_2  0.301218  
    sky130_fd_sc_hd__mux4_4  0.548411  
    sky130_fd_sc_hd__nand2_1  0.166636  
    sky130_fd_sc_hd__nand2_2  0.295725  
    sky130_fd_sc_hd__nand2_4  0.530100  
    sky130_fd_sc_hd__nand2_8  0.933848  
    sky130_fd_sc_hd__nand2b_1  0.150156  
    sky130_fd_sc_hd__nand2b_2  0.285654  
    sky130_fd_sc_hd__nand2b_4  0.521860  
    sky130_fd_sc_hd__nand3_1  0.146494  
    sky130_fd_sc_hd__nand3_2  0.260020  
    sky130_fd_sc_hd__nand3_4  0.469675  
    sky130_fd_sc_hd__nand3b_1  0.143748  
    sky130_fd_sc_hd__nand3b_2  0.263682  
    sky130_fd_sc_hd__nand3b_4  0.479746  
    sky130_fd_sc_hd__nand4_1  0.124522  
    sky130_fd_sc_hd__nand4_2  0.200510  
    sky130_fd_sc_hd__nand4_4  0.357981  
    sky130_fd_sc_hd__nand4b_1  0.124522  
    sky130_fd_sc_hd__nand4b_2  0.200510  
    sky130_fd_sc_hd__nand4b_4  0.364390  
    sky130_fd_sc_hd__nand4bb_1  0.123606  
    sky130_fd_sc_hd__nand4bb_2  0.200510  
    sky130_fd_sc_hd__nand4bb_4  0.356150  
    sky130_fd_sc_hd__nor2_1  0.086070  
    sky130_fd_sc_hd__nor2_2  0.141917  
    sky130_fd_sc_hd__nor2_4  0.251780  
    sky130_fd_sc_hd__nor2_8  0.433054  
    sky130_fd_sc_hd__nor2b_1  0.082407  
    sky130_fd_sc_hd__nor2b_2  0.142832  
    sky130_fd_sc_hd__nor2b_4  0.254527  
    sky130_fd_sc_hd__nor3_1  0.052195  
    sky130_fd_sc_hd__nor3_2  0.092478  
    sky130_fd_sc_hd__nor3_4  0.153819  
    sky130_fd_sc_hd__nor3b_1  0.049448  
    sky130_fd_sc_hd__nor3b_2  0.093394  
    sky130_fd_sc_hd__nor3b_4  0.146494  
    sky130_fd_sc_hd__nor4_1  0.036631  
    sky130_fd_sc_hd__nor4_2  0.064097  
    sky130_fd_sc_hd__nor4_4  0.112620  
    sky130_fd_sc_hd__nor4b_1  0.033884  
    sky130_fd_sc_hd__nor4b_2  0.065012  
    sky130_fd_sc_hd__nor4b_4  0.113535  
    sky130_fd_sc_hd__nor4bb_1  0.036631  
    sky130_fd_sc_hd__nor4bb_2  0.060435  
    sky130_fd_sc_hd__nor4bb_4  0.111704  
    sky130_fd_sc_hd__o2bb2a_1  0.156565  
    sky130_fd_sc_hd__o2bb2a_2  0.294810  
    sky130_fd_sc_hd__o2bb2a_4  0.497141  
    sky130_fd_sc_hd__o2bb2ai_1  0.075999  
    sky130_fd_sc_hd__o2bb2ai_2  0.134592  
    sky130_fd_sc_hd__o2bb2ai_4  0.246287  
    sky130_fd_sc_hd__o21a_1  0.162974  
    sky130_fd_sc_hd__o21a_2  0.294810  
    sky130_fd_sc_hd__o21a_4  0.509959  
    sky130_fd_sc_hd__o21ai_0  0.050364  
    sky130_fd_sc_hd__o21ai_1  0.080576  
    sky130_fd_sc_hd__o21ai_2  0.139170  
    sky130_fd_sc_hd__o21ai_4  0.224314  
    sky130_fd_sc_hd__o21ba_1  0.156565  
    sky130_fd_sc_hd__o21ba_2  0.264597  
    sky130_fd_sc_hd__o21ba_4  0.452280  
    sky130_fd_sc_hd__o21bai_1  0.077830  
    sky130_fd_sc_hd__o21bai_2  0.140086  
    sky130_fd_sc_hd__o21bai_4  0.245371  
    sky130_fd_sc_hd__o22a_1  0.162058  
    sky130_fd_sc_hd__o22a_2  0.304880  
    sky130_fd_sc_hd__o22a_4  0.530100  
    sky130_fd_sc_hd__o22ai_1  0.073252  
    sky130_fd_sc_hd__o22ai_2  0.137339  
    sky130_fd_sc_hd__o22ai_4  0.216990  
    sky130_fd_sc_hd__o31a_1  0.149241  
    sky130_fd_sc_hd__o31a_2  0.285654  
    sky130_fd_sc_hd__o31a_4  0.544749  
    sky130_fd_sc_hd__o31ai_1  0.047617  
    sky130_fd_sc_hd__o31ai_2  0.080576  
    sky130_fd_sc_hd__o31ai_4  0.144663  
    sky130_fd_sc_hd__o32a_1  0.150156  
    sky130_fd_sc_hd__o32a_2  0.300303  
    sky130_fd_sc_hd__o32a_4  0.556650  
    sky130_fd_sc_hd__o32ai_1  0.046702  
    sky130_fd_sc_hd__o32ai_2  0.088816  
    sky130_fd_sc_hd__o32ai_4  0.153819  
    sky130_fd_sc_hd__o41a_1  0.147410  
    sky130_fd_sc_hd__o41a_2  0.305796  
    sky130_fd_sc_hd__o41a_4  0.544749  
    sky130_fd_sc_hd__o41ai_1  0.033884  
    sky130_fd_sc_hd__o41ai_2  0.062266  
    sky130_fd_sc_hd__o41ai_4  0.108958  
    sky130_fd_sc_hd__o211a_1  0.183115  
    sky130_fd_sc_hd__o211a_2  0.268259  
    sky130_fd_sc_hd__o211a_4  0.509043  
    sky130_fd_sc_hd__o211ai_1  0.074168  
    sky130_fd_sc_hd__o211ai_2  0.133677  
    sky130_fd_sc_hd__o211ai_4  0.215159  
    sky130_fd_sc_hd__o221a_1  0.152903  
    sky130_fd_sc_hd__o221a_2  0.281077  
    sky130_fd_sc_hd__o221a_4  0.487986  
    sky130_fd_sc_hd__o221ai_1  0.070506  
    sky130_fd_sc_hd__o221ai_2  0.128184  
    sky130_fd_sc_hd__o221ai_4  0.216074  
    sky130_fd_sc_hd__o311a_1  0.155650  
    sky130_fd_sc_hd__o311a_2  0.293894  
    sky130_fd_sc_hd__o311a_4  0.539255  
    sky130_fd_sc_hd__o311ai_0  0.029307  
    sky130_fd_sc_hd__o311ai_1  0.045786  
    sky130_fd_sc_hd__o311ai_2  0.082407  
    sky130_fd_sc_hd__o311ai_4  0.142832  
    sky130_fd_sc_hd__o2111a_1  0.161143  
    sky130_fd_sc_hd__o2111a_2  0.299387  
    sky130_fd_sc_hd__o2111a_4  0.551157  
    sky130_fd_sc_hd__o2111ai_1  0.071421  
    sky130_fd_sc_hd__o2111ai_2  0.129099  
    sky130_fd_sc_hd__o2111ai_4  0.215159  
    sky130_fd_sc_hd__or2_0  0.100718  
    sky130_fd_sc_hd__or2_1  0.164805  
    sky130_fd_sc_hd__or2_2  0.299387  
    sky130_fd_sc_hd__or2_4  0.514536  
    sky130_fd_sc_hd__or2b_1  0.169383  
    sky130_fd_sc_hd__or2b_2  0.312205  
    sky130_fd_sc_hd__or2b_4  0.515452  
    sky130_fd_sc_hd__or3_1  0.167551  
    sky130_fd_sc_hd__or3_2  0.310374  
    sky130_fd_sc_hd__or3_4  0.531931  
    sky130_fd_sc_hd__or3b_1  0.167551  
    sky130_fd_sc_hd__or3b_2  0.269175  
    sky130_fd_sc_hd__or3b_4  0.469675  
    sky130_fd_sc_hd__or4_1  0.167551  
    sky130_fd_sc_hd__or4_2  0.310374  
    sky130_fd_sc_hd__or4_4  0.534678  
    sky130_fd_sc_hd__or4b_1  0.167551  
    sky130_fd_sc_hd__or4b_2  0.265513  
    sky130_fd_sc_hd__or4b_4  0.533762  
    sky130_fd_sc_hd__or4bb_1  0.167551  
    sky130_fd_sc_hd__or4bb_2  0.312205  
    sky130_fd_sc_hd__or4bb_4  0.532847  
    sky130_fd_sc_hd__probe_p_8  0.954905  
    sky130_fd_sc_hd__probec_p_8  0.952158  
    sky130_fd_sc_hd__sdfbbn_1  0.153819  
    sky130_fd_sc_hd__sdfbbn_2  0.291148  
    sky130_fd_sc_hd__sdfbbp_1  0.153819  
    sky130_fd_sc_hd__sdfrbp_1  0.130015  
    sky130_fd_sc_hd__sdfrbp_2  0.288401  
    sky130_fd_sc_hd__sdfrtn_1  0.182200  
    sky130_fd_sc_hd__sdfrtp_1  0.183115  
    sky130_fd_sc_hd__sdfrtp_2  0.328684  
    sky130_fd_sc_hd__sdfrtp_4  0.581370  
    sky130_fd_sc_hd__sdfsbp_1  0.180369  
    sky130_fd_sc_hd__sdfsbp_2  0.314036  
    sky130_fd_sc_hd__sdfstp_1  0.167551  
    sky130_fd_sc_hd__sdfstp_2  0.315867  
    sky130_fd_sc_hd__sdfstp_4  0.554819  
    sky130_fd_sc_hd__sdfxbp_1  0.173045  
    sky130_fd_sc_hd__sdfxbp_2  0.316782  
    sky130_fd_sc_hd__sdfxtp_1  0.162974  
    sky130_fd_sc_hd__sdfxtp_2  0.308543  
    sky130_fd_sc_hd__sdfxtp_4  0.539255  
    sky130_fd_sc_hd__sdlclkp_1  0.154734  
    sky130_fd_sc_hd__sdlclkp_2  0.301218  
    sky130_fd_sc_hd__sdlclkp_4  0.532847  
    sky130_fd_sc_hd__sedfxbp_1  0.168467  
    sky130_fd_sc_hd__sedfxbp_2  0.301218  
    sky130_fd_sc_hd__sedfxtp_1  0.171214  
    sky130_fd_sc_hd__sedfxtp_2  0.315867  
    sky130_fd_sc_hd__sedfxtp_4  0.560313  
    sky130_fd_sc_hd__xnor2_1  0.069590  
    sky130_fd_sc_hd__xnor2_2  0.121775  
    sky130_fd_sc_hd__xnor2_4  0.211497  
    sky130_fd_sc_hd__xnor3_1  0.154734  
    sky130_fd_sc_hd__xnor3_2  0.301218  
    sky130_fd_sc_hd__xnor3_4  0.554819  
    sky130_fd_sc_hd__xor2_1  0.076914  
    sky130_fd_sc_hd__xor2_2  0.130015  
    sky130_fd_sc_hd__xor2_4  0.219736  
    sky130_fd_sc_hd__xor3_1  0.151072  
    sky130_fd_sc_hd__xor3_2  0.285654  
    sky130_fd_sc_hd__xor3_4  0.506296  416  
# Cells in .lib with max_fanout: 0  
SDC max_cap: N/A  
SDC max_tran: N/A  
SDC max_fanout: N/A  
Default Ext. Scale Factor: 1.000  
Detail Ext. Scale Factor: 1.000  

==============================
Floorplan/Placement Information
==============================
Total area of Standard cells: 45668.800 um^2  
Total area of Standard cells(Subtracting Physical Cells): 45668.800 um^2  
Total area of Macros: 0.000 um^2  
Total area of Blockages: 0.000 um^2  
Total area of Pad cells: 0.000 um^2  
Total area of Core: 94520.966 um^2  
Total area of Chip: 107204.693 um^2  
Effective Utilization: 4.8424e-01  
Number of Cell Rows: 112  
% Pure Gate Density #1 (Subtracting BLOCKAGES): 48.316%  
% Pure Gate Density #2 (Subtracting BLOCKAGES and Physical Cells): 48.316%  
% Pure Gate Density #3 (Subtracting MACROS): 48.316%  
% Pure Gate Density #4 (Subtracting MACROS and Physical Cells): 48.316%  
% Pure Gate Density #5 (Subtracting MACROS and BLOCKAGES): 48.316%  
% Pure Gate Density #6 ((Unpreplaced Standard Inst + Unpreplaced Block Inst + Unpreplaced Black Blob Inst + Fixed Clock Inst Area) / (Free Site Area + Fixed Clock Inst Area) for insts are placed): 48.424%  
% Core Density (Counting Std Cells and MACROs): 48.316%  
% Core Density #2(Subtracting Physical Cells): 48.316%  
% Chip Density (Counting Std Cells and MACROs and IOs): 42.600%  
% Chip Density #2(Subtracting Physical Cells): 42.600%  
# Macros within 5 sites of IO pad: No  
Macro halo defined?: No  

==============================
Wire Length Distribution
==============================
Total li1 wire length: 13560.7750 um  
Total met1 wire length: 77002.0950 um  
Total met2 wire length: 82308.5750 um  
Total met3 wire length: 41250.1000 um  
Total met4 wire length: 36725.2950 um  
Total met5 wire length: 5815.4300 um  
Total wire length: 256662.2700 um  
Average wire length/net: 35.2994 um  
Area of Power Net Distribution: 
    ------------------------------
    Area of Power Net Distribution
    ------------------------------
    Layer Name  Area of Power Net  Routable Area  Percentage  
    li1  0.0000  94520.9656  0.0000%  
    met1  0.0000  94520.9656  0.0000%  
    met2  0.0000  94520.9656  0.0000%  
    met3  0.0000  94520.9656  0.0000%  
    met4  0.0000  94520.9656  0.0000%  
    met5  0.0000  94520.9656  0.0000%  For more information click here  
