###############################################################
#  Generated by:      Cadence Innovus 21.15-s110_1
#  OS:                Linux x86_64(Host ID vlsiece24.iitr.ac.in)
#  Generated on:      Thu Sep 24 16:28:30 2026
#  Design:            coprocessor
#  Command:           report_timing -path_type full_clock -late -max_paths 10 > ./$RUN/timing_setup_preopt.rpt
###############################################################
Path 1: VIOLATED Setup Check with Pin result_r_reg[12]/CLK 
Endpoint:   result_r_reg[12]/D (^) checked with  leading edge of 'clk'
Beginpoint: in2_r_reg[2]/Q     (v) triggered by  leading edge of 'clk'
Path Groups: {clk}
Analysis View: VIEW_TYP
Other End Arrival Time         -0.001
- Setup                         0.061
+ Phase Shift                   9.090
= Required Time                 9.028
- Arrival Time                  9.550
= Slack Time                   -0.522
     Clock Rise Edge                      0.000
     + Source Insertion Delay            -0.182
     = Beginpoint Arrival Time           -0.182
     Timing Path:
     +-----------------------------------------------------------------------------------------------------------------+ 
     |                Instance                |     Arc      |            Cell            | Delay | Arrival | Required | 
     |                                        |              |                            |       |  Time   |   Time   | 
     |----------------------------------------+--------------+----------------------------+-------+---------+----------| 
     |                                        | clk ^        |                            |       |  -0.182 |   -0.704 | 
     | CTS_ccl_a_inv_00003                    | A ^ -> Y v   | sky130_fd_sc_hd__clkinv_16 | 0.060 |  -0.122 |   -0.644 | 
     | CTS_ccl_a_inv_00002                    | A v -> Y ^   | sky130_fd_sc_hd__clkinv_16 | 0.118 |  -0.004 |   -0.526 | 
     | in2_r_reg[2]                           | CLK ^ -> Q v | sky130_fd_sc_hd__sdfrtp_2  | 0.434 |   0.430 |   -0.091 | 
     | FE_OFC1288_in2_r_2                     | A v -> Y ^   | sky130_fd_sc_hd__inv_2     | 0.117 |   0.548 |    0.026 | 
     | g128740                                | A ^ -> X ^   | sky130_fd_sc_hd__and2_4    | 0.168 |   0.716 |    0.194 | 
     | g114612                                | D ^ -> Y v   | sky130_fd_sc_hd__nand4_1   | 0.126 |   0.842 |    0.321 | 
     | g469                                   | A v -> Y ^   | sky130_fd_sc_hd__nand2_1   | 0.081 |   0.924 |    0.402 | 
     | g460                                   | A ^ -> Y v   | sky130_fd_sc_hd__nand2_1   | 0.058 |   0.982 |    0.460 | 
     | g121239                                | A v -> Y ^   | sky130_fd_sc_hd__nand2_2   | 0.117 |   1.098 |    0.576 | 
     | FE_DBTC57_n_13377                      | A ^ -> Y v   | sky130_fd_sc_hd__inv_2     | 0.056 |   1.154 |    0.632 | 
     | g114437                                | A v -> Y ^   | sky130_fd_sc_hd__nand2_2   | 0.057 |   1.211 |    0.689 | 
     | g123801                                | A ^ -> Y v   | sky130_fd_sc_hd__nand4_1   | 0.072 |   1.283 |    0.761 | 
     | g123795                                | B v -> Y ^   | sky130_fd_sc_hd__nor2_1    | 0.090 |   1.374 |    0.852 | 
     | g124752                                | B ^ -> Y v   | sky130_fd_sc_hd__nand2_1   | 0.090 |   1.464 |    0.942 | 
     | FE_OFC339_n_17344                      | A v -> Y ^   | sky130_fd_sc_hd__inv_4     | 0.100 |   1.564 |    1.042 | 
     | g34_0                                  | A1 ^ -> X ^  | sky130_fd_sc_hd__a21o_4    | 0.208 |   1.772 |    1.250 | 
     | FE_OFC890_n_13608                      | A ^ -> X ^   | sky130_fd_sc_hd__buf_2     | 0.168 |   1.940 |    1.418 | 
     | g114166                                | A ^ -> Y v   | sky130_fd_sc_hd__nand2_1   | 0.050 |   1.990 |    1.468 | 
     | g114131                                | B1 v -> Y ^  | sky130_fd_sc_hd__o21ai_1   | 0.094 |   2.084 |    1.562 | 
     | g114050                                | A ^ -> Y v   | sky130_fd_sc_hd__nand2_1   | 0.068 |   2.152 |    1.630 | 
     | FE_RC_56_0                             | A v -> Y ^   | sky130_fd_sc_hd__nand2_1   | 0.068 |   2.220 |    1.698 | 
     | g117776                                | A ^ -> Y v   | sky130_fd_sc_hd__nand2_1   | 0.062 |   2.282 |    1.760 | 
     | g117775                                | A v -> Y ^   | sky130_fd_sc_hd__nand3_2   | 0.085 |   2.367 |    1.846 | 
     | FE_OFC772_n_8473                       | A ^ -> Y v   | sky130_fd_sc_hd__inv_4     | 0.072 |   2.440 |    1.918 | 
     | FE_OFC1239_FE_DBTN35_n_8473            | A v -> Y ^   | sky130_fd_sc_hd__inv_4     | 0.189 |   2.629 |    2.107 | 
     | g116670                                | A_N ^ -> Y ^ | sky130_fd_sc_hd__nand2b_2  | 0.274 |   2.904 |    2.382 | 
     | FE_OFC1535_n_6618                      | A ^ -> Y v   | sky130_fd_sc_hd__inv_4     | 0.185 |   3.089 |    2.567 | 
     | g111886                                | A v -> Y ^   | sky130_fd_sc_hd__nand2_1   | 0.568 |   3.656 |    3.134 | 
     | g212                                   | B2 ^ -> Y v  | sky130_fd_sc_hd__o221ai_1  | 0.247 |   3.904 |    3.382 | 
     | g120259                                | A v -> Y ^   | sky130_fd_sc_hd__nand2_1   | 0.118 |   4.022 |    3.500 | 
     | g120258                                | A ^ -> Y v   | sky130_fd_sc_hd__nand2_1   | 0.056 |   4.078 |    3.556 | 
     | g120257                                | A_N v -> Y v | sky130_fd_sc_hd__nand3b_2  | 0.428 |   4.506 |    3.984 | 
     | g120256                                | A v -> Y ^   | sky130_fd_sc_hd__nand2_1   | 0.156 |   4.662 |    4.140 | 
     | g398                                   | A ^ -> Y v   | sky130_fd_sc_hd__nand2_1   | 0.083 |   4.744 |    4.223 | 
     | g127325                                | B1 v -> Y ^  | sky130_fd_sc_hd__a21oi_2   | 0.162 |   4.906 |    4.384 | 
     | g127324                                | C ^ -> Y v   | sky130_fd_sc_hd__nand3_4   | 0.184 |   5.090 |    4.568 | 
     | FE_OFC690_n_20380                      | A v -> Y ^   | sky130_fd_sc_hd__inv_2     | 0.121 |   5.212 |    4.690 | 
     | alu_inst_muldiv_inst_mul_349_24_g10108 | A ^ -> Y v   | sky130_fd_sc_hd__nand2_2   | 0.051 |   5.263 |    4.741 | 
     | g123520                                | B v -> Y ^   | sky130_fd_sc_hd__nand2_2   | 0.083 |   5.346 |    4.824 | 
     | FE_OFC63_n_16054                       | A ^ -> Y v   | sky130_fd_sc_hd__clkinv_4  | 0.080 |   5.426 |    4.904 | 
     | g125128                                | B v -> Y ^   | sky130_fd_sc_hd__nand2_4   | 0.094 |   5.520 |    4.998 | 
     | FE_OFC1089_n_17781                     | A ^ -> Y v   | sky130_fd_sc_hd__inv_2     | 0.070 |   5.590 |    5.068 | 
     | alu_inst_muldiv_inst_mul_349_24_g9756  | A v -> Y ^   | sky130_fd_sc_hd__nand2_1   | 0.070 |   5.660 |    5.138 | 
     | alu_inst_muldiv_inst_mul_349_24_g9716  | A ^ -> Y v   | sky130_fd_sc_hd__nand2_2   | 0.066 |   5.726 |    5.204 | 
     | alu_inst_muldiv_inst_mul_349_24_g9460  | A2 v -> Y ^  | sky130_fd_sc_hd__o21ai_1   | 0.112 |   5.839 |    5.317 | 
     | alu_inst_muldiv_inst_mul_349_24_g9422  | A ^ -> Y v   | sky130_fd_sc_hd__nand2_1   | 0.096 |   5.935 |    5.413 | 
     | alu_inst_muldiv_inst_mul_349_24_g9191  | A v -> Y ^   | sky130_fd_sc_hd__nand2_1   | 0.085 |   6.020 |    5.498 | 
     | g280                                   | A ^ -> Y v   | sky130_fd_sc_hd__nand2_1   | 0.075 |   6.095 |    5.573 | 
     | alu_inst_muldiv_inst_mul_349_24_g10409 | A_N v -> Y v | sky130_fd_sc_hd__nand2b_1  | 0.143 |   6.238 |    5.716 | 
     | alu_inst_muldiv_inst_mul_349_24_g9043  | B v -> Y ^   | sky130_fd_sc_hd__nand2_1   | 0.059 |   6.297 |    5.776 | 
     | alu_inst_muldiv_inst_mul_349_24_g9032  | A ^ -> Y v   | sky130_fd_sc_hd__nand2_1   | 0.102 |   6.400 |    5.878 | 
     | alu_inst_muldiv_inst_mul_349_24_g8979  | A v -> Y ^   | sky130_fd_sc_hd__nand2_2   | 0.108 |   6.508 |    5.986 | 
     | alu_inst_muldiv_inst_mul_349_24_g8971  | A ^ -> Y v   | sky130_fd_sc_hd__inv_2     | 0.039 |   6.546 |    6.025 | 
     | alu_inst_muldiv_inst_mul_349_24_g8947  | A v -> Y ^   | sky130_fd_sc_hd__nand2_2   | 0.047 |   6.593 |    6.071 | 
     | alu_inst_muldiv_inst_mul_349_24_g8941  | A ^ -> Y v   | sky130_fd_sc_hd__nand2_2   | 0.049 |   6.642 |    6.120 | 
     | alu_inst_muldiv_inst_mul_349_24_g8931  | A v -> Y ^   | sky130_fd_sc_hd__nand2_2   | 0.063 |   6.705 |    6.183 | 
     | alu_inst_muldiv_inst_mul_349_24_g8926  | A ^ -> Y v   | sky130_fd_sc_hd__nand2_1   | 0.059 |   6.763 |    6.242 | 
     | g127057                                | A v -> Y ^   | sky130_fd_sc_hd__nand2_2   | 0.096 |   6.859 |    6.338 | 
     | FE_RC_105_0                            | A ^ -> Y v   | sky130_fd_sc_hd__nand3_2   | 0.093 |   6.953 |    6.431 | 
     | g119435                                | A v -> Y ^   | sky130_fd_sc_hd__nand2_4   | 0.098 |   7.050 |    6.528 | 
     | g125512                                | A ^ -> Y v   | sky130_fd_sc_hd__nand2_4   | 0.058 |   7.108 |    6.586 | 
     | g125516                                | A v -> Y ^   | sky130_fd_sc_hd__nand2_2   | 0.054 |   7.162 |    6.640 | 
     | FE_RC_11_0                             | A ^ -> Y v   | sky130_fd_sc_hd__nand3_2   | 0.070 |   7.233 |    6.711 | 
     | g108191                                | A v -> Y ^   | sky130_fd_sc_hd__nand2_2   | 0.082 |   7.314 |    6.792 | 
     | g126298                                | A ^ -> Y v   | sky130_fd_sc_hd__nand2_2   | 0.071 |   7.385 |    6.863 | 
     | g126297                                | A v -> Y ^   | sky130_fd_sc_hd__nand2_2   | 0.060 |   7.445 |    6.923 | 
     | g126296                                | A ^ -> Y v   | sky130_fd_sc_hd__nand2_2   | 0.045 |   7.490 |    6.968 | 
     | g134                                   | A v -> Y ^   | sky130_fd_sc_hd__nand2_2   | 0.072 |   7.562 |    7.040 | 
     | g120067                                | A ^ -> Y v   | sky130_fd_sc_hd__nand2_2   | 0.060 |   7.623 |    7.101 | 
     | g126773                                | A v -> Y ^   | sky130_fd_sc_hd__nand2_2   | 0.067 |   7.689 |    7.167 | 
     | g126770                                | B ^ -> Y v   | sky130_fd_sc_hd__nand2_1   | 0.063 |   7.753 |    7.231 | 
     | g126769                                | A v -> Y ^   | sky130_fd_sc_hd__nand2_2   | 0.099 |   7.852 |    7.330 | 
     | FE_OFC479_n_19787                      | A ^ -> Y v   | sky130_fd_sc_hd__inv_2     | 0.047 |   7.899 |    7.377 | 
     | g119389                                | B v -> Y ^   | sky130_fd_sc_hd__nand2_1   | 0.087 |   7.986 |    7.464 | 
     | g217                                   | A ^ -> Y v   | sky130_fd_sc_hd__nand2_1   | 0.155 |   8.141 |    7.619 | 
     | FE_OFC1455_n_12303                     | A v -> Y ^   | sky130_fd_sc_hd__inv_2     | 0.115 |   8.256 |    7.734 | 
     | g128564                                | A_N ^ -> Y ^ | sky130_fd_sc_hd__nand2b_1  | 0.102 |   8.358 |    7.836 | 
     | g127384                                | B ^ -> Y v   | sky130_fd_sc_hd__nand2_1   | 0.068 |   8.426 |    7.904 | 
     | g127383                                | A v -> Y ^   | sky130_fd_sc_hd__nand2_1   | 0.086 |   8.512 |    7.990 | 
     | g127817                                | B ^ -> Y v   | sky130_fd_sc_hd__nand2_2   | 0.073 |   8.585 |    8.063 | 
     | g273                                   | A v -> Y ^   | sky130_fd_sc_hd__nor2b_1   | 0.127 |   8.712 |    8.190 | 
     | g272                                   | A ^ -> Y v   | sky130_fd_sc_hd__nand4_2   | 0.102 |   8.814 |    8.292 | 
     | g126363                                | B v -> Y ^   | sky130_fd_sc_hd__nor2_2    | 0.120 |   8.934 |    8.412 | 
     | g126362                                | B ^ -> Y v   | sky130_fd_sc_hd__nand4_1   | 0.146 |   9.080 |    8.558 | 
     | g128276                                | C v -> Y ^   | sky130_fd_sc_hd__nand3b_1  | 0.132 |   9.212 |    8.690 | 
     | g128275                                | B1 ^ -> Y v  | sky130_fd_sc_hd__o21ai_2   | 0.081 |   9.293 |    8.771 | 
     | g127000                                | A v -> Y ^   | sky130_fd_sc_hd__nand2_1   | 0.068 |   9.361 |    8.839 | 
     | g126309                                | A ^ -> Y v   | sky130_fd_sc_hd__nand2_1   | 0.047 |   9.408 |    8.886 | 
     | g126307                                | A2 v -> Y ^  | sky130_fd_sc_hd__o21ai_1   | 0.142 |   9.550 |    9.028 | 
     | result_r_reg[12]                       | D ^          | sky130_fd_sc_hd__dfrtp_1   | 0.000 |   9.550 |    9.028 | 
     +-----------------------------------------------------------------------------------------------------------------+ 
     Clock Rise Edge                      0.000
     + Source Insertion Delay            -0.182
     = Beginpoint Arrival Time           -0.182
     Other End Path:
     +--------------------------------------------------------------------------------------------+ 
     |      Instance       |    Arc     |            Cell            | Delay | Arrival | Required | 
     |                     |            |                            |       |  Time   |   Time   | 
     |---------------------+------------+----------------------------+-------+---------+----------| 
     |                     | clk ^      |                            |       |  -0.182 |    0.340 | 
     | CTS_ccl_a_inv_00003 | A ^ -> Y v | sky130_fd_sc_hd__clkinv_16 | 0.060 |  -0.122 |    0.400 | 
     | CTS_ccl_a_inv_00002 | A v -> Y ^ | sky130_fd_sc_hd__clkinv_16 | 0.118 |  -0.004 |    0.518 | 
     | result_r_reg[12]    | CLK ^      | sky130_fd_sc_hd__dfrtp_1   | 0.002 |  -0.001 |    0.521 | 
     +--------------------------------------------------------------------------------------------+ 
Path 2: VIOLATED Setup Check with Pin result_r_reg[11]/CLK 
Endpoint:   result_r_reg[11]/D (^) checked with  leading edge of 'clk'
Beginpoint: in2_r_reg[2]/Q     (v) triggered by  leading edge of 'clk'
Path Groups: {clk}
Analysis View: VIEW_TYP
Other End Arrival Time         -0.001
- Setup                         0.053
+ Phase Shift                   9.090
= Required Time                 9.036
- Arrival Time                  9.553
= Slack Time                   -0.517
     Clock Rise Edge                      0.000
     + Source Insertion Delay            -0.182
     = Beginpoint Arrival Time           -0.182
     Timing Path:
     +-----------------------------------------------------------------------------------------------------------------+ 
     |                Instance                |     Arc      |            Cell            | Delay | Arrival | Required | 
     |                                        |              |                            |       |  Time   |   Time   | 
     |----------------------------------------+--------------+----------------------------+-------+---------+----------| 
     |                                        | clk ^        |                            |       |  -0.182 |   -0.699 | 
     | CTS_ccl_a_inv_00003                    | A ^ -> Y v   | sky130_fd_sc_hd__clkinv_16 | 0.060 |  -0.122 |   -0.639 | 
     | CTS_ccl_a_inv_00002                    | A v -> Y ^   | sky130_fd_sc_hd__clkinv_16 | 0.118 |  -0.004 |   -0.521 | 
     | in2_r_reg[2]                           | CLK ^ -> Q v | sky130_fd_sc_hd__sdfrtp_2  | 0.434 |   0.430 |   -0.087 | 
     | FE_OFC1288_in2_r_2                     | A v -> Y ^   | sky130_fd_sc_hd__inv_2     | 0.117 |   0.548 |    0.031 | 
     | g128740                                | A ^ -> X ^   | sky130_fd_sc_hd__and2_4    | 0.168 |   0.716 |    0.199 | 
     | g114612                                | D ^ -> Y v   | sky130_fd_sc_hd__nand4_1   | 0.126 |   0.842 |    0.325 | 
     | g469                                   | A v -> Y ^   | sky130_fd_sc_hd__nand2_1   | 0.081 |   0.924 |    0.407 | 
     | g460                                   | A ^ -> Y v   | sky130_fd_sc_hd__nand2_1   | 0.058 |   0.982 |    0.464 | 
     | g121239                                | A v -> Y ^   | sky130_fd_sc_hd__nand2_2   | 0.117 |   1.098 |    0.581 | 
     | FE_DBTC57_n_13377                      | A ^ -> Y v   | sky130_fd_sc_hd__inv_2     | 0.056 |   1.154 |    0.637 | 
     | g114437                                | A v -> Y ^   | sky130_fd_sc_hd__nand2_2   | 0.057 |   1.211 |    0.694 | 
     | g123801                                | A ^ -> Y v   | sky130_fd_sc_hd__nand4_1   | 0.072 |   1.283 |    0.766 | 
     | g123795                                | B v -> Y ^   | sky130_fd_sc_hd__nor2_1    | 0.090 |   1.374 |    0.856 | 
     | g124752                                | B ^ -> Y v   | sky130_fd_sc_hd__nand2_1   | 0.090 |   1.464 |    0.947 | 
     | FE_OFC339_n_17344                      | A v -> Y ^   | sky130_fd_sc_hd__inv_4     | 0.100 |   1.564 |    1.047 | 
     | g34_0                                  | A1 ^ -> X ^  | sky130_fd_sc_hd__a21o_4    | 0.208 |   1.772 |    1.255 | 
     | FE_OFC890_n_13608                      | A ^ -> X ^   | sky130_fd_sc_hd__buf_2     | 0.168 |   1.940 |    1.423 | 
     | g114166                                | A ^ -> Y v   | sky130_fd_sc_hd__nand2_1   | 0.050 |   1.990 |    1.473 | 
     | g114131                                | B1 v -> Y ^  | sky130_fd_sc_hd__o21ai_1   | 0.094 |   2.084 |    1.567 | 
     | g114050                                | A ^ -> Y v   | sky130_fd_sc_hd__nand2_1   | 0.068 |   2.152 |    1.634 | 
     | FE_RC_56_0                             | A v -> Y ^   | sky130_fd_sc_hd__nand2_1   | 0.068 |   2.220 |    1.703 | 
     | g117776                                | A ^ -> Y v   | sky130_fd_sc_hd__nand2_1   | 0.062 |   2.282 |    1.765 | 
     | g117775                                | A v -> Y ^   | sky130_fd_sc_hd__nand3_2   | 0.085 |   2.367 |    1.850 | 
     | FE_OFC772_n_8473                       | A ^ -> Y v   | sky130_fd_sc_hd__inv_4     | 0.072 |   2.440 |    1.923 | 
     | FE_OFC1239_FE_DBTN35_n_8473            | A v -> Y ^   | sky130_fd_sc_hd__inv_4     | 0.189 |   2.629 |    2.112 | 
     | g116670                                | A_N ^ -> Y ^ | sky130_fd_sc_hd__nand2b_2  | 0.274 |   2.904 |    2.386 | 
     | FE_OFC1535_n_6618                      | A ^ -> Y v   | sky130_fd_sc_hd__inv_4     | 0.185 |   3.089 |    2.572 | 
     | g111886                                | A v -> Y ^   | sky130_fd_sc_hd__nand2_1   | 0.568 |   3.656 |    3.139 | 
     | g212                                   | B2 ^ -> Y v  | sky130_fd_sc_hd__o221ai_1  | 0.247 |   3.904 |    3.387 | 
     | g120259                                | A v -> Y ^   | sky130_fd_sc_hd__nand2_1   | 0.118 |   4.022 |    3.505 | 
     | g120258                                | A ^ -> Y v   | sky130_fd_sc_hd__nand2_1   | 0.056 |   4.078 |    3.561 | 
     | g120257                                | A_N v -> Y v | sky130_fd_sc_hd__nand3b_2  | 0.428 |   4.506 |    3.989 | 
     | g120256                                | A v -> Y ^   | sky130_fd_sc_hd__nand2_1   | 0.156 |   4.662 |    4.144 | 
     | g398                                   | A ^ -> Y v   | sky130_fd_sc_hd__nand2_1   | 0.083 |   4.744 |    4.227 | 
     | g127325                                | B1 v -> Y ^  | sky130_fd_sc_hd__a21oi_2   | 0.162 |   4.906 |    4.389 | 
     | g127324                                | C ^ -> Y v   | sky130_fd_sc_hd__nand3_4   | 0.184 |   5.090 |    4.573 | 
     | FE_OFC690_n_20380                      | A v -> Y ^   | sky130_fd_sc_hd__inv_2     | 0.121 |   5.212 |    4.694 | 
     | alu_inst_muldiv_inst_mul_349_24_g10108 | A ^ -> Y v   | sky130_fd_sc_hd__nand2_2   | 0.051 |   5.263 |    4.746 | 
     | g123520                                | B v -> Y ^   | sky130_fd_sc_hd__nand2_2   | 0.083 |   5.346 |    4.829 | 
     | FE_OFC63_n_16054                       | A ^ -> Y v   | sky130_fd_sc_hd__clkinv_4  | 0.080 |   5.426 |    4.909 | 
     | g125128                                | B v -> Y ^   | sky130_fd_sc_hd__nand2_4   | 0.094 |   5.520 |    5.003 | 
     | FE_OFC1089_n_17781                     | A ^ -> Y v   | sky130_fd_sc_hd__inv_2     | 0.070 |   5.590 |    5.073 | 
     | alu_inst_muldiv_inst_mul_349_24_g9756  | A v -> Y ^   | sky130_fd_sc_hd__nand2_1   | 0.070 |   5.660 |    5.143 | 
     | alu_inst_muldiv_inst_mul_349_24_g9716  | A ^ -> Y v   | sky130_fd_sc_hd__nand2_2   | 0.066 |   5.726 |    5.209 | 
     | alu_inst_muldiv_inst_mul_349_24_g9460  | A2 v -> Y ^  | sky130_fd_sc_hd__o21ai_1   | 0.112 |   5.839 |    5.322 | 
     | alu_inst_muldiv_inst_mul_349_24_g9422  | A ^ -> Y v   | sky130_fd_sc_hd__nand2_1   | 0.096 |   5.935 |    5.418 | 
     | alu_inst_muldiv_inst_mul_349_24_g9191  | A v -> Y ^   | sky130_fd_sc_hd__nand2_1   | 0.085 |   6.020 |    5.503 | 
     | g280                                   | A ^ -> Y v   | sky130_fd_sc_hd__nand2_1   | 0.075 |   6.095 |    5.578 | 
     | alu_inst_muldiv_inst_mul_349_24_g10409 | A_N v -> Y v | sky130_fd_sc_hd__nand2b_1  | 0.143 |   6.238 |    5.721 | 
     | alu_inst_muldiv_inst_mul_349_24_g9043  | B v -> Y ^   | sky130_fd_sc_hd__nand2_1   | 0.059 |   6.297 |    5.780 | 
     | alu_inst_muldiv_inst_mul_349_24_g9032  | A ^ -> Y v   | sky130_fd_sc_hd__nand2_1   | 0.102 |   6.400 |    5.882 | 
     | alu_inst_muldiv_inst_mul_349_24_g8979  | A v -> Y ^   | sky130_fd_sc_hd__nand2_2   | 0.108 |   6.508 |    5.991 | 
     | alu_inst_muldiv_inst_mul_349_24_g8971  | A ^ -> Y v   | sky130_fd_sc_hd__inv_2     | 0.039 |   6.546 |    6.029 | 
     | alu_inst_muldiv_inst_mul_349_24_g8947  | A v -> Y ^   | sky130_fd_sc_hd__nand2_2   | 0.047 |   6.593 |    6.076 | 
     | alu_inst_muldiv_inst_mul_349_24_g8941  | A ^ -> Y v   | sky130_fd_sc_hd__nand2_2   | 0.049 |   6.642 |    6.125 | 
     | alu_inst_muldiv_inst_mul_349_24_g8931  | A v -> Y ^   | sky130_fd_sc_hd__nand2_2   | 0.063 |   6.705 |    6.188 | 
     | alu_inst_muldiv_inst_mul_349_24_g8926  | A ^ -> Y v   | sky130_fd_sc_hd__nand2_1   | 0.059 |   6.763 |    6.246 | 
     | g127057                                | A v -> Y ^   | sky130_fd_sc_hd__nand2_2   | 0.096 |   6.859 |    6.342 | 
     | FE_RC_105_0                            | A ^ -> Y v   | sky130_fd_sc_hd__nand3_2   | 0.093 |   6.953 |    6.435 | 
     | g119435                                | A v -> Y ^   | sky130_fd_sc_hd__nand2_4   | 0.098 |   7.050 |    6.533 | 
     | g125512                                | A ^ -> Y v   | sky130_fd_sc_hd__nand2_4   | 0.058 |   7.108 |    6.591 | 
     | g125516                                | A v -> Y ^   | sky130_fd_sc_hd__nand2_2   | 0.054 |   7.162 |    6.645 | 
     | FE_RC_11_0                             | A ^ -> Y v   | sky130_fd_sc_hd__nand3_2   | 0.070 |   7.233 |    6.715 | 
     | g108191                                | A v -> Y ^   | sky130_fd_sc_hd__nand2_2   | 0.082 |   7.314 |    6.797 | 
     | g126298                                | A ^ -> Y v   | sky130_fd_sc_hd__nand2_2   | 0.071 |   7.385 |    6.868 | 
     | g126297                                | A v -> Y ^   | sky130_fd_sc_hd__nand2_2   | 0.060 |   7.445 |    6.928 | 
     | g126296                                | A ^ -> Y v   | sky130_fd_sc_hd__nand2_2   | 0.045 |   7.490 |    6.973 | 
     | g134                                   | A v -> Y ^   | sky130_fd_sc_hd__nand2_2   | 0.072 |   7.562 |    7.045 | 
     | g120067                                | A ^ -> Y v   | sky130_fd_sc_hd__nand2_2   | 0.060 |   7.623 |    7.105 | 
     | g126773                                | A v -> Y ^   | sky130_fd_sc_hd__nand2_2   | 0.067 |   7.689 |    7.172 | 
     | g126246                                | A ^ -> Y v   | sky130_fd_sc_hd__nand2_2   | 0.049 |   7.739 |    7.221 | 
     | g126245_dup                            | A v -> Y ^   | sky130_fd_sc_hd__nand2_2   | 0.073 |   7.811 |    7.294 | 
     | g103                                   | A ^ -> Y v   | sky130_fd_sc_hd__nand2_2   | 0.055 |   7.866 |    7.349 | 
     | g126828                                | A v -> Y ^   | sky130_fd_sc_hd__nand2_1   | 0.104 |   7.970 |    7.453 | 
     | g126824                                | B ^ -> Y v   | sky130_fd_sc_hd__nand2_2   | 0.111 |   8.080 |    7.563 | 
     | g126745                                | A v -> Y ^   | sky130_fd_sc_hd__nand2_1   | 0.066 |   8.146 |    7.629 | 
     | g128411                                | A ^ -> X ^   | sky130_fd_sc_hd__and2_1    | 0.168 |   8.314 |    7.797 | 
     | g126511                                | A ^ -> Y v   | sky130_fd_sc_hd__nand3_2   | 0.098 |   8.412 |    7.895 | 
     | g125908                                | A v -> Y ^   | sky130_fd_sc_hd__nand3_1   | 0.095 |   8.506 |    7.989 | 
     | g127819                                | A ^ -> Y v   | sky130_fd_sc_hd__nand2_1   | 0.066 |   8.572 |    8.055 | 
     | g127818                                | A v -> Y ^   | sky130_fd_sc_hd__inv_2     | 0.073 |   8.646 |    8.129 | 
     | g127823                                | A ^ -> Y v   | sky130_fd_sc_hd__nand2_2   | 0.067 |   8.713 |    8.195 | 
     | g127826                                | B v -> Y ^   | sky130_fd_sc_hd__nor2_1    | 0.112 |   8.824 |    8.307 | 
     | FE_OFC1332_n_21132                     | A ^ -> Y v   | sky130_fd_sc_hd__inv_2     | 0.064 |   8.888 |    8.371 | 
     | g124888                                | A v -> Y ^   | sky130_fd_sc_hd__nor2_2    | 0.122 |   9.010 |    8.493 | 
     | g121825                                | B ^ -> X ^   | sky130_fd_sc_hd__and2_1    | 0.134 |   9.144 |    8.626 | 
     | g121824                                | A2 ^ -> Y v  | sky130_fd_sc_hd__o21ai_1   | 0.065 |   9.209 |    8.691 | 
     | g128234                                | A2 v -> Y ^  | sky130_fd_sc_hd__o21ai_2   | 0.146 |   9.354 |    8.837 | 
     | g128232                                | B ^ -> Y v   | sky130_fd_sc_hd__nand2_2   | 0.095 |   9.449 |    8.932 | 
     | g128231                                | A v -> Y ^   | sky130_fd_sc_hd__nand3_2   | 0.104 |   9.553 |    9.036 | 
     | result_r_reg[11]                       | D ^          | sky130_fd_sc_hd__dfrtp_1   | 0.000 |   9.553 |    9.036 | 
     +-----------------------------------------------------------------------------------------------------------------+ 
     Clock Rise Edge                      0.000
     + Source Insertion Delay            -0.182
     = Beginpoint Arrival Time           -0.182
     Other End Path:
     +--------------------------------------------------------------------------------------------+ 
     |      Instance       |    Arc     |            Cell            | Delay | Arrival | Required | 
     |                     |            |                            |       |  Time   |   Time   | 
     |---------------------+------------+----------------------------+-------+---------+----------| 
     |                     | clk ^      |                            |       |  -0.182 |    0.335 | 
     | CTS_ccl_a_inv_00003 | A ^ -> Y v | sky130_fd_sc_hd__clkinv_16 | 0.060 |  -0.122 |    0.395 | 
     | CTS_ccl_a_inv_00002 | A v -> Y ^ | sky130_fd_sc_hd__clkinv_16 | 0.118 |  -0.004 |    0.513 | 
     | result_r_reg[11]    | CLK ^      | sky130_fd_sc_hd__dfrtp_1   | 0.003 |  -0.001 |    0.516 | 
     +--------------------------------------------------------------------------------------------+ 
Path 3: VIOLATED Setup Check with Pin result_r_reg[3]/CLK 
Endpoint:   result_r_reg[3]/D (^) checked with  leading edge of 'clk'
Beginpoint: in2_r_reg[2]/Q    (v) triggered by  leading edge of 'clk'
Path Groups: {clk}
Analysis View: VIEW_TYP
Other End Arrival Time         -0.001
- Setup                         0.068
+ Phase Shift                   9.090
= Required Time                 9.021
- Arrival Time                  9.527
= Slack Time                   -0.506
     Clock Rise Edge                      0.000
     + Source Insertion Delay            -0.182
     = Beginpoint Arrival Time           -0.182
     Timing Path:
     +-----------------------------------------------------------------------------------------------------------------+ 
     |                Instance                |     Arc      |            Cell            | Delay | Arrival | Required | 
     |                                        |              |                            |       |  Time   |   Time   | 
     |----------------------------------------+--------------+----------------------------+-------+---------+----------| 
     |                                        | clk ^        |                            |       |  -0.182 |   -0.688 | 
     | CTS_ccl_a_inv_00003                    | A ^ -> Y v   | sky130_fd_sc_hd__clkinv_16 | 0.060 |  -0.122 |   -0.628 | 
     | CTS_ccl_a_inv_00002                    | A v -> Y ^   | sky130_fd_sc_hd__clkinv_16 | 0.118 |  -0.004 |   -0.510 | 
     | in2_r_reg[2]                           | CLK ^ -> Q v | sky130_fd_sc_hd__sdfrtp_2  | 0.434 |   0.430 |   -0.075 | 
     | FE_OFC1288_in2_r_2                     | A v -> Y ^   | sky130_fd_sc_hd__inv_2     | 0.117 |   0.548 |    0.042 | 
     | g128740                                | A ^ -> X ^   | sky130_fd_sc_hd__and2_4    | 0.168 |   0.716 |    0.210 | 
     | g114612                                | D ^ -> Y v   | sky130_fd_sc_hd__nand4_1   | 0.126 |   0.842 |    0.337 | 
     | g469                                   | A v -> Y ^   | sky130_fd_sc_hd__nand2_1   | 0.081 |   0.924 |    0.418 | 
     | g460                                   | A ^ -> Y v   | sky130_fd_sc_hd__nand2_1   | 0.058 |   0.982 |    0.476 | 
     | g121239                                | A v -> Y ^   | sky130_fd_sc_hd__nand2_2   | 0.117 |   1.098 |    0.592 | 
     | FE_DBTC57_n_13377                      | A ^ -> Y v   | sky130_fd_sc_hd__inv_2     | 0.056 |   1.154 |    0.649 | 
     | g114437                                | A v -> Y ^   | sky130_fd_sc_hd__nand2_2   | 0.057 |   1.211 |    0.706 | 
     | g123801                                | A ^ -> Y v   | sky130_fd_sc_hd__nand4_1   | 0.072 |   1.283 |    0.777 | 
     | g123795                                | B v -> Y ^   | sky130_fd_sc_hd__nor2_1    | 0.090 |   1.374 |    0.868 | 
     | g124752                                | B ^ -> Y v   | sky130_fd_sc_hd__nand2_1   | 0.090 |   1.464 |    0.958 | 
     | FE_OFC339_n_17344                      | A v -> Y ^   | sky130_fd_sc_hd__inv_4     | 0.100 |   1.564 |    1.058 | 
     | g34_0                                  | A1 ^ -> X ^  | sky130_fd_sc_hd__a21o_4    | 0.208 |   1.772 |    1.267 | 
     | FE_OFC890_n_13608                      | A ^ -> X ^   | sky130_fd_sc_hd__buf_2     | 0.168 |   1.940 |    1.434 | 
     | g114166                                | A ^ -> Y v   | sky130_fd_sc_hd__nand2_1   | 0.050 |   1.990 |    1.484 | 
     | g114131                                | B1 v -> Y ^  | sky130_fd_sc_hd__o21ai_1   | 0.094 |   2.084 |    1.578 | 
     | g114050                                | A ^ -> Y v   | sky130_fd_sc_hd__nand2_1   | 0.068 |   2.152 |    1.646 | 
     | FE_RC_56_0                             | A v -> Y ^   | sky130_fd_sc_hd__nand2_1   | 0.068 |   2.220 |    1.714 | 
     | g117776                                | A ^ -> Y v   | sky130_fd_sc_hd__nand2_1   | 0.062 |   2.282 |    1.776 | 
     | g117775                                | A v -> Y ^   | sky130_fd_sc_hd__nand3_2   | 0.085 |   2.367 |    1.862 | 
     | FE_OFC772_n_8473                       | A ^ -> Y v   | sky130_fd_sc_hd__inv_4     | 0.072 |   2.440 |    1.934 | 
     | FE_OFC1239_FE_DBTN35_n_8473            | A v -> Y ^   | sky130_fd_sc_hd__inv_4     | 0.189 |   2.629 |    2.123 | 
     | g116670                                | A_N ^ -> Y ^ | sky130_fd_sc_hd__nand2b_2  | 0.274 |   2.904 |    2.398 | 
     | FE_OFC1535_n_6618                      | A ^ -> Y v   | sky130_fd_sc_hd__inv_4     | 0.185 |   3.089 |    2.583 | 
     | g111886                                | A v -> Y ^   | sky130_fd_sc_hd__nand2_1   | 0.568 |   3.656 |    3.151 | 
     | g212                                   | B2 ^ -> Y v  | sky130_fd_sc_hd__o221ai_1  | 0.247 |   3.904 |    3.398 | 
     | g120259                                | A v -> Y ^   | sky130_fd_sc_hd__nand2_1   | 0.118 |   4.022 |    3.516 | 
     | g120258                                | A ^ -> Y v   | sky130_fd_sc_hd__nand2_1   | 0.056 |   4.078 |    3.572 | 
     | g120257                                | A_N v -> Y v | sky130_fd_sc_hd__nand3b_2  | 0.428 |   4.506 |    4.000 | 
     | g120256                                | A v -> Y ^   | sky130_fd_sc_hd__nand2_1   | 0.156 |   4.662 |    4.156 | 
     | g398                                   | A ^ -> Y v   | sky130_fd_sc_hd__nand2_1   | 0.083 |   4.744 |    4.239 | 
     | g127325                                | B1 v -> Y ^  | sky130_fd_sc_hd__a21oi_2   | 0.162 |   4.906 |    4.400 | 
     | g127324                                | C ^ -> Y v   | sky130_fd_sc_hd__nand3_4   | 0.184 |   5.090 |    4.585 | 
     | FE_OFC690_n_20380                      | A v -> Y ^   | sky130_fd_sc_hd__inv_2     | 0.121 |   5.212 |    4.706 | 
     | alu_inst_muldiv_inst_mul_349_24_g10108 | A ^ -> Y v   | sky130_fd_sc_hd__nand2_2   | 0.051 |   5.263 |    4.757 | 
     | g123520                                | B v -> Y ^   | sky130_fd_sc_hd__nand2_2   | 0.083 |   5.346 |    4.841 | 
     | FE_OFC63_n_16054                       | A ^ -> Y v   | sky130_fd_sc_hd__clkinv_4  | 0.080 |   5.426 |    4.921 | 
     | g125128                                | B v -> Y ^   | sky130_fd_sc_hd__nand2_4   | 0.094 |   5.520 |    5.014 | 
     | FE_OFC1089_n_17781                     | A ^ -> Y v   | sky130_fd_sc_hd__inv_2     | 0.070 |   5.590 |    5.084 | 
     | alu_inst_muldiv_inst_mul_349_24_g9756  | A v -> Y ^   | sky130_fd_sc_hd__nand2_1   | 0.070 |   5.660 |    5.155 | 
     | alu_inst_muldiv_inst_mul_349_24_g9716  | A ^ -> Y v   | sky130_fd_sc_hd__nand2_2   | 0.066 |   5.726 |    5.221 | 
     | alu_inst_muldiv_inst_mul_349_24_g9460  | A2 v -> Y ^  | sky130_fd_sc_hd__o21ai_1   | 0.112 |   5.839 |    5.333 | 
     | alu_inst_muldiv_inst_mul_349_24_g9422  | A ^ -> Y v   | sky130_fd_sc_hd__nand2_1   | 0.096 |   5.935 |    5.429 | 
     | alu_inst_muldiv_inst_mul_349_24_g9191  | A v -> Y ^   | sky130_fd_sc_hd__nand2_1   | 0.085 |   6.020 |    5.514 | 
     | g280                                   | A ^ -> Y v   | sky130_fd_sc_hd__nand2_1   | 0.075 |   6.095 |    5.589 | 
     | alu_inst_muldiv_inst_mul_349_24_g10409 | A_N v -> Y v | sky130_fd_sc_hd__nand2b_1  | 0.143 |   6.238 |    5.732 | 
     | alu_inst_muldiv_inst_mul_349_24_g9043  | B v -> Y ^   | sky130_fd_sc_hd__nand2_1   | 0.059 |   6.297 |    5.792 | 
     | alu_inst_muldiv_inst_mul_349_24_g9032  | A ^ -> Y v   | sky130_fd_sc_hd__nand2_1   | 0.102 |   6.400 |    5.894 | 
     | alu_inst_muldiv_inst_mul_349_24_g8979  | A v -> Y ^   | sky130_fd_sc_hd__nand2_2   | 0.108 |   6.508 |    6.002 | 
     | alu_inst_muldiv_inst_mul_349_24_g8971  | A ^ -> Y v   | sky130_fd_sc_hd__inv_2     | 0.039 |   6.546 |    6.041 | 
     | alu_inst_muldiv_inst_mul_349_24_g8947  | A v -> Y ^   | sky130_fd_sc_hd__nand2_2   | 0.047 |   6.593 |    6.087 | 
     | alu_inst_muldiv_inst_mul_349_24_g8941  | A ^ -> Y v   | sky130_fd_sc_hd__nand2_2   | 0.049 |   6.642 |    6.137 | 
     | alu_inst_muldiv_inst_mul_349_24_g8931  | A v -> Y ^   | sky130_fd_sc_hd__nand2_2   | 0.063 |   6.705 |    6.199 | 
     | alu_inst_muldiv_inst_mul_349_24_g8926  | A ^ -> Y v   | sky130_fd_sc_hd__nand2_1   | 0.059 |   6.763 |    6.258 | 
     | g127057                                | A v -> Y ^   | sky130_fd_sc_hd__nand2_2   | 0.096 |   6.859 |    6.354 | 
     | FE_RC_105_0                            | A ^ -> Y v   | sky130_fd_sc_hd__nand3_2   | 0.093 |   6.953 |    6.447 | 
     | g119435                                | A v -> Y ^   | sky130_fd_sc_hd__nand2_4   | 0.098 |   7.050 |    6.545 | 
     | g125512                                | A ^ -> Y v   | sky130_fd_sc_hd__nand2_4   | 0.058 |   7.108 |    6.603 | 
     | g125516                                | A v -> Y ^   | sky130_fd_sc_hd__nand2_2   | 0.054 |   7.162 |    6.657 | 
     | FE_RC_11_0                             | A ^ -> Y v   | sky130_fd_sc_hd__nand3_2   | 0.070 |   7.233 |    6.727 | 
     | g108191                                | A v -> Y ^   | sky130_fd_sc_hd__nand2_2   | 0.082 |   7.314 |    6.809 | 
     | g126298                                | A ^ -> Y v   | sky130_fd_sc_hd__nand2_2   | 0.071 |   7.385 |    6.879 | 
     | g126297                                | A v -> Y ^   | sky130_fd_sc_hd__nand2_2   | 0.060 |   7.445 |    6.939 | 
     | g126296                                | A ^ -> Y v   | sky130_fd_sc_hd__nand2_2   | 0.045 |   7.490 |    6.985 | 
     | g134                                   | A v -> Y ^   | sky130_fd_sc_hd__nand2_2   | 0.072 |   7.562 |    7.057 | 
     | g120067                                | A ^ -> Y v   | sky130_fd_sc_hd__nand2_2   | 0.060 |   7.623 |    7.117 | 
     | g126773                                | A v -> Y ^   | sky130_fd_sc_hd__nand2_2   | 0.067 |   7.689 |    7.183 | 
     | g126246                                | A ^ -> Y v   | sky130_fd_sc_hd__nand2_2   | 0.049 |   7.739 |    7.233 | 
     | g126245_dup                            | A v -> Y ^   | sky130_fd_sc_hd__nand2_2   | 0.073 |   7.811 |    7.305 | 
     | g103                                   | A ^ -> Y v   | sky130_fd_sc_hd__nand2_2   | 0.055 |   7.866 |    7.360 | 
     | g126828                                | A v -> Y ^   | sky130_fd_sc_hd__nand2_1   | 0.104 |   7.970 |    7.464 | 
     | g126824                                | B ^ -> Y v   | sky130_fd_sc_hd__nand2_2   | 0.111 |   8.080 |    7.575 | 
     | g126745                                | A v -> Y ^   | sky130_fd_sc_hd__nand2_1   | 0.066 |   8.146 |    7.641 | 
     | g128411                                | A ^ -> X ^   | sky130_fd_sc_hd__and2_1    | 0.168 |   8.314 |    7.808 | 
     | g126511                                | A ^ -> Y v   | sky130_fd_sc_hd__nand3_2   | 0.098 |   8.412 |    7.906 | 
     | g125908                                | A v -> Y ^   | sky130_fd_sc_hd__nand3_1   | 0.095 |   8.506 |    8.001 | 
     | g127819                                | A ^ -> Y v   | sky130_fd_sc_hd__nand2_1   | 0.066 |   8.572 |    8.067 | 
     | g127818                                | A v -> Y ^   | sky130_fd_sc_hd__inv_2     | 0.073 |   8.646 |    8.140 | 
     | g127823                                | A ^ -> Y v   | sky130_fd_sc_hd__nand2_2   | 0.067 |   8.713 |    8.207 | 
     | FE_OFC1059_n_21129                     | A v -> Y ^   | sky130_fd_sc_hd__inv_2     | 0.071 |   8.783 |    8.277 | 
     | g127827                                | A ^ -> Y v   | sky130_fd_sc_hd__nand3_2   | 0.105 |   8.888 |    8.383 | 
     | g107025                                | B v -> Y ^   | sky130_fd_sc_hd__nor2_1    | 0.110 |   8.998 |    8.492 | 
     | g107007                                | B ^ -> Y v   | sky130_fd_sc_hd__nor2_1    | 0.050 |   9.048 |    8.542 | 
     | g106987                                | A2 v -> Y ^  | sky130_fd_sc_hd__o21ai_1   | 0.222 |   9.271 |    8.765 | 
     | g118714                                | B1 ^ -> Y v  | sky130_fd_sc_hd__a21oi_1   | 0.104 |   9.375 |    8.869 | 
     | g105881                                | B2 v -> Y ^  | sky130_fd_sc_hd__o2bb2ai_1 | 0.152 |   9.526 |    9.021 | 
     | result_r_reg[3]                        | D ^          | sky130_fd_sc_hd__dfrtp_1   | 0.000 |   9.527 |    9.021 | 
     +-----------------------------------------------------------------------------------------------------------------+ 
     Clock Rise Edge                      0.000
     + Source Insertion Delay            -0.182
     = Beginpoint Arrival Time           -0.182
     Other End Path:
     +--------------------------------------------------------------------------------------------+ 
     |      Instance       |    Arc     |            Cell            | Delay | Arrival | Required | 
     |                     |            |                            |       |  Time   |   Time   | 
     |---------------------+------------+----------------------------+-------+---------+----------| 
     |                     | clk ^      |                            |       |  -0.182 |    0.324 | 
     | CTS_ccl_a_inv_00003 | A ^ -> Y v | sky130_fd_sc_hd__clkinv_16 | 0.060 |  -0.122 |    0.384 | 
     | CTS_ccl_a_inv_00002 | A v -> Y ^ | sky130_fd_sc_hd__clkinv_16 | 0.118 |  -0.004 |    0.502 | 
     | result_r_reg[3]     | CLK ^      | sky130_fd_sc_hd__dfrtp_1   | 0.003 |  -0.001 |    0.504 | 
     +--------------------------------------------------------------------------------------------+ 
Path 4: VIOLATED Setup Check with Pin result_r_reg[7]/CLK 
Endpoint:   result_r_reg[7]/D (^) checked with  leading edge of 'clk'
Beginpoint: in2_r_reg[2]/Q    (v) triggered by  leading edge of 'clk'
Path Groups: {clk}
Analysis View: VIEW_TYP
Other End Arrival Time         -0.001
- Setup                         0.054
+ Phase Shift                   9.090
= Required Time                 9.035
- Arrival Time                  9.535
= Slack Time                   -0.500
     Clock Rise Edge                      0.000
     + Source Insertion Delay            -0.182
     = Beginpoint Arrival Time           -0.182
     Timing Path:
     +-----------------------------------------------------------------------------------------------------------------+ 
     |                Instance                |     Arc      |            Cell            | Delay | Arrival | Required | 
     |                                        |              |                            |       |  Time   |   Time   | 
     |----------------------------------------+--------------+----------------------------+-------+---------+----------| 
     |                                        | clk ^        |                            |       |  -0.182 |   -0.682 | 
     | CTS_ccl_a_inv_00003                    | A ^ -> Y v   | sky130_fd_sc_hd__clkinv_16 | 0.060 |  -0.122 |   -0.622 | 
     | CTS_ccl_a_inv_00002                    | A v -> Y ^   | sky130_fd_sc_hd__clkinv_16 | 0.118 |  -0.004 |   -0.504 | 
     | in2_r_reg[2]                           | CLK ^ -> Q v | sky130_fd_sc_hd__sdfrtp_2  | 0.434 |   0.430 |   -0.070 | 
     | FE_OFC1288_in2_r_2                     | A v -> Y ^   | sky130_fd_sc_hd__inv_2     | 0.117 |   0.548 |    0.047 | 
     | g128740                                | A ^ -> X ^   | sky130_fd_sc_hd__and2_4    | 0.168 |   0.716 |    0.216 | 
     | g114612                                | D ^ -> Y v   | sky130_fd_sc_hd__nand4_1   | 0.126 |   0.842 |    0.342 | 
     | g469                                   | A v -> Y ^   | sky130_fd_sc_hd__nand2_1   | 0.081 |   0.924 |    0.424 | 
     | g460                                   | A ^ -> Y v   | sky130_fd_sc_hd__nand2_1   | 0.058 |   0.982 |    0.481 | 
     | g121239                                | A v -> Y ^   | sky130_fd_sc_hd__nand2_2   | 0.117 |   1.098 |    0.598 | 
     | FE_DBTC57_n_13377                      | A ^ -> Y v   | sky130_fd_sc_hd__inv_2     | 0.056 |   1.154 |    0.654 | 
     | g114437                                | A v -> Y ^   | sky130_fd_sc_hd__nand2_2   | 0.057 |   1.211 |    0.711 | 
     | g123801                                | A ^ -> Y v   | sky130_fd_sc_hd__nand4_1   | 0.072 |   1.283 |    0.783 | 
     | g123795                                | B v -> Y ^   | sky130_fd_sc_hd__nor2_1    | 0.090 |   1.374 |    0.873 | 
     | g124752                                | B ^ -> Y v   | sky130_fd_sc_hd__nand2_1   | 0.090 |   1.464 |    0.964 | 
     | FE_OFC339_n_17344                      | A v -> Y ^   | sky130_fd_sc_hd__inv_4     | 0.100 |   1.564 |    1.064 | 
     | g34_0                                  | A1 ^ -> X ^  | sky130_fd_sc_hd__a21o_4    | 0.208 |   1.772 |    1.272 | 
     | FE_OFC890_n_13608                      | A ^ -> X ^   | sky130_fd_sc_hd__buf_2     | 0.168 |   1.940 |    1.440 | 
     | g114166                                | A ^ -> Y v   | sky130_fd_sc_hd__nand2_1   | 0.050 |   1.990 |    1.489 | 
     | g114131                                | B1 v -> Y ^  | sky130_fd_sc_hd__o21ai_1   | 0.094 |   2.084 |    1.584 | 
     | g114050                                | A ^ -> Y v   | sky130_fd_sc_hd__nand2_1   | 0.068 |   2.152 |    1.651 | 
     | FE_RC_56_0                             | A v -> Y ^   | sky130_fd_sc_hd__nand2_1   | 0.068 |   2.220 |    1.719 | 
     | g117776                                | A ^ -> Y v   | sky130_fd_sc_hd__nand2_1   | 0.062 |   2.282 |    1.782 | 
     | g117775                                | A v -> Y ^   | sky130_fd_sc_hd__nand3_2   | 0.085 |   2.367 |    1.867 | 
     | FE_OFC772_n_8473                       | A ^ -> Y v   | sky130_fd_sc_hd__inv_4     | 0.072 |   2.440 |    1.940 | 
     | FE_OFC1239_FE_DBTN35_n_8473            | A v -> Y ^   | sky130_fd_sc_hd__inv_4     | 0.189 |   2.629 |    2.129 | 
     | g116670                                | A_N ^ -> Y ^ | sky130_fd_sc_hd__nand2b_2  | 0.274 |   2.904 |    2.403 | 
     | FE_OFC1535_n_6618                      | A ^ -> Y v   | sky130_fd_sc_hd__inv_4     | 0.185 |   3.089 |    2.588 | 
     | g111886                                | A v -> Y ^   | sky130_fd_sc_hd__nand2_1   | 0.568 |   3.656 |    3.156 | 
     | g212                                   | B2 ^ -> Y v  | sky130_fd_sc_hd__o221ai_1  | 0.247 |   3.904 |    3.403 | 
     | g120259                                | A v -> Y ^   | sky130_fd_sc_hd__nand2_1   | 0.118 |   4.022 |    3.522 | 
     | g120258                                | A ^ -> Y v   | sky130_fd_sc_hd__nand2_1   | 0.056 |   4.078 |    3.577 | 
     | g120257                                | A_N v -> Y v | sky130_fd_sc_hd__nand3b_2  | 0.428 |   4.506 |    4.006 | 
     | g120256                                | A v -> Y ^   | sky130_fd_sc_hd__nand2_1   | 0.156 |   4.662 |    4.161 | 
     | g398                                   | A ^ -> Y v   | sky130_fd_sc_hd__nand2_1   | 0.083 |   4.744 |    4.244 | 
     | g127325                                | B1 v -> Y ^  | sky130_fd_sc_hd__a21oi_2   | 0.162 |   4.906 |    4.406 | 
     | g127324                                | C ^ -> Y v   | sky130_fd_sc_hd__nand3_4   | 0.184 |   5.090 |    4.590 | 
     | FE_OFC690_n_20380                      | A v -> Y ^   | sky130_fd_sc_hd__inv_2     | 0.121 |   5.212 |    4.711 | 
     | alu_inst_muldiv_inst_mul_349_24_g10108 | A ^ -> Y v   | sky130_fd_sc_hd__nand2_2   | 0.051 |   5.263 |    4.763 | 
     | g123520                                | B v -> Y ^   | sky130_fd_sc_hd__nand2_2   | 0.083 |   5.346 |    4.846 | 
     | FE_OFC63_n_16054                       | A ^ -> Y v   | sky130_fd_sc_hd__clkinv_4  | 0.080 |   5.426 |    4.926 | 
     | g125128                                | B v -> Y ^   | sky130_fd_sc_hd__nand2_4   | 0.094 |   5.520 |    5.020 | 
     | FE_OFC1089_n_17781                     | A ^ -> Y v   | sky130_fd_sc_hd__inv_2     | 0.070 |   5.590 |    5.089 | 
     | alu_inst_muldiv_inst_mul_349_24_g9756  | A v -> Y ^   | sky130_fd_sc_hd__nand2_1   | 0.070 |   5.660 |    5.160 | 
     | alu_inst_muldiv_inst_mul_349_24_g9716  | A ^ -> Y v   | sky130_fd_sc_hd__nand2_2   | 0.066 |   5.726 |    5.226 | 
     | alu_inst_muldiv_inst_mul_349_24_g9460  | A2 v -> Y ^  | sky130_fd_sc_hd__o21ai_1   | 0.112 |   5.839 |    5.338 | 
     | alu_inst_muldiv_inst_mul_349_24_g9422  | A ^ -> Y v   | sky130_fd_sc_hd__nand2_1   | 0.096 |   5.935 |    5.435 | 
     | alu_inst_muldiv_inst_mul_349_24_g9191  | A v -> Y ^   | sky130_fd_sc_hd__nand2_1   | 0.085 |   6.020 |    5.519 | 
     | g280                                   | A ^ -> Y v   | sky130_fd_sc_hd__nand2_1   | 0.075 |   6.095 |    5.595 | 
     | alu_inst_muldiv_inst_mul_349_24_g10409 | A_N v -> Y v | sky130_fd_sc_hd__nand2b_1  | 0.143 |   6.238 |    5.738 | 
     | alu_inst_muldiv_inst_mul_349_24_g9043  | B v -> Y ^   | sky130_fd_sc_hd__nand2_1   | 0.059 |   6.297 |    5.797 | 
     | alu_inst_muldiv_inst_mul_349_24_g9032  | A ^ -> Y v   | sky130_fd_sc_hd__nand2_1   | 0.102 |   6.400 |    5.899 | 
     | alu_inst_muldiv_inst_mul_349_24_g8979  | A v -> Y ^   | sky130_fd_sc_hd__nand2_2   | 0.108 |   6.508 |    6.007 | 
     | alu_inst_muldiv_inst_mul_349_24_g8971  | A ^ -> Y v   | sky130_fd_sc_hd__inv_2     | 0.039 |   6.546 |    6.046 | 
     | alu_inst_muldiv_inst_mul_349_24_g8947  | A v -> Y ^   | sky130_fd_sc_hd__nand2_2   | 0.047 |   6.593 |    6.093 | 
     | alu_inst_muldiv_inst_mul_349_24_g8941  | A ^ -> Y v   | sky130_fd_sc_hd__nand2_2   | 0.049 |   6.642 |    6.142 | 
     | alu_inst_muldiv_inst_mul_349_24_g8931  | A v -> Y ^   | sky130_fd_sc_hd__nand2_2   | 0.063 |   6.705 |    6.205 | 
     | alu_inst_muldiv_inst_mul_349_24_g8926  | A ^ -> Y v   | sky130_fd_sc_hd__nand2_1   | 0.059 |   6.763 |    6.263 | 
     | g127057                                | A v -> Y ^   | sky130_fd_sc_hd__nand2_2   | 0.096 |   6.859 |    6.359 | 
     | FE_RC_105_0                            | A ^ -> Y v   | sky130_fd_sc_hd__nand3_2   | 0.093 |   6.953 |    6.452 | 
     | g119435                                | A v -> Y ^   | sky130_fd_sc_hd__nand2_4   | 0.098 |   7.050 |    6.550 | 
     | g125512                                | A ^ -> Y v   | sky130_fd_sc_hd__nand2_4   | 0.058 |   7.108 |    6.608 | 
     | g125516                                | A v -> Y ^   | sky130_fd_sc_hd__nand2_2   | 0.054 |   7.162 |    6.662 | 
     | FE_RC_11_0                             | A ^ -> Y v   | sky130_fd_sc_hd__nand3_2   | 0.070 |   7.233 |    6.732 | 
     | g108191                                | A v -> Y ^   | sky130_fd_sc_hd__nand2_2   | 0.082 |   7.314 |    6.814 | 
     | g126298                                | A ^ -> Y v   | sky130_fd_sc_hd__nand2_2   | 0.071 |   7.385 |    6.884 | 
     | g126297                                | A v -> Y ^   | sky130_fd_sc_hd__nand2_2   | 0.060 |   7.445 |    6.945 | 
     | g126296                                | A ^ -> Y v   | sky130_fd_sc_hd__nand2_2   | 0.045 |   7.490 |    6.990 | 
     | g134                                   | A v -> Y ^   | sky130_fd_sc_hd__nand2_2   | 0.072 |   7.562 |    7.062 | 
     | g120067                                | A ^ -> Y v   | sky130_fd_sc_hd__nand2_2   | 0.060 |   7.623 |    7.122 | 
     | g126773                                | A v -> Y ^   | sky130_fd_sc_hd__nand2_2   | 0.067 |   7.689 |    7.189 | 
     | g126246                                | A ^ -> Y v   | sky130_fd_sc_hd__nand2_2   | 0.049 |   7.739 |    7.238 | 
     | g126245_dup                            | A v -> Y ^   | sky130_fd_sc_hd__nand2_2   | 0.073 |   7.811 |    7.311 | 
     | g103                                   | A ^ -> Y v   | sky130_fd_sc_hd__nand2_2   | 0.055 |   7.866 |    7.365 | 
     | g126828                                | A v -> Y ^   | sky130_fd_sc_hd__nand2_1   | 0.104 |   7.970 |    7.469 | 
     | g126824                                | B ^ -> Y v   | sky130_fd_sc_hd__nand2_2   | 0.111 |   8.080 |    7.580 | 
     | g126745                                | A v -> Y ^   | sky130_fd_sc_hd__nand2_1   | 0.066 |   8.146 |    7.646 | 
     | g128411                                | A ^ -> X ^   | sky130_fd_sc_hd__and2_1    | 0.168 |   8.314 |    7.814 | 
     | g126511                                | A ^ -> Y v   | sky130_fd_sc_hd__nand3_2   | 0.098 |   8.412 |    7.911 | 
     | g125908                                | A v -> Y ^   | sky130_fd_sc_hd__nand3_1   | 0.095 |   8.506 |    8.006 | 
     | g127819                                | A ^ -> Y v   | sky130_fd_sc_hd__nand2_1   | 0.066 |   8.572 |    8.072 | 
     | g127818                                | A v -> Y ^   | sky130_fd_sc_hd__inv_2     | 0.073 |   8.646 |    8.145 | 
     | g127823                                | A ^ -> Y v   | sky130_fd_sc_hd__nand2_2   | 0.067 |   8.713 |    8.212 | 
     | g127821                                | B v -> Y ^   | sky130_fd_sc_hd__nor2_1    | 0.116 |   8.828 |    8.328 | 
     | g127820                                | B ^ -> Y v   | sky130_fd_sc_hd__nand2_2   | 0.091 |   8.919 |    8.419 | 
     | FE_OFC1055_n_21131                     | A v -> Y ^   | sky130_fd_sc_hd__inv_2     | 0.064 |   8.983 |    8.483 | 
     | g128352                                | A ^ -> Y v   | sky130_fd_sc_hd__nand2_1   | 0.052 |   9.036 |    8.535 | 
     | FE_OFC1054_n_21719                     | A v -> Y ^   | sky130_fd_sc_hd__inv_2     | 0.105 |   9.140 |    8.640 | 
     | g128354                                | B ^ -> Y v   | sky130_fd_sc_hd__nand3b_1  | 0.082 |   9.223 |    8.722 | 
     | FE_RC_88_0                             | A1 v -> Y ^  | sky130_fd_sc_hd__a21boi_1  | 0.155 |   9.377 |    8.877 | 
     | g126436                                | B ^ -> Y v   | sky130_fd_sc_hd__nand2b_1  | 0.077 |   9.454 |    8.954 | 
     | FE_RC_23_0                             | C v -> Y ^   | sky130_fd_sc_hd__nand3_1   | 0.081 |   9.535 |    9.035 | 
     | result_r_reg[7]                        | D ^          | sky130_fd_sc_hd__dfrtp_1   | 0.000 |   9.535 |    9.035 | 
     +-----------------------------------------------------------------------------------------------------------------+ 
     Clock Rise Edge                      0.000
     + Source Insertion Delay            -0.182
     = Beginpoint Arrival Time           -0.182
     Other End Path:
     +--------------------------------------------------------------------------------------------+ 
     |      Instance       |    Arc     |            Cell            | Delay | Arrival | Required | 
     |                     |            |                            |       |  Time   |   Time   | 
     |---------------------+------------+----------------------------+-------+---------+----------| 
     |                     | clk ^      |                            |       |  -0.182 |    0.319 | 
     | CTS_ccl_a_inv_00003 | A ^ -> Y v | sky130_fd_sc_hd__clkinv_16 | 0.060 |  -0.122 |    0.378 | 
     | CTS_ccl_a_inv_00002 | A v -> Y ^ | sky130_fd_sc_hd__clkinv_16 | 0.118 |  -0.004 |    0.497 | 
     | result_r_reg[7]     | CLK ^      | sky130_fd_sc_hd__dfrtp_1   | 0.003 |  -0.001 |    0.499 | 
     +--------------------------------------------------------------------------------------------+ 
Path 5: VIOLATED Setup Check with Pin result_r_reg[10]/CLK 
Endpoint:   result_r_reg[10]/D (v) checked with  leading edge of 'clk'
Beginpoint: in2_r_reg[2]/Q     (v) triggered by  leading edge of 'clk'
Path Groups: {clk}
Analysis View: VIEW_TYP
Other End Arrival Time         -0.001
- Setup                         0.102
+ Phase Shift                   9.090
= Required Time                 8.987
- Arrival Time                  9.481
= Slack Time                   -0.495
     Clock Rise Edge                      0.000
     + Source Insertion Delay            -0.182
     = Beginpoint Arrival Time           -0.182
     Timing Path:
     +-----------------------------------------------------------------------------------------------------------------+ 
     |                Instance                |     Arc      |            Cell            | Delay | Arrival | Required | 
     |                                        |              |                            |       |  Time   |   Time   | 
     |----------------------------------------+--------------+----------------------------+-------+---------+----------| 
     |                                        | clk ^        |                            |       |  -0.182 |   -0.676 | 
     | CTS_ccl_a_inv_00003                    | A ^ -> Y v   | sky130_fd_sc_hd__clkinv_16 | 0.060 |  -0.122 |   -0.617 | 
     | CTS_ccl_a_inv_00002                    | A v -> Y ^   | sky130_fd_sc_hd__clkinv_16 | 0.118 |  -0.004 |   -0.498 | 
     | in2_r_reg[2]                           | CLK ^ -> Q v | sky130_fd_sc_hd__sdfrtp_2  | 0.434 |   0.430 |   -0.064 | 
     | FE_OFC1288_in2_r_2                     | A v -> Y ^   | sky130_fd_sc_hd__inv_2     | 0.117 |   0.548 |    0.053 | 
     | g128740                                | A ^ -> X ^   | sky130_fd_sc_hd__and2_4    | 0.168 |   0.716 |    0.222 | 
     | g114612                                | D ^ -> Y v   | sky130_fd_sc_hd__nand4_1   | 0.126 |   0.842 |    0.348 | 
     | g469                                   | A v -> Y ^   | sky130_fd_sc_hd__nand2_1   | 0.081 |   0.924 |    0.429 | 
     | g460                                   | A ^ -> Y v   | sky130_fd_sc_hd__nand2_1   | 0.058 |   0.982 |    0.487 | 
     | g121239                                | A v -> Y ^   | sky130_fd_sc_hd__nand2_2   | 0.117 |   1.098 |    0.604 | 
     | FE_DBTC57_n_13377                      | A ^ -> Y v   | sky130_fd_sc_hd__inv_2     | 0.056 |   1.154 |    0.660 | 
     | g114437                                | A v -> Y ^   | sky130_fd_sc_hd__nand2_2   | 0.057 |   1.211 |    0.717 | 
     | g123801                                | A ^ -> Y v   | sky130_fd_sc_hd__nand4_1   | 0.072 |   1.283 |    0.789 | 
     | g123795                                | B v -> Y ^   | sky130_fd_sc_hd__nor2_1    | 0.090 |   1.374 |    0.879 | 
     | g124752                                | B ^ -> Y v   | sky130_fd_sc_hd__nand2_1   | 0.090 |   1.464 |    0.970 | 
     | FE_OFC339_n_17344                      | A v -> Y ^   | sky130_fd_sc_hd__inv_4     | 0.100 |   1.564 |    1.070 | 
     | g34_0                                  | A1 ^ -> X ^  | sky130_fd_sc_hd__a21o_4    | 0.208 |   1.772 |    1.278 | 
     | FE_OFC890_n_13608                      | A ^ -> X ^   | sky130_fd_sc_hd__buf_2     | 0.168 |   1.940 |    1.446 | 
     | g114166                                | A ^ -> Y v   | sky130_fd_sc_hd__nand2_1   | 0.050 |   1.990 |    1.495 | 
     | g114131                                | B1 v -> Y ^  | sky130_fd_sc_hd__o21ai_1   | 0.094 |   2.084 |    1.590 | 
     | g114050                                | A ^ -> Y v   | sky130_fd_sc_hd__nand2_1   | 0.068 |   2.152 |    1.657 | 
     | FE_RC_56_0                             | A v -> Y ^   | sky130_fd_sc_hd__nand2_1   | 0.068 |   2.220 |    1.725 | 
     | g117776                                | A ^ -> Y v   | sky130_fd_sc_hd__nand2_1   | 0.062 |   2.282 |    1.788 | 
     | g117775                                | A v -> Y ^   | sky130_fd_sc_hd__nand3_2   | 0.085 |   2.367 |    1.873 | 
     | FE_OFC772_n_8473                       | A ^ -> Y v   | sky130_fd_sc_hd__inv_4     | 0.072 |   2.440 |    1.945 | 
     | FE_OFC1239_FE_DBTN35_n_8473            | A v -> Y ^   | sky130_fd_sc_hd__inv_4     | 0.189 |   2.629 |    2.135 | 
     | g116670                                | A_N ^ -> Y ^ | sky130_fd_sc_hd__nand2b_2  | 0.274 |   2.904 |    2.409 | 
     | FE_OFC1535_n_6618                      | A ^ -> Y v   | sky130_fd_sc_hd__inv_4     | 0.185 |   3.089 |    2.594 | 
     | g111886                                | A v -> Y ^   | sky130_fd_sc_hd__nand2_1   | 0.568 |   3.656 |    3.162 | 
     | g212                                   | B2 ^ -> Y v  | sky130_fd_sc_hd__o221ai_1  | 0.247 |   3.904 |    3.409 | 
     | g120259                                | A v -> Y ^   | sky130_fd_sc_hd__nand2_1   | 0.118 |   4.022 |    3.528 | 
     | g120258                                | A ^ -> Y v   | sky130_fd_sc_hd__nand2_1   | 0.056 |   4.078 |    3.583 | 
     | g120257                                | A_N v -> Y v | sky130_fd_sc_hd__nand3b_2  | 0.428 |   4.506 |    4.012 | 
     | g120256                                | A v -> Y ^   | sky130_fd_sc_hd__nand2_1   | 0.156 |   4.662 |    4.167 | 
     | g398                                   | A ^ -> Y v   | sky130_fd_sc_hd__nand2_1   | 0.083 |   4.744 |    4.250 | 
     | g127325                                | B1 v -> Y ^  | sky130_fd_sc_hd__a21oi_2   | 0.162 |   4.906 |    4.412 | 
     | g127324                                | C ^ -> Y v   | sky130_fd_sc_hd__nand3_4   | 0.184 |   5.090 |    4.596 | 
     | FE_OFC690_n_20380                      | A v -> Y ^   | sky130_fd_sc_hd__inv_2     | 0.121 |   5.212 |    4.717 | 
     | alu_inst_muldiv_inst_mul_349_24_g10108 | A ^ -> Y v   | sky130_fd_sc_hd__nand2_2   | 0.051 |   5.263 |    4.769 | 
     | g123520                                | B v -> Y ^   | sky130_fd_sc_hd__nand2_2   | 0.083 |   5.346 |    4.852 | 
     | FE_OFC63_n_16054                       | A ^ -> Y v   | sky130_fd_sc_hd__clkinv_4  | 0.080 |   5.426 |    4.932 | 
     | g125128                                | B v -> Y ^   | sky130_fd_sc_hd__nand2_4   | 0.094 |   5.520 |    5.025 | 
     | FE_OFC1089_n_17781                     | A ^ -> Y v   | sky130_fd_sc_hd__inv_2     | 0.070 |   5.590 |    5.095 | 
     | alu_inst_muldiv_inst_mul_349_24_g9756  | A v -> Y ^   | sky130_fd_sc_hd__nand2_1   | 0.070 |   5.660 |    5.166 | 
     | alu_inst_muldiv_inst_mul_349_24_g9716  | A ^ -> Y v   | sky130_fd_sc_hd__nand2_2   | 0.066 |   5.726 |    5.232 | 
     | alu_inst_muldiv_inst_mul_349_24_g9460  | A2 v -> Y ^  | sky130_fd_sc_hd__o21ai_1   | 0.112 |   5.839 |    5.344 | 
     | alu_inst_muldiv_inst_mul_349_24_g9422  | A ^ -> Y v   | sky130_fd_sc_hd__nand2_1   | 0.096 |   5.935 |    5.440 | 
     | alu_inst_muldiv_inst_mul_349_24_g9191  | A v -> Y ^   | sky130_fd_sc_hd__nand2_1   | 0.085 |   6.020 |    5.525 | 
     | g280                                   | A ^ -> Y v   | sky130_fd_sc_hd__nand2_1   | 0.075 |   6.095 |    5.601 | 
     | alu_inst_muldiv_inst_mul_349_24_g10409 | A_N v -> Y v | sky130_fd_sc_hd__nand2b_1  | 0.143 |   6.238 |    5.744 | 
     | alu_inst_muldiv_inst_mul_349_24_g9043  | B v -> Y ^   | sky130_fd_sc_hd__nand2_1   | 0.059 |   6.297 |    5.803 | 
     | alu_inst_muldiv_inst_mul_349_24_g9032  | A ^ -> Y v   | sky130_fd_sc_hd__nand2_1   | 0.102 |   6.400 |    5.905 | 
     | alu_inst_muldiv_inst_mul_349_24_g8979  | A v -> Y ^   | sky130_fd_sc_hd__nand2_2   | 0.108 |   6.508 |    6.013 | 
     | alu_inst_muldiv_inst_mul_349_24_g8971  | A ^ -> Y v   | sky130_fd_sc_hd__inv_2     | 0.039 |   6.546 |    6.052 | 
     | alu_inst_muldiv_inst_mul_349_24_g8947  | A v -> Y ^   | sky130_fd_sc_hd__nand2_2   | 0.047 |   6.593 |    6.098 | 
     | alu_inst_muldiv_inst_mul_349_24_g8941  | A ^ -> Y v   | sky130_fd_sc_hd__nand2_2   | 0.049 |   6.642 |    6.148 | 
     | alu_inst_muldiv_inst_mul_349_24_g8931  | A v -> Y ^   | sky130_fd_sc_hd__nand2_2   | 0.063 |   6.705 |    6.210 | 
     | alu_inst_muldiv_inst_mul_349_24_g8926  | A ^ -> Y v   | sky130_fd_sc_hd__nand2_1   | 0.059 |   6.763 |    6.269 | 
     | g127057                                | A v -> Y ^   | sky130_fd_sc_hd__nand2_2   | 0.096 |   6.859 |    6.365 | 
     | FE_RC_105_0                            | A ^ -> Y v   | sky130_fd_sc_hd__nand3_2   | 0.093 |   6.953 |    6.458 | 
     | g119435                                | A v -> Y ^   | sky130_fd_sc_hd__nand2_4   | 0.098 |   7.050 |    6.556 | 
     | g125512                                | A ^ -> Y v   | sky130_fd_sc_hd__nand2_4   | 0.058 |   7.108 |    6.614 | 
     | g125516                                | A v -> Y ^   | sky130_fd_sc_hd__nand2_2   | 0.054 |   7.162 |    6.668 | 
     | FE_RC_11_0                             | A ^ -> Y v   | sky130_fd_sc_hd__nand3_2   | 0.070 |   7.233 |    6.738 | 
     | g108191                                | A v -> Y ^   | sky130_fd_sc_hd__nand2_2   | 0.082 |   7.314 |    6.820 | 
     | g126298                                | A ^ -> Y v   | sky130_fd_sc_hd__nand2_2   | 0.071 |   7.385 |    6.890 | 
     | g126297                                | A v -> Y ^   | sky130_fd_sc_hd__nand2_2   | 0.060 |   7.445 |    6.951 | 
     | g126296                                | A ^ -> Y v   | sky130_fd_sc_hd__nand2_2   | 0.045 |   7.490 |    6.996 | 
     | g134                                   | A v -> Y ^   | sky130_fd_sc_hd__nand2_2   | 0.072 |   7.562 |    7.068 | 
     | g120067                                | A ^ -> Y v   | sky130_fd_sc_hd__nand2_2   | 0.060 |   7.623 |    7.128 | 
     | g126773                                | A v -> Y ^   | sky130_fd_sc_hd__nand2_2   | 0.067 |   7.689 |    7.195 | 
     | g126246                                | A ^ -> Y v   | sky130_fd_sc_hd__nand2_2   | 0.049 |   7.739 |    7.244 | 
     | g126245_dup                            | A v -> Y ^   | sky130_fd_sc_hd__nand2_2   | 0.073 |   7.811 |    7.317 | 
     | g103                                   | A ^ -> Y v   | sky130_fd_sc_hd__nand2_2   | 0.055 |   7.866 |    7.371 | 
     | g126828                                | A v -> Y ^   | sky130_fd_sc_hd__nand2_1   | 0.104 |   7.970 |    7.475 | 
     | g126824                                | B ^ -> Y v   | sky130_fd_sc_hd__nand2_2   | 0.111 |   8.080 |    7.586 | 
     | g126745                                | A v -> Y ^   | sky130_fd_sc_hd__nand2_1   | 0.066 |   8.146 |    7.652 | 
     | g128411                                | A ^ -> X ^   | sky130_fd_sc_hd__and2_1    | 0.168 |   8.314 |    7.820 | 
     | g126511                                | A ^ -> Y v   | sky130_fd_sc_hd__nand3_2   | 0.098 |   8.412 |    7.917 | 
     | g125908                                | A v -> Y ^   | sky130_fd_sc_hd__nand3_1   | 0.095 |   8.506 |    8.012 | 
     | g127819                                | A ^ -> Y v   | sky130_fd_sc_hd__nand2_1   | 0.066 |   8.572 |    8.078 | 
     | g127818                                | A v -> Y ^   | sky130_fd_sc_hd__inv_2     | 0.073 |   8.646 |    8.151 | 
     | g127823                                | A ^ -> Y v   | sky130_fd_sc_hd__nand2_2   | 0.067 |   8.713 |    8.218 | 
     | g127821                                | B v -> Y ^   | sky130_fd_sc_hd__nor2_1    | 0.116 |   8.828 |    8.334 | 
     | g127820                                | B ^ -> Y v   | sky130_fd_sc_hd__nand2_2   | 0.091 |   8.919 |    8.424 | 
     | FE_OFC1055_n_21131                     | A v -> Y ^   | sky130_fd_sc_hd__inv_2     | 0.064 |   8.983 |    8.489 | 
     | g128352                                | A ^ -> Y v   | sky130_fd_sc_hd__nand2_1   | 0.052 |   9.036 |    8.541 | 
     | FE_OFC1054_n_21719                     | A v -> Y ^   | sky130_fd_sc_hd__inv_2     | 0.105 |   9.140 |    8.646 | 
     | g125572                                | A ^ -> Y v   | sky130_fd_sc_hd__nand2_2   | 0.059 |   9.200 |    8.705 | 
     | g125169                                | A v -> Y ^   | sky130_fd_sc_hd__nand3_2   | 0.055 |   9.255 |    8.760 | 
     | g123438                                | A ^ -> Y v   | sky130_fd_sc_hd__nand3_2   | 0.074 |   9.329 |    8.834 | 
     | g127238                                | A v -> Y ^   | sky130_fd_sc_hd__nand2_2   | 0.075 |   9.403 |    8.909 | 
     | g127235                                | B ^ -> Y v   | sky130_fd_sc_hd__nand3_1   | 0.078 |   9.481 |    8.987 | 
     | result_r_reg[10]                       | D v          | sky130_fd_sc_hd__dfrtp_1   | 0.000 |   9.481 |    8.987 | 
     +-----------------------------------------------------------------------------------------------------------------+ 
     Clock Rise Edge                      0.000
     + Source Insertion Delay            -0.182
     = Beginpoint Arrival Time           -0.182
     Other End Path:
     +--------------------------------------------------------------------------------------------+ 
     |      Instance       |    Arc     |            Cell            | Delay | Arrival | Required | 
     |                     |            |                            |       |  Time   |   Time   | 
     |---------------------+------------+----------------------------+-------+---------+----------| 
     |                     | clk ^      |                            |       |  -0.182 |    0.313 | 
     | CTS_ccl_a_inv_00003 | A ^ -> Y v | sky130_fd_sc_hd__clkinv_16 | 0.060 |  -0.122 |    0.373 | 
     | CTS_ccl_a_inv_00002 | A v -> Y ^ | sky130_fd_sc_hd__clkinv_16 | 0.118 |  -0.004 |    0.491 | 
     | result_r_reg[10]    | CLK ^      | sky130_fd_sc_hd__dfrtp_1   | 0.002 |  -0.001 |    0.493 | 
     +--------------------------------------------------------------------------------------------+ 
Path 6: VIOLATED Setup Check with Pin result_r_reg[14]/CLK 
Endpoint:   result_r_reg[14]/D (v) checked with  leading edge of 'clk'
Beginpoint: in2_r_reg[2]/Q     (v) triggered by  leading edge of 'clk'
Path Groups: {clk}
Analysis View: VIEW_TYP
Other End Arrival Time         -0.001
- Setup                         0.112
+ Phase Shift                   9.090
= Required Time                 8.977
- Arrival Time                  9.462
= Slack Time                   -0.486
     Clock Rise Edge                      0.000
     + Source Insertion Delay            -0.182
     = Beginpoint Arrival Time           -0.182
     Timing Path:
     +-----------------------------------------------------------------------------------------------------------------+ 
     |                Instance                |     Arc      |            Cell            | Delay | Arrival | Required | 
     |                                        |              |                            |       |  Time   |   Time   | 
     |----------------------------------------+--------------+----------------------------+-------+---------+----------| 
     |                                        | clk ^        |                            |       |  -0.182 |   -0.668 | 
     | CTS_ccl_a_inv_00003                    | A ^ -> Y v   | sky130_fd_sc_hd__clkinv_16 | 0.060 |  -0.122 |   -0.608 | 
     | CTS_ccl_a_inv_00002                    | A v -> Y ^   | sky130_fd_sc_hd__clkinv_16 | 0.118 |  -0.004 |   -0.490 | 
     | in2_r_reg[2]                           | CLK ^ -> Q v | sky130_fd_sc_hd__sdfrtp_2  | 0.434 |   0.430 |   -0.055 | 
     | FE_OFC1288_in2_r_2                     | A v -> Y ^   | sky130_fd_sc_hd__inv_2     | 0.117 |   0.548 |    0.062 | 
     | g128740                                | A ^ -> X ^   | sky130_fd_sc_hd__and2_4    | 0.168 |   0.716 |    0.230 | 
     | g114612                                | D ^ -> Y v   | sky130_fd_sc_hd__nand4_1   | 0.126 |   0.842 |    0.357 | 
     | g469                                   | A v -> Y ^   | sky130_fd_sc_hd__nand2_1   | 0.081 |   0.924 |    0.438 | 
     | g460                                   | A ^ -> Y v   | sky130_fd_sc_hd__nand2_1   | 0.058 |   0.982 |    0.496 | 
     | g121239                                | A v -> Y ^   | sky130_fd_sc_hd__nand2_2   | 0.117 |   1.098 |    0.612 | 
     | FE_DBTC57_n_13377                      | A ^ -> Y v   | sky130_fd_sc_hd__inv_2     | 0.056 |   1.154 |    0.669 | 
     | g114437                                | A v -> Y ^   | sky130_fd_sc_hd__nand2_2   | 0.057 |   1.211 |    0.726 | 
     | g123801                                | A ^ -> Y v   | sky130_fd_sc_hd__nand4_1   | 0.072 |   1.283 |    0.797 | 
     | g123795                                | B v -> Y ^   | sky130_fd_sc_hd__nor2_1    | 0.090 |   1.374 |    0.888 | 
     | g124752                                | B ^ -> Y v   | sky130_fd_sc_hd__nand2_1   | 0.090 |   1.464 |    0.978 | 
     | FE_OFC339_n_17344                      | A v -> Y ^   | sky130_fd_sc_hd__inv_4     | 0.100 |   1.564 |    1.078 | 
     | g34_0                                  | A1 ^ -> X ^  | sky130_fd_sc_hd__a21o_4    | 0.208 |   1.772 |    1.287 | 
     | FE_OFC890_n_13608                      | A ^ -> X ^   | sky130_fd_sc_hd__buf_2     | 0.168 |   1.940 |    1.454 | 
     | g114166                                | A ^ -> Y v   | sky130_fd_sc_hd__nand2_1   | 0.050 |   1.990 |    1.504 | 
     | g114131                                | B1 v -> Y ^  | sky130_fd_sc_hd__o21ai_1   | 0.094 |   2.084 |    1.598 | 
     | g114050                                | A ^ -> Y v   | sky130_fd_sc_hd__nand2_1   | 0.068 |   2.152 |    1.666 | 
     | FE_RC_56_0                             | A v -> Y ^   | sky130_fd_sc_hd__nand2_1   | 0.068 |   2.220 |    1.734 | 
     | g117776                                | A ^ -> Y v   | sky130_fd_sc_hd__nand2_1   | 0.062 |   2.282 |    1.796 | 
     | g117775                                | A v -> Y ^   | sky130_fd_sc_hd__nand3_2   | 0.085 |   2.367 |    1.882 | 
     | FE_OFC772_n_8473                       | A ^ -> Y v   | sky130_fd_sc_hd__inv_4     | 0.072 |   2.440 |    1.954 | 
     | FE_OFC1239_FE_DBTN35_n_8473            | A v -> Y ^   | sky130_fd_sc_hd__inv_4     | 0.189 |   2.629 |    2.143 | 
     | g116670                                | A_N ^ -> Y ^ | sky130_fd_sc_hd__nand2b_2  | 0.274 |   2.904 |    2.418 | 
     | FE_OFC1535_n_6618                      | A ^ -> Y v   | sky130_fd_sc_hd__inv_4     | 0.185 |   3.089 |    2.603 | 
     | g111886                                | A v -> Y ^   | sky130_fd_sc_hd__nand2_1   | 0.568 |   3.656 |    3.171 | 
     | g212                                   | B2 ^ -> Y v  | sky130_fd_sc_hd__o221ai_1  | 0.247 |   3.904 |    3.418 | 
     | g120259                                | A v -> Y ^   | sky130_fd_sc_hd__nand2_1   | 0.118 |   4.022 |    3.536 | 
     | g120258                                | A ^ -> Y v   | sky130_fd_sc_hd__nand2_1   | 0.056 |   4.078 |    3.592 | 
     | g120257                                | A_N v -> Y v | sky130_fd_sc_hd__nand3b_2  | 0.428 |   4.506 |    4.020 | 
     | g120256                                | A v -> Y ^   | sky130_fd_sc_hd__nand2_1   | 0.156 |   4.662 |    4.176 | 
     | g398                                   | A ^ -> Y v   | sky130_fd_sc_hd__nand2_1   | 0.083 |   4.744 |    4.259 | 
     | g127325                                | B1 v -> Y ^  | sky130_fd_sc_hd__a21oi_2   | 0.162 |   4.906 |    4.420 | 
     | g127324                                | C ^ -> Y v   | sky130_fd_sc_hd__nand3_4   | 0.184 |   5.090 |    4.605 | 
     | FE_OFC690_n_20380                      | A v -> Y ^   | sky130_fd_sc_hd__inv_2     | 0.121 |   5.212 |    4.726 | 
     | alu_inst_muldiv_inst_mul_349_24_g10108 | A ^ -> Y v   | sky130_fd_sc_hd__nand2_2   | 0.051 |   5.263 |    4.777 | 
     | g123520                                | B v -> Y ^   | sky130_fd_sc_hd__nand2_2   | 0.083 |   5.346 |    4.861 | 
     | FE_OFC63_n_16054                       | A ^ -> Y v   | sky130_fd_sc_hd__clkinv_4  | 0.080 |   5.426 |    4.941 | 
     | g125128                                | B v -> Y ^   | sky130_fd_sc_hd__nand2_4   | 0.094 |   5.520 |    5.034 | 
     | FE_OFC1089_n_17781                     | A ^ -> Y v   | sky130_fd_sc_hd__inv_2     | 0.070 |   5.590 |    5.104 | 
     | alu_inst_muldiv_inst_mul_349_24_g9756  | A v -> Y ^   | sky130_fd_sc_hd__nand2_1   | 0.070 |   5.660 |    5.175 | 
     | alu_inst_muldiv_inst_mul_349_24_g9716  | A ^ -> Y v   | sky130_fd_sc_hd__nand2_2   | 0.066 |   5.726 |    5.241 | 
     | alu_inst_muldiv_inst_mul_349_24_g9460  | A2 v -> Y ^  | sky130_fd_sc_hd__o21ai_1   | 0.112 |   5.839 |    5.353 | 
     | alu_inst_muldiv_inst_mul_349_24_g9422  | A ^ -> Y v   | sky130_fd_sc_hd__nand2_1   | 0.096 |   5.935 |    5.449 | 
     | alu_inst_muldiv_inst_mul_349_24_g9191  | A v -> Y ^   | sky130_fd_sc_hd__nand2_1   | 0.085 |   6.020 |    5.534 | 
     | g280                                   | A ^ -> Y v   | sky130_fd_sc_hd__nand2_1   | 0.075 |   6.095 |    5.609 | 
     | alu_inst_muldiv_inst_mul_349_24_g10409 | A_N v -> Y v | sky130_fd_sc_hd__nand2b_1  | 0.143 |   6.238 |    5.752 | 
     | alu_inst_muldiv_inst_mul_349_24_g9043  | B v -> Y ^   | sky130_fd_sc_hd__nand2_1   | 0.059 |   6.297 |    5.812 | 
     | alu_inst_muldiv_inst_mul_349_24_g9032  | A ^ -> Y v   | sky130_fd_sc_hd__nand2_1   | 0.102 |   6.400 |    5.914 | 
     | alu_inst_muldiv_inst_mul_349_24_g8979  | A v -> Y ^   | sky130_fd_sc_hd__nand2_2   | 0.108 |   6.508 |    6.022 | 
     | alu_inst_muldiv_inst_mul_349_24_g8971  | A ^ -> Y v   | sky130_fd_sc_hd__inv_2     | 0.039 |   6.546 |    6.061 | 
     | alu_inst_muldiv_inst_mul_349_24_g8947  | A v -> Y ^   | sky130_fd_sc_hd__nand2_2   | 0.047 |   6.593 |    6.107 | 
     | alu_inst_muldiv_inst_mul_349_24_g8941  | A ^ -> Y v   | sky130_fd_sc_hd__nand2_2   | 0.049 |   6.642 |    6.157 | 
     | alu_inst_muldiv_inst_mul_349_24_g8931  | A v -> Y ^   | sky130_fd_sc_hd__nand2_2   | 0.063 |   6.705 |    6.219 | 
     | alu_inst_muldiv_inst_mul_349_24_g8926  | A ^ -> Y v   | sky130_fd_sc_hd__nand2_1   | 0.059 |   6.763 |    6.278 | 
     | g127057                                | A v -> Y ^   | sky130_fd_sc_hd__nand2_2   | 0.096 |   6.859 |    6.374 | 
     | FE_RC_105_0                            | A ^ -> Y v   | sky130_fd_sc_hd__nand3_2   | 0.093 |   6.953 |    6.467 | 
     | g119435                                | A v -> Y ^   | sky130_fd_sc_hd__nand2_4   | 0.098 |   7.050 |    6.565 | 
     | g125512                                | A ^ -> Y v   | sky130_fd_sc_hd__nand2_4   | 0.058 |   7.108 |    6.623 | 
     | g125516                                | A v -> Y ^   | sky130_fd_sc_hd__nand2_2   | 0.054 |   7.162 |    6.677 | 
     | FE_RC_11_0                             | A ^ -> Y v   | sky130_fd_sc_hd__nand3_2   | 0.070 |   7.233 |    6.747 | 
     | g108191                                | A v -> Y ^   | sky130_fd_sc_hd__nand2_2   | 0.082 |   7.314 |    6.829 | 
     | g126298                                | A ^ -> Y v   | sky130_fd_sc_hd__nand2_2   | 0.071 |   7.385 |    6.899 | 
     | g126297                                | A v -> Y ^   | sky130_fd_sc_hd__nand2_2   | 0.060 |   7.445 |    6.959 | 
     | g126296                                | A ^ -> Y v   | sky130_fd_sc_hd__nand2_2   | 0.045 |   7.490 |    7.005 | 
     | g134                                   | A v -> Y ^   | sky130_fd_sc_hd__nand2_2   | 0.072 |   7.562 |    7.077 | 
     | g120067                                | A ^ -> Y v   | sky130_fd_sc_hd__nand2_2   | 0.060 |   7.623 |    7.137 | 
     | g126773                                | A v -> Y ^   | sky130_fd_sc_hd__nand2_2   | 0.067 |   7.689 |    7.203 | 
     | g126246                                | A ^ -> Y v   | sky130_fd_sc_hd__nand2_2   | 0.049 |   7.739 |    7.253 | 
     | g126245_dup                            | A v -> Y ^   | sky130_fd_sc_hd__nand2_2   | 0.073 |   7.811 |    7.325 | 
     | g103                                   | A ^ -> Y v   | sky130_fd_sc_hd__nand2_2   | 0.055 |   7.866 |    7.380 | 
     | g126828                                | A v -> Y ^   | sky130_fd_sc_hd__nand2_1   | 0.104 |   7.970 |    7.484 | 
     | g126824                                | B ^ -> Y v   | sky130_fd_sc_hd__nand2_2   | 0.111 |   8.080 |    7.595 | 
     | g55                                    | B2 v -> Y ^  | sky130_fd_sc_hd__o2bb2ai_1 | 0.245 |   8.325 |    7.840 | 
     | g127847                                | A ^ -> Y v   | sky130_fd_sc_hd__nand2_1   | 0.101 |   8.427 |    7.941 | 
     | FE_RC_33_0                             | B1 v -> Y ^  | sky130_fd_sc_hd__o21ai_2   | 0.080 |   8.507 |    8.021 | 
     | g127839                                | A ^ -> Y v   | sky130_fd_sc_hd__nand2_1   | 0.082 |   8.589 |    8.103 | 
     | g234_dup                               | B v -> Y ^   | sky130_fd_sc_hd__nand2b_2  | 0.110 |   8.699 |    8.213 | 
     | g125108                                | A_N ^ -> Y ^ | sky130_fd_sc_hd__nand2b_1  | 0.114 |   8.813 |    8.328 | 
     | g125106                                | B ^ -> Y v   | sky130_fd_sc_hd__nor2_1    | 0.038 |   8.852 |    8.366 | 
     | g424                                   | A v -> Y ^   | sky130_fd_sc_hd__nand2_1   | 0.061 |   8.912 |    8.427 | 
     | FE_DBTC12_n_17480                      | A ^ -> Y v   | sky130_fd_sc_hd__inv_2     | 0.045 |   8.957 |    8.471 | 
     | g128278                                | A v -> Y ^   | sky130_fd_sc_hd__nand3_1   | 0.097 |   9.054 |    8.568 | 
     | FE_OFC1444_n_21636                     | A ^ -> Y v   | sky130_fd_sc_hd__inv_2     | 0.052 |   9.106 |    8.620 | 
     | g128260                                | B v -> Y ^   | sky130_fd_sc_hd__nand2_1   | 0.070 |   9.175 |    8.690 | 
     | FE_RC_64_0                             | A ^ -> Y v   | sky130_fd_sc_hd__nand4_2   | 0.102 |   9.277 |    8.792 | 
     | g124409                                | B v -> Y ^   | sky130_fd_sc_hd__nor2_1    | 0.117 |   9.394 |    8.909 | 
     | FE_RC_19_0                             | A2 ^ -> Y v  | sky130_fd_sc_hd__o21ai_1   | 0.068 |   9.462 |    8.976 | 
     | result_r_reg[14]                       | D v          | sky130_fd_sc_hd__dfrtp_1   | 0.000 |   9.462 |    8.977 | 
     +-----------------------------------------------------------------------------------------------------------------+ 
     Clock Rise Edge                      0.000
     + Source Insertion Delay            -0.182
     = Beginpoint Arrival Time           -0.182
     Other End Path:
     +--------------------------------------------------------------------------------------------+ 
     |      Instance       |    Arc     |            Cell            | Delay | Arrival | Required | 
     |                     |            |                            |       |  Time   |   Time   | 
     |---------------------+------------+----------------------------+-------+---------+----------| 
     |                     | clk ^      |                            |       |  -0.182 |    0.304 | 
     | CTS_ccl_a_inv_00003 | A ^ -> Y v | sky130_fd_sc_hd__clkinv_16 | 0.060 |  -0.122 |    0.364 | 
     | CTS_ccl_a_inv_00002 | A v -> Y ^ | sky130_fd_sc_hd__clkinv_16 | 0.118 |  -0.004 |    0.482 | 
     | result_r_reg[14]    | CLK ^      | sky130_fd_sc_hd__dfrtp_1   | 0.003 |  -0.001 |    0.484 | 
     +--------------------------------------------------------------------------------------------+ 
Path 7: VIOLATED Setup Check with Pin result_r_reg[2]/CLK 
Endpoint:   result_r_reg[2]/D (^) checked with  leading edge of 'clk'
Beginpoint: in2_r_reg[2]/Q    (v) triggered by  leading edge of 'clk'
Path Groups: {clk}
Analysis View: VIEW_TYP
Other End Arrival Time         -0.001
- Setup                         0.071
+ Phase Shift                   9.090
= Required Time                 9.017
- Arrival Time                  9.492
= Slack Time                   -0.474
     Clock Rise Edge                      0.000
     + Source Insertion Delay            -0.182
     = Beginpoint Arrival Time           -0.182
     Timing Path:
     +-----------------------------------------------------------------------------------------------------------------+ 
     |                Instance                |     Arc      |            Cell            | Delay | Arrival | Required | 
     |                                        |              |                            |       |  Time   |   Time   | 
     |----------------------------------------+--------------+----------------------------+-------+---------+----------| 
     |                                        | clk ^        |                            |       |  -0.182 |   -0.656 | 
     | CTS_ccl_a_inv_00003                    | A ^ -> Y v   | sky130_fd_sc_hd__clkinv_16 | 0.060 |  -0.122 |   -0.596 | 
     | CTS_ccl_a_inv_00002                    | A v -> Y ^   | sky130_fd_sc_hd__clkinv_16 | 0.118 |  -0.004 |   -0.478 | 
     | in2_r_reg[2]                           | CLK ^ -> Q v | sky130_fd_sc_hd__sdfrtp_2  | 0.434 |   0.430 |   -0.044 | 
     | FE_OFC1288_in2_r_2                     | A v -> Y ^   | sky130_fd_sc_hd__inv_2     | 0.117 |   0.548 |    0.074 | 
     | g128740                                | A ^ -> X ^   | sky130_fd_sc_hd__and2_4    | 0.168 |   0.716 |    0.242 | 
     | g114612                                | D ^ -> Y v   | sky130_fd_sc_hd__nand4_1   | 0.126 |   0.842 |    0.368 | 
     | g469                                   | A v -> Y ^   | sky130_fd_sc_hd__nand2_1   | 0.081 |   0.924 |    0.450 | 
     | g460                                   | A ^ -> Y v   | sky130_fd_sc_hd__nand2_1   | 0.058 |   0.982 |    0.507 | 
     | g121239                                | A v -> Y ^   | sky130_fd_sc_hd__nand2_2   | 0.117 |   1.098 |    0.624 | 
     | FE_DBTC57_n_13377                      | A ^ -> Y v   | sky130_fd_sc_hd__inv_2     | 0.056 |   1.154 |    0.680 | 
     | g114437                                | A v -> Y ^   | sky130_fd_sc_hd__nand2_2   | 0.057 |   1.211 |    0.737 | 
     | g123801                                | A ^ -> Y v   | sky130_fd_sc_hd__nand4_1   | 0.072 |   1.283 |    0.809 | 
     | g123795                                | B v -> Y ^   | sky130_fd_sc_hd__nor2_1    | 0.090 |   1.374 |    0.900 | 
     | g124752                                | B ^ -> Y v   | sky130_fd_sc_hd__nand2_1   | 0.090 |   1.464 |    0.990 | 
     | FE_OFC339_n_17344                      | A v -> Y ^   | sky130_fd_sc_hd__inv_4     | 0.100 |   1.564 |    1.090 | 
     | g34_0                                  | A1 ^ -> X ^  | sky130_fd_sc_hd__a21o_4    | 0.208 |   1.772 |    1.298 | 
     | FE_OFC890_n_13608                      | A ^ -> X ^   | sky130_fd_sc_hd__buf_2     | 0.168 |   1.940 |    1.466 | 
     | g114166                                | A ^ -> Y v   | sky130_fd_sc_hd__nand2_1   | 0.050 |   1.990 |    1.516 | 
     | g114131                                | B1 v -> Y ^  | sky130_fd_sc_hd__o21ai_1   | 0.094 |   2.084 |    1.610 | 
     | g114050                                | A ^ -> Y v   | sky130_fd_sc_hd__nand2_1   | 0.068 |   2.152 |    1.678 | 
     | FE_RC_56_0                             | A v -> Y ^   | sky130_fd_sc_hd__nand2_1   | 0.068 |   2.220 |    1.746 | 
     | g117776                                | A ^ -> Y v   | sky130_fd_sc_hd__nand2_1   | 0.062 |   2.282 |    1.808 | 
     | g117775                                | A v -> Y ^   | sky130_fd_sc_hd__nand3_2   | 0.085 |   2.367 |    1.893 | 
     | FE_OFC772_n_8473                       | A ^ -> Y v   | sky130_fd_sc_hd__inv_4     | 0.072 |   2.440 |    1.966 | 
     | FE_OFC1239_FE_DBTN35_n_8473            | A v -> Y ^   | sky130_fd_sc_hd__inv_4     | 0.189 |   2.629 |    2.155 | 
     | g116670                                | A_N ^ -> Y ^ | sky130_fd_sc_hd__nand2b_2  | 0.274 |   2.904 |    2.429 | 
     | FE_OFC1535_n_6618                      | A ^ -> Y v   | sky130_fd_sc_hd__inv_4     | 0.185 |   3.089 |    2.615 | 
     | g111886                                | A v -> Y ^   | sky130_fd_sc_hd__nand2_1   | 0.568 |   3.656 |    3.182 | 
     | g212                                   | B2 ^ -> Y v  | sky130_fd_sc_hd__o221ai_1  | 0.247 |   3.904 |    3.430 | 
     | g120259                                | A v -> Y ^   | sky130_fd_sc_hd__nand2_1   | 0.118 |   4.022 |    3.548 | 
     | g120258                                | A ^ -> Y v   | sky130_fd_sc_hd__nand2_1   | 0.056 |   4.078 |    3.604 | 
     | g120257                                | A_N v -> Y v | sky130_fd_sc_hd__nand3b_2  | 0.428 |   4.506 |    4.032 | 
     | g120256                                | A v -> Y ^   | sky130_fd_sc_hd__nand2_1   | 0.156 |   4.662 |    4.188 | 
     | g398                                   | A ^ -> Y v   | sky130_fd_sc_hd__nand2_1   | 0.083 |   4.744 |    4.270 | 
     | g127325                                | B1 v -> Y ^  | sky130_fd_sc_hd__a21oi_2   | 0.162 |   4.906 |    4.432 | 
     | g127324                                | C ^ -> Y v   | sky130_fd_sc_hd__nand3_4   | 0.184 |   5.090 |    4.616 | 
     | FE_OFC690_n_20380                      | A v -> Y ^   | sky130_fd_sc_hd__inv_2     | 0.121 |   5.212 |    4.738 | 
     | alu_inst_muldiv_inst_mul_349_24_g10108 | A ^ -> Y v   | sky130_fd_sc_hd__nand2_2   | 0.051 |   5.263 |    4.789 | 
     | g123520                                | B v -> Y ^   | sky130_fd_sc_hd__nand2_2   | 0.083 |   5.346 |    4.872 | 
     | FE_OFC63_n_16054                       | A ^ -> Y v   | sky130_fd_sc_hd__clkinv_4  | 0.080 |   5.426 |    4.952 | 
     | g125128                                | B v -> Y ^   | sky130_fd_sc_hd__nand2_4   | 0.094 |   5.520 |    5.046 | 
     | FE_OFC1089_n_17781                     | A ^ -> Y v   | sky130_fd_sc_hd__inv_2     | 0.070 |   5.590 |    5.116 | 
     | alu_inst_muldiv_inst_mul_349_24_g9756  | A v -> Y ^   | sky130_fd_sc_hd__nand2_1   | 0.070 |   5.660 |    5.186 | 
     | alu_inst_muldiv_inst_mul_349_24_g9716  | A ^ -> Y v   | sky130_fd_sc_hd__nand2_2   | 0.066 |   5.726 |    5.252 | 
     | alu_inst_muldiv_inst_mul_349_24_g9460  | A2 v -> Y ^  | sky130_fd_sc_hd__o21ai_1   | 0.112 |   5.839 |    5.365 | 
     | alu_inst_muldiv_inst_mul_349_24_g9422  | A ^ -> Y v   | sky130_fd_sc_hd__nand2_1   | 0.096 |   5.935 |    5.461 | 
     | alu_inst_muldiv_inst_mul_349_24_g9191  | A v -> Y ^   | sky130_fd_sc_hd__nand2_1   | 0.085 |   6.020 |    5.546 | 
     | g280                                   | A ^ -> Y v   | sky130_fd_sc_hd__nand2_1   | 0.075 |   6.095 |    5.621 | 
     | alu_inst_muldiv_inst_mul_349_24_g10409 | A_N v -> Y v | sky130_fd_sc_hd__nand2b_1  | 0.143 |   6.238 |    5.764 | 
     | alu_inst_muldiv_inst_mul_349_24_g9043  | B v -> Y ^   | sky130_fd_sc_hd__nand2_1   | 0.059 |   6.297 |    5.823 | 
     | alu_inst_muldiv_inst_mul_349_24_g9032  | A ^ -> Y v   | sky130_fd_sc_hd__nand2_1   | 0.102 |   6.400 |    5.925 | 
     | alu_inst_muldiv_inst_mul_349_24_g8979  | A v -> Y ^   | sky130_fd_sc_hd__nand2_2   | 0.108 |   6.508 |    6.034 | 
     | alu_inst_muldiv_inst_mul_349_24_g8971  | A ^ -> Y v   | sky130_fd_sc_hd__inv_2     | 0.039 |   6.546 |    6.072 | 
     | alu_inst_muldiv_inst_mul_349_24_g8947  | A v -> Y ^   | sky130_fd_sc_hd__nand2_2   | 0.047 |   6.593 |    6.119 | 
     | alu_inst_muldiv_inst_mul_349_24_g8941  | A ^ -> Y v   | sky130_fd_sc_hd__nand2_2   | 0.049 |   6.642 |    6.168 | 
     | alu_inst_muldiv_inst_mul_349_24_g8931  | A v -> Y ^   | sky130_fd_sc_hd__nand2_2   | 0.063 |   6.705 |    6.231 | 
     | alu_inst_muldiv_inst_mul_349_24_g8926  | A ^ -> Y v   | sky130_fd_sc_hd__nand2_1   | 0.059 |   6.763 |    6.289 | 
     | g127057                                | A v -> Y ^   | sky130_fd_sc_hd__nand2_2   | 0.096 |   6.859 |    6.385 | 
     | FE_RC_105_0                            | A ^ -> Y v   | sky130_fd_sc_hd__nand3_2   | 0.093 |   6.953 |    6.478 | 
     | g119435                                | A v -> Y ^   | sky130_fd_sc_hd__nand2_4   | 0.098 |   7.050 |    6.576 | 
     | g125512                                | A ^ -> Y v   | sky130_fd_sc_hd__nand2_4   | 0.058 |   7.108 |    6.634 | 
     | g125516                                | A v -> Y ^   | sky130_fd_sc_hd__nand2_2   | 0.054 |   7.162 |    6.688 | 
     | FE_RC_11_0                             | A ^ -> Y v   | sky130_fd_sc_hd__nand3_2   | 0.070 |   7.233 |    6.759 | 
     | g108191                                | A v -> Y ^   | sky130_fd_sc_hd__nand2_2   | 0.082 |   7.314 |    6.840 | 
     | g126298                                | A ^ -> Y v   | sky130_fd_sc_hd__nand2_2   | 0.071 |   7.385 |    6.911 | 
     | g126297                                | A v -> Y ^   | sky130_fd_sc_hd__nand2_2   | 0.060 |   7.445 |    6.971 | 
     | g126296                                | A ^ -> Y v   | sky130_fd_sc_hd__nand2_2   | 0.045 |   7.490 |    7.016 | 
     | g134                                   | A v -> Y ^   | sky130_fd_sc_hd__nand2_2   | 0.072 |   7.562 |    7.088 | 
     | g120067                                | A ^ -> Y v   | sky130_fd_sc_hd__nand2_2   | 0.060 |   7.623 |    7.149 | 
     | g126773                                | A v -> Y ^   | sky130_fd_sc_hd__nand2_2   | 0.067 |   7.689 |    7.215 | 
     | g126246                                | A ^ -> Y v   | sky130_fd_sc_hd__nand2_2   | 0.049 |   7.739 |    7.264 | 
     | g126245_dup                            | A v -> Y ^   | sky130_fd_sc_hd__nand2_2   | 0.073 |   7.811 |    7.337 | 
     | g103                                   | A ^ -> Y v   | sky130_fd_sc_hd__nand2_2   | 0.055 |   7.866 |    7.392 | 
     | g126828                                | A v -> Y ^   | sky130_fd_sc_hd__nand2_1   | 0.104 |   7.970 |    7.496 | 
     | g126824                                | B ^ -> Y v   | sky130_fd_sc_hd__nand2_2   | 0.111 |   8.080 |    7.606 | 
     | g126745                                | A v -> Y ^   | sky130_fd_sc_hd__nand2_1   | 0.066 |   8.146 |    7.672 | 
     | g128411                                | A ^ -> X ^   | sky130_fd_sc_hd__and2_1    | 0.168 |   8.314 |    7.840 | 
     | g126511                                | A ^ -> Y v   | sky130_fd_sc_hd__nand3_2   | 0.098 |   8.412 |    7.938 | 
     | g125908                                | A v -> Y ^   | sky130_fd_sc_hd__nand3_1   | 0.095 |   8.506 |    8.032 | 
     | g127819                                | A ^ -> Y v   | sky130_fd_sc_hd__nand2_1   | 0.066 |   8.572 |    8.098 | 
     | g127818                                | A v -> Y ^   | sky130_fd_sc_hd__inv_2     | 0.073 |   8.646 |    8.172 | 
     | g127823                                | A ^ -> Y v   | sky130_fd_sc_hd__nand2_2   | 0.067 |   8.713 |    8.238 | 
     | g127826                                | B v -> Y ^   | sky130_fd_sc_hd__nor2_1    | 0.112 |   8.824 |    8.350 | 
     | FE_OFC1332_n_21132                     | A ^ -> Y v   | sky130_fd_sc_hd__inv_2     | 0.064 |   8.888 |    8.414 | 
     | g107053                                | B v -> Y ^   | sky130_fd_sc_hd__nor2_1    | 0.081 |   8.970 |    8.495 | 
     | g107042                                | B ^ -> Y v   | sky130_fd_sc_hd__nor2_1    | 0.050 |   9.019 |    8.545 | 
     | g116577                                | A2 v -> Y ^  | sky130_fd_sc_hd__o21ai_1   | 0.218 |   9.238 |    8.764 | 
     | g118719                                | B1 ^ -> Y v  | sky130_fd_sc_hd__a21oi_1   | 0.094 |   9.331 |    8.857 | 
     | g105902                                | B2 v -> Y ^  | sky130_fd_sc_hd__o2bb2ai_1 | 0.160 |   9.491 |    9.017 | 
     | result_r_reg[2]                        | D ^          | sky130_fd_sc_hd__dfrtp_1   | 0.000 |   9.492 |    9.017 | 
     +-----------------------------------------------------------------------------------------------------------------+ 
     Clock Rise Edge                      0.000
     + Source Insertion Delay            -0.182
     = Beginpoint Arrival Time           -0.182
     Other End Path:
     +--------------------------------------------------------------------------------------------+ 
     |      Instance       |    Arc     |            Cell            | Delay | Arrival | Required | 
     |                     |            |                            |       |  Time   |   Time   | 
     |---------------------+------------+----------------------------+-------+---------+----------| 
     |                     | clk ^      |                            |       |  -0.182 |    0.292 | 
     | CTS_ccl_a_inv_00003 | A ^ -> Y v | sky130_fd_sc_hd__clkinv_16 | 0.060 |  -0.122 |    0.352 | 
     | CTS_ccl_a_inv_00002 | A v -> Y ^ | sky130_fd_sc_hd__clkinv_16 | 0.118 |  -0.004 |    0.470 | 
     | result_r_reg[2]     | CLK ^      | sky130_fd_sc_hd__dfrtp_1   | 0.003 |  -0.001 |    0.473 | 
     +--------------------------------------------------------------------------------------------+ 
Path 8: VIOLATED Setup Check with Pin result_r_reg[4]/CLK 
Endpoint:   result_r_reg[4]/D (v) checked with  leading edge of 'clk'
Beginpoint: in2_r_reg[2]/Q    (v) triggered by  leading edge of 'clk'
Path Groups: {clk}
Analysis View: VIEW_TYP
Other End Arrival Time         -0.001
- Setup                         0.110
+ Phase Shift                   9.090
= Required Time                 8.979
- Arrival Time                  9.447
= Slack Time                   -0.468
     Clock Rise Edge                      0.000
     + Source Insertion Delay            -0.182
     = Beginpoint Arrival Time           -0.182
     Timing Path:
     +-----------------------------------------------------------------------------------------------------------------+ 
     |                Instance                |     Arc      |            Cell            | Delay | Arrival | Required | 
     |                                        |              |                            |       |  Time   |   Time   | 
     |----------------------------------------+--------------+----------------------------+-------+---------+----------| 
     |                                        | clk ^        |                            |       |  -0.182 |   -0.650 | 
     | CTS_ccl_a_inv_00003                    | A ^ -> Y v   | sky130_fd_sc_hd__clkinv_16 | 0.060 |  -0.122 |   -0.590 | 
     | CTS_ccl_a_inv_00002                    | A v -> Y ^   | sky130_fd_sc_hd__clkinv_16 | 0.118 |  -0.004 |   -0.472 | 
     | in2_r_reg[2]                           | CLK ^ -> Q v | sky130_fd_sc_hd__sdfrtp_2  | 0.434 |   0.430 |   -0.038 | 
     | FE_OFC1288_in2_r_2                     | A v -> Y ^   | sky130_fd_sc_hd__inv_2     | 0.117 |   0.548 |    0.080 | 
     | g128740                                | A ^ -> X ^   | sky130_fd_sc_hd__and2_4    | 0.168 |   0.716 |    0.248 | 
     | g114612                                | D ^ -> Y v   | sky130_fd_sc_hd__nand4_1   | 0.126 |   0.842 |    0.374 | 
     | g469                                   | A v -> Y ^   | sky130_fd_sc_hd__nand2_1   | 0.081 |   0.924 |    0.456 | 
     | g460                                   | A ^ -> Y v   | sky130_fd_sc_hd__nand2_1   | 0.058 |   0.982 |    0.513 | 
     | g121239                                | A v -> Y ^   | sky130_fd_sc_hd__nand2_2   | 0.117 |   1.098 |    0.630 | 
     | FE_DBTC57_n_13377                      | A ^ -> Y v   | sky130_fd_sc_hd__inv_2     | 0.056 |   1.154 |    0.686 | 
     | g114437                                | A v -> Y ^   | sky130_fd_sc_hd__nand2_2   | 0.057 |   1.211 |    0.743 | 
     | g123801                                | A ^ -> Y v   | sky130_fd_sc_hd__nand4_1   | 0.072 |   1.283 |    0.815 | 
     | g123795                                | B v -> Y ^   | sky130_fd_sc_hd__nor2_1    | 0.090 |   1.374 |    0.905 | 
     | g124752                                | B ^ -> Y v   | sky130_fd_sc_hd__nand2_1   | 0.090 |   1.464 |    0.996 | 
     | FE_OFC339_n_17344                      | A v -> Y ^   | sky130_fd_sc_hd__inv_4     | 0.100 |   1.564 |    1.096 | 
     | g34_0                                  | A1 ^ -> X ^  | sky130_fd_sc_hd__a21o_4    | 0.208 |   1.772 |    1.304 | 
     | FE_OFC890_n_13608                      | A ^ -> X ^   | sky130_fd_sc_hd__buf_2     | 0.168 |   1.940 |    1.472 | 
     | g114166                                | A ^ -> Y v   | sky130_fd_sc_hd__nand2_1   | 0.050 |   1.990 |    1.522 | 
     | g114131                                | B1 v -> Y ^  | sky130_fd_sc_hd__o21ai_1   | 0.094 |   2.084 |    1.616 | 
     | g114050                                | A ^ -> Y v   | sky130_fd_sc_hd__nand2_1   | 0.068 |   2.152 |    1.683 | 
     | FE_RC_56_0                             | A v -> Y ^   | sky130_fd_sc_hd__nand2_1   | 0.068 |   2.220 |    1.752 | 
     | g117776                                | A ^ -> Y v   | sky130_fd_sc_hd__nand2_1   | 0.062 |   2.282 |    1.814 | 
     | g117775                                | A v -> Y ^   | sky130_fd_sc_hd__nand3_2   | 0.085 |   2.367 |    1.899 | 
     | FE_OFC772_n_8473                       | A ^ -> Y v   | sky130_fd_sc_hd__inv_4     | 0.072 |   2.440 |    1.972 | 
     | FE_OFC1239_FE_DBTN35_n_8473            | A v -> Y ^   | sky130_fd_sc_hd__inv_4     | 0.189 |   2.629 |    2.161 | 
     | g116670                                | A_N ^ -> Y ^ | sky130_fd_sc_hd__nand2b_2  | 0.274 |   2.904 |    2.435 | 
     | FE_OFC1535_n_6618                      | A ^ -> Y v   | sky130_fd_sc_hd__inv_4     | 0.185 |   3.089 |    2.621 | 
     | g111886                                | A v -> Y ^   | sky130_fd_sc_hd__nand2_1   | 0.568 |   3.656 |    3.188 | 
     | g212                                   | B2 ^ -> Y v  | sky130_fd_sc_hd__o221ai_1  | 0.247 |   3.904 |    3.436 | 
     | g120259                                | A v -> Y ^   | sky130_fd_sc_hd__nand2_1   | 0.118 |   4.022 |    3.554 | 
     | g120258                                | A ^ -> Y v   | sky130_fd_sc_hd__nand2_1   | 0.056 |   4.078 |    3.610 | 
     | g120257                                | A_N v -> Y v | sky130_fd_sc_hd__nand3b_2  | 0.428 |   4.506 |    4.038 | 
     | g120256                                | A v -> Y ^   | sky130_fd_sc_hd__nand2_1   | 0.156 |   4.662 |    4.193 | 
     | g398                                   | A ^ -> Y v   | sky130_fd_sc_hd__nand2_1   | 0.083 |   4.744 |    4.276 | 
     | g127325                                | B1 v -> Y ^  | sky130_fd_sc_hd__a21oi_2   | 0.162 |   4.906 |    4.438 | 
     | g127324                                | C ^ -> Y v   | sky130_fd_sc_hd__nand3_4   | 0.184 |   5.090 |    4.622 | 
     | FE_OFC690_n_20380                      | A v -> Y ^   | sky130_fd_sc_hd__inv_2     | 0.121 |   5.212 |    4.743 | 
     | alu_inst_muldiv_inst_mul_349_24_g10108 | A ^ -> Y v   | sky130_fd_sc_hd__nand2_2   | 0.051 |   5.263 |    4.795 | 
     | g123520                                | B v -> Y ^   | sky130_fd_sc_hd__nand2_2   | 0.083 |   5.346 |    4.878 | 
     | FE_OFC63_n_16054                       | A ^ -> Y v   | sky130_fd_sc_hd__clkinv_4  | 0.080 |   5.426 |    4.958 | 
     | g125128                                | B v -> Y ^   | sky130_fd_sc_hd__nand2_4   | 0.094 |   5.520 |    5.052 | 
     | FE_OFC1089_n_17781                     | A ^ -> Y v   | sky130_fd_sc_hd__inv_2     | 0.070 |   5.590 |    5.122 | 
     | alu_inst_muldiv_inst_mul_349_24_g9756  | A v -> Y ^   | sky130_fd_sc_hd__nand2_1   | 0.070 |   5.660 |    5.192 | 
     | alu_inst_muldiv_inst_mul_349_24_g9716  | A ^ -> Y v   | sky130_fd_sc_hd__nand2_2   | 0.066 |   5.726 |    5.258 | 
     | alu_inst_muldiv_inst_mul_349_24_g9460  | A2 v -> Y ^  | sky130_fd_sc_hd__o21ai_1   | 0.112 |   5.839 |    5.371 | 
     | alu_inst_muldiv_inst_mul_349_24_g9422  | A ^ -> Y v   | sky130_fd_sc_hd__nand2_1   | 0.096 |   5.935 |    5.467 | 
     | alu_inst_muldiv_inst_mul_349_24_g9191  | A v -> Y ^   | sky130_fd_sc_hd__nand2_1   | 0.085 |   6.020 |    5.552 | 
     | g280                                   | A ^ -> Y v   | sky130_fd_sc_hd__nand2_1   | 0.075 |   6.095 |    5.627 | 
     | alu_inst_muldiv_inst_mul_349_24_g10409 | A_N v -> Y v | sky130_fd_sc_hd__nand2b_1  | 0.143 |   6.238 |    5.770 | 
     | alu_inst_muldiv_inst_mul_349_24_g9043  | B v -> Y ^   | sky130_fd_sc_hd__nand2_1   | 0.059 |   6.297 |    5.829 | 
     | alu_inst_muldiv_inst_mul_349_24_g9032  | A ^ -> Y v   | sky130_fd_sc_hd__nand2_1   | 0.102 |   6.400 |    5.931 | 
     | alu_inst_muldiv_inst_mul_349_24_g8979  | A v -> Y ^   | sky130_fd_sc_hd__nand2_2   | 0.108 |   6.508 |    6.040 | 
     | alu_inst_muldiv_inst_mul_349_24_g8971  | A ^ -> Y v   | sky130_fd_sc_hd__inv_2     | 0.039 |   6.546 |    6.078 | 
     | alu_inst_muldiv_inst_mul_349_24_g8947  | A v -> Y ^   | sky130_fd_sc_hd__nand2_2   | 0.047 |   6.593 |    6.125 | 
     | alu_inst_muldiv_inst_mul_349_24_g8941  | A ^ -> Y v   | sky130_fd_sc_hd__nand2_2   | 0.049 |   6.642 |    6.174 | 
     | alu_inst_muldiv_inst_mul_349_24_g8931  | A v -> Y ^   | sky130_fd_sc_hd__nand2_2   | 0.063 |   6.705 |    6.237 | 
     | alu_inst_muldiv_inst_mul_349_24_g8926  | A ^ -> Y v   | sky130_fd_sc_hd__nand2_1   | 0.059 |   6.763 |    6.295 | 
     | g127057                                | A v -> Y ^   | sky130_fd_sc_hd__nand2_2   | 0.096 |   6.859 |    6.391 | 
     | FE_RC_105_0                            | A ^ -> Y v   | sky130_fd_sc_hd__nand3_2   | 0.093 |   6.953 |    6.484 | 
     | g119435                                | A v -> Y ^   | sky130_fd_sc_hd__nand2_4   | 0.098 |   7.050 |    6.582 | 
     | g125512                                | A ^ -> Y v   | sky130_fd_sc_hd__nand2_4   | 0.058 |   7.108 |    6.640 | 
     | g125516                                | A v -> Y ^   | sky130_fd_sc_hd__nand2_2   | 0.054 |   7.162 |    6.694 | 
     | FE_RC_11_0                             | A ^ -> Y v   | sky130_fd_sc_hd__nand3_2   | 0.070 |   7.233 |    6.764 | 
     | g108191                                | A v -> Y ^   | sky130_fd_sc_hd__nand2_2   | 0.082 |   7.314 |    6.846 | 
     | g126298                                | A ^ -> Y v   | sky130_fd_sc_hd__nand2_2   | 0.071 |   7.385 |    6.917 | 
     | g126297                                | A v -> Y ^   | sky130_fd_sc_hd__nand2_2   | 0.060 |   7.445 |    6.977 | 
     | g126296                                | A ^ -> Y v   | sky130_fd_sc_hd__nand2_2   | 0.045 |   7.490 |    7.022 | 
     | g134                                   | A v -> Y ^   | sky130_fd_sc_hd__nand2_2   | 0.072 |   7.562 |    7.094 | 
     | g120067                                | A ^ -> Y v   | sky130_fd_sc_hd__nand2_2   | 0.060 |   7.623 |    7.154 | 
     | g126773                                | A v -> Y ^   | sky130_fd_sc_hd__nand2_2   | 0.067 |   7.689 |    7.221 | 
     | g126770                                | B ^ -> Y v   | sky130_fd_sc_hd__nand2_1   | 0.063 |   7.753 |    7.284 | 
     | g126769                                | A v -> Y ^   | sky130_fd_sc_hd__nand2_2   | 0.099 |   7.852 |    7.384 | 
     | FE_OFC479_n_19787                      | A ^ -> Y v   | sky130_fd_sc_hd__inv_2     | 0.047 |   7.899 |    7.431 | 
     | g119389                                | B v -> Y ^   | sky130_fd_sc_hd__nand2_1   | 0.087 |   7.986 |    7.518 | 
     | g217                                   | A ^ -> Y v   | sky130_fd_sc_hd__nand2_1   | 0.155 |   8.141 |    7.673 | 
     | g125358                                | A v -> Y ^   | sky130_fd_sc_hd__nor2_1    | 0.280 |   8.422 |    7.953 | 
     | g123151                                | B ^ -> Y v   | sky130_fd_sc_hd__nand2_1   | 0.090 |   8.512 |    8.044 | 
     | g123730                                | B v -> Y ^   | sky130_fd_sc_hd__nand3_1   | 0.114 |   8.626 |    8.158 | 
     | FE_OFC1320_n_16273                     | A ^ -> Y v   | sky130_fd_sc_hd__clkinv_2  | 0.104 |   8.730 |    8.261 | 
     | FE_OCPC1576_FE_DBTN74_n_16273          | A v -> X v   | sky130_fd_sc_hd__clkbuf_1  | 0.155 |   8.885 |    8.416 | 
     | g124870                                | A v -> Y ^   | sky130_fd_sc_hd__nand2_1   | 0.072 |   8.957 |    8.489 | 
     | g124869                                | A1 ^ -> Y v  | sky130_fd_sc_hd__o21bai_1  | 0.077 |   9.034 |    8.566 | 
     | g124868                                | B v -> Y ^   | sky130_fd_sc_hd__nand2b_1  | 0.068 |   9.102 |    8.634 | 
     | g124862                                | C1 ^ -> Y v  | sky130_fd_sc_hd__o211ai_1  | 0.122 |   9.225 |    8.756 | 
     | g105879                                | A v -> Y ^   | sky130_fd_sc_hd__nor2_1    | 0.153 |   9.378 |    8.910 | 
     | g105857                                | B2 ^ -> Y v  | sky130_fd_sc_hd__o2bb2ai_1 | 0.069 |   9.447 |    8.979 | 
     | result_r_reg[4]                        | D v          | sky130_fd_sc_hd__dfrtp_1   | 0.000 |   9.447 |    8.979 | 
     +-----------------------------------------------------------------------------------------------------------------+ 
     Clock Rise Edge                      0.000
     + Source Insertion Delay            -0.182
     = Beginpoint Arrival Time           -0.182
     Other End Path:
     +--------------------------------------------------------------------------------------------+ 
     |      Instance       |    Arc     |            Cell            | Delay | Arrival | Required | 
     |                     |            |                            |       |  Time   |   Time   | 
     |---------------------+------------+----------------------------+-------+---------+----------| 
     |                     | clk ^      |                            |       |  -0.182 |    0.286 | 
     | CTS_ccl_a_inv_00003 | A ^ -> Y v | sky130_fd_sc_hd__clkinv_16 | 0.060 |  -0.122 |    0.346 | 
     | CTS_ccl_a_inv_00002 | A v -> Y ^ | sky130_fd_sc_hd__clkinv_16 | 0.118 |  -0.004 |    0.464 | 
     | result_r_reg[4]     | CLK ^      | sky130_fd_sc_hd__dfrtp_1   | 0.002 |  -0.001 |    0.467 | 
     +--------------------------------------------------------------------------------------------+ 
Path 9: VIOLATED Setup Check with Pin result_r_reg[8]/CLK 
Endpoint:   result_r_reg[8]/D (v) checked with  leading edge of 'clk'
Beginpoint: in2_r_reg[2]/Q    (v) triggered by  leading edge of 'clk'
Path Groups: {clk}
Analysis View: VIEW_TYP
Other End Arrival Time         -0.001
- Setup                         0.122
+ Phase Shift                   9.090
= Required Time                 8.967
- Arrival Time                  9.430
= Slack Time                   -0.463
     Clock Rise Edge                      0.000
     + Source Insertion Delay            -0.182
     = Beginpoint Arrival Time           -0.182
     Timing Path:
     +-----------------------------------------------------------------------------------------------------------------+ 
     |                Instance                |     Arc      |            Cell            | Delay | Arrival | Required | 
     |                                        |              |                            |       |  Time   |   Time   | 
     |----------------------------------------+--------------+----------------------------+-------+---------+----------| 
     |                                        | clk ^        |                            |       |  -0.182 |   -0.645 | 
     | CTS_ccl_a_inv_00003                    | A ^ -> Y v   | sky130_fd_sc_hd__clkinv_16 | 0.060 |  -0.122 |   -0.585 | 
     | CTS_ccl_a_inv_00002                    | A v -> Y ^   | sky130_fd_sc_hd__clkinv_16 | 0.118 |  -0.004 |   -0.467 | 
     | in2_r_reg[2]                           | CLK ^ -> Q v | sky130_fd_sc_hd__sdfrtp_2  | 0.434 |   0.430 |   -0.032 | 
     | FE_OFC1288_in2_r_2                     | A v -> Y ^   | sky130_fd_sc_hd__inv_2     | 0.117 |   0.548 |    0.085 | 
     | g128740                                | A ^ -> X ^   | sky130_fd_sc_hd__and2_4    | 0.168 |   0.716 |    0.253 | 
     | g114612                                | D ^ -> Y v   | sky130_fd_sc_hd__nand4_1   | 0.126 |   0.842 |    0.380 | 
     | g469                                   | A v -> Y ^   | sky130_fd_sc_hd__nand2_1   | 0.081 |   0.924 |    0.461 | 
     | g460                                   | A ^ -> Y v   | sky130_fd_sc_hd__nand2_1   | 0.058 |   0.982 |    0.519 | 
     | g121239                                | A v -> Y ^   | sky130_fd_sc_hd__nand2_2   | 0.117 |   1.098 |    0.635 | 
     | FE_DBTC57_n_13377                      | A ^ -> Y v   | sky130_fd_sc_hd__inv_2     | 0.056 |   1.154 |    0.692 | 
     | g114437                                | A v -> Y ^   | sky130_fd_sc_hd__nand2_2   | 0.057 |   1.211 |    0.748 | 
     | g123801                                | A ^ -> Y v   | sky130_fd_sc_hd__nand4_1   | 0.072 |   1.283 |    0.820 | 
     | g123795                                | B v -> Y ^   | sky130_fd_sc_hd__nor2_1    | 0.090 |   1.374 |    0.911 | 
     | g124752                                | B ^ -> Y v   | sky130_fd_sc_hd__nand2_1   | 0.090 |   1.464 |    1.001 | 
     | FE_OFC339_n_17344                      | A v -> Y ^   | sky130_fd_sc_hd__inv_4     | 0.100 |   1.564 |    1.101 | 
     | g34_0                                  | A1 ^ -> X ^  | sky130_fd_sc_hd__a21o_4    | 0.208 |   1.772 |    1.309 | 
     | FE_OFC890_n_13608                      | A ^ -> X ^   | sky130_fd_sc_hd__buf_2     | 0.168 |   1.940 |    1.477 | 
     | g114166                                | A ^ -> Y v   | sky130_fd_sc_hd__nand2_1   | 0.050 |   1.990 |    1.527 | 
     | g114131                                | B1 v -> Y ^  | sky130_fd_sc_hd__o21ai_1   | 0.094 |   2.084 |    1.621 | 
     | g114050                                | A ^ -> Y v   | sky130_fd_sc_hd__nand2_1   | 0.068 |   2.152 |    1.689 | 
     | FE_RC_56_0                             | A v -> Y ^   | sky130_fd_sc_hd__nand2_1   | 0.068 |   2.220 |    1.757 | 
     | g117776                                | A ^ -> Y v   | sky130_fd_sc_hd__nand2_1   | 0.062 |   2.282 |    1.819 | 
     | g117775                                | A v -> Y ^   | sky130_fd_sc_hd__nand3_2   | 0.085 |   2.367 |    1.905 | 
     | FE_OFC772_n_8473                       | A ^ -> Y v   | sky130_fd_sc_hd__inv_4     | 0.072 |   2.440 |    1.977 | 
     | FE_OFC1239_FE_DBTN35_n_8473            | A v -> Y ^   | sky130_fd_sc_hd__inv_4     | 0.189 |   2.629 |    2.166 | 
     | g116670                                | A_N ^ -> Y ^ | sky130_fd_sc_hd__nand2b_2  | 0.274 |   2.904 |    2.441 | 
     | FE_OFC1535_n_6618                      | A ^ -> Y v   | sky130_fd_sc_hd__inv_4     | 0.185 |   3.089 |    2.626 | 
     | g111886                                | A v -> Y ^   | sky130_fd_sc_hd__nand2_1   | 0.568 |   3.656 |    3.194 | 
     | g212                                   | B2 ^ -> Y v  | sky130_fd_sc_hd__o221ai_1  | 0.247 |   3.904 |    3.441 | 
     | g120259                                | A v -> Y ^   | sky130_fd_sc_hd__nand2_1   | 0.118 |   4.022 |    3.559 | 
     | g120258                                | A ^ -> Y v   | sky130_fd_sc_hd__nand2_1   | 0.056 |   4.078 |    3.615 | 
     | g120257                                | A_N v -> Y v | sky130_fd_sc_hd__nand3b_2  | 0.428 |   4.506 |    4.043 | 
     | g120256                                | A v -> Y ^   | sky130_fd_sc_hd__nand2_1   | 0.156 |   4.662 |    4.199 | 
     | g398                                   | A ^ -> Y v   | sky130_fd_sc_hd__nand2_1   | 0.083 |   4.744 |    4.282 | 
     | g127325                                | B1 v -> Y ^  | sky130_fd_sc_hd__a21oi_2   | 0.162 |   4.906 |    4.443 | 
     | g127324                                | C ^ -> Y v   | sky130_fd_sc_hd__nand3_4   | 0.184 |   5.090 |    4.628 | 
     | FE_OFC690_n_20380                      | A v -> Y ^   | sky130_fd_sc_hd__inv_2     | 0.121 |   5.212 |    4.749 | 
     | alu_inst_muldiv_inst_mul_349_24_g10108 | A ^ -> Y v   | sky130_fd_sc_hd__nand2_2   | 0.051 |   5.263 |    4.800 | 
     | g123520                                | B v -> Y ^   | sky130_fd_sc_hd__nand2_2   | 0.083 |   5.346 |    4.883 | 
     | FE_OFC63_n_16054                       | A ^ -> Y v   | sky130_fd_sc_hd__clkinv_4  | 0.080 |   5.426 |    4.964 | 
     | g125128                                | B v -> Y ^   | sky130_fd_sc_hd__nand2_4   | 0.094 |   5.520 |    5.057 | 
     | FE_OFC1089_n_17781                     | A ^ -> Y v   | sky130_fd_sc_hd__inv_2     | 0.070 |   5.590 |    5.127 | 
     | alu_inst_muldiv_inst_mul_349_24_g9756  | A v -> Y ^   | sky130_fd_sc_hd__nand2_1   | 0.070 |   5.660 |    5.197 | 
     | alu_inst_muldiv_inst_mul_349_24_g9716  | A ^ -> Y v   | sky130_fd_sc_hd__nand2_2   | 0.066 |   5.726 |    5.264 | 
     | alu_inst_muldiv_inst_mul_349_24_g9460  | A2 v -> Y ^  | sky130_fd_sc_hd__o21ai_1   | 0.112 |   5.839 |    5.376 | 
     | alu_inst_muldiv_inst_mul_349_24_g9422  | A ^ -> Y v   | sky130_fd_sc_hd__nand2_1   | 0.096 |   5.935 |    5.472 | 
     | alu_inst_muldiv_inst_mul_349_24_g9191  | A v -> Y ^   | sky130_fd_sc_hd__nand2_1   | 0.085 |   6.020 |    5.557 | 
     | g280                                   | A ^ -> Y v   | sky130_fd_sc_hd__nand2_1   | 0.075 |   6.095 |    5.632 | 
     | alu_inst_muldiv_inst_mul_349_24_g10409 | A_N v -> Y v | sky130_fd_sc_hd__nand2b_1  | 0.143 |   6.238 |    5.775 | 
     | alu_inst_muldiv_inst_mul_349_24_g9043  | B v -> Y ^   | sky130_fd_sc_hd__nand2_1   | 0.059 |   6.297 |    5.835 | 
     | alu_inst_muldiv_inst_mul_349_24_g9032  | A ^ -> Y v   | sky130_fd_sc_hd__nand2_1   | 0.102 |   6.400 |    5.937 | 
     | alu_inst_muldiv_inst_mul_349_24_g8979  | A v -> Y ^   | sky130_fd_sc_hd__nand2_2   | 0.108 |   6.508 |    6.045 | 
     | alu_inst_muldiv_inst_mul_349_24_g8971  | A ^ -> Y v   | sky130_fd_sc_hd__inv_2     | 0.039 |   6.546 |    6.084 | 
     | alu_inst_muldiv_inst_mul_349_24_g8947  | A v -> Y ^   | sky130_fd_sc_hd__nand2_2   | 0.047 |   6.593 |    6.130 | 
     | alu_inst_muldiv_inst_mul_349_24_g8941  | A ^ -> Y v   | sky130_fd_sc_hd__nand2_2   | 0.049 |   6.642 |    6.180 | 
     | alu_inst_muldiv_inst_mul_349_24_g8931  | A v -> Y ^   | sky130_fd_sc_hd__nand2_2   | 0.063 |   6.705 |    6.242 | 
     | alu_inst_muldiv_inst_mul_349_24_g8926  | A ^ -> Y v   | sky130_fd_sc_hd__nand2_1   | 0.059 |   6.763 |    6.301 | 
     | g127057                                | A v -> Y ^   | sky130_fd_sc_hd__nand2_2   | 0.096 |   6.859 |    6.397 | 
     | FE_RC_105_0                            | A ^ -> Y v   | sky130_fd_sc_hd__nand3_2   | 0.093 |   6.953 |    6.490 | 
     | g119435                                | A v -> Y ^   | sky130_fd_sc_hd__nand2_4   | 0.098 |   7.050 |    6.588 | 
     | g125512                                | A ^ -> Y v   | sky130_fd_sc_hd__nand2_4   | 0.058 |   7.108 |    6.646 | 
     | g125516                                | A v -> Y ^   | sky130_fd_sc_hd__nand2_2   | 0.054 |   7.162 |    6.700 | 
     | FE_RC_11_0                             | A ^ -> Y v   | sky130_fd_sc_hd__nand3_2   | 0.070 |   7.233 |    6.770 | 
     | g108191                                | A v -> Y ^   | sky130_fd_sc_hd__nand2_2   | 0.082 |   7.314 |    6.852 | 
     | g126298                                | A ^ -> Y v   | sky130_fd_sc_hd__nand2_2   | 0.071 |   7.385 |    6.922 | 
     | g126297                                | A v -> Y ^   | sky130_fd_sc_hd__nand2_2   | 0.060 |   7.445 |    6.982 | 
     | g126296                                | A ^ -> Y v   | sky130_fd_sc_hd__nand2_2   | 0.045 |   7.490 |    7.028 | 
     | g134                                   | A v -> Y ^   | sky130_fd_sc_hd__nand2_2   | 0.072 |   7.562 |    7.099 | 
     | g120067                                | A ^ -> Y v   | sky130_fd_sc_hd__nand2_2   | 0.060 |   7.623 |    7.160 | 
     | g126773                                | A v -> Y ^   | sky130_fd_sc_hd__nand2_2   | 0.067 |   7.689 |    7.226 | 
     | g126246                                | A ^ -> Y v   | sky130_fd_sc_hd__nand2_2   | 0.049 |   7.739 |    7.276 | 
     | g126245_dup                            | A v -> Y ^   | sky130_fd_sc_hd__nand2_2   | 0.073 |   7.811 |    7.348 | 
     | g103                                   | A ^ -> Y v   | sky130_fd_sc_hd__nand2_2   | 0.055 |   7.866 |    7.403 | 
     | g126828                                | A v -> Y ^   | sky130_fd_sc_hd__nand2_1   | 0.104 |   7.970 |    7.507 | 
     | g126824                                | B ^ -> Y v   | sky130_fd_sc_hd__nand2_2   | 0.111 |   8.080 |    7.618 | 
     | g126745                                | A v -> Y ^   | sky130_fd_sc_hd__nand2_1   | 0.066 |   8.146 |    7.684 | 
     | g128411                                | A ^ -> X ^   | sky130_fd_sc_hd__and2_1    | 0.168 |   8.314 |    7.851 | 
     | g126511                                | A ^ -> Y v   | sky130_fd_sc_hd__nand3_2   | 0.098 |   8.412 |    7.949 | 
     | g125908                                | A v -> Y ^   | sky130_fd_sc_hd__nand3_1   | 0.095 |   8.506 |    8.044 | 
     | g127819                                | A ^ -> Y v   | sky130_fd_sc_hd__nand2_1   | 0.066 |   8.572 |    8.110 | 
     | g127818                                | A v -> Y ^   | sky130_fd_sc_hd__inv_2     | 0.073 |   8.646 |    8.183 | 
     | g127823                                | A ^ -> Y v   | sky130_fd_sc_hd__nand2_2   | 0.067 |   8.713 |    8.250 | 
     | g127821                                | B v -> Y ^   | sky130_fd_sc_hd__nor2_1    | 0.116 |   8.828 |    8.365 | 
     | g127820                                | B ^ -> Y v   | sky130_fd_sc_hd__nand2_2   | 0.091 |   8.919 |    8.456 | 
     | FE_OFC1055_n_21131                     | A v -> Y ^   | sky130_fd_sc_hd__inv_2     | 0.064 |   8.983 |    8.520 | 
     | g128352                                | A ^ -> Y v   | sky130_fd_sc_hd__nand2_1   | 0.052 |   9.036 |    8.573 | 
     | FE_OFC1054_n_21719                     | A v -> Y ^   | sky130_fd_sc_hd__inv_2     | 0.105 |   9.140 |    8.678 | 
     | g718                                   | A ^ -> Y v   | sky130_fd_sc_hd__nand2_1   | 0.060 |   9.201 |    8.738 | 
     | g715                                   | A1 v -> Y ^  | sky130_fd_sc_hd__a21oi_1   | 0.119 |   9.320 |    8.857 | 
     | g714                                   | D1 ^ -> Y v  | sky130_fd_sc_hd__o2111ai_1 | 0.109 |   9.430 |    8.967 | 
     | result_r_reg[8]                        | D v          | sky130_fd_sc_hd__dfrtp_1   | 0.000 |   9.430 |    8.967 | 
     +-----------------------------------------------------------------------------------------------------------------+ 
     Clock Rise Edge                      0.000
     + Source Insertion Delay            -0.182
     = Beginpoint Arrival Time           -0.182
     Other End Path:
     +--------------------------------------------------------------------------------------------+ 
     |      Instance       |    Arc     |            Cell            | Delay | Arrival | Required | 
     |                     |            |                            |       |  Time   |   Time   | 
     |---------------------+------------+----------------------------+-------+---------+----------| 
     |                     | clk ^      |                            |       |  -0.182 |    0.281 | 
     | CTS_ccl_a_inv_00003 | A ^ -> Y v | sky130_fd_sc_hd__clkinv_16 | 0.060 |  -0.122 |    0.341 | 
     | CTS_ccl_a_inv_00002 | A v -> Y ^ | sky130_fd_sc_hd__clkinv_16 | 0.118 |  -0.004 |    0.459 | 
     | result_r_reg[8]     | CLK ^      | sky130_fd_sc_hd__dfrtp_1   | 0.003 |  -0.001 |    0.462 | 
     +--------------------------------------------------------------------------------------------+ 
Path 10: VIOLATED Setup Check with Pin result_r_reg[9]/CLK 
Endpoint:   result_r_reg[9]/D (v) checked with  leading edge of 'clk'
Beginpoint: in2_r_reg[2]/Q    (v) triggered by  leading edge of 'clk'
Path Groups: {clk}
Analysis View: VIEW_TYP
Other End Arrival Time         -0.001
- Setup                         0.097
+ Phase Shift                   9.090
= Required Time                 8.992
- Arrival Time                  9.448
= Slack Time                   -0.456
     Clock Rise Edge                      0.000
     + Source Insertion Delay            -0.182
     = Beginpoint Arrival Time           -0.182
     Timing Path:
     +-----------------------------------------------------------------------------------------------------------------+ 
     |                Instance                |     Arc      |            Cell            | Delay | Arrival | Required | 
     |                                        |              |                            |       |  Time   |   Time   | 
     |----------------------------------------+--------------+----------------------------+-------+---------+----------| 
     |                                        | clk ^        |                            |       |  -0.182 |   -0.638 | 
     | CTS_ccl_a_inv_00003                    | A ^ -> Y v   | sky130_fd_sc_hd__clkinv_16 | 0.060 |  -0.122 |   -0.578 | 
     | CTS_ccl_a_inv_00002                    | A v -> Y ^   | sky130_fd_sc_hd__clkinv_16 | 0.118 |  -0.004 |   -0.460 | 
     | in2_r_reg[2]                           | CLK ^ -> Q v | sky130_fd_sc_hd__sdfrtp_2  | 0.434 |   0.430 |   -0.025 | 
     | FE_OFC1288_in2_r_2                     | A v -> Y ^   | sky130_fd_sc_hd__inv_2     | 0.117 |   0.548 |    0.092 | 
     | g128740                                | A ^ -> X ^   | sky130_fd_sc_hd__and2_4    | 0.168 |   0.716 |    0.260 | 
     | g114612                                | D ^ -> Y v   | sky130_fd_sc_hd__nand4_1   | 0.126 |   0.842 |    0.387 | 
     | g469                                   | A v -> Y ^   | sky130_fd_sc_hd__nand2_1   | 0.081 |   0.924 |    0.468 | 
     | g460                                   | A ^ -> Y v   | sky130_fd_sc_hd__nand2_1   | 0.058 |   0.982 |    0.526 | 
     | g121239                                | A v -> Y ^   | sky130_fd_sc_hd__nand2_2   | 0.117 |   1.098 |    0.642 | 
     | FE_DBTC57_n_13377                      | A ^ -> Y v   | sky130_fd_sc_hd__inv_2     | 0.056 |   1.154 |    0.698 | 
     | g114437                                | A v -> Y ^   | sky130_fd_sc_hd__nand2_2   | 0.057 |   1.211 |    0.755 | 
     | g123801                                | A ^ -> Y v   | sky130_fd_sc_hd__nand4_1   | 0.072 |   1.283 |    0.827 | 
     | g123795                                | B v -> Y ^   | sky130_fd_sc_hd__nor2_1    | 0.090 |   1.374 |    0.918 | 
     | g124752                                | B ^ -> Y v   | sky130_fd_sc_hd__nand2_1   | 0.090 |   1.464 |    1.008 | 
     | FE_OFC339_n_17344                      | A v -> Y ^   | sky130_fd_sc_hd__inv_4     | 0.100 |   1.564 |    1.108 | 
     | g34_0                                  | A1 ^ -> X ^  | sky130_fd_sc_hd__a21o_4    | 0.208 |   1.772 |    1.316 | 
     | FE_OFC890_n_13608                      | A ^ -> X ^   | sky130_fd_sc_hd__buf_2     | 0.168 |   1.940 |    1.484 | 
     | g114166                                | A ^ -> Y v   | sky130_fd_sc_hd__nand2_1   | 0.050 |   1.990 |    1.534 | 
     | g114131                                | B1 v -> Y ^  | sky130_fd_sc_hd__o21ai_1   | 0.094 |   2.084 |    1.628 | 
     | g114050                                | A ^ -> Y v   | sky130_fd_sc_hd__nand2_1   | 0.068 |   2.152 |    1.696 | 
     | FE_RC_56_0                             | A v -> Y ^   | sky130_fd_sc_hd__nand2_1   | 0.068 |   2.220 |    1.764 | 
     | g117776                                | A ^ -> Y v   | sky130_fd_sc_hd__nand2_1   | 0.062 |   2.282 |    1.826 | 
     | g117775                                | A v -> Y ^   | sky130_fd_sc_hd__nand3_2   | 0.085 |   2.367 |    1.912 | 
     | FE_OFC772_n_8473                       | A ^ -> Y v   | sky130_fd_sc_hd__inv_4     | 0.072 |   2.440 |    1.984 | 
     | FE_OFC1239_FE_DBTN35_n_8473            | A v -> Y ^   | sky130_fd_sc_hd__inv_4     | 0.189 |   2.629 |    2.173 | 
     | g116670                                | A_N ^ -> Y ^ | sky130_fd_sc_hd__nand2b_2  | 0.274 |   2.904 |    2.448 | 
     | FE_OFC1535_n_6618                      | A ^ -> Y v   | sky130_fd_sc_hd__inv_4     | 0.185 |   3.089 |    2.633 | 
     | g111886                                | A v -> Y ^   | sky130_fd_sc_hd__nand2_1   | 0.568 |   3.656 |    3.200 | 
     | g212                                   | B2 ^ -> Y v  | sky130_fd_sc_hd__o221ai_1  | 0.247 |   3.904 |    3.448 | 
     | g120259                                | A v -> Y ^   | sky130_fd_sc_hd__nand2_1   | 0.118 |   4.022 |    3.566 | 
     | g120258                                | A ^ -> Y v   | sky130_fd_sc_hd__nand2_1   | 0.056 |   4.078 |    3.622 | 
     | g120257                                | A_N v -> Y v | sky130_fd_sc_hd__nand3b_2  | 0.428 |   4.506 |    4.050 | 
     | g120256                                | A v -> Y ^   | sky130_fd_sc_hd__nand2_1   | 0.156 |   4.662 |    4.206 | 
     | g398                                   | A ^ -> Y v   | sky130_fd_sc_hd__nand2_1   | 0.083 |   4.744 |    4.289 | 
     | g127325                                | B1 v -> Y ^  | sky130_fd_sc_hd__a21oi_2   | 0.162 |   4.906 |    4.450 | 
     | g127324                                | C ^ -> Y v   | sky130_fd_sc_hd__nand3_4   | 0.184 |   5.090 |    4.634 | 
     | FE_OFC690_n_20380                      | A v -> Y ^   | sky130_fd_sc_hd__inv_2     | 0.121 |   5.212 |    4.756 | 
     | alu_inst_muldiv_inst_mul_349_24_g10108 | A ^ -> Y v   | sky130_fd_sc_hd__nand2_2   | 0.051 |   5.263 |    4.807 | 
     | g123520                                | B v -> Y ^   | sky130_fd_sc_hd__nand2_2   | 0.083 |   5.346 |    4.890 | 
     | FE_OFC63_n_16054                       | A ^ -> Y v   | sky130_fd_sc_hd__clkinv_4  | 0.080 |   5.426 |    4.970 | 
     | g125128                                | B v -> Y ^   | sky130_fd_sc_hd__nand2_4   | 0.094 |   5.520 |    5.064 | 
     | FE_OFC1089_n_17781                     | A ^ -> Y v   | sky130_fd_sc_hd__inv_2     | 0.070 |   5.590 |    5.134 | 
     | alu_inst_muldiv_inst_mul_349_24_g9756  | A v -> Y ^   | sky130_fd_sc_hd__nand2_1   | 0.070 |   5.660 |    5.204 | 
     | alu_inst_muldiv_inst_mul_349_24_g9716  | A ^ -> Y v   | sky130_fd_sc_hd__nand2_2   | 0.066 |   5.726 |    5.270 | 
     | alu_inst_muldiv_inst_mul_349_24_g9460  | A2 v -> Y ^  | sky130_fd_sc_hd__o21ai_1   | 0.112 |   5.839 |    5.383 | 
     | alu_inst_muldiv_inst_mul_349_24_g9422  | A ^ -> Y v   | sky130_fd_sc_hd__nand2_1   | 0.096 |   5.935 |    5.479 | 
     | alu_inst_muldiv_inst_mul_349_24_g9191  | A v -> Y ^   | sky130_fd_sc_hd__nand2_1   | 0.085 |   6.020 |    5.564 | 
     | g280                                   | A ^ -> Y v   | sky130_fd_sc_hd__nand2_1   | 0.075 |   6.095 |    5.639 | 
     | alu_inst_muldiv_inst_mul_349_24_g10409 | A_N v -> Y v | sky130_fd_sc_hd__nand2b_1  | 0.143 |   6.238 |    5.782 | 
     | alu_inst_muldiv_inst_mul_349_24_g9043  | B v -> Y ^   | sky130_fd_sc_hd__nand2_1   | 0.059 |   6.297 |    5.842 | 
     | alu_inst_muldiv_inst_mul_349_24_g9032  | A ^ -> Y v   | sky130_fd_sc_hd__nand2_1   | 0.102 |   6.400 |    5.944 | 
     | alu_inst_muldiv_inst_mul_349_24_g8979  | A v -> Y ^   | sky130_fd_sc_hd__nand2_2   | 0.108 |   6.508 |    6.052 | 
     | alu_inst_muldiv_inst_mul_349_24_g8971  | A ^ -> Y v   | sky130_fd_sc_hd__inv_2     | 0.039 |   6.546 |    6.091 | 
     | alu_inst_muldiv_inst_mul_349_24_g8947  | A v -> Y ^   | sky130_fd_sc_hd__nand2_2   | 0.047 |   6.593 |    6.137 | 
     | alu_inst_muldiv_inst_mul_349_24_g8941  | A ^ -> Y v   | sky130_fd_sc_hd__nand2_2   | 0.049 |   6.642 |    6.186 | 
     | alu_inst_muldiv_inst_mul_349_24_g8931  | A v -> Y ^   | sky130_fd_sc_hd__nand2_2   | 0.063 |   6.705 |    6.249 | 
     | alu_inst_muldiv_inst_mul_349_24_g8926  | A ^ -> Y v   | sky130_fd_sc_hd__nand2_1   | 0.059 |   6.763 |    6.308 | 
     | g127057                                | A v -> Y ^   | sky130_fd_sc_hd__nand2_2   | 0.096 |   6.859 |    6.404 | 
     | FE_RC_105_0                            | A ^ -> Y v   | sky130_fd_sc_hd__nand3_2   | 0.093 |   6.953 |    6.497 | 
     | g119435                                | A v -> Y ^   | sky130_fd_sc_hd__nand2_4   | 0.098 |   7.050 |    6.594 | 
     | g125512                                | A ^ -> Y v   | sky130_fd_sc_hd__nand2_4   | 0.058 |   7.108 |    6.652 | 
     | g125516                                | A v -> Y ^   | sky130_fd_sc_hd__nand2_2   | 0.054 |   7.162 |    6.706 | 
     | FE_RC_11_0                             | A ^ -> Y v   | sky130_fd_sc_hd__nand3_2   | 0.070 |   7.233 |    6.777 | 
     | g108191                                | A v -> Y ^   | sky130_fd_sc_hd__nand2_2   | 0.082 |   7.314 |    6.858 | 
     | g126298                                | A ^ -> Y v   | sky130_fd_sc_hd__nand2_2   | 0.071 |   7.385 |    6.929 | 
     | g126297                                | A v -> Y ^   | sky130_fd_sc_hd__nand2_2   | 0.060 |   7.445 |    6.989 | 
     | g126296                                | A ^ -> Y v   | sky130_fd_sc_hd__nand2_2   | 0.045 |   7.490 |    7.034 | 
     | g134                                   | A v -> Y ^   | sky130_fd_sc_hd__nand2_2   | 0.072 |   7.562 |    7.106 | 
     | g120067                                | A ^ -> Y v   | sky130_fd_sc_hd__nand2_2   | 0.060 |   7.623 |    7.167 | 
     | g126773                                | A v -> Y ^   | sky130_fd_sc_hd__nand2_2   | 0.067 |   7.689 |    7.233 | 
     | g126246                                | A ^ -> Y v   | sky130_fd_sc_hd__nand2_2   | 0.049 |   7.739 |    7.283 | 
     | g126245_dup                            | A v -> Y ^   | sky130_fd_sc_hd__nand2_2   | 0.073 |   7.811 |    7.355 | 
     | g103                                   | A ^ -> Y v   | sky130_fd_sc_hd__nand2_2   | 0.055 |   7.866 |    7.410 | 
     | g126828                                | A v -> Y ^   | sky130_fd_sc_hd__nand2_1   | 0.104 |   7.970 |    7.514 | 
     | g126824                                | B ^ -> Y v   | sky130_fd_sc_hd__nand2_2   | 0.111 |   8.080 |    7.624 | 
     | g126745                                | A v -> Y ^   | sky130_fd_sc_hd__nand2_1   | 0.066 |   8.146 |    7.690 | 
     | g128411                                | A ^ -> X ^   | sky130_fd_sc_hd__and2_1    | 0.168 |   8.314 |    7.858 | 
     | g126511                                | A ^ -> Y v   | sky130_fd_sc_hd__nand3_2   | 0.098 |   8.412 |    7.956 | 
     | g125908                                | A v -> Y ^   | sky130_fd_sc_hd__nand3_1   | 0.095 |   8.506 |    8.050 | 
     | g127819                                | A ^ -> Y v   | sky130_fd_sc_hd__nand2_1   | 0.066 |   8.572 |    8.116 | 
     | g127818                                | A v -> Y ^   | sky130_fd_sc_hd__inv_2     | 0.073 |   8.646 |    8.190 | 
     | g127823                                | A ^ -> Y v   | sky130_fd_sc_hd__nand2_2   | 0.067 |   8.713 |    8.257 | 
     | g127821                                | B v -> Y ^   | sky130_fd_sc_hd__nor2_1    | 0.116 |   8.828 |    8.372 | 
     | g127820                                | B ^ -> Y v   | sky130_fd_sc_hd__nand2_2   | 0.091 |   8.919 |    8.463 | 
     | g125563                                | C v -> Y ^   | sky130_fd_sc_hd__nor3_1    | 0.197 |   9.116 |    8.660 | 
     | g128684                                | A_N ^ -> Y ^ | sky130_fd_sc_hd__nand3b_1  | 0.159 |   9.275 |    8.819 | 
     | g301                                   | A2 ^ -> X ^  | sky130_fd_sc_hd__a21o_1    | 0.122 |   9.397 |    8.941 | 
     | g299                                   | B ^ -> Y v   | sky130_fd_sc_hd__nand2b_1  | 0.051 |   9.448 |    8.992 | 
     | result_r_reg[9]                        | D v          | sky130_fd_sc_hd__dfrtp_1   | 0.000 |   9.448 |    8.992 | 
     +-----------------------------------------------------------------------------------------------------------------+ 
     Clock Rise Edge                      0.000
     + Source Insertion Delay            -0.182
     = Beginpoint Arrival Time           -0.182
     Other End Path:
     +--------------------------------------------------------------------------------------------+ 
     |      Instance       |    Arc     |            Cell            | Delay | Arrival | Required | 
     |                     |            |                            |       |  Time   |   Time   | 
     |---------------------+------------+----------------------------+-------+---------+----------| 
     |                     | clk ^      |                            |       |  -0.182 |    0.274 | 
     | CTS_ccl_a_inv_00003 | A ^ -> Y v | sky130_fd_sc_hd__clkinv_16 | 0.060 |  -0.122 |    0.334 | 
     | CTS_ccl_a_inv_00002 | A v -> Y ^ | sky130_fd_sc_hd__clkinv_16 | 0.118 |  -0.004 |    0.452 | 
     | result_r_reg[9]     | CLK ^      | sky130_fd_sc_hd__dfrtp_1   | 0.003 |  -0.001 |    0.455 | 
     +--------------------------------------------------------------------------------------------+ 

