###############################################################
#  Generated by:      Cadence Innovus 21.15-s110_1
#  OS:                Linux x86_64(Host ID vlsiece24.iitr.ac.in)
#  Generated on:      Thu Sep 24 16:30:30 2026
#  Design:            coprocessor
#  Command:           report_timing -path_type full_clock -late  -max_paths 10 > ./$RUN/timing_setup.rpt
###############################################################
Path 1: VIOLATED Setup Check with Pin result_r_reg[8]/CLK 
Endpoint:   result_r_reg[8]/D (^) checked with  leading edge of 'clk'
Beginpoint: in2_r_reg[1]/Q    (v) triggered by  leading edge of 'clk'
Path Groups: {clk}
Analysis View: VIEW_TYP
Other End Arrival Time          0.714
- Setup                         0.080
+ Phase Shift                   9.090
+ CPPR Adjustment               0.000
= Required Time                 9.724
- Arrival Time                  9.785
= Slack Time                   -0.061
     Clock Rise Edge                      0.000
     + Source Insertion Delay            -0.182
     = Beginpoint Arrival Time           -0.182
     Timing Path:
     +------------------------------------------------------------------------------------------------------------------+ 
     |                Instance                |      Arc      |            Cell            | Delay | Arrival | Required | 
     |                                        |               |                            |       |  Time   |   Time   | 
     |----------------------------------------+---------------+----------------------------+-------+---------+----------| 
     |                                        | clk ^         |                            |       |  -0.182 |   -0.243 | 
     | CTS_ccl_a_inv_00003                    | A ^ -> Y v    | sky130_fd_sc_hd__clkinv_16 | 0.539 |   0.357 |    0.296 | 
     | CTS_ccl_a_inv_00002                    | A v -> Y ^    | sky130_fd_sc_hd__clkinv_16 | 0.172 |   0.529 |    0.468 | 
     | in2_r_reg[1]                           | CLK ^ -> Q v  | sky130_fd_sc_hd__sdfrtp_2  | 0.445 |   0.974 |    0.913 | 
     | g126182                                | A v -> Y ^    | sky130_fd_sc_hd__nor2_2    | 0.119 |   1.093 |    1.031 | 
     | FE_RC_18_0                             | D ^ -> Y v    | sky130_fd_sc_hd__nand4_1   | 0.112 |   1.204 |    1.143 | 
     | g127069                                | A v -> Y ^    | sky130_fd_sc_hd__clkinv_1  | 0.090 |   1.294 |    1.233 | 
     | g127071                                | A ^ -> Y v    | sky130_fd_sc_hd__nand2_2   | 0.049 |   1.343 |    1.282 | 
     | g123115                                | A v -> Y ^    | sky130_fd_sc_hd__nand2_2   | 0.062 |   1.406 |    1.344 | 
     | g123114                                | A ^ -> Y v    | sky130_fd_sc_hd__nand2_4   | 0.077 |   1.483 |    1.421 | 
     | g121238                                | A v -> Y ^    | sky130_fd_sc_hd__nand2_4   | 0.070 |   1.553 |    1.492 | 
     | FE_OCPC986_n_13376                     | A ^ -> X ^    | sky130_fd_sc_hd__buf_4     | 0.134 |   1.687 |    1.625 | 
     | g114444                                | B ^ -> Y v    | sky130_fd_sc_hd__nand2_1   | 0.070 |   1.757 |    1.695 | 
     | g121062                                | B v -> Y ^    | sky130_fd_sc_hd__nand3_1   | 0.077 |   1.834 |    1.772 | 
     | g122917                                | A ^ -> Y v    | sky130_fd_sc_hd__nand2_1   | 0.054 |   1.888 |    1.827 | 
     | g127513                                | B v -> Y ^    | sky130_fd_sc_hd__nand2_1   | 0.076 |   1.964 |    1.903 | 
     | g122914                                | A ^ -> Y v    | sky130_fd_sc_hd__nand2_2   | 0.080 |   2.045 |    1.983 | 
     | g34_0                                  | B1 v -> X v   | sky130_fd_sc_hd__a21o_4    | 0.230 |   2.274 |    2.213 | 
     | FE_PSC1574_n_13608                     | A v -> X v    | sky130_fd_sc_hd__buf_6     | 0.142 |   2.416 |    2.355 | 
     | g126020                                | B v -> Y ^    | sky130_fd_sc_hd__nand2_1   | 0.076 |   2.492 |    2.431 | 
     | g114128                                | B1 ^ -> Y v   | sky130_fd_sc_hd__o21ai_2   | 0.063 |   2.555 |    2.494 | 
     | g124801                                | A v -> Y ^    | sky130_fd_sc_hd__nand2_1   | 0.055 |   2.610 |    2.549 | 
     | g120724                                | B ^ -> Y v    | sky130_fd_sc_hd__nand2b_1  | 0.086 |   2.697 |    2.635 | 
     | g127704                                | A v -> Y ^    | sky130_fd_sc_hd__nand2_1   | 0.086 |   2.783 |    2.722 | 
     | g128706                                | A ^ -> Y v    | sky130_fd_sc_hd__nand3_2   | 0.085 |   2.868 |    2.806 | 
     | FE_OFC901_n_22077                      | A v -> X v    | sky130_fd_sc_hd__buf_12    | 0.160 |   3.028 |    2.966 | 
     | FE_PSC1675_FE_DBTN40_n_22077           | A v -> X v    | sky130_fd_sc_hd__buf_6     | 0.146 |   3.174 |    3.112 | 
     | FE_OCPC1584_FE_DBTN40_n_22077          | A v -> Y ^    | sky130_fd_sc_hd__inv_8     | 0.071 |   3.244 |    3.183 | 
     | FE_OCPC1585_FE_DBTN40_n_22077          | A ^ -> Y v    | sky130_fd_sc_hd__inv_12    | 0.051 |   3.295 |    3.234 | 
     | g125546                                | A v -> Y ^    | sky130_fd_sc_hd__nand2_2   | 0.169 |   3.464 |    3.403 | 
     | FE_OFC1159_n_18291                     | A ^ -> X ^    | sky130_fd_sc_hd__buf_6     | 0.233 |   3.697 |    3.636 | 
     | g111298                                | A_N ^ -> Y ^  | sky130_fd_sc_hd__nand2b_4  | 0.401 |   4.099 |    4.037 | 
     | FE_OFC189_n_3940                       | A ^ -> Y v    | sky130_fd_sc_hd__inv_6     | 0.064 |   4.163 |    4.102 | 
     | g110839                                | A v -> Y ^    | sky130_fd_sc_hd__nand2_2   | 0.082 |   4.245 |    4.183 | 
     | g110345__1666                          | B ^ -> Y v    | sky130_fd_sc_hd__nor2_1    | 0.063 |   4.307 |    4.246 | 
     | g110257__2883                          | B v -> Y ^    | sky130_fd_sc_hd__nor2_2    | 0.151 |   4.459 |    4.397 | 
     | g109835__5477                          | A ^ -> Y v    | sky130_fd_sc_hd__nand4_1   | 0.180 |   4.638 |    4.577 | 
     | g109792__8246                          | B v -> Y ^    | sky130_fd_sc_hd__nor2_2    | 0.134 |   4.773 |    4.711 | 
     | FE_RC_99_0                             | A ^ -> Y v    | sky130_fd_sc_hd__nand3_1   | 0.139 |   4.912 |    4.850 | 
     | g124245                                | A v -> Y ^    | sky130_fd_sc_hd__nand2_2   | 0.102 |   5.014 |    4.952 | 
     | FE_RC_108_0                            | C ^ -> Y v    | sky130_fd_sc_hd__nand3_4   | 0.305 |   5.319 |    5.258 | 
     | FE_OFC470_n_18654                      | A v -> Y ^    | sky130_fd_sc_hd__clkinv_8  | 0.125 |   5.444 |    5.383 | 
     | FE_PSBC1595_FE_DBTN48_n_18654          | A ^ -> Y v    | sky130_fd_sc_hd__inv_12    | 0.070 |   5.514 |    5.453 | 
     | alu_inst_muldiv_inst_mul_349_24_g10108 | B v -> Y ^    | sky130_fd_sc_hd__nand2_4   | 0.068 |   5.582 |    5.521 | 
     | g123520                                | B ^ -> Y v    | sky130_fd_sc_hd__nand2_4   | 0.063 |   5.646 |    5.584 | 
     | FE_OFC63_n_16054                       | A v -> Y ^    | sky130_fd_sc_hd__inv_8     | 0.081 |   5.727 |    5.666 | 
     | FE_OFC64_n_16054                       | A ^ -> Y v    | sky130_fd_sc_hd__inv_4     | 0.072 |   5.799 |    5.738 | 
     | alu_inst_muldiv_inst_mul_349_24_g9859  | A v -> Y ^    | sky130_fd_sc_hd__nand2_1   | 0.058 |   5.857 |    5.795 | 
     | g128628                                | B1_N ^ -> X v | sky130_fd_sc_hd__a21bo_2   | 0.245 |   6.102 |    6.041 | 
     | alu_inst_muldiv_inst_mul_349_24_g9464  | A2 v -> Y ^   | sky130_fd_sc_hd__o21ai_2   | 0.128 |   6.230 |    6.169 | 
     | g124                                   | A ^ -> Y v    | sky130_fd_sc_hd__nand2_1   | 0.085 |   6.316 |    6.254 | 
     | g381                                   | A v -> Y ^    | sky130_fd_sc_hd__nand2_1   | 0.078 |   6.393 |    6.332 | 
     | g122529                                | A ^ -> Y v    | sky130_fd_sc_hd__nand2_1   | 0.052 |   6.445 |    6.384 | 
     | g122528                                | B v -> Y ^    | sky130_fd_sc_hd__nand2b_1  | 0.078 |   6.523 |    6.461 | 
     | g124225                                | A ^ -> Y v    | sky130_fd_sc_hd__nand2_2   | 0.057 |   6.580 |    6.519 | 
     | g124224                                | A v -> Y ^    | sky130_fd_sc_hd__inv_1     | 0.060 |   6.640 |    6.579 | 
     | g124222                                | B ^ -> Y v    | sky130_fd_sc_hd__nand2_2   | 0.059 |   6.700 |    6.638 | 
     | g287                                   | B v -> Y ^    | sky130_fd_sc_hd__nand3_2   | 0.071 |   6.771 |    6.709 | 
     | alu_inst_muldiv_inst_mul_349_24_g9021  | A ^ -> Y v    | sky130_fd_sc_hd__nand2_2   | 0.047 |   6.818 |    6.757 | 
     | g120873                                | A v -> Y ^    | sky130_fd_sc_hd__nand2_2   | 0.066 |   6.884 |    6.823 | 
     | FE_RC_5_0                              | B ^ -> Y v    | sky130_fd_sc_hd__nand3_4   | 0.111 |   6.995 |    6.934 | 
     | FE_RC_12_0                             | A v -> Y ^    | sky130_fd_sc_hd__nand3_4   | 0.100 |   7.095 |    7.034 | 
     | FE_RC_105_0                            | C ^ -> Y v    | sky130_fd_sc_hd__nand3_2   | 0.100 |   7.195 |    7.134 | 
     | g119435                                | A v -> Y ^    | sky130_fd_sc_hd__nand2_4   | 0.101 |   7.296 |    7.234 | 
     | g125512                                | A ^ -> Y v    | sky130_fd_sc_hd__nand2_4   | 0.063 |   7.359 |    7.297 | 
     | g125516                                | A v -> Y ^    | sky130_fd_sc_hd__nand2_2   | 0.058 |   7.417 |    7.355 | 
     | FE_RC_11_0                             | A ^ -> Y v    | sky130_fd_sc_hd__nand3_2   | 0.073 |   7.490 |    7.428 | 
     | g108191                                | A v -> Y ^    | sky130_fd_sc_hd__nand2_2   | 0.089 |   7.579 |    7.518 | 
     | g126298                                | A ^ -> Y v    | sky130_fd_sc_hd__nand2_4   | 0.059 |   7.638 |    7.576 | 
     | g126297                                | A v -> Y ^    | sky130_fd_sc_hd__nand2_2   | 0.056 |   7.693 |    7.632 | 
     | g126296                                | A ^ -> Y v    | sky130_fd_sc_hd__nand2_2   | 0.047 |   7.740 |    7.678 | 
     | g134                                   | A v -> Y ^    | sky130_fd_sc_hd__nand2_2   | 0.074 |   7.814 |    7.752 | 
     | fopt123998                             | A ^ -> Y v    | sky130_fd_sc_hd__inv_1     | 0.056 |   7.869 |    7.808 | 
     | g123997                                | A v -> Y ^    | sky130_fd_sc_hd__nand2_2   | 0.068 |   7.938 |    7.876 | 
     | g125554                                | A ^ -> Y v    | sky130_fd_sc_hd__nand2_4   | 0.070 |   8.008 |    7.946 | 
     | g125553                                | A v -> Y ^    | sky130_fd_sc_hd__nor2_2    | 0.105 |   8.113 |    8.052 | 
     | g128559                                | A_N ^ -> Y ^  | sky130_fd_sc_hd__nand2b_4  | 0.169 |   8.282 |    8.221 | 
     | FE_OFC1457_n_21930                     | A ^ -> X ^    | sky130_fd_sc_hd__buf_6     | 0.125 |   8.407 |    8.346 | 
     | g127045                                | B ^ -> Y v    | sky130_fd_sc_hd__nand3_1   | 0.098 |   8.506 |    8.444 | 
     | g127046                                | A v -> Y ^    | sky130_fd_sc_hd__nand3_2   | 0.080 |   8.586 |    8.525 | 
     | g126876                                | A ^ -> Y v    | sky130_fd_sc_hd__nand2_2   | 0.075 |   8.661 |    8.600 | 
     | FE_PSC1798_n_19909                     | A v -> X v    | sky130_fd_sc_hd__clkbuf_2  | 0.130 |   8.791 |    8.730 | 
     | g124934                                | A1 v -> Y ^   | sky130_fd_sc_hd__a21oi_1   | 0.204 |   8.995 |    8.934 | 
     | FE_PSC1584_n_14214                     | A ^ -> X ^    | sky130_fd_sc_hd__buf_2     | 0.176 |   9.171 |    9.110 | 
     | g121965                                | B ^ -> X ^    | sky130_fd_sc_hd__and2_1    | 0.144 |   9.315 |    9.254 | 
     | g125422                                | C_N ^ -> Y ^  | sky130_fd_sc_hd__nor3b_1   | 0.184 |   9.499 |    9.438 | 
     | g716                                   | A ^ -> Y v    | sky130_fd_sc_hd__nand4_1   | 0.125 |   9.624 |    9.563 | 
     | g714                                   | C1 v -> Y ^   | sky130_fd_sc_hd__o2111ai_1 | 0.161 |   9.785 |    9.724 | 
     | result_r_reg[8]                        | D ^           | sky130_fd_sc_hd__dfrtp_1   | 0.000 |   9.785 |    9.724 | 
     +------------------------------------------------------------------------------------------------------------------+ 
     Clock Rise Edge                      0.000
     = Beginpoint Arrival Time            0.000
     Other End Path:
     +--------------------------------------------------------------------------------------------+ 
     |      Instance       |    Arc     |            Cell            | Delay | Arrival | Required | 
     |                     |            |                            |       |  Time   |   Time   | 
     |---------------------+------------+----------------------------+-------+---------+----------| 
     |                     | clk ^      |                            |       |   0.000 |    0.061 | 
     | CTS_ccl_a_inv_00003 | A ^ -> Y v | sky130_fd_sc_hd__clkinv_16 | 0.539 |   0.539 |    0.600 | 
     | CTS_ccl_a_inv_00002 | A v -> Y ^ | sky130_fd_sc_hd__clkinv_16 | 0.172 |   0.711 |    0.772 | 
     | result_r_reg[8]     | CLK ^      | sky130_fd_sc_hd__dfrtp_1   | 0.003 |   0.714 |    0.775 | 
     +--------------------------------------------------------------------------------------------+ 
Path 2: VIOLATED Setup Check with Pin result_r_reg[12]/CLK 
Endpoint:   result_r_reg[12]/D (^) checked with  leading edge of 'clk'
Beginpoint: in2_r_reg[1]/Q     (v) triggered by  leading edge of 'clk'
Path Groups: {clk}
Analysis View: VIEW_TYP
Other End Arrival Time          0.714
- Setup                         0.059
+ Phase Shift                   9.090
+ CPPR Adjustment               0.000
= Required Time                 9.744
- Arrival Time                  9.806
= Slack Time                   -0.061
     Clock Rise Edge                      0.000
     + Source Insertion Delay            -0.182
     = Beginpoint Arrival Time           -0.182
     Timing Path:
     +------------------------------------------------------------------------------------------------------------------+ 
     |                Instance                |      Arc      |            Cell            | Delay | Arrival | Required | 
     |                                        |               |                            |       |  Time   |   Time   | 
     |----------------------------------------+---------------+----------------------------+-------+---------+----------| 
     |                                        | clk ^         |                            |       |  -0.182 |   -0.243 | 
     | CTS_ccl_a_inv_00003                    | A ^ -> Y v    | sky130_fd_sc_hd__clkinv_16 | 0.539 |   0.357 |    0.296 | 
     | CTS_ccl_a_inv_00002                    | A v -> Y ^    | sky130_fd_sc_hd__clkinv_16 | 0.172 |   0.529 |    0.468 | 
     | in2_r_reg[1]                           | CLK ^ -> Q v  | sky130_fd_sc_hd__sdfrtp_2  | 0.445 |   0.974 |    0.913 | 
     | g126182                                | A v -> Y ^    | sky130_fd_sc_hd__nor2_2    | 0.119 |   1.093 |    1.031 | 
     | FE_RC_18_0                             | D ^ -> Y v    | sky130_fd_sc_hd__nand4_1   | 0.112 |   1.204 |    1.143 | 
     | g127069                                | A v -> Y ^    | sky130_fd_sc_hd__clkinv_1  | 0.090 |   1.294 |    1.233 | 
     | g127071                                | A ^ -> Y v    | sky130_fd_sc_hd__nand2_2   | 0.049 |   1.343 |    1.282 | 
     | g123115                                | A v -> Y ^    | sky130_fd_sc_hd__nand2_2   | 0.062 |   1.406 |    1.344 | 
     | g123114                                | A ^ -> Y v    | sky130_fd_sc_hd__nand2_4   | 0.077 |   1.483 |    1.421 | 
     | g121238                                | A v -> Y ^    | sky130_fd_sc_hd__nand2_4   | 0.070 |   1.553 |    1.492 | 
     | FE_OCPC986_n_13376                     | A ^ -> X ^    | sky130_fd_sc_hd__buf_4     | 0.134 |   1.687 |    1.626 | 
     | g114444                                | B ^ -> Y v    | sky130_fd_sc_hd__nand2_1   | 0.070 |   1.757 |    1.695 | 
     | g121062                                | B v -> Y ^    | sky130_fd_sc_hd__nand3_1   | 0.077 |   1.834 |    1.772 | 
     | g122917                                | A ^ -> Y v    | sky130_fd_sc_hd__nand2_1   | 0.054 |   1.888 |    1.827 | 
     | g127513                                | B v -> Y ^    | sky130_fd_sc_hd__nand2_1   | 0.076 |   1.964 |    1.903 | 
     | g122914                                | A ^ -> Y v    | sky130_fd_sc_hd__nand2_2   | 0.080 |   2.045 |    1.983 | 
     | g34_0                                  | B1 v -> X v   | sky130_fd_sc_hd__a21o_4    | 0.230 |   2.274 |    2.213 | 
     | FE_PSC1574_n_13608                     | A v -> X v    | sky130_fd_sc_hd__buf_6     | 0.142 |   2.416 |    2.355 | 
     | g126020                                | B v -> Y ^    | sky130_fd_sc_hd__nand2_1   | 0.076 |   2.492 |    2.431 | 
     | g114128                                | B1 ^ -> Y v   | sky130_fd_sc_hd__o21ai_2   | 0.063 |   2.555 |    2.494 | 
     | g124801                                | A v -> Y ^    | sky130_fd_sc_hd__nand2_1   | 0.055 |   2.610 |    2.549 | 
     | g120724                                | B ^ -> Y v    | sky130_fd_sc_hd__nand2b_1  | 0.086 |   2.697 |    2.635 | 
     | g127704                                | A v -> Y ^    | sky130_fd_sc_hd__nand2_1   | 0.086 |   2.783 |    2.722 | 
     | g128706                                | A ^ -> Y v    | sky130_fd_sc_hd__nand3_2   | 0.085 |   2.868 |    2.806 | 
     | FE_OFC901_n_22077                      | A v -> X v    | sky130_fd_sc_hd__buf_12    | 0.160 |   3.028 |    2.966 | 
     | FE_PSC1675_FE_DBTN40_n_22077           | A v -> X v    | sky130_fd_sc_hd__buf_6     | 0.146 |   3.174 |    3.112 | 
     | FE_OCPC1584_FE_DBTN40_n_22077          | A v -> Y ^    | sky130_fd_sc_hd__inv_8     | 0.071 |   3.244 |    3.183 | 
     | FE_OCPC1585_FE_DBTN40_n_22077          | A ^ -> Y v    | sky130_fd_sc_hd__inv_12    | 0.051 |   3.295 |    3.234 | 
     | g125546                                | A v -> Y ^    | sky130_fd_sc_hd__nand2_2   | 0.169 |   3.464 |    3.403 | 
     | FE_OFC1159_n_18291                     | A ^ -> X ^    | sky130_fd_sc_hd__buf_6     | 0.233 |   3.697 |    3.636 | 
     | g111298                                | A_N ^ -> Y ^  | sky130_fd_sc_hd__nand2b_4  | 0.401 |   4.099 |    4.038 | 
     | FE_OFC189_n_3940                       | A ^ -> Y v    | sky130_fd_sc_hd__inv_6     | 0.064 |   4.163 |    4.102 | 
     | g110839                                | A v -> Y ^    | sky130_fd_sc_hd__nand2_2   | 0.082 |   4.245 |    4.183 | 
     | g110345__1666                          | B ^ -> Y v    | sky130_fd_sc_hd__nor2_1    | 0.063 |   4.307 |    4.246 | 
     | g110257__2883                          | B v -> Y ^    | sky130_fd_sc_hd__nor2_2    | 0.151 |   4.459 |    4.397 | 
     | g109835__5477                          | A ^ -> Y v    | sky130_fd_sc_hd__nand4_1   | 0.180 |   4.638 |    4.577 | 
     | g109792__8246                          | B v -> Y ^    | sky130_fd_sc_hd__nor2_2    | 0.134 |   4.773 |    4.711 | 
     | FE_RC_99_0                             | A ^ -> Y v    | sky130_fd_sc_hd__nand3_1   | 0.139 |   4.912 |    4.851 | 
     | g124245                                | A v -> Y ^    | sky130_fd_sc_hd__nand2_2   | 0.102 |   5.014 |    4.953 | 
     | FE_RC_108_0                            | C ^ -> Y v    | sky130_fd_sc_hd__nand3_4   | 0.305 |   5.319 |    5.258 | 
     | FE_OFC470_n_18654                      | A v -> Y ^    | sky130_fd_sc_hd__clkinv_8  | 0.125 |   5.444 |    5.383 | 
     | FE_PSBC1595_FE_DBTN48_n_18654          | A ^ -> Y v    | sky130_fd_sc_hd__inv_12    | 0.070 |   5.514 |    5.453 | 
     | alu_inst_muldiv_inst_mul_349_24_g10108 | B v -> Y ^    | sky130_fd_sc_hd__nand2_4   | 0.068 |   5.582 |    5.521 | 
     | g123520                                | B ^ -> Y v    | sky130_fd_sc_hd__nand2_4   | 0.063 |   5.646 |    5.585 | 
     | FE_OFC63_n_16054                       | A v -> Y ^    | sky130_fd_sc_hd__inv_8     | 0.081 |   5.727 |    5.666 | 
     | FE_OFC64_n_16054                       | A ^ -> Y v    | sky130_fd_sc_hd__inv_4     | 0.072 |   5.799 |    5.738 | 
     | alu_inst_muldiv_inst_mul_349_24_g9859  | A v -> Y ^    | sky130_fd_sc_hd__nand2_1   | 0.058 |   5.857 |    5.796 | 
     | g128628                                | B1_N ^ -> X v | sky130_fd_sc_hd__a21bo_2   | 0.245 |   6.102 |    6.041 | 
     | alu_inst_muldiv_inst_mul_349_24_g9464  | A2 v -> Y ^   | sky130_fd_sc_hd__o21ai_2   | 0.128 |   6.230 |    6.169 | 
     | g124                                   | A ^ -> Y v    | sky130_fd_sc_hd__nand2_1   | 0.085 |   6.316 |    6.254 | 
     | g381                                   | A v -> Y ^    | sky130_fd_sc_hd__nand2_1   | 0.078 |   6.393 |    6.332 | 
     | g122529                                | A ^ -> Y v    | sky130_fd_sc_hd__nand2_1   | 0.052 |   6.445 |    6.384 | 
     | g122528                                | B v -> Y ^    | sky130_fd_sc_hd__nand2b_1  | 0.078 |   6.523 |    6.461 | 
     | g124225                                | A ^ -> Y v    | sky130_fd_sc_hd__nand2_2   | 0.057 |   6.580 |    6.519 | 
     | g124224                                | A v -> Y ^    | sky130_fd_sc_hd__inv_1     | 0.060 |   6.640 |    6.579 | 
     | g124222                                | B ^ -> Y v    | sky130_fd_sc_hd__nand2_2   | 0.059 |   6.700 |    6.638 | 
     | g287                                   | B v -> Y ^    | sky130_fd_sc_hd__nand3_2   | 0.071 |   6.771 |    6.709 | 
     | alu_inst_muldiv_inst_mul_349_24_g9021  | A ^ -> Y v    | sky130_fd_sc_hd__nand2_2   | 0.047 |   6.818 |    6.757 | 
     | g120873                                | A v -> Y ^    | sky130_fd_sc_hd__nand2_2   | 0.066 |   6.884 |    6.823 | 
     | FE_RC_5_0                              | B ^ -> Y v    | sky130_fd_sc_hd__nand3_4   | 0.111 |   6.995 |    6.934 | 
     | FE_RC_12_0                             | A v -> Y ^    | sky130_fd_sc_hd__nand3_4   | 0.100 |   7.095 |    7.034 | 
     | FE_RC_105_0                            | C ^ -> Y v    | sky130_fd_sc_hd__nand3_2   | 0.100 |   7.195 |    7.134 | 
     | g119435                                | A v -> Y ^    | sky130_fd_sc_hd__nand2_4   | 0.101 |   7.296 |    7.235 | 
     | g125512                                | A ^ -> Y v    | sky130_fd_sc_hd__nand2_4   | 0.063 |   7.359 |    7.297 | 
     | g125516                                | A v -> Y ^    | sky130_fd_sc_hd__nand2_2   | 0.058 |   7.417 |    7.355 | 
     | FE_RC_11_0                             | A ^ -> Y v    | sky130_fd_sc_hd__nand3_2   | 0.073 |   7.490 |    7.428 | 
     | g108191                                | A v -> Y ^    | sky130_fd_sc_hd__nand2_2   | 0.089 |   7.579 |    7.518 | 
     | g126298                                | A ^ -> Y v    | sky130_fd_sc_hd__nand2_4   | 0.059 |   7.638 |    7.576 | 
     | g126297                                | A v -> Y ^    | sky130_fd_sc_hd__nand2_2   | 0.056 |   7.693 |    7.632 | 
     | g126296                                | A ^ -> Y v    | sky130_fd_sc_hd__nand2_2   | 0.047 |   7.740 |    7.679 | 
     | g134                                   | A v -> Y ^    | sky130_fd_sc_hd__nand2_2   | 0.074 |   7.814 |    7.752 | 
     | fopt123998                             | A ^ -> Y v    | sky130_fd_sc_hd__inv_1     | 0.056 |   7.869 |    7.808 | 
     | g123997                                | A v -> Y ^    | sky130_fd_sc_hd__nand2_2   | 0.068 |   7.938 |    7.876 | 
     | g125554                                | A ^ -> Y v    | sky130_fd_sc_hd__nand2_4   | 0.070 |   8.008 |    7.946 | 
     | g125553                                | A v -> Y ^    | sky130_fd_sc_hd__nor2_2    | 0.105 |   8.113 |    8.052 | 
     | g128559                                | A_N ^ -> Y ^  | sky130_fd_sc_hd__nand2b_4  | 0.169 |   8.282 |    8.221 | 
     | FE_OFC1457_n_21930                     | A ^ -> X ^    | sky130_fd_sc_hd__buf_6     | 0.125 |   8.407 |    8.346 | 
     | g127045                                | B ^ -> Y v    | sky130_fd_sc_hd__nand3_1   | 0.098 |   8.506 |    8.444 | 
     | g127046                                | A v -> Y ^    | sky130_fd_sc_hd__nand3_2   | 0.080 |   8.586 |    8.525 | 
     | g126876                                | A ^ -> Y v    | sky130_fd_sc_hd__nand2_2   | 0.075 |   8.661 |    8.600 | 
     | g126875                                | A v -> Y ^    | sky130_fd_sc_hd__nand2_2   | 0.094 |   8.755 |    8.694 | 
     | g127817                                | A ^ -> Y v    | sky130_fd_sc_hd__nand2_4   | 0.070 |   8.825 |    8.763 | 
     | g273                                   | A v -> Y ^    | sky130_fd_sc_hd__nor2b_4   | 0.105 |   8.929 |    8.868 | 
     | g272                                   | A ^ -> Y v    | sky130_fd_sc_hd__nand4_2   | 0.092 |   9.021 |    8.960 | 
     | g126363                                | B v -> Y ^    | sky130_fd_sc_hd__nor2_2    | 0.137 |   9.159 |    9.097 | 
     | g126362                                | B ^ -> Y v    | sky130_fd_sc_hd__nand4_1   | 0.158 |   9.316 |    9.255 | 
     | g128276                                | C v -> Y ^    | sky130_fd_sc_hd__nand3b_1  | 0.141 |   9.457 |    9.396 | 
     | g128275                                | B1 ^ -> Y v   | sky130_fd_sc_hd__o21ai_2   | 0.085 |   9.542 |    9.481 | 
     | g127000                                | A v -> Y ^    | sky130_fd_sc_hd__nand2_1   | 0.069 |   9.612 |    9.550 | 
     | g126309                                | A ^ -> Y v    | sky130_fd_sc_hd__nand2_1   | 0.050 |   9.662 |    9.600 | 
     | g126307                                | A2 v -> Y ^   | sky130_fd_sc_hd__o21ai_1   | 0.144 |   9.806 |    9.744 | 
     | result_r_reg[12]                       | D ^           | sky130_fd_sc_hd__dfrtp_1   | 0.000 |   9.806 |    9.744 | 
     +------------------------------------------------------------------------------------------------------------------+ 
     Clock Rise Edge                      0.000
     = Beginpoint Arrival Time            0.000
     Other End Path:
     +--------------------------------------------------------------------------------------------+ 
     |      Instance       |    Arc     |            Cell            | Delay | Arrival | Required | 
     |                     |            |                            |       |  Time   |   Time   | 
     |---------------------+------------+----------------------------+-------+---------+----------| 
     |                     | clk ^      |                            |       |   0.000 |    0.061 | 
     | CTS_ccl_a_inv_00003 | A ^ -> Y v | sky130_fd_sc_hd__clkinv_16 | 0.539 |   0.539 |    0.600 | 
     | CTS_ccl_a_inv_00002 | A v -> Y ^ | sky130_fd_sc_hd__clkinv_16 | 0.172 |   0.711 |    0.772 | 
     | result_r_reg[12]    | CLK ^      | sky130_fd_sc_hd__dfrtp_1   | 0.003 |   0.714 |    0.775 | 
     +--------------------------------------------------------------------------------------------+ 
Path 3: VIOLATED Setup Check with Pin result_r_reg[7]/CLK 
Endpoint:   result_r_reg[7]/D (^) checked with  leading edge of 'clk'
Beginpoint: in2_r_reg[1]/Q    (v) triggered by  leading edge of 'clk'
Path Groups: {clk}
Analysis View: VIEW_TYP
Other End Arrival Time          0.714
- Setup                         0.054
+ Phase Shift                   9.090
+ CPPR Adjustment               0.000
= Required Time                 9.750
- Arrival Time                  9.801
= Slack Time                   -0.051
     Clock Rise Edge                      0.000
     + Source Insertion Delay            -0.182
     = Beginpoint Arrival Time           -0.182
     Timing Path:
     +---------------------------------------------------------------------------------------------------------------------------+ 
     |                    Instance                     |      Arc      |            Cell            | Delay | Arrival | Required | 
     |                                                 |               |                            |       |  Time   |   Time   | 
     |-------------------------------------------------+---------------+----------------------------+-------+---------+----------| 
     |                                                 | clk ^         |                            |       |  -0.182 |   -0.232 | 
     | CTS_ccl_a_inv_00003                             | A ^ -> Y v    | sky130_fd_sc_hd__clkinv_16 | 0.539 |   0.357 |    0.307 | 
     | CTS_ccl_a_inv_00002                             | A v -> Y ^    | sky130_fd_sc_hd__clkinv_16 | 0.172 |   0.529 |    0.479 | 
     | in2_r_reg[1]                                    | CLK ^ -> Q v  | sky130_fd_sc_hd__sdfrtp_2  | 0.445 |   0.974 |    0.924 | 
     | g126182                                         | A v -> Y ^    | sky130_fd_sc_hd__nor2_2    | 0.119 |   1.093 |    1.042 | 
     | FE_RC_18_0                                      | D ^ -> Y v    | sky130_fd_sc_hd__nand4_1   | 0.112 |   1.204 |    1.154 | 
     | g127069                                         | A v -> Y ^    | sky130_fd_sc_hd__clkinv_1  | 0.090 |   1.294 |    1.244 | 
     | g127071                                         | A ^ -> Y v    | sky130_fd_sc_hd__nand2_2   | 0.049 |   1.343 |    1.293 | 
     | g123115                                         | A v -> Y ^    | sky130_fd_sc_hd__nand2_2   | 0.062 |   1.406 |    1.355 | 
     | g123114                                         | A ^ -> Y v    | sky130_fd_sc_hd__nand2_4   | 0.077 |   1.483 |    1.432 | 
     | g121238                                         | A v -> Y ^    | sky130_fd_sc_hd__nand2_4   | 0.070 |   1.553 |    1.502 | 
     | FE_OCPC986_n_13376                              | A ^ -> X ^    | sky130_fd_sc_hd__buf_4     | 0.134 |   1.687 |    1.636 | 
     | g114444                                         | B ^ -> Y v    | sky130_fd_sc_hd__nand2_1   | 0.070 |   1.757 |    1.706 | 
     | g121062                                         | B v -> Y ^    | sky130_fd_sc_hd__nand3_1   | 0.077 |   1.834 |    1.783 | 
     | g122917                                         | A ^ -> Y v    | sky130_fd_sc_hd__nand2_1   | 0.054 |   1.888 |    1.838 | 
     | g127513                                         | B v -> Y ^    | sky130_fd_sc_hd__nand2_1   | 0.076 |   1.964 |    1.914 | 
     | g122914                                         | A ^ -> Y v    | sky130_fd_sc_hd__nand2_2   | 0.080 |   2.045 |    1.994 | 
     | g34_0                                           | B1 v -> X v   | sky130_fd_sc_hd__a21o_4    | 0.230 |   2.274 |    2.224 | 
     | FE_PSC1574_n_13608                              | A v -> X v    | sky130_fd_sc_hd__buf_6     | 0.142 |   2.416 |    2.366 | 
     | g126020                                         | B v -> Y ^    | sky130_fd_sc_hd__nand2_1   | 0.076 |   2.492 |    2.442 | 
     | g114128                                         | B1 ^ -> Y v   | sky130_fd_sc_hd__o21ai_2   | 0.063 |   2.555 |    2.504 | 
     | g124801                                         | A v -> Y ^    | sky130_fd_sc_hd__nand2_1   | 0.055 |   2.610 |    2.560 | 
     | g120724                                         | B ^ -> Y v    | sky130_fd_sc_hd__nand2b_1  | 0.086 |   2.697 |    2.646 | 
     | g127704                                         | A v -> Y ^    | sky130_fd_sc_hd__nand2_1   | 0.086 |   2.783 |    2.732 | 
     | g128706                                         | A ^ -> Y v    | sky130_fd_sc_hd__nand3_2   | 0.085 |   2.868 |    2.817 | 
     | FE_OFC901_n_22077                               | A v -> X v    | sky130_fd_sc_hd__buf_12    | 0.160 |   3.028 |    2.977 | 
     | FE_PSC1675_FE_DBTN40_n_22077                    | A v -> X v    | sky130_fd_sc_hd__buf_6     | 0.146 |   3.174 |    3.123 | 
     | FE_OCPC1584_FE_DBTN40_n_22077                   | A v -> Y ^    | sky130_fd_sc_hd__inv_8     | 0.071 |   3.244 |    3.194 | 
     | FE_OCPC1585_FE_DBTN40_n_22077                   | A ^ -> Y v    | sky130_fd_sc_hd__inv_12    | 0.051 |   3.295 |    3.245 | 
     | g125546                                         | A v -> Y ^    | sky130_fd_sc_hd__nand2_2   | 0.169 |   3.464 |    3.414 | 
     | FE_OFC1159_n_18291                              | A ^ -> X ^    | sky130_fd_sc_hd__buf_6     | 0.233 |   3.697 |    3.647 | 
     | g111298                                         | A_N ^ -> Y ^  | sky130_fd_sc_hd__nand2b_4  | 0.401 |   4.099 |    4.048 | 
     | FE_OFC189_n_3940                                | A ^ -> Y v    | sky130_fd_sc_hd__inv_6     | 0.064 |   4.163 |    4.112 | 
     | g110839                                         | A v -> Y ^    | sky130_fd_sc_hd__nand2_2   | 0.082 |   4.245 |    4.194 | 
     | g110345__1666                                   | B ^ -> Y v    | sky130_fd_sc_hd__nor2_1    | 0.063 |   4.307 |    4.257 | 
     | g110257__2883                                   | B v -> Y ^    | sky130_fd_sc_hd__nor2_2    | 0.151 |   4.459 |    4.408 | 
     | g109835__5477                                   | A ^ -> Y v    | sky130_fd_sc_hd__nand4_1   | 0.180 |   4.638 |    4.588 | 
     | g109792__8246                                   | B v -> Y ^    | sky130_fd_sc_hd__nor2_2    | 0.134 |   4.773 |    4.722 | 
     | FE_RC_99_0                                      | A ^ -> Y v    | sky130_fd_sc_hd__nand3_1   | 0.139 |   4.912 |    4.861 | 
     | g124245                                         | A v -> Y ^    | sky130_fd_sc_hd__nand2_2   | 0.102 |   5.014 |    4.963 | 
     | FE_RC_108_0                                     | C ^ -> Y v    | sky130_fd_sc_hd__nand3_4   | 0.305 |   5.319 |    5.269 | 
     | FE_OFC470_n_18654                               | A v -> Y ^    | sky130_fd_sc_hd__clkinv_8  | 0.125 |   5.444 |    5.394 | 
     | FE_PSBC1595_FE_DBTN48_n_18654                   | A ^ -> Y v    | sky130_fd_sc_hd__inv_12    | 0.070 |   5.514 |    5.464 | 
     | alu_inst_muldiv_inst_mul_349_24_g10108          | B v -> Y ^    | sky130_fd_sc_hd__nand2_4   | 0.068 |   5.582 |    5.532 | 
     | g123520                                         | B ^ -> Y v    | sky130_fd_sc_hd__nand2_4   | 0.063 |   5.646 |    5.595 | 
     | FE_OFC63_n_16054                                | A v -> Y ^    | sky130_fd_sc_hd__inv_8     | 0.081 |   5.727 |    5.677 | 
     | g125128                                         | A ^ -> Y v    | sky130_fd_sc_hd__nand2_8   | 0.064 |   5.791 |    5.741 | 
     | FE_OFC1090_n_17781                              | A v -> Y ^    | sky130_fd_sc_hd__inv_4     | 0.093 |   5.885 |    5.834 | 
     | alu_inst_muldiv_inst_mul_349_24_g9758           | A ^ -> Y v    | sky130_fd_sc_hd__nand2_1   | 0.054 |   5.939 |    5.888 | 
     | alu_inst_muldiv_inst_mul_349_24_g9723           | A v -> Y ^    | sky130_fd_sc_hd__nand2_1   | 0.077 |   6.016 |    5.966 | 
     | FE_OFC525_alu_inst_muldiv_inst_mul_349_24_n_618 | A ^ -> Y v    | sky130_fd_sc_hd__inv_2     | 0.051 |   6.067 |    6.017 | 
     | g492                                            | B2 v -> Y ^   | sky130_fd_sc_hd__o2bb2ai_1 | 0.185 |   6.252 |    6.201 | 
     | g127547                                         | A1_N ^ -> Y ^ | sky130_fd_sc_hd__o2bb2ai_1 | 0.160 |   6.412 |    6.361 | 
     | g122576                                         | A ^ -> Y v    | sky130_fd_sc_hd__nand2_1   | 0.095 |   6.507 |    6.457 | 
     | g122577                                         | A1 v -> Y ^   | sky130_fd_sc_hd__a21oi_1   | 0.129 |   6.636 |    6.586 | 
     | g126006                                         | B ^ -> Y v    | sky130_fd_sc_hd__nor2_1    | 0.064 |   6.701 |    6.650 | 
     | g126005                                         | A v -> Y ^    | sky130_fd_sc_hd__nand2_2   | 0.081 |   6.782 |    6.731 | 
     | FE_RC_16_0                                      | A ^ -> Y v    | sky130_fd_sc_hd__nand4_2   | 0.104 |   6.886 |    6.836 | 
     | FE_RC_5_0                                       | A v -> Y ^    | sky130_fd_sc_hd__nand3_4   | 0.118 |   7.004 |    6.954 | 
     | FE_RC_12_0                                      | A ^ -> Y v    | sky130_fd_sc_hd__nand3_4   | 0.096 |   7.100 |    7.050 | 
     | FE_RC_105_0                                     | C v -> Y ^    | sky130_fd_sc_hd__nand3_2   | 0.103 |   7.204 |    7.153 | 
     | g119435                                         | A ^ -> Y v    | sky130_fd_sc_hd__nand2_4   | 0.073 |   7.276 |    7.226 | 
     | g125512                                         | A v -> Y ^    | sky130_fd_sc_hd__nand2_4   | 0.075 |   7.351 |    7.300 | 
     | g125516                                         | A ^ -> Y v    | sky130_fd_sc_hd__nand2_2   | 0.052 |   7.403 |    7.353 | 
     | FE_RC_11_0                                      | A v -> Y ^    | sky130_fd_sc_hd__nand3_2   | 0.092 |   7.495 |    7.445 | 
     | g108191                                         | A ^ -> Y v    | sky130_fd_sc_hd__nand2_2   | 0.071 |   7.566 |    7.515 | 
     | g126298                                         | A v -> Y ^    | sky130_fd_sc_hd__nand2_4   | 0.070 |   7.636 |    7.585 | 
     | g126297_dup                                     | A ^ -> Y v    | sky130_fd_sc_hd__nand2_2   | 0.067 |   7.703 |    7.652 | 
     | fopt120328                                      | A v -> Y ^    | sky130_fd_sc_hd__inv_2     | 0.067 |   7.770 |    7.719 | 
     | g125466                                         | A ^ -> Y v    | sky130_fd_sc_hd__nand2_4   | 0.058 |   7.828 |    7.778 | 
     | g125556                                         | B v -> Y ^    | sky130_fd_sc_hd__nand2_4   | 0.123 |   7.951 |    7.900 | 
     | g116724                                         | A ^ -> X ^    | sky130_fd_sc_hd__and2_4    | 0.216 |   8.167 |    8.117 | 
     | g107658                                         | A ^ -> Y v    | sky130_fd_sc_hd__nand2_1   | 0.060 |   8.227 |    8.177 | 
     | g107639                                         | B v -> Y ^    | sky130_fd_sc_hd__nand2_1   | 0.089 |   8.317 |    8.266 | 
     | g116311                                         | B1 ^ -> Y v   | sky130_fd_sc_hd__a21oi_2   | 0.046 |   8.363 |    8.312 | 
     | g116313                                         | A2 v -> Y ^   | sky130_fd_sc_hd__o21ai_1   | 0.262 |   8.624 |    8.574 | 
     | FE_OFC1339_n_6970                               | A ^ -> Y v    | sky130_fd_sc_hd__inv_2     | 0.056 |   8.681 |    8.630 | 
     | g120139                                         | A v -> Y ^    | sky130_fd_sc_hd__nand2_2   | 0.092 |   8.773 |    8.722 | 
     | g125908                                         | C ^ -> Y v    | sky130_fd_sc_hd__nand3_2   | 0.092 |   8.865 |    8.814 | 
     | g127819                                         | A v -> Y ^    | sky130_fd_sc_hd__nand2_2   | 0.070 |   8.935 |    8.884 | 
     | g127818                                         | A ^ -> Y v    | sky130_fd_sc_hd__inv_2     | 0.059 |   8.994 |    8.943 | 
     | g127823                                         | A v -> Y ^    | sky130_fd_sc_hd__nand2_4   | 0.068 |   9.061 |    9.011 | 
     | g127821                                         | B ^ -> Y v    | sky130_fd_sc_hd__nor2_1    | 0.050 |   9.111 |    9.060 | 
     | g127820                                         | B v -> Y ^    | sky130_fd_sc_hd__nand2_2   | 0.102 |   9.213 |    9.162 | 
     | FE_OFC1055_n_21131                              | A ^ -> Y v    | sky130_fd_sc_hd__clkinv_2  | 0.075 |   9.288 |    9.237 | 
     | g128352                                         | A v -> Y ^    | sky130_fd_sc_hd__nand2_2   | 0.074 |   9.362 |    9.311 | 
     | FE_OFC1054_n_21719                              | A ^ -> Y v    | sky130_fd_sc_hd__inv_4     | 0.054 |   9.416 |    9.366 | 
     | g128774                                         | B v -> Y ^    | sky130_fd_sc_hd__nand3b_1  | 0.068 |   9.484 |    9.433 | 
     | g126335                                         | A ^ -> Y v    | sky130_fd_sc_hd__nand2_1   | 0.074 |   9.558 |    9.507 | 
     | g128689                                         | A2 v -> X v   | sky130_fd_sc_hd__a21o_1    | 0.177 |   9.734 |    9.684 | 
     | FE_RC_23_0                                      | A v -> Y ^    | sky130_fd_sc_hd__nand3_1   | 0.066 |   9.800 |    9.750 | 
     | result_r_reg[7]                                 | D ^           | sky130_fd_sc_hd__dfrtp_1   | 0.000 |   9.801 |    9.750 | 
     +---------------------------------------------------------------------------------------------------------------------------+ 
     Clock Rise Edge                      0.000
     = Beginpoint Arrival Time            0.000
     Other End Path:
     +--------------------------------------------------------------------------------------------+ 
     |      Instance       |    Arc     |            Cell            | Delay | Arrival | Required | 
     |                     |            |                            |       |  Time   |   Time   | 
     |---------------------+------------+----------------------------+-------+---------+----------| 
     |                     | clk ^      |                            |       |   0.000 |    0.051 | 
     | CTS_ccl_a_inv_00003 | A ^ -> Y v | sky130_fd_sc_hd__clkinv_16 | 0.539 |   0.539 |    0.590 | 
     | CTS_ccl_a_inv_00002 | A v -> Y ^ | sky130_fd_sc_hd__clkinv_16 | 0.172 |   0.711 |    0.762 | 
     | result_r_reg[7]     | CLK ^      | sky130_fd_sc_hd__dfrtp_1   | 0.003 |   0.714 |    0.764 | 
     +--------------------------------------------------------------------------------------------+ 
Path 4: VIOLATED Setup Check with Pin result_r_reg[6]/CLK 
Endpoint:   result_r_reg[6]/D (v) checked with  leading edge of 'clk'
Beginpoint: in2_r_reg[1]/Q    (v) triggered by  leading edge of 'clk'
Path Groups: {clk}
Analysis View: VIEW_TYP
Other End Arrival Time          0.714
- Setup                         0.108
+ Phase Shift                   9.090
+ CPPR Adjustment               0.000
= Required Time                 9.696
- Arrival Time                  9.746
= Slack Time                   -0.050
     Clock Rise Edge                      0.000
     + Source Insertion Delay            -0.182
     = Beginpoint Arrival Time           -0.182
     Timing Path:
     +---------------------------------------------------------------------------------------------------------------------------+ 
     |                    Instance                     |      Arc      |            Cell            | Delay | Arrival | Required | 
     |                                                 |               |                            |       |  Time   |   Time   | 
     |-------------------------------------------------+---------------+----------------------------+-------+---------+----------| 
     |                                                 | clk ^         |                            |       |  -0.182 |   -0.232 | 
     | CTS_ccl_a_inv_00003                             | A ^ -> Y v    | sky130_fd_sc_hd__clkinv_16 | 0.539 |   0.357 |    0.307 | 
     | CTS_ccl_a_inv_00002                             | A v -> Y ^    | sky130_fd_sc_hd__clkinv_16 | 0.172 |   0.529 |    0.479 | 
     | in2_r_reg[1]                                    | CLK ^ -> Q v  | sky130_fd_sc_hd__sdfrtp_2  | 0.445 |   0.974 |    0.924 | 
     | g126182                                         | A v -> Y ^    | sky130_fd_sc_hd__nor2_2    | 0.119 |   1.093 |    1.042 | 
     | FE_RC_18_0                                      | D ^ -> Y v    | sky130_fd_sc_hd__nand4_1   | 0.112 |   1.204 |    1.154 | 
     | g127069                                         | A v -> Y ^    | sky130_fd_sc_hd__clkinv_1  | 0.090 |   1.294 |    1.244 | 
     | g127071                                         | A ^ -> Y v    | sky130_fd_sc_hd__nand2_2   | 0.049 |   1.343 |    1.293 | 
     | g123115                                         | A v -> Y ^    | sky130_fd_sc_hd__nand2_2   | 0.062 |   1.406 |    1.355 | 
     | g123114                                         | A ^ -> Y v    | sky130_fd_sc_hd__nand2_4   | 0.077 |   1.483 |    1.432 | 
     | g121238                                         | A v -> Y ^    | sky130_fd_sc_hd__nand2_4   | 0.070 |   1.553 |    1.503 | 
     | FE_OCPC986_n_13376                              | A ^ -> X ^    | sky130_fd_sc_hd__buf_4     | 0.134 |   1.687 |    1.637 | 
     | g114444                                         | B ^ -> Y v    | sky130_fd_sc_hd__nand2_1   | 0.070 |   1.757 |    1.706 | 
     | g121062                                         | B v -> Y ^    | sky130_fd_sc_hd__nand3_1   | 0.077 |   1.834 |    1.783 | 
     | g122917                                         | A ^ -> Y v    | sky130_fd_sc_hd__nand2_1   | 0.054 |   1.888 |    1.838 | 
     | g127513                                         | B v -> Y ^    | sky130_fd_sc_hd__nand2_1   | 0.076 |   1.964 |    1.914 | 
     | g122914                                         | A ^ -> Y v    | sky130_fd_sc_hd__nand2_2   | 0.080 |   2.045 |    1.994 | 
     | g34_0                                           | B1 v -> X v   | sky130_fd_sc_hd__a21o_4    | 0.230 |   2.274 |    2.224 | 
     | FE_PSC1574_n_13608                              | A v -> X v    | sky130_fd_sc_hd__buf_6     | 0.142 |   2.416 |    2.366 | 
     | g126020                                         | B v -> Y ^    | sky130_fd_sc_hd__nand2_1   | 0.076 |   2.492 |    2.442 | 
     | g114128                                         | B1 ^ -> Y v   | sky130_fd_sc_hd__o21ai_2   | 0.063 |   2.555 |    2.505 | 
     | g124801                                         | A v -> Y ^    | sky130_fd_sc_hd__nand2_1   | 0.055 |   2.610 |    2.560 | 
     | g120724                                         | B ^ -> Y v    | sky130_fd_sc_hd__nand2b_1  | 0.086 |   2.697 |    2.646 | 
     | g127704                                         | A v -> Y ^    | sky130_fd_sc_hd__nand2_1   | 0.086 |   2.783 |    2.733 | 
     | g128706                                         | A ^ -> Y v    | sky130_fd_sc_hd__nand3_2   | 0.085 |   2.868 |    2.817 | 
     | FE_OFC901_n_22077                               | A v -> X v    | sky130_fd_sc_hd__buf_12    | 0.160 |   3.028 |    2.977 | 
     | FE_PSC1675_FE_DBTN40_n_22077                    | A v -> X v    | sky130_fd_sc_hd__buf_6     | 0.146 |   3.174 |    3.123 | 
     | FE_OCPC1584_FE_DBTN40_n_22077                   | A v -> Y ^    | sky130_fd_sc_hd__inv_8     | 0.071 |   3.244 |    3.194 | 
     | FE_OCPC1585_FE_DBTN40_n_22077                   | A ^ -> Y v    | sky130_fd_sc_hd__inv_12    | 0.051 |   3.295 |    3.245 | 
     | g125546                                         | A v -> Y ^    | sky130_fd_sc_hd__nand2_2   | 0.169 |   3.464 |    3.414 | 
     | FE_OFC1159_n_18291                              | A ^ -> X ^    | sky130_fd_sc_hd__buf_6     | 0.233 |   3.697 |    3.647 | 
     | g111298                                         | A_N ^ -> Y ^  | sky130_fd_sc_hd__nand2b_4  | 0.401 |   4.099 |    4.049 | 
     | FE_OFC189_n_3940                                | A ^ -> Y v    | sky130_fd_sc_hd__inv_6     | 0.064 |   4.163 |    4.113 | 
     | g110839                                         | A v -> Y ^    | sky130_fd_sc_hd__nand2_2   | 0.082 |   4.245 |    4.194 | 
     | g110345__1666                                   | B ^ -> Y v    | sky130_fd_sc_hd__nor2_1    | 0.063 |   4.307 |    4.257 | 
     | g110257__2883                                   | B v -> Y ^    | sky130_fd_sc_hd__nor2_2    | 0.151 |   4.459 |    4.408 | 
     | g109835__5477                                   | A ^ -> Y v    | sky130_fd_sc_hd__nand4_1   | 0.180 |   4.638 |    4.588 | 
     | g109792__8246                                   | B v -> Y ^    | sky130_fd_sc_hd__nor2_2    | 0.134 |   4.773 |    4.722 | 
     | FE_RC_99_0                                      | A ^ -> Y v    | sky130_fd_sc_hd__nand3_1   | 0.139 |   4.912 |    4.862 | 
     | g124245                                         | A v -> Y ^    | sky130_fd_sc_hd__nand2_2   | 0.102 |   5.014 |    4.964 | 
     | FE_RC_108_0                                     | C ^ -> Y v    | sky130_fd_sc_hd__nand3_4   | 0.305 |   5.319 |    5.269 | 
     | FE_OFC470_n_18654                               | A v -> Y ^    | sky130_fd_sc_hd__clkinv_8  | 0.125 |   5.444 |    5.394 | 
     | FE_PSBC1595_FE_DBTN48_n_18654                   | A ^ -> Y v    | sky130_fd_sc_hd__inv_12    | 0.070 |   5.514 |    5.464 | 
     | alu_inst_muldiv_inst_mul_349_24_g10108          | B v -> Y ^    | sky130_fd_sc_hd__nand2_4   | 0.068 |   5.582 |    5.532 | 
     | g123520                                         | B ^ -> Y v    | sky130_fd_sc_hd__nand2_4   | 0.063 |   5.646 |    5.596 | 
     | FE_OFC63_n_16054                                | A v -> Y ^    | sky130_fd_sc_hd__inv_8     | 0.081 |   5.727 |    5.677 | 
     | g125128                                         | A ^ -> Y v    | sky130_fd_sc_hd__nand2_8   | 0.064 |   5.791 |    5.741 | 
     | FE_OFC1090_n_17781                              | A v -> Y ^    | sky130_fd_sc_hd__inv_4     | 0.093 |   5.885 |    5.834 | 
     | alu_inst_muldiv_inst_mul_349_24_g9758           | A ^ -> Y v    | sky130_fd_sc_hd__nand2_1   | 0.054 |   5.939 |    5.888 | 
     | alu_inst_muldiv_inst_mul_349_24_g9723           | A v -> Y ^    | sky130_fd_sc_hd__nand2_1   | 0.077 |   6.016 |    5.966 | 
     | FE_OFC525_alu_inst_muldiv_inst_mul_349_24_n_618 | A ^ -> Y v    | sky130_fd_sc_hd__inv_2     | 0.051 |   6.067 |    6.017 | 
     | g492                                            | B2 v -> Y ^   | sky130_fd_sc_hd__o2bb2ai_1 | 0.185 |   6.252 |    6.201 | 
     | g127547                                         | A1_N ^ -> Y ^ | sky130_fd_sc_hd__o2bb2ai_1 | 0.160 |   6.412 |    6.361 | 
     | g122576                                         | A ^ -> Y v    | sky130_fd_sc_hd__nand2_1   | 0.095 |   6.507 |    6.457 | 
     | g122577                                         | A1 v -> Y ^   | sky130_fd_sc_hd__a21oi_1   | 0.129 |   6.636 |    6.586 | 
     | g126006                                         | B ^ -> Y v    | sky130_fd_sc_hd__nor2_1    | 0.064 |   6.701 |    6.650 | 
     | g126005                                         | A v -> Y ^    | sky130_fd_sc_hd__nand2_2   | 0.081 |   6.782 |    6.732 | 
     | FE_RC_16_0                                      | A ^ -> Y v    | sky130_fd_sc_hd__nand4_2   | 0.104 |   6.886 |    6.836 | 
     | FE_RC_5_0                                       | A v -> Y ^    | sky130_fd_sc_hd__nand3_4   | 0.118 |   7.004 |    6.954 | 
     | FE_RC_12_0                                      | A ^ -> Y v    | sky130_fd_sc_hd__nand3_4   | 0.096 |   7.100 |    7.050 | 
     | FE_RC_105_0                                     | C v -> Y ^    | sky130_fd_sc_hd__nand3_2   | 0.103 |   7.204 |    7.153 | 
     | g119435                                         | A ^ -> Y v    | sky130_fd_sc_hd__nand2_4   | 0.073 |   7.276 |    7.226 | 
     | g125512                                         | A v -> Y ^    | sky130_fd_sc_hd__nand2_4   | 0.075 |   7.351 |    7.301 | 
     | g125516                                         | A ^ -> Y v    | sky130_fd_sc_hd__nand2_2   | 0.052 |   7.403 |    7.353 | 
     | FE_RC_11_0                                      | A v -> Y ^    | sky130_fd_sc_hd__nand3_2   | 0.092 |   7.495 |    7.445 | 
     | g108191                                         | A ^ -> Y v    | sky130_fd_sc_hd__nand2_2   | 0.071 |   7.566 |    7.516 | 
     | g126298                                         | A v -> Y ^    | sky130_fd_sc_hd__nand2_4   | 0.070 |   7.636 |    7.586 | 
     | g126297_dup                                     | A ^ -> Y v    | sky130_fd_sc_hd__nand2_2   | 0.067 |   7.703 |    7.652 | 
     | fopt120328                                      | A v -> Y ^    | sky130_fd_sc_hd__inv_2     | 0.067 |   7.770 |    7.719 | 
     | g125466                                         | A ^ -> Y v    | sky130_fd_sc_hd__nand2_4   | 0.058 |   7.828 |    7.778 | 
     | g125556                                         | B v -> Y ^    | sky130_fd_sc_hd__nand2_4   | 0.123 |   7.951 |    7.901 | 
     | g116724                                         | A ^ -> X ^    | sky130_fd_sc_hd__and2_4    | 0.216 |   8.167 |    8.117 | 
     | g107658                                         | A ^ -> Y v    | sky130_fd_sc_hd__nand2_1   | 0.060 |   8.227 |    8.177 | 
     | g107639                                         | B v -> Y ^    | sky130_fd_sc_hd__nand2_1   | 0.089 |   8.317 |    8.266 | 
     | g116311                                         | B1 ^ -> Y v   | sky130_fd_sc_hd__a21oi_2   | 0.046 |   8.363 |    8.312 | 
     | g116313                                         | A2 v -> Y ^   | sky130_fd_sc_hd__o21ai_1   | 0.262 |   8.624 |    8.574 | 
     | FE_OFC1339_n_6970                               | A ^ -> Y v    | sky130_fd_sc_hd__inv_2     | 0.056 |   8.681 |    8.630 | 
     | g120139                                         | A v -> Y ^    | sky130_fd_sc_hd__nand2_2   | 0.092 |   8.773 |    8.723 | 
     | g125908                                         | C ^ -> Y v    | sky130_fd_sc_hd__nand3_2   | 0.092 |   8.865 |    8.814 | 
     | g127819                                         | A v -> Y ^    | sky130_fd_sc_hd__nand2_2   | 0.070 |   8.935 |    8.885 | 
     | g127818                                         | A ^ -> Y v    | sky130_fd_sc_hd__inv_2     | 0.059 |   8.994 |    8.943 | 
     | g127823                                         | A v -> Y ^    | sky130_fd_sc_hd__nand2_4   | 0.068 |   9.061 |    9.011 | 
     | g127821                                         | B ^ -> Y v    | sky130_fd_sc_hd__nor2_1    | 0.050 |   9.111 |    9.061 | 
     | g127820                                         | B v -> Y ^    | sky130_fd_sc_hd__nand2_2   | 0.102 |   9.213 |    9.163 | 
     | FE_OFC1055_n_21131                              | A ^ -> Y v    | sky130_fd_sc_hd__clkinv_2  | 0.075 |   9.288 |    9.237 | 
     | g128352                                         | A v -> Y ^    | sky130_fd_sc_hd__nand2_2   | 0.074 |   9.362 |    9.312 | 
     | FE_OFC1054_n_21719                              | A ^ -> Y v    | sky130_fd_sc_hd__inv_4     | 0.054 |   9.416 |    9.366 | 
     | g127999                                         | A v -> Y ^    | sky130_fd_sc_hd__nand3_1   | 0.077 |   9.493 |    9.443 | 
     | FE_RC_21_0                                      | A ^ -> Y v    | sky130_fd_sc_hd__nand2_2   | 0.069 |   9.562 |    9.512 | 
     | g127634                                         | A v -> Y ^    | sky130_fd_sc_hd__nor2_2    | 0.119 |   9.681 |    9.631 | 
     | g105861                                         | B2 ^ -> Y v   | sky130_fd_sc_hd__o2bb2ai_1 | 0.065 |   9.746 |    9.696 | 
     | result_r_reg[6]                                 | D v           | sky130_fd_sc_hd__dfrtp_1   | 0.000 |   9.746 |    9.696 | 
     +---------------------------------------------------------------------------------------------------------------------------+ 
     Clock Rise Edge                      0.000
     = Beginpoint Arrival Time            0.000
     Other End Path:
     +--------------------------------------------------------------------------------------------+ 
     |      Instance       |    Arc     |            Cell            | Delay | Arrival | Required | 
     |                     |            |                            |       |  Time   |   Time   | 
     |---------------------+------------+----------------------------+-------+---------+----------| 
     |                     | clk ^      |                            |       |   0.000 |    0.050 | 
     | CTS_ccl_a_inv_00003 | A ^ -> Y v | sky130_fd_sc_hd__clkinv_16 | 0.539 |   0.539 |    0.589 | 
     | CTS_ccl_a_inv_00002 | A v -> Y ^ | sky130_fd_sc_hd__clkinv_16 | 0.172 |   0.711 |    0.761 | 
     | result_r_reg[6]     | CLK ^      | sky130_fd_sc_hd__dfrtp_1   | 0.003 |   0.714 |    0.764 | 
     +--------------------------------------------------------------------------------------------+ 
Path 5: VIOLATED Setup Check with Pin result_r_reg[9]/CLK 
Endpoint:   result_r_reg[9]/D (v) checked with  leading edge of 'clk'
Beginpoint: in2_r_reg[1]/Q    (v) triggered by  leading edge of 'clk'
Path Groups: {clk}
Analysis View: VIEW_TYP
Other End Arrival Time          0.714
- Setup                         0.095
+ Phase Shift                   9.090
+ CPPR Adjustment               0.000
= Required Time                 9.709
- Arrival Time                  9.758
= Slack Time                   -0.049
     Clock Rise Edge                      0.000
     + Source Insertion Delay            -0.182
     = Beginpoint Arrival Time           -0.182
     Timing Path:
     +------------------------------------------------------------------------------------------------------------------+ 
     |                Instance                |      Arc      |            Cell            | Delay | Arrival | Required | 
     |                                        |               |                            |       |  Time   |   Time   | 
     |----------------------------------------+---------------+----------------------------+-------+---------+----------| 
     |                                        | clk ^         |                            |       |  -0.182 |   -0.231 | 
     | CTS_ccl_a_inv_00003                    | A ^ -> Y v    | sky130_fd_sc_hd__clkinv_16 | 0.539 |   0.357 |    0.308 | 
     | CTS_ccl_a_inv_00002                    | A v -> Y ^    | sky130_fd_sc_hd__clkinv_16 | 0.172 |   0.529 |    0.480 | 
     | in2_r_reg[1]                           | CLK ^ -> Q v  | sky130_fd_sc_hd__sdfrtp_2  | 0.445 |   0.974 |    0.925 | 
     | g126182                                | A v -> Y ^    | sky130_fd_sc_hd__nor2_2    | 0.119 |   1.093 |    1.044 | 
     | FE_RC_18_0                             | D ^ -> Y v    | sky130_fd_sc_hd__nand4_1   | 0.112 |   1.204 |    1.155 | 
     | g127069                                | A v -> Y ^    | sky130_fd_sc_hd__clkinv_1  | 0.090 |   1.294 |    1.245 | 
     | g127071                                | A ^ -> Y v    | sky130_fd_sc_hd__nand2_2   | 0.049 |   1.343 |    1.294 | 
     | g123115                                | A v -> Y ^    | sky130_fd_sc_hd__nand2_2   | 0.062 |   1.406 |    1.357 | 
     | g123114                                | A ^ -> Y v    | sky130_fd_sc_hd__nand2_4   | 0.077 |   1.483 |    1.434 | 
     | g121238                                | A v -> Y ^    | sky130_fd_sc_hd__nand2_4   | 0.070 |   1.553 |    1.504 | 
     | FE_OCPC986_n_13376                     | A ^ -> X ^    | sky130_fd_sc_hd__buf_4     | 0.134 |   1.687 |    1.638 | 
     | g114444                                | B ^ -> Y v    | sky130_fd_sc_hd__nand2_1   | 0.070 |   1.757 |    1.708 | 
     | g121062                                | B v -> Y ^    | sky130_fd_sc_hd__nand3_1   | 0.077 |   1.834 |    1.785 | 
     | g122917                                | A ^ -> Y v    | sky130_fd_sc_hd__nand2_1   | 0.054 |   1.888 |    1.839 | 
     | g127513                                | B v -> Y ^    | sky130_fd_sc_hd__nand2_1   | 0.076 |   1.964 |    1.915 | 
     | g122914                                | A ^ -> Y v    | sky130_fd_sc_hd__nand2_2   | 0.080 |   2.045 |    1.996 | 
     | g34_0                                  | B1 v -> X v   | sky130_fd_sc_hd__a21o_4    | 0.230 |   2.274 |    2.225 | 
     | FE_PSC1574_n_13608                     | A v -> X v    | sky130_fd_sc_hd__buf_6     | 0.142 |   2.416 |    2.367 | 
     | g126020                                | B v -> Y ^    | sky130_fd_sc_hd__nand2_1   | 0.076 |   2.492 |    2.443 | 
     | g114128                                | B1 ^ -> Y v   | sky130_fd_sc_hd__o21ai_2   | 0.063 |   2.555 |    2.506 | 
     | g124801                                | A v -> Y ^    | sky130_fd_sc_hd__nand2_1   | 0.055 |   2.610 |    2.561 | 
     | g120724                                | B ^ -> Y v    | sky130_fd_sc_hd__nand2b_1  | 0.086 |   2.697 |    2.648 | 
     | g127704                                | A v -> Y ^    | sky130_fd_sc_hd__nand2_1   | 0.086 |   2.783 |    2.734 | 
     | g128706                                | A ^ -> Y v    | sky130_fd_sc_hd__nand3_2   | 0.085 |   2.868 |    2.819 | 
     | FE_OFC901_n_22077                      | A v -> X v    | sky130_fd_sc_hd__buf_12    | 0.160 |   3.028 |    2.979 | 
     | FE_PSC1675_FE_DBTN40_n_22077           | A v -> X v    | sky130_fd_sc_hd__buf_6     | 0.146 |   3.174 |    3.125 | 
     | FE_OCPC1584_FE_DBTN40_n_22077          | A v -> Y ^    | sky130_fd_sc_hd__inv_8     | 0.071 |   3.244 |    3.195 | 
     | FE_OCPC1585_FE_DBTN40_n_22077          | A ^ -> Y v    | sky130_fd_sc_hd__inv_12    | 0.051 |   3.295 |    3.246 | 
     | g125546                                | A v -> Y ^    | sky130_fd_sc_hd__nand2_2   | 0.169 |   3.464 |    3.415 | 
     | FE_OFC1159_n_18291                     | A ^ -> X ^    | sky130_fd_sc_hd__buf_6     | 0.233 |   3.697 |    3.648 | 
     | g111298                                | A_N ^ -> Y ^  | sky130_fd_sc_hd__nand2b_4  | 0.401 |   4.099 |    4.050 | 
     | FE_OFC189_n_3940                       | A ^ -> Y v    | sky130_fd_sc_hd__inv_6     | 0.064 |   4.163 |    4.114 | 
     | g110839                                | A v -> Y ^    | sky130_fd_sc_hd__nand2_2   | 0.082 |   4.245 |    4.196 | 
     | g110345__1666                          | B ^ -> Y v    | sky130_fd_sc_hd__nor2_1    | 0.063 |   4.307 |    4.258 | 
     | g110257__2883                          | B v -> Y ^    | sky130_fd_sc_hd__nor2_2    | 0.151 |   4.459 |    4.410 | 
     | g109835__5477                          | A ^ -> Y v    | sky130_fd_sc_hd__nand4_1   | 0.180 |   4.638 |    4.589 | 
     | g109792__8246                          | B v -> Y ^    | sky130_fd_sc_hd__nor2_2    | 0.134 |   4.773 |    4.724 | 
     | FE_RC_99_0                             | A ^ -> Y v    | sky130_fd_sc_hd__nand3_1   | 0.139 |   4.912 |    4.863 | 
     | g124245                                | A v -> Y ^    | sky130_fd_sc_hd__nand2_2   | 0.102 |   5.014 |    4.965 | 
     | FE_RC_108_0                            | C ^ -> Y v    | sky130_fd_sc_hd__nand3_4   | 0.305 |   5.319 |    5.270 | 
     | FE_OFC470_n_18654                      | A v -> Y ^    | sky130_fd_sc_hd__clkinv_8  | 0.125 |   5.444 |    5.395 | 
     | FE_PSBC1595_FE_DBTN48_n_18654          | A ^ -> Y v    | sky130_fd_sc_hd__inv_12    | 0.070 |   5.514 |    5.465 | 
     | alu_inst_muldiv_inst_mul_349_24_g10108 | B v -> Y ^    | sky130_fd_sc_hd__nand2_4   | 0.068 |   5.582 |    5.533 | 
     | g123520                                | B ^ -> Y v    | sky130_fd_sc_hd__nand2_4   | 0.063 |   5.646 |    5.597 | 
     | FE_OFC63_n_16054                       | A v -> Y ^    | sky130_fd_sc_hd__inv_8     | 0.081 |   5.727 |    5.678 | 
     | FE_OFC64_n_16054                       | A ^ -> Y v    | sky130_fd_sc_hd__inv_4     | 0.072 |   5.799 |    5.750 | 
     | alu_inst_muldiv_inst_mul_349_24_g9859  | A v -> Y ^    | sky130_fd_sc_hd__nand2_1   | 0.058 |   5.857 |    5.808 | 
     | g128628                                | B1_N ^ -> X v | sky130_fd_sc_hd__a21bo_2   | 0.245 |   6.102 |    6.053 | 
     | alu_inst_muldiv_inst_mul_349_24_g9464  | A2 v -> Y ^   | sky130_fd_sc_hd__o21ai_2   | 0.128 |   6.230 |    6.181 | 
     | g124                                   | A ^ -> Y v    | sky130_fd_sc_hd__nand2_1   | 0.085 |   6.316 |    6.267 | 
     | g381                                   | A v -> Y ^    | sky130_fd_sc_hd__nand2_1   | 0.078 |   6.393 |    6.344 | 
     | g122529                                | A ^ -> Y v    | sky130_fd_sc_hd__nand2_1   | 0.052 |   6.445 |    6.396 | 
     | g122528                                | B v -> Y ^    | sky130_fd_sc_hd__nand2b_1  | 0.078 |   6.523 |    6.474 | 
     | g124225                                | A ^ -> Y v    | sky130_fd_sc_hd__nand2_2   | 0.057 |   6.580 |    6.531 | 
     | g124224                                | A v -> Y ^    | sky130_fd_sc_hd__inv_1     | 0.060 |   6.640 |    6.591 | 
     | g124222                                | B ^ -> Y v    | sky130_fd_sc_hd__nand2_2   | 0.059 |   6.700 |    6.651 | 
     | g287                                   | B v -> Y ^    | sky130_fd_sc_hd__nand3_2   | 0.071 |   6.771 |    6.722 | 
     | alu_inst_muldiv_inst_mul_349_24_g9021  | A ^ -> Y v    | sky130_fd_sc_hd__nand2_2   | 0.047 |   6.818 |    6.769 | 
     | g120873                                | A v -> Y ^    | sky130_fd_sc_hd__nand2_2   | 0.066 |   6.884 |    6.835 | 
     | FE_RC_5_0                              | B ^ -> Y v    | sky130_fd_sc_hd__nand3_4   | 0.111 |   6.995 |    6.946 | 
     | FE_RC_12_0                             | A v -> Y ^    | sky130_fd_sc_hd__nand3_4   | 0.100 |   7.095 |    7.046 | 
     | FE_RC_105_0                            | C ^ -> Y v    | sky130_fd_sc_hd__nand3_2   | 0.100 |   7.195 |    7.146 | 
     | g119435                                | A v -> Y ^    | sky130_fd_sc_hd__nand2_4   | 0.101 |   7.296 |    7.247 | 
     | g125512                                | A ^ -> Y v    | sky130_fd_sc_hd__nand2_4   | 0.063 |   7.359 |    7.310 | 
     | g125516                                | A v -> Y ^    | sky130_fd_sc_hd__nand2_2   | 0.058 |   7.417 |    7.368 | 
     | FE_RC_11_0                             | A ^ -> Y v    | sky130_fd_sc_hd__nand3_2   | 0.073 |   7.490 |    7.441 | 
     | g108191                                | A v -> Y ^    | sky130_fd_sc_hd__nand2_2   | 0.089 |   7.579 |    7.530 | 
     | g126298                                | A ^ -> Y v    | sky130_fd_sc_hd__nand2_4   | 0.059 |   7.638 |    7.589 | 
     | g126297                                | A v -> Y ^    | sky130_fd_sc_hd__nand2_2   | 0.056 |   7.693 |    7.644 | 
     | g126296                                | A ^ -> Y v    | sky130_fd_sc_hd__nand2_2   | 0.047 |   7.740 |    7.691 | 
     | g134                                   | A v -> Y ^    | sky130_fd_sc_hd__nand2_2   | 0.074 |   7.814 |    7.765 | 
     | g120067                                | A ^ -> Y v    | sky130_fd_sc_hd__nand2_2   | 0.062 |   7.875 |    7.826 | 
     | g126773                                | A v -> Y ^    | sky130_fd_sc_hd__nand2_2   | 0.067 |   7.943 |    7.894 | 
     | g126246                                | A ^ -> Y v    | sky130_fd_sc_hd__nand2_2   | 0.062 |   8.005 |    7.956 | 
     | g126245_dup                            | A v -> Y ^    | sky130_fd_sc_hd__nand2_4   | 0.074 |   8.079 |    8.030 | 
     | fopt124279                             | A ^ -> Y v    | sky130_fd_sc_hd__inv_1     | 0.052 |   8.131 |    8.082 | 
     | g126258                                | A v -> Y ^    | sky130_fd_sc_hd__nand2_2   | 0.075 |   8.206 |    8.157 | 
     | g126257                                | A ^ -> Y v    | sky130_fd_sc_hd__nand2_2   | 0.055 |   8.261 |    8.212 | 
     | g127453                                | A v -> Y ^    | sky130_fd_sc_hd__nand2_2   | 0.071 |   8.331 |    8.282 | 
     | g127452                                | A ^ -> Y v    | sky130_fd_sc_hd__nand2_4   | 0.089 |   8.420 |    8.371 | 
     | g125360                                | A v -> Y ^    | sky130_fd_sc_hd__nand2_2   | 0.071 |   8.491 |    8.442 | 
     | FE_OFC1068_n_18029                     | A ^ -> Y v    | sky130_fd_sc_hd__inv_2     | 0.059 |   8.550 |    8.501 | 
     | g123154                                | B v -> Y ^    | sky130_fd_sc_hd__nand2_1   | 0.081 |   8.631 |    8.582 | 
     | g128421                                | A ^ -> X ^    | sky130_fd_sc_hd__and2_4    | 0.135 |   8.767 |    8.718 | 
     | g123730                                | A ^ -> Y v    | sky130_fd_sc_hd__nand3_2   | 0.066 |   8.833 |    8.784 | 
     | FE_OFC1320_n_16273                     | A v -> Y ^    | sky130_fd_sc_hd__clkinv_2  | 0.084 |   8.916 |    8.867 | 
     | g122806                                | B ^ -> Y v    | sky130_fd_sc_hd__nand2b_1  | 0.058 |   8.975 |    8.926 | 
     | g122805                                | A v -> Y ^    | sky130_fd_sc_hd__nor2_1    | 0.122 |   9.096 |    9.047 | 
     | g127820                                | A ^ -> Y v    | sky130_fd_sc_hd__nand2_2   | 0.091 |   9.187 |    9.138 | 
     | g125563                                | C v -> Y ^    | sky130_fd_sc_hd__nor3_1    | 0.223 |   9.410 |    9.361 | 
     | g128684                                | A_N ^ -> Y ^  | sky130_fd_sc_hd__nand3b_1  | 0.174 |   9.584 |    9.535 | 
     | g301                                   | A2 ^ -> X ^   | sky130_fd_sc_hd__a21o_1    | 0.125 |   9.708 |    9.659 | 
     | g299                                   | B ^ -> Y v    | sky130_fd_sc_hd__nand2b_1  | 0.050 |   9.758 |    9.709 | 
     | result_r_reg[9]                        | D v           | sky130_fd_sc_hd__dfrtp_1   | 0.000 |   9.758 |    9.709 | 
     +------------------------------------------------------------------------------------------------------------------+ 
     Clock Rise Edge                      0.000
     = Beginpoint Arrival Time            0.000
     Other End Path:
     +--------------------------------------------------------------------------------------------+ 
     |      Instance       |    Arc     |            Cell            | Delay | Arrival | Required | 
     |                     |            |                            |       |  Time   |   Time   | 
     |---------------------+------------+----------------------------+-------+---------+----------| 
     |                     | clk ^      |                            |       |   0.000 |    0.049 | 
     | CTS_ccl_a_inv_00003 | A ^ -> Y v | sky130_fd_sc_hd__clkinv_16 | 0.539 |   0.539 |    0.588 | 
     | CTS_ccl_a_inv_00002 | A v -> Y ^ | sky130_fd_sc_hd__clkinv_16 | 0.172 |   0.711 |    0.760 | 
     | result_r_reg[9]     | CLK ^      | sky130_fd_sc_hd__dfrtp_1   | 0.003 |   0.714 |    0.763 | 
     +--------------------------------------------------------------------------------------------+ 
Path 6: VIOLATED Setup Check with Pin result_r_reg[10]/CLK 
Endpoint:   result_r_reg[10]/D (v) checked with  leading edge of 'clk'
Beginpoint: in2_r_reg[1]/Q     (v) triggered by  leading edge of 'clk'
Path Groups: {clk}
Analysis View: VIEW_TYP
Other End Arrival Time          0.714
- Setup                         0.097
+ Phase Shift                   9.090
+ CPPR Adjustment               0.000
= Required Time                 9.707
- Arrival Time                  9.749
= Slack Time                   -0.043
     Clock Rise Edge                      0.000
     + Source Insertion Delay            -0.182
     = Beginpoint Arrival Time           -0.182
     Timing Path:
     +------------------------------------------------------------------------------------------------------------------+ 
     |                Instance                |      Arc      |            Cell            | Delay | Arrival | Required | 
     |                                        |               |                            |       |  Time   |   Time   | 
     |----------------------------------------+---------------+----------------------------+-------+---------+----------| 
     |                                        | clk ^         |                            |       |  -0.182 |   -0.225 | 
     | CTS_ccl_a_inv_00003                    | A ^ -> Y v    | sky130_fd_sc_hd__clkinv_16 | 0.539 |   0.357 |    0.314 | 
     | CTS_ccl_a_inv_00002                    | A v -> Y ^    | sky130_fd_sc_hd__clkinv_16 | 0.172 |   0.529 |    0.486 | 
     | in2_r_reg[1]                           | CLK ^ -> Q v  | sky130_fd_sc_hd__sdfrtp_2  | 0.445 |   0.974 |    0.931 | 
     | g126182                                | A v -> Y ^    | sky130_fd_sc_hd__nor2_2    | 0.119 |   1.093 |    1.050 | 
     | FE_RC_18_0                             | D ^ -> Y v    | sky130_fd_sc_hd__nand4_1   | 0.112 |   1.204 |    1.162 | 
     | g127069                                | A v -> Y ^    | sky130_fd_sc_hd__clkinv_1  | 0.090 |   1.294 |    1.251 | 
     | g127071                                | A ^ -> Y v    | sky130_fd_sc_hd__nand2_2   | 0.049 |   1.343 |    1.301 | 
     | g123115                                | A v -> Y ^    | sky130_fd_sc_hd__nand2_2   | 0.062 |   1.406 |    1.363 | 
     | g123114                                | A ^ -> Y v    | sky130_fd_sc_hd__nand2_4   | 0.077 |   1.483 |    1.440 | 
     | g121238                                | A v -> Y ^    | sky130_fd_sc_hd__nand2_4   | 0.070 |   1.553 |    1.510 | 
     | FE_OCPC986_n_13376                     | A ^ -> X ^    | sky130_fd_sc_hd__buf_4     | 0.134 |   1.687 |    1.644 | 
     | g114444                                | B ^ -> Y v    | sky130_fd_sc_hd__nand2_1   | 0.070 |   1.757 |    1.714 | 
     | g121062                                | B v -> Y ^    | sky130_fd_sc_hd__nand3_1   | 0.077 |   1.834 |    1.791 | 
     | g122917                                | A ^ -> Y v    | sky130_fd_sc_hd__nand2_1   | 0.054 |   1.888 |    1.846 | 
     | g127513                                | B v -> Y ^    | sky130_fd_sc_hd__nand2_1   | 0.076 |   1.964 |    1.922 | 
     | g122914                                | A ^ -> Y v    | sky130_fd_sc_hd__nand2_2   | 0.080 |   2.045 |    2.002 | 
     | g34_0                                  | B1 v -> X v   | sky130_fd_sc_hd__a21o_4    | 0.230 |   2.274 |    2.231 | 
     | FE_PSC1574_n_13608                     | A v -> X v    | sky130_fd_sc_hd__buf_6     | 0.142 |   2.416 |    2.373 | 
     | g126020                                | B v -> Y ^    | sky130_fd_sc_hd__nand2_1   | 0.076 |   2.492 |    2.450 | 
     | g114128                                | B1 ^ -> Y v   | sky130_fd_sc_hd__o21ai_2   | 0.063 |   2.555 |    2.512 | 
     | g124801                                | A v -> Y ^    | sky130_fd_sc_hd__nand2_1   | 0.055 |   2.610 |    2.568 | 
     | g120724                                | B ^ -> Y v    | sky130_fd_sc_hd__nand2b_1  | 0.086 |   2.697 |    2.654 | 
     | g127704                                | A v -> Y ^    | sky130_fd_sc_hd__nand2_1   | 0.086 |   2.783 |    2.740 | 
     | g128706                                | A ^ -> Y v    | sky130_fd_sc_hd__nand3_2   | 0.085 |   2.868 |    2.825 | 
     | FE_OFC901_n_22077                      | A v -> X v    | sky130_fd_sc_hd__buf_12    | 0.160 |   3.028 |    2.985 | 
     | FE_PSC1675_FE_DBTN40_n_22077           | A v -> X v    | sky130_fd_sc_hd__buf_6     | 0.146 |   3.174 |    3.131 | 
     | FE_OCPC1584_FE_DBTN40_n_22077          | A v -> Y ^    | sky130_fd_sc_hd__inv_8     | 0.071 |   3.244 |    3.202 | 
     | FE_OCPC1585_FE_DBTN40_n_22077          | A ^ -> Y v    | sky130_fd_sc_hd__inv_12    | 0.051 |   3.295 |    3.252 | 
     | g125546                                | A v -> Y ^    | sky130_fd_sc_hd__nand2_2   | 0.169 |   3.464 |    3.421 | 
     | FE_OFC1159_n_18291                     | A ^ -> X ^    | sky130_fd_sc_hd__buf_6     | 0.233 |   3.697 |    3.655 | 
     | g111298                                | A_N ^ -> Y ^  | sky130_fd_sc_hd__nand2b_4  | 0.401 |   4.099 |    4.056 | 
     | FE_OFC189_n_3940                       | A ^ -> Y v    | sky130_fd_sc_hd__inv_6     | 0.064 |   4.163 |    4.120 | 
     | g110839                                | A v -> Y ^    | sky130_fd_sc_hd__nand2_2   | 0.082 |   4.245 |    4.202 | 
     | g110345__1666                          | B ^ -> Y v    | sky130_fd_sc_hd__nor2_1    | 0.063 |   4.307 |    4.265 | 
     | g110257__2883                          | B v -> Y ^    | sky130_fd_sc_hd__nor2_2    | 0.151 |   4.459 |    4.416 | 
     | g109835__5477                          | A ^ -> Y v    | sky130_fd_sc_hd__nand4_1   | 0.180 |   4.638 |    4.596 | 
     | g109792__8246                          | B v -> Y ^    | sky130_fd_sc_hd__nor2_2    | 0.134 |   4.773 |    4.730 | 
     | FE_RC_99_0                             | A ^ -> Y v    | sky130_fd_sc_hd__nand3_1   | 0.139 |   4.912 |    4.869 | 
     | g124245                                | A v -> Y ^    | sky130_fd_sc_hd__nand2_2   | 0.102 |   5.014 |    4.971 | 
     | FE_RC_108_0                            | C ^ -> Y v    | sky130_fd_sc_hd__nand3_4   | 0.305 |   5.319 |    5.276 | 
     | FE_OFC470_n_18654                      | A v -> Y ^    | sky130_fd_sc_hd__clkinv_8  | 0.125 |   5.444 |    5.402 | 
     | FE_PSBC1595_FE_DBTN48_n_18654          | A ^ -> Y v    | sky130_fd_sc_hd__inv_12    | 0.070 |   5.514 |    5.471 | 
     | alu_inst_muldiv_inst_mul_349_24_g10108 | B v -> Y ^    | sky130_fd_sc_hd__nand2_4   | 0.068 |   5.582 |    5.540 | 
     | g123520                                | B ^ -> Y v    | sky130_fd_sc_hd__nand2_4   | 0.063 |   5.646 |    5.603 | 
     | FE_OFC63_n_16054                       | A v -> Y ^    | sky130_fd_sc_hd__inv_8     | 0.081 |   5.727 |    5.685 | 
     | FE_OFC64_n_16054                       | A ^ -> Y v    | sky130_fd_sc_hd__inv_4     | 0.072 |   5.799 |    5.756 | 
     | alu_inst_muldiv_inst_mul_349_24_g9859  | A v -> Y ^    | sky130_fd_sc_hd__nand2_1   | 0.058 |   5.857 |    5.814 | 
     | g128628                                | B1_N ^ -> X v | sky130_fd_sc_hd__a21bo_2   | 0.245 |   6.102 |    6.060 | 
     | alu_inst_muldiv_inst_mul_349_24_g9464  | A2 v -> Y ^   | sky130_fd_sc_hd__o21ai_2   | 0.128 |   6.230 |    6.188 | 
     | g124                                   | A ^ -> Y v    | sky130_fd_sc_hd__nand2_1   | 0.085 |   6.316 |    6.273 | 
     | g381                                   | A v -> Y ^    | sky130_fd_sc_hd__nand2_1   | 0.078 |   6.393 |    6.351 | 
     | g122529                                | A ^ -> Y v    | sky130_fd_sc_hd__nand2_1   | 0.052 |   6.445 |    6.402 | 
     | g122528                                | B v -> Y ^    | sky130_fd_sc_hd__nand2b_1  | 0.078 |   6.523 |    6.480 | 
     | g124225                                | A ^ -> Y v    | sky130_fd_sc_hd__nand2_2   | 0.057 |   6.580 |    6.537 | 
     | g124224                                | A v -> Y ^    | sky130_fd_sc_hd__inv_1     | 0.060 |   6.640 |    6.598 | 
     | g124222                                | B ^ -> Y v    | sky130_fd_sc_hd__nand2_2   | 0.059 |   6.700 |    6.657 | 
     | g287                                   | B v -> Y ^    | sky130_fd_sc_hd__nand3_2   | 0.071 |   6.771 |    6.728 | 
     | alu_inst_muldiv_inst_mul_349_24_g9021  | A ^ -> Y v    | sky130_fd_sc_hd__nand2_2   | 0.047 |   6.818 |    6.775 | 
     | g120873                                | A v -> Y ^    | sky130_fd_sc_hd__nand2_2   | 0.066 |   6.884 |    6.841 | 
     | FE_RC_5_0                              | B ^ -> Y v    | sky130_fd_sc_hd__nand3_4   | 0.111 |   6.995 |    6.952 | 
     | FE_RC_12_0                             | A v -> Y ^    | sky130_fd_sc_hd__nand3_4   | 0.100 |   7.095 |    7.052 | 
     | FE_RC_105_0                            | C ^ -> Y v    | sky130_fd_sc_hd__nand3_2   | 0.100 |   7.195 |    7.153 | 
     | g119435                                | A v -> Y ^    | sky130_fd_sc_hd__nand2_4   | 0.101 |   7.296 |    7.253 | 
     | g125512                                | A ^ -> Y v    | sky130_fd_sc_hd__nand2_4   | 0.063 |   7.359 |    7.316 | 
     | g125516                                | A v -> Y ^    | sky130_fd_sc_hd__nand2_2   | 0.058 |   7.417 |    7.374 | 
     | FE_RC_11_0                             | A ^ -> Y v    | sky130_fd_sc_hd__nand3_2   | 0.073 |   7.490 |    7.447 | 
     | g108191                                | A v -> Y ^    | sky130_fd_sc_hd__nand2_2   | 0.089 |   7.579 |    7.536 | 
     | g126298                                | A ^ -> Y v    | sky130_fd_sc_hd__nand2_4   | 0.059 |   7.638 |    7.595 | 
     | g126297_dup                            | A v -> Y ^    | sky130_fd_sc_hd__nand2_2   | 0.082 |   7.719 |    7.677 | 
     | fopt120328                             | A ^ -> Y v    | sky130_fd_sc_hd__inv_2     | 0.050 |   7.769 |    7.726 | 
     | g125466                                | A v -> Y ^    | sky130_fd_sc_hd__nand2_4   | 0.073 |   7.842 |    7.799 | 
     | g125556                                | B ^ -> Y v    | sky130_fd_sc_hd__nand2_4   | 0.093 |   7.935 |    7.892 | 
     | g116724                                | A v -> X v    | sky130_fd_sc_hd__and2_4    | 0.191 |   8.126 |    8.084 | 
     | g107650                                | A v -> Y ^    | sky130_fd_sc_hd__nand2_1   | 0.061 |   8.188 |    8.145 | 
     | g126858                                | A ^ -> Y v    | sky130_fd_sc_hd__nand2_1   | 0.085 |   8.273 |    8.230 | 
     | g126857                                | A v -> Y ^    | sky130_fd_sc_hd__nor2_4    | 0.144 |   8.416 |    8.374 | 
     | g109192                                | A_N ^ -> Y ^  | sky130_fd_sc_hd__nand2b_1  | 0.109 |   8.525 |    8.483 | 
     | g124648                                | A ^ -> Y v    | sky130_fd_sc_hd__nand2_1   | 0.081 |   8.606 |    8.563 | 
     | g124647                                | A v -> Y ^    | sky130_fd_sc_hd__nand2_1   | 0.067 |   8.673 |    8.630 | 
     | g123580                                | A ^ -> Y v    | sky130_fd_sc_hd__nand2_1   | 0.054 |   8.727 |    8.684 | 
     | FE_OFC1387_n_16123                     | A v -> Y ^    | sky130_fd_sc_hd__inv_2     | 0.052 |   8.779 |    8.736 | 
     | g125391                                | A ^ -> Y v    | sky130_fd_sc_hd__nand2_1   | 0.078 |   8.857 |    8.815 | 
     | FE_RC_76_0                             | A v -> Y ^    | sky130_fd_sc_hd__inv_4     | 0.103 |   8.961 |    8.918 | 
     | g125571                                | A ^ -> Y v    | sky130_fd_sc_hd__nand2_1   | 0.071 |   9.032 |    8.990 | 
     | g128546                                | A v -> Y ^    | sky130_fd_sc_hd__nor2b_2   | 0.186 |   9.218 |    9.175 | 
     | g128352                                | B ^ -> Y v    | sky130_fd_sc_hd__nand2_2   | 0.092 |   9.310 |    9.268 | 
     | FE_OFC1054_n_21719                     | A v -> Y ^    | sky130_fd_sc_hd__inv_4     | 0.087 |   9.397 |    9.354 | 
     | g125572                                | A ^ -> Y v    | sky130_fd_sc_hd__nand2_2   | 0.053 |   9.450 |    9.407 | 
     | g125169                                | A v -> Y ^    | sky130_fd_sc_hd__nand3_2   | 0.053 |   9.503 |    9.460 | 
     | g123438                                | A ^ -> Y v    | sky130_fd_sc_hd__nand3_2   | 0.080 |   9.583 |    9.540 | 
     | g127238                                | A v -> Y ^    | sky130_fd_sc_hd__nand2_2   | 0.091 |   9.674 |    9.632 | 
     | g127235                                | B ^ -> Y v    | sky130_fd_sc_hd__nand3_2   | 0.075 |   9.749 |    9.707 | 
     | result_r_reg[10]                       | D v           | sky130_fd_sc_hd__dfrtp_1   | 0.000 |   9.749 |    9.707 | 
     +------------------------------------------------------------------------------------------------------------------+ 
     Clock Rise Edge                      0.000
     = Beginpoint Arrival Time            0.000
     Other End Path:
     +--------------------------------------------------------------------------------------------+ 
     |      Instance       |    Arc     |            Cell            | Delay | Arrival | Required | 
     |                     |            |                            |       |  Time   |   Time   | 
     |---------------------+------------+----------------------------+-------+---------+----------| 
     |                     | clk ^      |                            |       |   0.000 |    0.043 | 
     | CTS_ccl_a_inv_00003 | A ^ -> Y v | sky130_fd_sc_hd__clkinv_16 | 0.539 |   0.539 |    0.582 | 
     | CTS_ccl_a_inv_00002 | A v -> Y ^ | sky130_fd_sc_hd__clkinv_16 | 0.172 |   0.711 |    0.754 | 
     | result_r_reg[10]    | CLK ^      | sky130_fd_sc_hd__dfrtp_1   | 0.003 |   0.714 |    0.756 | 
     +--------------------------------------------------------------------------------------------+ 
Path 7: VIOLATED Setup Check with Pin result_r_reg[11]/CLK 
Endpoint:   result_r_reg[11]/D (v) checked with  leading edge of 'clk'
Beginpoint: in2_r_reg[1]/Q     (v) triggered by  leading edge of 'clk'
Path Groups: {clk}
Analysis View: VIEW_TYP
Other End Arrival Time          0.714
- Setup                         0.097
+ Phase Shift                   9.090
+ CPPR Adjustment               0.000
= Required Time                 9.707
- Arrival Time                  9.745
= Slack Time                   -0.038
     Clock Rise Edge                      0.000
     + Source Insertion Delay            -0.182
     = Beginpoint Arrival Time           -0.182
     Timing Path:
     +---------------------------------------------------------------------------------------------------------------------------+ 
     |                    Instance                     |      Arc      |            Cell            | Delay | Arrival | Required | 
     |                                                 |               |                            |       |  Time   |   Time   | 
     |-------------------------------------------------+---------------+----------------------------+-------+---------+----------| 
     |                                                 | clk ^         |                            |       |  -0.182 |   -0.220 | 
     | CTS_ccl_a_inv_00003                             | A ^ -> Y v    | sky130_fd_sc_hd__clkinv_16 | 0.539 |   0.357 |    0.319 | 
     | CTS_ccl_a_inv_00002                             | A v -> Y ^    | sky130_fd_sc_hd__clkinv_16 | 0.172 |   0.529 |    0.491 | 
     | in2_r_reg[1]                                    | CLK ^ -> Q v  | sky130_fd_sc_hd__sdfrtp_2  | 0.445 |   0.974 |    0.936 | 
     | g126182                                         | A v -> Y ^    | sky130_fd_sc_hd__nor2_2    | 0.119 |   1.093 |    1.054 | 
     | FE_RC_18_0                                      | D ^ -> Y v    | sky130_fd_sc_hd__nand4_1   | 0.112 |   1.204 |    1.166 | 
     | g127069                                         | A v -> Y ^    | sky130_fd_sc_hd__clkinv_1  | 0.090 |   1.294 |    1.256 | 
     | g127071                                         | A ^ -> Y v    | sky130_fd_sc_hd__nand2_2   | 0.049 |   1.343 |    1.305 | 
     | g123115                                         | A v -> Y ^    | sky130_fd_sc_hd__nand2_2   | 0.062 |   1.406 |    1.367 | 
     | g123114                                         | A ^ -> Y v    | sky130_fd_sc_hd__nand2_4   | 0.077 |   1.483 |    1.444 | 
     | g121238                                         | A v -> Y ^    | sky130_fd_sc_hd__nand2_4   | 0.070 |   1.553 |    1.515 | 
     | FE_OCPC986_n_13376                              | A ^ -> X ^    | sky130_fd_sc_hd__buf_4     | 0.134 |   1.687 |    1.649 | 
     | g114444                                         | B ^ -> Y v    | sky130_fd_sc_hd__nand2_1   | 0.070 |   1.757 |    1.718 | 
     | g121062                                         | B v -> Y ^    | sky130_fd_sc_hd__nand3_1   | 0.077 |   1.834 |    1.795 | 
     | g122917                                         | A ^ -> Y v    | sky130_fd_sc_hd__nand2_1   | 0.054 |   1.888 |    1.850 | 
     | g127513                                         | B v -> Y ^    | sky130_fd_sc_hd__nand2_1   | 0.076 |   1.964 |    1.926 | 
     | g122914                                         | A ^ -> Y v    | sky130_fd_sc_hd__nand2_2   | 0.080 |   2.045 |    2.006 | 
     | g34_0                                           | B1 v -> X v   | sky130_fd_sc_hd__a21o_4    | 0.230 |   2.274 |    2.236 | 
     | FE_PSC1574_n_13608                              | A v -> X v    | sky130_fd_sc_hd__buf_6     | 0.142 |   2.416 |    2.378 | 
     | g126020                                         | B v -> Y ^    | sky130_fd_sc_hd__nand2_1   | 0.076 |   2.492 |    2.454 | 
     | g114128                                         | B1 ^ -> Y v   | sky130_fd_sc_hd__o21ai_2   | 0.063 |   2.555 |    2.517 | 
     | g124801                                         | A v -> Y ^    | sky130_fd_sc_hd__nand2_1   | 0.055 |   2.610 |    2.572 | 
     | g120724                                         | B ^ -> Y v    | sky130_fd_sc_hd__nand2b_1  | 0.086 |   2.697 |    2.658 | 
     | g127704                                         | A v -> Y ^    | sky130_fd_sc_hd__nand2_1   | 0.086 |   2.783 |    2.745 | 
     | g128706                                         | A ^ -> Y v    | sky130_fd_sc_hd__nand3_2   | 0.085 |   2.868 |    2.829 | 
     | FE_OFC901_n_22077                               | A v -> X v    | sky130_fd_sc_hd__buf_12    | 0.160 |   3.028 |    2.989 | 
     | FE_PSC1675_FE_DBTN40_n_22077                    | A v -> X v    | sky130_fd_sc_hd__buf_6     | 0.146 |   3.174 |    3.135 | 
     | FE_OCPC1584_FE_DBTN40_n_22077                   | A v -> Y ^    | sky130_fd_sc_hd__inv_8     | 0.071 |   3.244 |    3.206 | 
     | FE_OCPC1585_FE_DBTN40_n_22077                   | A ^ -> Y v    | sky130_fd_sc_hd__inv_12    | 0.051 |   3.295 |    3.257 | 
     | g125546                                         | A v -> Y ^    | sky130_fd_sc_hd__nand2_2   | 0.169 |   3.464 |    3.426 | 
     | FE_OFC1159_n_18291                              | A ^ -> X ^    | sky130_fd_sc_hd__buf_6     | 0.233 |   3.697 |    3.659 | 
     | g111298                                         | A_N ^ -> Y ^  | sky130_fd_sc_hd__nand2b_4  | 0.401 |   4.099 |    4.061 | 
     | FE_OFC189_n_3940                                | A ^ -> Y v    | sky130_fd_sc_hd__inv_6     | 0.064 |   4.163 |    4.125 | 
     | g110839                                         | A v -> Y ^    | sky130_fd_sc_hd__nand2_2   | 0.082 |   4.245 |    4.206 | 
     | g110345__1666                                   | B ^ -> Y v    | sky130_fd_sc_hd__nor2_1    | 0.063 |   4.307 |    4.269 | 
     | g110257__2883                                   | B v -> Y ^    | sky130_fd_sc_hd__nor2_2    | 0.151 |   4.459 |    4.420 | 
     | g109835__5477                                   | A ^ -> Y v    | sky130_fd_sc_hd__nand4_1   | 0.180 |   4.638 |    4.600 | 
     | g109792__8246                                   | B v -> Y ^    | sky130_fd_sc_hd__nor2_2    | 0.134 |   4.773 |    4.734 | 
     | FE_RC_99_0                                      | A ^ -> Y v    | sky130_fd_sc_hd__nand3_1   | 0.139 |   4.912 |    4.874 | 
     | g124245                                         | A v -> Y ^    | sky130_fd_sc_hd__nand2_2   | 0.102 |   5.014 |    4.976 | 
     | FE_RC_108_0                                     | C ^ -> Y v    | sky130_fd_sc_hd__nand3_4   | 0.305 |   5.319 |    5.281 | 
     | FE_OFC470_n_18654                               | A v -> Y ^    | sky130_fd_sc_hd__clkinv_8  | 0.125 |   5.444 |    5.406 | 
     | FE_PSBC1595_FE_DBTN48_n_18654                   | A ^ -> Y v    | sky130_fd_sc_hd__inv_12    | 0.070 |   5.514 |    5.476 | 
     | alu_inst_muldiv_inst_mul_349_24_g10108          | B v -> Y ^    | sky130_fd_sc_hd__nand2_4   | 0.068 |   5.582 |    5.544 | 
     | g123520                                         | B ^ -> Y v    | sky130_fd_sc_hd__nand2_4   | 0.063 |   5.646 |    5.608 | 
     | FE_OFC63_n_16054                                | A v -> Y ^    | sky130_fd_sc_hd__inv_8     | 0.081 |   5.727 |    5.689 | 
     | g125128                                         | A ^ -> Y v    | sky130_fd_sc_hd__nand2_8   | 0.064 |   5.791 |    5.753 | 
     | FE_OFC1090_n_17781                              | A v -> Y ^    | sky130_fd_sc_hd__inv_4     | 0.093 |   5.885 |    5.846 | 
     | alu_inst_muldiv_inst_mul_349_24_g9758           | A ^ -> Y v    | sky130_fd_sc_hd__nand2_1   | 0.054 |   5.939 |    5.900 | 
     | alu_inst_muldiv_inst_mul_349_24_g9723           | A v -> Y ^    | sky130_fd_sc_hd__nand2_1   | 0.077 |   6.016 |    5.978 | 
     | FE_OFC525_alu_inst_muldiv_inst_mul_349_24_n_618 | A ^ -> Y v    | sky130_fd_sc_hd__inv_2     | 0.051 |   6.067 |    6.029 | 
     | g492                                            | B2 v -> Y ^   | sky130_fd_sc_hd__o2bb2ai_1 | 0.185 |   6.252 |    6.213 | 
     | g127547                                         | A1_N ^ -> Y ^ | sky130_fd_sc_hd__o2bb2ai_1 | 0.160 |   6.412 |    6.373 | 
     | g122576                                         | A ^ -> Y v    | sky130_fd_sc_hd__nand2_1   | 0.095 |   6.507 |    6.469 | 
     | g122577                                         | A1 v -> Y ^   | sky130_fd_sc_hd__a21oi_1   | 0.129 |   6.636 |    6.598 | 
     | g126006                                         | B ^ -> Y v    | sky130_fd_sc_hd__nor2_1    | 0.064 |   6.701 |    6.662 | 
     | g126005                                         | A v -> Y ^    | sky130_fd_sc_hd__nand2_2   | 0.081 |   6.782 |    6.744 | 
     | FE_RC_16_0                                      | A ^ -> Y v    | sky130_fd_sc_hd__nand4_2   | 0.104 |   6.886 |    6.848 | 
     | FE_RC_5_0                                       | A v -> Y ^    | sky130_fd_sc_hd__nand3_4   | 0.118 |   7.004 |    6.966 | 
     | FE_RC_12_0                                      | A ^ -> Y v    | sky130_fd_sc_hd__nand3_4   | 0.096 |   7.100 |    7.062 | 
     | FE_RC_105_0                                     | C v -> Y ^    | sky130_fd_sc_hd__nand3_2   | 0.103 |   7.204 |    7.165 | 
     | g119435                                         | A ^ -> Y v    | sky130_fd_sc_hd__nand2_4   | 0.073 |   7.276 |    7.238 | 
     | g125512                                         | A v -> Y ^    | sky130_fd_sc_hd__nand2_4   | 0.075 |   7.351 |    7.313 | 
     | g125516                                         | A ^ -> Y v    | sky130_fd_sc_hd__nand2_2   | 0.052 |   7.403 |    7.365 | 
     | FE_RC_11_0                                      | A v -> Y ^    | sky130_fd_sc_hd__nand3_2   | 0.092 |   7.495 |    7.457 | 
     | g108191                                         | A ^ -> Y v    | sky130_fd_sc_hd__nand2_2   | 0.071 |   7.566 |    7.528 | 
     | g126298                                         | A v -> Y ^    | sky130_fd_sc_hd__nand2_4   | 0.070 |   7.636 |    7.598 | 
     | g126297_dup                                     | A ^ -> Y v    | sky130_fd_sc_hd__nand2_2   | 0.067 |   7.703 |    7.664 | 
     | fopt120328                                      | A v -> Y ^    | sky130_fd_sc_hd__inv_2     | 0.067 |   7.770 |    7.731 | 
     | g125466                                         | A ^ -> Y v    | sky130_fd_sc_hd__nand2_4   | 0.058 |   7.828 |    7.790 | 
     | g125556                                         | B v -> Y ^    | sky130_fd_sc_hd__nand2_4   | 0.123 |   7.951 |    7.913 | 
     | g116724                                         | A ^ -> X ^    | sky130_fd_sc_hd__and2_4    | 0.216 |   8.167 |    8.129 | 
     | g107658                                         | A ^ -> Y v    | sky130_fd_sc_hd__nand2_1   | 0.060 |   8.227 |    8.189 | 
     | g107639                                         | B v -> Y ^    | sky130_fd_sc_hd__nand2_1   | 0.089 |   8.317 |    8.278 | 
     | g116311                                         | B1 ^ -> Y v   | sky130_fd_sc_hd__a21oi_2   | 0.046 |   8.363 |    8.324 | 
     | g116313                                         | A2 v -> Y ^   | sky130_fd_sc_hd__o21ai_1   | 0.262 |   8.624 |    8.586 | 
     | FE_OFC1339_n_6970                               | A ^ -> Y v    | sky130_fd_sc_hd__inv_2     | 0.056 |   8.681 |    8.642 | 
     | g120139                                         | A v -> Y ^    | sky130_fd_sc_hd__nand2_2   | 0.092 |   8.773 |    8.735 | 
     | g125908                                         | C ^ -> Y v    | sky130_fd_sc_hd__nand3_2   | 0.092 |   8.865 |    8.826 | 
     | g127819                                         | A v -> Y ^    | sky130_fd_sc_hd__nand2_2   | 0.070 |   8.935 |    8.897 | 
     | g127818                                         | A ^ -> Y v    | sky130_fd_sc_hd__inv_2     | 0.059 |   8.994 |    8.955 | 
     | g127823                                         | A v -> Y ^    | sky130_fd_sc_hd__nand2_4   | 0.068 |   9.061 |    9.023 | 
     | g127826                                         | B ^ -> Y v    | sky130_fd_sc_hd__nor2_2    | 0.040 |   9.101 |    9.063 | 
     | FE_OFC1332_n_21132                              | A v -> Y ^    | sky130_fd_sc_hd__inv_2     | 0.075 |   9.176 |    9.138 | 
     | g124888                                         | A ^ -> Y v    | sky130_fd_sc_hd__nor2_2    | 0.050 |   9.226 |    9.188 | 
     | g121825                                         | B v -> X v    | sky130_fd_sc_hd__and2_1    | 0.155 |   9.381 |    9.342 | 
     | g121824                                         | A2 v -> Y ^   | sky130_fd_sc_hd__o21ai_2   | 0.119 |   9.500 |    9.461 | 
     | g128234                                         | A2 ^ -> Y v   | sky130_fd_sc_hd__o21ai_2   | 0.079 |   9.578 |    9.540 | 
     | g128232                                         | A v -> Y ^    | sky130_fd_sc_hd__nand2_2   | 0.103 |   9.681 |    9.643 | 
     | g128231                                         | A ^ -> Y v    | sky130_fd_sc_hd__nand3_2   | 0.064 |   9.745 |    9.707 | 
     | result_r_reg[11]                                | D v           | sky130_fd_sc_hd__dfrtp_1   | 0.000 |   9.745 |    9.707 | 
     +---------------------------------------------------------------------------------------------------------------------------+ 
     Clock Rise Edge                      0.000
     = Beginpoint Arrival Time            0.000
     Other End Path:
     +--------------------------------------------------------------------------------------------+ 
     |      Instance       |    Arc     |            Cell            | Delay | Arrival | Required | 
     |                     |            |                            |       |  Time   |   Time   | 
     |---------------------+------------+----------------------------+-------+---------+----------| 
     |                     | clk ^      |                            |       |   0.000 |    0.038 | 
     | CTS_ccl_a_inv_00003 | A ^ -> Y v | sky130_fd_sc_hd__clkinv_16 | 0.539 |   0.539 |    0.577 | 
     | CTS_ccl_a_inv_00002 | A v -> Y ^ | sky130_fd_sc_hd__clkinv_16 | 0.172 |   0.711 |    0.749 | 
     | result_r_reg[11]    | CLK ^      | sky130_fd_sc_hd__dfrtp_1   | 0.003 |   0.714 |    0.752 | 
     +--------------------------------------------------------------------------------------------+ 
Path 8: VIOLATED Setup Check with Pin result_r_reg[14]/CLK 
Endpoint:   result_r_reg[14]/D (v) checked with  leading edge of 'clk'
Beginpoint: in2_r_reg[1]/Q     (v) triggered by  leading edge of 'clk'
Path Groups: {clk}
Analysis View: VIEW_TYP
Other End Arrival Time          0.714
- Setup                         0.110
+ Phase Shift                   9.090
+ CPPR Adjustment               0.000
= Required Time                 9.694
- Arrival Time                  9.725
= Slack Time                   -0.031
     Clock Rise Edge                      0.000
     + Source Insertion Delay            -0.182
     = Beginpoint Arrival Time           -0.182
     Timing Path:
     +------------------------------------------------------------------------------------------------------------------+ 
     |                Instance                |      Arc      |            Cell            | Delay | Arrival | Required | 
     |                                        |               |                            |       |  Time   |   Time   | 
     |----------------------------------------+---------------+----------------------------+-------+---------+----------| 
     |                                        | clk ^         |                            |       |  -0.182 |   -0.213 | 
     | CTS_ccl_a_inv_00003                    | A ^ -> Y v    | sky130_fd_sc_hd__clkinv_16 | 0.539 |   0.357 |    0.326 | 
     | CTS_ccl_a_inv_00002                    | A v -> Y ^    | sky130_fd_sc_hd__clkinv_16 | 0.172 |   0.529 |    0.498 | 
     | in2_r_reg[1]                           | CLK ^ -> Q v  | sky130_fd_sc_hd__sdfrtp_2  | 0.445 |   0.974 |    0.943 | 
     | g126182                                | A v -> Y ^    | sky130_fd_sc_hd__nor2_2    | 0.119 |   1.093 |    1.061 | 
     | FE_RC_18_0                             | D ^ -> Y v    | sky130_fd_sc_hd__nand4_1   | 0.112 |   1.204 |    1.173 | 
     | g127069                                | A v -> Y ^    | sky130_fd_sc_hd__clkinv_1  | 0.090 |   1.294 |    1.263 | 
     | g127071                                | A ^ -> Y v    | sky130_fd_sc_hd__nand2_2   | 0.049 |   1.343 |    1.312 | 
     | g123115                                | A v -> Y ^    | sky130_fd_sc_hd__nand2_2   | 0.062 |   1.406 |    1.374 | 
     | g123114                                | A ^ -> Y v    | sky130_fd_sc_hd__nand2_4   | 0.077 |   1.483 |    1.451 | 
     | g121238                                | A v -> Y ^    | sky130_fd_sc_hd__nand2_4   | 0.070 |   1.553 |    1.522 | 
     | FE_OCPC986_n_13376                     | A ^ -> X ^    | sky130_fd_sc_hd__buf_4     | 0.134 |   1.687 |    1.656 | 
     | g114444                                | B ^ -> Y v    | sky130_fd_sc_hd__nand2_1   | 0.070 |   1.757 |    1.725 | 
     | g121062                                | B v -> Y ^    | sky130_fd_sc_hd__nand3_1   | 0.077 |   1.834 |    1.803 | 
     | g122917                                | A ^ -> Y v    | sky130_fd_sc_hd__nand2_1   | 0.054 |   1.888 |    1.857 | 
     | g127513                                | B v -> Y ^    | sky130_fd_sc_hd__nand2_1   | 0.076 |   1.964 |    1.933 | 
     | g122914                                | A ^ -> Y v    | sky130_fd_sc_hd__nand2_2   | 0.080 |   2.045 |    2.013 | 
     | g34_0                                  | B1 v -> X v   | sky130_fd_sc_hd__a21o_4    | 0.230 |   2.274 |    2.243 | 
     | FE_PSC1574_n_13608                     | A v -> X v    | sky130_fd_sc_hd__buf_6     | 0.142 |   2.416 |    2.385 | 
     | g126020                                | B v -> Y ^    | sky130_fd_sc_hd__nand2_1   | 0.076 |   2.492 |    2.461 | 
     | g114128                                | B1 ^ -> Y v   | sky130_fd_sc_hd__o21ai_2   | 0.063 |   2.555 |    2.524 | 
     | g124801                                | A v -> Y ^    | sky130_fd_sc_hd__nand2_1   | 0.055 |   2.610 |    2.579 | 
     | g120724                                | B ^ -> Y v    | sky130_fd_sc_hd__nand2b_1  | 0.086 |   2.697 |    2.665 | 
     | g127704                                | A v -> Y ^    | sky130_fd_sc_hd__nand2_1   | 0.086 |   2.783 |    2.752 | 
     | g128706                                | A ^ -> Y v    | sky130_fd_sc_hd__nand3_2   | 0.085 |   2.868 |    2.837 | 
     | FE_OFC901_n_22077                      | A v -> X v    | sky130_fd_sc_hd__buf_12    | 0.160 |   3.028 |    2.996 | 
     | FE_PSC1675_FE_DBTN40_n_22077           | A v -> X v    | sky130_fd_sc_hd__buf_6     | 0.146 |   3.174 |    3.142 | 
     | FE_OCPC1584_FE_DBTN40_n_22077          | A v -> Y ^    | sky130_fd_sc_hd__inv_8     | 0.071 |   3.244 |    3.213 | 
     | FE_OCPC1585_FE_DBTN40_n_22077          | A ^ -> Y v    | sky130_fd_sc_hd__inv_12    | 0.051 |   3.295 |    3.264 | 
     | g125546                                | A v -> Y ^    | sky130_fd_sc_hd__nand2_2   | 0.169 |   3.464 |    3.433 | 
     | FE_OFC1159_n_18291                     | A ^ -> X ^    | sky130_fd_sc_hd__buf_6     | 0.233 |   3.697 |    3.666 | 
     | g111298                                | A_N ^ -> Y ^  | sky130_fd_sc_hd__nand2b_4  | 0.401 |   4.099 |    4.068 | 
     | FE_OFC189_n_3940                       | A ^ -> Y v    | sky130_fd_sc_hd__inv_6     | 0.064 |   4.163 |    4.132 | 
     | g110839                                | A v -> Y ^    | sky130_fd_sc_hd__nand2_2   | 0.082 |   4.245 |    4.213 | 
     | g110345__1666                          | B ^ -> Y v    | sky130_fd_sc_hd__nor2_1    | 0.063 |   4.307 |    4.276 | 
     | g110257__2883                          | B v -> Y ^    | sky130_fd_sc_hd__nor2_2    | 0.151 |   4.459 |    4.427 | 
     | g109835__5477                          | A ^ -> Y v    | sky130_fd_sc_hd__nand4_1   | 0.180 |   4.638 |    4.607 | 
     | g109792__8246                          | B v -> Y ^    | sky130_fd_sc_hd__nor2_2    | 0.134 |   4.773 |    4.741 | 
     | FE_RC_99_0                             | A ^ -> Y v    | sky130_fd_sc_hd__nand3_1   | 0.139 |   4.912 |    4.881 | 
     | g124245                                | A v -> Y ^    | sky130_fd_sc_hd__nand2_2   | 0.102 |   5.014 |    4.983 | 
     | FE_RC_108_0                            | C ^ -> Y v    | sky130_fd_sc_hd__nand3_4   | 0.305 |   5.319 |    5.288 | 
     | FE_OFC470_n_18654                      | A v -> Y ^    | sky130_fd_sc_hd__clkinv_8  | 0.125 |   5.444 |    5.413 | 
     | FE_PSBC1595_FE_DBTN48_n_18654          | A ^ -> Y v    | sky130_fd_sc_hd__inv_12    | 0.070 |   5.514 |    5.483 | 
     | alu_inst_muldiv_inst_mul_349_24_g10108 | B v -> Y ^    | sky130_fd_sc_hd__nand2_4   | 0.068 |   5.582 |    5.551 | 
     | g123520                                | B ^ -> Y v    | sky130_fd_sc_hd__nand2_4   | 0.063 |   5.646 |    5.615 | 
     | FE_OFC63_n_16054                       | A v -> Y ^    | sky130_fd_sc_hd__inv_8     | 0.081 |   5.727 |    5.696 | 
     | FE_OFC64_n_16054                       | A ^ -> Y v    | sky130_fd_sc_hd__inv_4     | 0.072 |   5.799 |    5.768 | 
     | alu_inst_muldiv_inst_mul_349_24_g9859  | A v -> Y ^    | sky130_fd_sc_hd__nand2_1   | 0.058 |   5.857 |    5.826 | 
     | g128628                                | B1_N ^ -> X v | sky130_fd_sc_hd__a21bo_2   | 0.245 |   6.102 |    6.071 | 
     | alu_inst_muldiv_inst_mul_349_24_g9464  | A2 v -> Y ^   | sky130_fd_sc_hd__o21ai_2   | 0.128 |   6.230 |    6.199 | 
     | g124                                   | A ^ -> Y v    | sky130_fd_sc_hd__nand2_1   | 0.085 |   6.316 |    6.284 | 
     | g381                                   | A v -> Y ^    | sky130_fd_sc_hd__nand2_1   | 0.078 |   6.393 |    6.362 | 
     | g122529                                | A ^ -> Y v    | sky130_fd_sc_hd__nand2_1   | 0.052 |   6.445 |    6.414 | 
     | g122528                                | B v -> Y ^    | sky130_fd_sc_hd__nand2b_1  | 0.078 |   6.523 |    6.492 | 
     | g124225                                | A ^ -> Y v    | sky130_fd_sc_hd__nand2_2   | 0.057 |   6.580 |    6.549 | 
     | g124224                                | A v -> Y ^    | sky130_fd_sc_hd__inv_1     | 0.060 |   6.640 |    6.609 | 
     | g124222                                | B ^ -> Y v    | sky130_fd_sc_hd__nand2_2   | 0.059 |   6.700 |    6.668 | 
     | g287                                   | B v -> Y ^    | sky130_fd_sc_hd__nand3_2   | 0.071 |   6.771 |    6.740 | 
     | alu_inst_muldiv_inst_mul_349_24_g9021  | A ^ -> Y v    | sky130_fd_sc_hd__nand2_2   | 0.047 |   6.818 |    6.787 | 
     | g120873                                | A v -> Y ^    | sky130_fd_sc_hd__nand2_2   | 0.066 |   6.884 |    6.853 | 
     | FE_RC_5_0                              | B ^ -> Y v    | sky130_fd_sc_hd__nand3_4   | 0.111 |   6.995 |    6.964 | 
     | FE_RC_12_0                             | A v -> Y ^    | sky130_fd_sc_hd__nand3_4   | 0.100 |   7.095 |    7.064 | 
     | FE_RC_105_0                            | C ^ -> Y v    | sky130_fd_sc_hd__nand3_2   | 0.100 |   7.195 |    7.164 | 
     | g119435                                | A v -> Y ^    | sky130_fd_sc_hd__nand2_4   | 0.101 |   7.296 |    7.265 | 
     | g125512                                | A ^ -> Y v    | sky130_fd_sc_hd__nand2_4   | 0.063 |   7.359 |    7.328 | 
     | g125516                                | A v -> Y ^    | sky130_fd_sc_hd__nand2_2   | 0.058 |   7.417 |    7.386 | 
     | FE_RC_11_0                             | A ^ -> Y v    | sky130_fd_sc_hd__nand3_2   | 0.073 |   7.490 |    7.459 | 
     | g108191                                | A v -> Y ^    | sky130_fd_sc_hd__nand2_2   | 0.089 |   7.579 |    7.548 | 
     | g126298                                | A ^ -> Y v    | sky130_fd_sc_hd__nand2_4   | 0.059 |   7.638 |    7.606 | 
     | g126297                                | A v -> Y ^    | sky130_fd_sc_hd__nand2_2   | 0.056 |   7.693 |    7.662 | 
     | g126296                                | A ^ -> Y v    | sky130_fd_sc_hd__nand2_2   | 0.047 |   7.740 |    7.709 | 
     | g134                                   | A v -> Y ^    | sky130_fd_sc_hd__nand2_2   | 0.074 |   7.814 |    7.783 | 
     | g120067                                | A ^ -> Y v    | sky130_fd_sc_hd__nand2_2   | 0.062 |   7.875 |    7.844 | 
     | g126773                                | A v -> Y ^    | sky130_fd_sc_hd__nand2_2   | 0.067 |   7.943 |    7.911 | 
     | g126246                                | A ^ -> Y v    | sky130_fd_sc_hd__nand2_2   | 0.062 |   8.005 |    7.974 | 
     | g126245_dup                            | A v -> Y ^    | sky130_fd_sc_hd__nand2_4   | 0.074 |   8.079 |    8.048 | 
     | fopt124279                             | A ^ -> Y v    | sky130_fd_sc_hd__inv_1     | 0.052 |   8.131 |    8.100 | 
     | g126258                                | A v -> Y ^    | sky130_fd_sc_hd__nand2_2   | 0.075 |   8.206 |    8.175 | 
     | g127454                                | B ^ -> Y v    | sky130_fd_sc_hd__nand3_2   | 0.096 |   8.302 |    8.270 | 
     | g127452                                | B v -> Y ^    | sky130_fd_sc_hd__nand2_4   | 0.134 |   8.436 |    8.405 | 
     | FE_OFC310_n_20559                      | A ^ -> Y v    | sky130_fd_sc_hd__inv_4     | 0.084 |   8.519 |    8.488 | 
     | g126549                                | A v -> Y ^    | sky130_fd_sc_hd__nand2_4   | 0.074 |   8.593 |    8.562 | 
     | g107313                                | A ^ -> Y v    | sky130_fd_sc_hd__nand2_1   | 0.126 |   8.720 |    8.689 | 
     | FE_PSC1596_n_286                       | A v -> X v    | sky130_fd_sc_hd__buf_1     | 0.140 |   8.859 |    8.828 | 
     | g107261                                | B1 v -> Y ^   | sky130_fd_sc_hd__a21oi_1   | 0.129 |   8.989 |    8.958 | 
     | FE_PSC1604_n_1421                      | A ^ -> X ^    | sky130_fd_sc_hd__buf_2     | 0.166 |   9.154 |    9.123 | 
     | g107244                                | A ^ -> Y v    | sky130_fd_sc_hd__inv_1     | 0.044 |   9.199 |    9.168 | 
     | g106938                                | A1 v -> Y ^   | sky130_fd_sc_hd__a21oi_1   | 0.181 |   9.379 |    9.348 | 
     | FE_RC_64_0                             | C ^ -> Y v    | sky130_fd_sc_hd__nand4_2   | 0.160 |   9.540 |    9.509 | 
     | g124409                                | B v -> Y ^    | sky130_fd_sc_hd__nor2_1    | 0.117 |   9.657 |    9.626 | 
     | FE_RC_19_0                             | A2 ^ -> Y v   | sky130_fd_sc_hd__o21ai_1   | 0.067 |   9.725 |    9.693 | 
     | result_r_reg[14]                       | D v           | sky130_fd_sc_hd__dfrtp_1   | 0.000 |   9.725 |    9.694 | 
     +------------------------------------------------------------------------------------------------------------------+ 
     Clock Rise Edge                      0.000
     = Beginpoint Arrival Time            0.000
     Other End Path:
     +--------------------------------------------------------------------------------------------+ 
     |      Instance       |    Arc     |            Cell            | Delay | Arrival | Required | 
     |                     |            |                            |       |  Time   |   Time   | 
     |---------------------+------------+----------------------------+-------+---------+----------| 
     |                     | clk ^      |                            |       |   0.000 |    0.031 | 
     | CTS_ccl_a_inv_00003 | A ^ -> Y v | sky130_fd_sc_hd__clkinv_16 | 0.539 |   0.539 |    0.570 | 
     | CTS_ccl_a_inv_00002 | A v -> Y ^ | sky130_fd_sc_hd__clkinv_16 | 0.172 |   0.711 |    0.742 | 
     | result_r_reg[14]    | CLK ^      | sky130_fd_sc_hd__dfrtp_1   | 0.003 |   0.714 |    0.745 | 
     +--------------------------------------------------------------------------------------------+ 
Path 9: VIOLATED Setup Check with Pin result_r_reg[4]/CLK 
Endpoint:   result_r_reg[4]/D (v) checked with  leading edge of 'clk'
Beginpoint: in2_r_reg[1]/Q    (v) triggered by  leading edge of 'clk'
Path Groups: {clk}
Analysis View: VIEW_TYP
Other End Arrival Time          0.714
- Setup                         0.109
+ Phase Shift                   9.090
+ CPPR Adjustment               0.000
= Required Time                 9.695
- Arrival Time                  9.723
= Slack Time                   -0.028
     Clock Rise Edge                      0.000
     + Source Insertion Delay            -0.182
     = Beginpoint Arrival Time           -0.182
     Timing Path:
     +------------------------------------------------------------------------------------------------------------------+ 
     |                Instance                |      Arc      |            Cell            | Delay | Arrival | Required | 
     |                                        |               |                            |       |  Time   |   Time   | 
     |----------------------------------------+---------------+----------------------------+-------+---------+----------| 
     |                                        | clk ^         |                            |       |  -0.182 |   -0.210 | 
     | CTS_ccl_a_inv_00003                    | A ^ -> Y v    | sky130_fd_sc_hd__clkinv_16 | 0.539 |   0.357 |    0.329 | 
     | CTS_ccl_a_inv_00002                    | A v -> Y ^    | sky130_fd_sc_hd__clkinv_16 | 0.172 |   0.529 |    0.501 | 
     | in2_r_reg[1]                           | CLK ^ -> Q v  | sky130_fd_sc_hd__sdfrtp_2  | 0.445 |   0.974 |    0.946 | 
     | g126182                                | A v -> Y ^    | sky130_fd_sc_hd__nor2_2    | 0.119 |   1.093 |    1.065 | 
     | FE_RC_18_0                             | D ^ -> Y v    | sky130_fd_sc_hd__nand4_1   | 0.112 |   1.204 |    1.177 | 
     | g127069                                | A v -> Y ^    | sky130_fd_sc_hd__clkinv_1  | 0.090 |   1.294 |    1.266 | 
     | g127071                                | A ^ -> Y v    | sky130_fd_sc_hd__nand2_2   | 0.049 |   1.343 |    1.316 | 
     | g123115                                | A v -> Y ^    | sky130_fd_sc_hd__nand2_2   | 0.062 |   1.406 |    1.378 | 
     | g123114                                | A ^ -> Y v    | sky130_fd_sc_hd__nand2_4   | 0.077 |   1.483 |    1.455 | 
     | g121238                                | A v -> Y ^    | sky130_fd_sc_hd__nand2_4   | 0.070 |   1.553 |    1.525 | 
     | FE_OCPC986_n_13376                     | A ^ -> X ^    | sky130_fd_sc_hd__buf_4     | 0.134 |   1.687 |    1.659 | 
     | g114444                                | B ^ -> Y v    | sky130_fd_sc_hd__nand2_1   | 0.070 |   1.757 |    1.729 | 
     | g121062                                | B v -> Y ^    | sky130_fd_sc_hd__nand3_1   | 0.077 |   1.834 |    1.806 | 
     | g122917                                | A ^ -> Y v    | sky130_fd_sc_hd__nand2_1   | 0.054 |   1.888 |    1.861 | 
     | g127513                                | B v -> Y ^    | sky130_fd_sc_hd__nand2_1   | 0.076 |   1.964 |    1.937 | 
     | g122914                                | A ^ -> Y v    | sky130_fd_sc_hd__nand2_2   | 0.080 |   2.045 |    2.017 | 
     | g34_0                                  | B1 v -> X v   | sky130_fd_sc_hd__a21o_4    | 0.230 |   2.274 |    2.246 | 
     | FE_PSC1574_n_13608                     | A v -> X v    | sky130_fd_sc_hd__buf_6     | 0.142 |   2.416 |    2.388 | 
     | g126020                                | B v -> Y ^    | sky130_fd_sc_hd__nand2_1   | 0.076 |   2.492 |    2.465 | 
     | g114128                                | B1 ^ -> Y v   | sky130_fd_sc_hd__o21ai_2   | 0.063 |   2.555 |    2.527 | 
     | g124801                                | A v -> Y ^    | sky130_fd_sc_hd__nand2_1   | 0.055 |   2.610 |    2.583 | 
     | g120724                                | B ^ -> Y v    | sky130_fd_sc_hd__nand2b_1  | 0.086 |   2.697 |    2.669 | 
     | g127704                                | A v -> Y ^    | sky130_fd_sc_hd__nand2_1   | 0.086 |   2.783 |    2.755 | 
     | g128706                                | A ^ -> Y v    | sky130_fd_sc_hd__nand3_2   | 0.085 |   2.868 |    2.840 | 
     | FE_OFC901_n_22077                      | A v -> X v    | sky130_fd_sc_hd__buf_12    | 0.160 |   3.028 |    3.000 | 
     | FE_PSC1675_FE_DBTN40_n_22077           | A v -> X v    | sky130_fd_sc_hd__buf_6     | 0.146 |   3.174 |    3.146 | 
     | FE_OCPC1584_FE_DBTN40_n_22077          | A v -> Y ^    | sky130_fd_sc_hd__inv_8     | 0.071 |   3.244 |    3.217 | 
     | FE_OCPC1585_FE_DBTN40_n_22077          | A ^ -> Y v    | sky130_fd_sc_hd__inv_12    | 0.051 |   3.295 |    3.267 | 
     | g125546                                | A v -> Y ^    | sky130_fd_sc_hd__nand2_2   | 0.169 |   3.464 |    3.436 | 
     | FE_OFC1159_n_18291                     | A ^ -> X ^    | sky130_fd_sc_hd__buf_6     | 0.233 |   3.697 |    3.670 | 
     | g111298                                | A_N ^ -> Y ^  | sky130_fd_sc_hd__nand2b_4  | 0.401 |   4.099 |    4.071 | 
     | FE_OFC189_n_3940                       | A ^ -> Y v    | sky130_fd_sc_hd__inv_6     | 0.064 |   4.163 |    4.135 | 
     | g110839                                | A v -> Y ^    | sky130_fd_sc_hd__nand2_2   | 0.082 |   4.245 |    4.217 | 
     | g110345__1666                          | B ^ -> Y v    | sky130_fd_sc_hd__nor2_1    | 0.063 |   4.307 |    4.280 | 
     | g110257__2883                          | B v -> Y ^    | sky130_fd_sc_hd__nor2_2    | 0.151 |   4.459 |    4.431 | 
     | g109835__5477                          | A ^ -> Y v    | sky130_fd_sc_hd__nand4_1   | 0.180 |   4.638 |    4.611 | 
     | g109792__8246                          | B v -> Y ^    | sky130_fd_sc_hd__nor2_2    | 0.134 |   4.773 |    4.745 | 
     | FE_RC_99_0                             | A ^ -> Y v    | sky130_fd_sc_hd__nand3_1   | 0.139 |   4.912 |    4.884 | 
     | g124245                                | A v -> Y ^    | sky130_fd_sc_hd__nand2_2   | 0.102 |   5.014 |    4.986 | 
     | FE_RC_108_0                            | C ^ -> Y v    | sky130_fd_sc_hd__nand3_4   | 0.305 |   5.319 |    5.291 | 
     | FE_OFC470_n_18654                      | A v -> Y ^    | sky130_fd_sc_hd__clkinv_8  | 0.125 |   5.444 |    5.417 | 
     | FE_PSBC1595_FE_DBTN48_n_18654          | A ^ -> Y v    | sky130_fd_sc_hd__inv_12    | 0.070 |   5.514 |    5.486 | 
     | alu_inst_muldiv_inst_mul_349_24_g10108 | B v -> Y ^    | sky130_fd_sc_hd__nand2_4   | 0.068 |   5.582 |    5.555 | 
     | g123520                                | B ^ -> Y v    | sky130_fd_sc_hd__nand2_4   | 0.063 |   5.646 |    5.618 | 
     | FE_OFC63_n_16054                       | A v -> Y ^    | sky130_fd_sc_hd__inv_8     | 0.081 |   5.727 |    5.700 | 
     | FE_OFC64_n_16054                       | A ^ -> Y v    | sky130_fd_sc_hd__inv_4     | 0.072 |   5.799 |    5.771 | 
     | alu_inst_muldiv_inst_mul_349_24_g9859  | A v -> Y ^    | sky130_fd_sc_hd__nand2_1   | 0.058 |   5.857 |    5.829 | 
     | g128628                                | B1_N ^ -> X v | sky130_fd_sc_hd__a21bo_2   | 0.245 |   6.102 |    6.075 | 
     | alu_inst_muldiv_inst_mul_349_24_g9464  | A2 v -> Y ^   | sky130_fd_sc_hd__o21ai_2   | 0.128 |   6.230 |    6.203 | 
     | g124                                   | A ^ -> Y v    | sky130_fd_sc_hd__nand2_1   | 0.085 |   6.316 |    6.288 | 
     | g381                                   | A v -> Y ^    | sky130_fd_sc_hd__nand2_1   | 0.078 |   6.393 |    6.366 | 
     | g122529                                | A ^ -> Y v    | sky130_fd_sc_hd__nand2_1   | 0.052 |   6.445 |    6.417 | 
     | g122528                                | B v -> Y ^    | sky130_fd_sc_hd__nand2b_1  | 0.078 |   6.523 |    6.495 | 
     | g124225                                | A ^ -> Y v    | sky130_fd_sc_hd__nand2_2   | 0.057 |   6.580 |    6.552 | 
     | g124224                                | A v -> Y ^    | sky130_fd_sc_hd__inv_1     | 0.060 |   6.640 |    6.613 | 
     | g124222                                | B ^ -> Y v    | sky130_fd_sc_hd__nand2_2   | 0.059 |   6.700 |    6.672 | 
     | g287                                   | B v -> Y ^    | sky130_fd_sc_hd__nand3_2   | 0.071 |   6.771 |    6.743 | 
     | alu_inst_muldiv_inst_mul_349_24_g9021  | A ^ -> Y v    | sky130_fd_sc_hd__nand2_2   | 0.047 |   6.818 |    6.790 | 
     | g120873                                | A v -> Y ^    | sky130_fd_sc_hd__nand2_2   | 0.066 |   6.884 |    6.856 | 
     | FE_RC_5_0                              | B ^ -> Y v    | sky130_fd_sc_hd__nand3_4   | 0.111 |   6.995 |    6.967 | 
     | FE_RC_12_0                             | A v -> Y ^    | sky130_fd_sc_hd__nand3_4   | 0.100 |   7.095 |    7.067 | 
     | FE_RC_105_0                            | C ^ -> Y v    | sky130_fd_sc_hd__nand3_2   | 0.100 |   7.195 |    7.168 | 
     | g119435                                | A v -> Y ^    | sky130_fd_sc_hd__nand2_4   | 0.101 |   7.296 |    7.268 | 
     | g125512                                | A ^ -> Y v    | sky130_fd_sc_hd__nand2_4   | 0.063 |   7.359 |    7.331 | 
     | g125516                                | A v -> Y ^    | sky130_fd_sc_hd__nand2_2   | 0.058 |   7.417 |    7.389 | 
     | FE_RC_11_0                             | A ^ -> Y v    | sky130_fd_sc_hd__nand3_2   | 0.073 |   7.490 |    7.462 | 
     | g108191                                | A v -> Y ^    | sky130_fd_sc_hd__nand2_2   | 0.089 |   7.579 |    7.551 | 
     | g126298                                | A ^ -> Y v    | sky130_fd_sc_hd__nand2_4   | 0.059 |   7.638 |    7.610 | 
     | g126297                                | A v -> Y ^    | sky130_fd_sc_hd__nand2_2   | 0.056 |   7.693 |    7.666 | 
     | g126296                                | A ^ -> Y v    | sky130_fd_sc_hd__nand2_2   | 0.047 |   7.740 |    7.712 | 
     | g134                                   | A v -> Y ^    | sky130_fd_sc_hd__nand2_2   | 0.074 |   7.814 |    7.786 | 
     | fopt123998                             | A ^ -> Y v    | sky130_fd_sc_hd__inv_1     | 0.056 |   7.869 |    7.842 | 
     | g123997                                | A v -> Y ^    | sky130_fd_sc_hd__nand2_2   | 0.068 |   7.938 |    7.910 | 
     | g125554                                | A ^ -> Y v    | sky130_fd_sc_hd__nand2_4   | 0.070 |   8.008 |    7.980 | 
     | g125553                                | A v -> Y ^    | sky130_fd_sc_hd__nor2_2    | 0.105 |   8.113 |    8.085 | 
     | g128559                                | A_N ^ -> Y ^  | sky130_fd_sc_hd__nand2b_4  | 0.169 |   8.282 |    8.254 | 
     | FE_OFC1456_n_21930                     | A ^ -> X ^    | sky130_fd_sc_hd__clkbuf_2  | 0.155 |   8.437 |    8.409 | 
     | g107507                                | A ^ -> Y v    | sky130_fd_sc_hd__nand2_1   | 0.052 |   8.488 |    8.460 | 
     | g107486                                | B1 v -> Y ^   | sky130_fd_sc_hd__o21ai_1   | 0.117 |   8.606 |    8.578 | 
     | FE_PSC1801_n_1269                      | A ^ -> X ^    | sky130_fd_sc_hd__clkbuf_1  | 0.146 |   8.752 |    8.724 | 
     | g123156                                | A ^ -> Y v    | sky130_fd_sc_hd__nand2_2   | 0.059 |   8.811 |    8.784 | 
     | g123730                                | C v -> Y ^    | sky130_fd_sc_hd__nand3_2   | 0.080 |   8.891 |    8.863 | 
     | FE_OFC1320_n_16273                     | A ^ -> Y v    | sky130_fd_sc_hd__clkinv_2  | 0.088 |   8.979 |    8.951 | 
     | FE_OCPC1576_FE_DBTN74_n_16273          | A v -> X v    | sky130_fd_sc_hd__buf_4     | 0.165 |   9.144 |    9.116 | 
     | g124870                                | A v -> Y ^    | sky130_fd_sc_hd__nand2_1   | 0.053 |   9.198 |    9.170 | 
     | g124869                                | A1 ^ -> Y v   | sky130_fd_sc_hd__o21bai_1  | 0.081 |   9.278 |    9.251 | 
     | g124868                                | B v -> Y ^    | sky130_fd_sc_hd__nand2b_1  | 0.075 |   9.353 |    9.326 | 
     | g124862                                | C1 ^ -> Y v   | sky130_fd_sc_hd__o211ai_1  | 0.135 |   9.488 |    9.461 | 
     | g105879                                | A v -> Y ^    | sky130_fd_sc_hd__nor2_1    | 0.162 |   9.650 |    9.622 | 
     | g105857                                | B2 ^ -> Y v   | sky130_fd_sc_hd__o2bb2ai_1 | 0.072 |   9.723 |    9.695 | 
     | result_r_reg[4]                        | D v           | sky130_fd_sc_hd__dfrtp_1   | 0.000 |   9.723 |    9.695 | 
     +------------------------------------------------------------------------------------------------------------------+ 
     Clock Rise Edge                      0.000
     = Beginpoint Arrival Time            0.000
     Other End Path:
     +--------------------------------------------------------------------------------------------+ 
     |      Instance       |    Arc     |            Cell            | Delay | Arrival | Required | 
     |                     |            |                            |       |  Time   |   Time   | 
     |---------------------+------------+----------------------------+-------+---------+----------| 
     |                     | clk ^      |                            |       |   0.000 |    0.028 | 
     | CTS_ccl_a_inv_00003 | A ^ -> Y v | sky130_fd_sc_hd__clkinv_16 | 0.539 |   0.539 |    0.567 | 
     | CTS_ccl_a_inv_00002 | A v -> Y ^ | sky130_fd_sc_hd__clkinv_16 | 0.172 |   0.711 |    0.739 | 
     | result_r_reg[4]     | CLK ^      | sky130_fd_sc_hd__dfrtp_1   | 0.003 |   0.714 |    0.741 | 
     +--------------------------------------------------------------------------------------------+ 
Path 10: VIOLATED Setup Check with Pin result_r_reg[5]/CLK 
Endpoint:   result_r_reg[5]/D (v) checked with  leading edge of 'clk'
Beginpoint: in2_r_reg[1]/Q    (v) triggered by  leading edge of 'clk'
Path Groups: {clk}
Analysis View: VIEW_TYP
Other End Arrival Time          0.714
- Setup                         0.108
+ Phase Shift                   9.090
+ CPPR Adjustment               0.000
= Required Time                 9.695
- Arrival Time                  9.723
= Slack Time                   -0.028
     Clock Rise Edge                      0.000
     + Source Insertion Delay            -0.182
     = Beginpoint Arrival Time           -0.182
     Timing Path:
     +---------------------------------------------------------------------------------------------------------------------------+ 
     |                    Instance                     |      Arc      |            Cell            | Delay | Arrival | Required | 
     |                                                 |               |                            |       |  Time   |   Time   | 
     |-------------------------------------------------+---------------+----------------------------+-------+---------+----------| 
     |                                                 | clk ^         |                            |       |  -0.182 |   -0.209 | 
     | CTS_ccl_a_inv_00003                             | A ^ -> Y v    | sky130_fd_sc_hd__clkinv_16 | 0.539 |   0.357 |    0.330 | 
     | CTS_ccl_a_inv_00002                             | A v -> Y ^    | sky130_fd_sc_hd__clkinv_16 | 0.172 |   0.529 |    0.502 | 
     | in2_r_reg[1]                                    | CLK ^ -> Q v  | sky130_fd_sc_hd__sdfrtp_2  | 0.445 |   0.974 |    0.947 | 
     | g126182                                         | A v -> Y ^    | sky130_fd_sc_hd__nor2_2    | 0.119 |   1.093 |    1.065 | 
     | FE_RC_18_0                                      | D ^ -> Y v    | sky130_fd_sc_hd__nand4_1   | 0.112 |   1.204 |    1.177 | 
     | g127069                                         | A v -> Y ^    | sky130_fd_sc_hd__clkinv_1  | 0.090 |   1.294 |    1.267 | 
     | g127071                                         | A ^ -> Y v    | sky130_fd_sc_hd__nand2_2   | 0.049 |   1.343 |    1.316 | 
     | g123115                                         | A v -> Y ^    | sky130_fd_sc_hd__nand2_2   | 0.062 |   1.406 |    1.378 | 
     | g123114                                         | A ^ -> Y v    | sky130_fd_sc_hd__nand2_4   | 0.077 |   1.483 |    1.455 | 
     | g121238                                         | A v -> Y ^    | sky130_fd_sc_hd__nand2_4   | 0.070 |   1.553 |    1.525 | 
     | FE_OCPC986_n_13376                              | A ^ -> X ^    | sky130_fd_sc_hd__buf_4     | 0.134 |   1.687 |    1.659 | 
     | g114444                                         | B ^ -> Y v    | sky130_fd_sc_hd__nand2_1   | 0.070 |   1.757 |    1.729 | 
     | g121062                                         | B v -> Y ^    | sky130_fd_sc_hd__nand3_1   | 0.077 |   1.834 |    1.806 | 
     | g122917                                         | A ^ -> Y v    | sky130_fd_sc_hd__nand2_1   | 0.054 |   1.888 |    1.861 | 
     | g127513                                         | B v -> Y ^    | sky130_fd_sc_hd__nand2_1   | 0.076 |   1.964 |    1.937 | 
     | g122914                                         | A ^ -> Y v    | sky130_fd_sc_hd__nand2_2   | 0.080 |   2.045 |    2.017 | 
     | g34_0                                           | B1 v -> X v   | sky130_fd_sc_hd__a21o_4    | 0.230 |   2.274 |    2.247 | 
     | FE_PSC1574_n_13608                              | A v -> X v    | sky130_fd_sc_hd__buf_6     | 0.142 |   2.416 |    2.389 | 
     | g126020                                         | B v -> Y ^    | sky130_fd_sc_hd__nand2_1   | 0.076 |   2.492 |    2.465 | 
     | g114128                                         | B1 ^ -> Y v   | sky130_fd_sc_hd__o21ai_2   | 0.063 |   2.555 |    2.527 | 
     | g124801                                         | A v -> Y ^    | sky130_fd_sc_hd__nand2_1   | 0.055 |   2.610 |    2.583 | 
     | g120724                                         | B ^ -> Y v    | sky130_fd_sc_hd__nand2b_1  | 0.086 |   2.697 |    2.669 | 
     | g127704                                         | A v -> Y ^    | sky130_fd_sc_hd__nand2_1   | 0.086 |   2.783 |    2.755 | 
     | g128706                                         | A ^ -> Y v    | sky130_fd_sc_hd__nand3_2   | 0.085 |   2.868 |    2.840 | 
     | FE_OFC901_n_22077                               | A v -> X v    | sky130_fd_sc_hd__buf_12    | 0.160 |   3.028 |    3.000 | 
     | FE_PSC1675_FE_DBTN40_n_22077                    | A v -> X v    | sky130_fd_sc_hd__buf_6     | 0.146 |   3.174 |    3.146 | 
     | FE_OCPC1584_FE_DBTN40_n_22077                   | A v -> Y ^    | sky130_fd_sc_hd__inv_8     | 0.071 |   3.244 |    3.217 | 
     | FE_OCPC1585_FE_DBTN40_n_22077                   | A ^ -> Y v    | sky130_fd_sc_hd__inv_12    | 0.051 |   3.295 |    3.268 | 
     | g125546                                         | A v -> Y ^    | sky130_fd_sc_hd__nand2_2   | 0.169 |   3.464 |    3.437 | 
     | FE_OFC1159_n_18291                              | A ^ -> X ^    | sky130_fd_sc_hd__buf_6     | 0.233 |   3.697 |    3.670 | 
     | g111298                                         | A_N ^ -> Y ^  | sky130_fd_sc_hd__nand2b_4  | 0.401 |   4.099 |    4.071 | 
     | FE_OFC189_n_3940                                | A ^ -> Y v    | sky130_fd_sc_hd__inv_6     | 0.064 |   4.163 |    4.135 | 
     | g110839                                         | A v -> Y ^    | sky130_fd_sc_hd__nand2_2   | 0.082 |   4.245 |    4.217 | 
     | g110345__1666                                   | B ^ -> Y v    | sky130_fd_sc_hd__nor2_1    | 0.063 |   4.307 |    4.280 | 
     | g110257__2883                                   | B v -> Y ^    | sky130_fd_sc_hd__nor2_2    | 0.151 |   4.459 |    4.431 | 
     | g109835__5477                                   | A ^ -> Y v    | sky130_fd_sc_hd__nand4_1   | 0.180 |   4.638 |    4.611 | 
     | g109792__8246                                   | B v -> Y ^    | sky130_fd_sc_hd__nor2_2    | 0.134 |   4.773 |    4.745 | 
     | FE_RC_99_0                                      | A ^ -> Y v    | sky130_fd_sc_hd__nand3_1   | 0.139 |   4.912 |    4.884 | 
     | g124245                                         | A v -> Y ^    | sky130_fd_sc_hd__nand2_2   | 0.102 |   5.014 |    4.986 | 
     | FE_RC_108_0                                     | C ^ -> Y v    | sky130_fd_sc_hd__nand3_4   | 0.305 |   5.319 |    5.292 | 
     | FE_OFC470_n_18654                               | A v -> Y ^    | sky130_fd_sc_hd__clkinv_8  | 0.125 |   5.444 |    5.417 | 
     | FE_PSBC1595_FE_DBTN48_n_18654                   | A ^ -> Y v    | sky130_fd_sc_hd__inv_12    | 0.070 |   5.514 |    5.487 | 
     | alu_inst_muldiv_inst_mul_349_24_g10108          | B v -> Y ^    | sky130_fd_sc_hd__nand2_4   | 0.068 |   5.582 |    5.555 | 
     | g123520                                         | B ^ -> Y v    | sky130_fd_sc_hd__nand2_4   | 0.063 |   5.646 |    5.618 | 
     | FE_OFC63_n_16054                                | A v -> Y ^    | sky130_fd_sc_hd__inv_8     | 0.081 |   5.727 |    5.700 | 
     | g125128                                         | A ^ -> Y v    | sky130_fd_sc_hd__nand2_8   | 0.064 |   5.791 |    5.764 | 
     | FE_OFC1090_n_17781                              | A v -> Y ^    | sky130_fd_sc_hd__inv_4     | 0.093 |   5.885 |    5.857 | 
     | alu_inst_muldiv_inst_mul_349_24_g9758           | A ^ -> Y v    | sky130_fd_sc_hd__nand2_1   | 0.054 |   5.939 |    5.911 | 
     | alu_inst_muldiv_inst_mul_349_24_g9723           | A v -> Y ^    | sky130_fd_sc_hd__nand2_1   | 0.077 |   6.016 |    5.989 | 
     | FE_OFC525_alu_inst_muldiv_inst_mul_349_24_n_618 | A ^ -> Y v    | sky130_fd_sc_hd__inv_2     | 0.051 |   6.067 |    6.040 | 
     | g492                                            | B2 v -> Y ^   | sky130_fd_sc_hd__o2bb2ai_1 | 0.185 |   6.252 |    6.224 | 
     | g127547                                         | A1_N ^ -> Y ^ | sky130_fd_sc_hd__o2bb2ai_1 | 0.160 |   6.412 |    6.384 | 
     | g122576                                         | A ^ -> Y v    | sky130_fd_sc_hd__nand2_1   | 0.095 |   6.507 |    6.480 | 
     | g122577                                         | A1 v -> Y ^   | sky130_fd_sc_hd__a21oi_1   | 0.129 |   6.636 |    6.609 | 
     | g126006                                         | B ^ -> Y v    | sky130_fd_sc_hd__nor2_1    | 0.064 |   6.701 |    6.673 | 
     | g126005                                         | A v -> Y ^    | sky130_fd_sc_hd__nand2_2   | 0.081 |   6.782 |    6.754 | 
     | FE_RC_16_0                                      | A ^ -> Y v    | sky130_fd_sc_hd__nand4_2   | 0.104 |   6.886 |    6.859 | 
     | FE_RC_5_0                                       | A v -> Y ^    | sky130_fd_sc_hd__nand3_4   | 0.118 |   7.004 |    6.977 | 
     | FE_RC_12_0                                      | A ^ -> Y v    | sky130_fd_sc_hd__nand3_4   | 0.096 |   7.100 |    7.073 | 
     | FE_RC_105_0                                     | C v -> Y ^    | sky130_fd_sc_hd__nand3_2   | 0.103 |   7.204 |    7.176 | 
     | g119435                                         | A ^ -> Y v    | sky130_fd_sc_hd__nand2_4   | 0.073 |   7.276 |    7.249 | 
     | g125512                                         | A v -> Y ^    | sky130_fd_sc_hd__nand2_4   | 0.075 |   7.351 |    7.323 | 
     | g125516                                         | A ^ -> Y v    | sky130_fd_sc_hd__nand2_2   | 0.052 |   7.403 |    7.376 | 
     | FE_RC_11_0                                      | A v -> Y ^    | sky130_fd_sc_hd__nand3_2   | 0.092 |   7.495 |    7.468 | 
     | g108191                                         | A ^ -> Y v    | sky130_fd_sc_hd__nand2_2   | 0.071 |   7.566 |    7.538 | 
     | g126298                                         | A v -> Y ^    | sky130_fd_sc_hd__nand2_4   | 0.070 |   7.636 |    7.608 | 
     | g126297_dup                                     | A ^ -> Y v    | sky130_fd_sc_hd__nand2_2   | 0.067 |   7.703 |    7.675 | 
     | fopt120328                                      | A v -> Y ^    | sky130_fd_sc_hd__inv_2     | 0.067 |   7.770 |    7.742 | 
     | g125466                                         | A ^ -> Y v    | sky130_fd_sc_hd__nand2_4   | 0.058 |   7.828 |    7.801 | 
     | g125556                                         | B v -> Y ^    | sky130_fd_sc_hd__nand2_4   | 0.123 |   7.951 |    7.923 | 
     | g116724                                         | A ^ -> X ^    | sky130_fd_sc_hd__and2_4    | 0.216 |   8.167 |    8.140 | 
     | g107658                                         | A ^ -> Y v    | sky130_fd_sc_hd__nand2_1   | 0.060 |   8.227 |    8.200 | 
     | g107639                                         | B v -> Y ^    | sky130_fd_sc_hd__nand2_1   | 0.089 |   8.317 |    8.289 | 
     | g116311                                         | B1 ^ -> Y v   | sky130_fd_sc_hd__a21oi_2   | 0.046 |   8.363 |    8.335 | 
     | g116313                                         | A2 v -> Y ^   | sky130_fd_sc_hd__o21ai_1   | 0.262 |   8.624 |    8.597 | 
     | FE_OFC1339_n_6970                               | A ^ -> Y v    | sky130_fd_sc_hd__inv_2     | 0.056 |   8.681 |    8.653 | 
     | g120139                                         | A v -> Y ^    | sky130_fd_sc_hd__nand2_2   | 0.092 |   8.773 |    8.745 | 
     | g125908                                         | C ^ -> Y v    | sky130_fd_sc_hd__nand3_2   | 0.092 |   8.865 |    8.837 | 
     | g127819                                         | A v -> Y ^    | sky130_fd_sc_hd__nand2_2   | 0.070 |   8.935 |    8.907 | 
     | g127818                                         | A ^ -> Y v    | sky130_fd_sc_hd__inv_2     | 0.059 |   8.994 |    8.966 | 
     | g127823                                         | A v -> Y ^    | sky130_fd_sc_hd__nand2_4   | 0.068 |   9.061 |    9.034 | 
     | FE_OFC1059_n_21129                              | A ^ -> Y v    | sky130_fd_sc_hd__inv_2     | 0.058 |   9.120 |    9.092 | 
     | g127827                                         | A v -> Y ^    | sky130_fd_sc_hd__nand3_4   | 0.076 |   9.196 |    9.168 | 
     | FE_OFC1445_n_8111                               | A ^ -> Y v    | sky130_fd_sc_hd__inv_2     | 0.043 |   9.239 |    9.211 | 
     | g126387                                         | B v -> Y ^    | sky130_fd_sc_hd__nand4_1   | 0.080 |   9.319 |    9.291 | 
     | g126386                                         | A ^ -> Y v    | sky130_fd_sc_hd__nand2_1   | 0.060 |   9.379 |    9.351 | 
     | g106963                                         | A v -> Y ^    | sky130_fd_sc_hd__nand2_1   | 0.085 |   9.464 |    9.436 | 
     | g106954                                         | A ^ -> Y v    | sky130_fd_sc_hd__nand3_2   | 0.082 |   9.546 |    9.518 | 
     | g124389                                         | B v -> Y ^    | sky130_fd_sc_hd__nor2_1    | 0.112 |   9.658 |    9.630 | 
     | g105880                                         | B2 ^ -> Y v   | sky130_fd_sc_hd__o2bb2ai_1 | 0.065 |   9.723 |    9.695 | 
     | result_r_reg[5]                                 | D v           | sky130_fd_sc_hd__dfrtp_1   | 0.000 |   9.723 |    9.695 | 
     +---------------------------------------------------------------------------------------------------------------------------+ 
     Clock Rise Edge                      0.000
     = Beginpoint Arrival Time            0.000
     Other End Path:
     +--------------------------------------------------------------------------------------------+ 
     |      Instance       |    Arc     |            Cell            | Delay | Arrival | Required | 
     |                     |            |                            |       |  Time   |   Time   | 
     |---------------------+------------+----------------------------+-------+---------+----------| 
     |                     | clk ^      |                            |       |   0.000 |    0.028 | 
     | CTS_ccl_a_inv_00003 | A ^ -> Y v | sky130_fd_sc_hd__clkinv_16 | 0.539 |   0.539 |    0.567 | 
     | CTS_ccl_a_inv_00002 | A v -> Y ^ | sky130_fd_sc_hd__clkinv_16 | 0.172 |   0.711 |    0.739 | 
     | result_r_reg[5]     | CLK ^      | sky130_fd_sc_hd__dfrtp_1   | 0.003 |   0.714 |    0.741 | 
     +--------------------------------------------------------------------------------------------+ 

