###############################################################
#  Generated by:      Cadence Innovus 21.15-s110_1
#  OS:                Linux x86_64(Host ID vlsiece24.iitr.ac.in)
#  Generated on:      Thu Sep 24 16:23:26 2026
#  Design:            coprocessor
#  Command:           summaryReport -noHtml -outfile ./runA/summary.rpt
###############################################################


==============================
General Design Information
==============================
Design Status: Routed  
Design Name: coprocessor  
# Instances: 7347  
# Hard Macros: 0  
# Std Cells: 7347  
    ------------------------------
    Standard Cells in Netlist
    ------------------------------
               Cell Type   Instance Count  Area (um^2)  
    sky130_fd_sc_hd__a2bb2oi_1               10          87.5840  
    sky130_fd_sc_hd__a2bb2oi_2                5          75.0720  
    sky130_fd_sc_hd__a21bo_1                1          10.0096  
    sky130_fd_sc_hd__a21boi_0                3          22.5216  
    sky130_fd_sc_hd__a21boi_1               16         120.1152  
    sky130_fd_sc_hd__a21boi_2                6          67.5648  
    sky130_fd_sc_hd__a21o_1               21         157.6512  
    sky130_fd_sc_hd__a21o_2                4          35.0336  
    sky130_fd_sc_hd__a21oi_1              182         910.8736  
    sky130_fd_sc_hd__a21oi_2               75         656.8800  
    sky130_fd_sc_hd__a21oi_4               14         227.7184  
    sky130_fd_sc_hd__a22o_1               33         289.0272  
    sky130_fd_sc_hd__a22o_2                3          30.0288  
    sky130_fd_sc_hd__a22o_4                1          17.5168  
    sky130_fd_sc_hd__a22oi_1               47         352.8384  
    sky130_fd_sc_hd__a22oi_2                5          62.5600  
    sky130_fd_sc_hd__a31o_1                3          26.2752  
    sky130_fd_sc_hd__a31oi_1               42         262.7520  
    sky130_fd_sc_hd__a31oi_2                5          62.5600  
    sky130_fd_sc_hd__a31oi_4                4          85.0816  
    sky130_fd_sc_hd__a32o_1                3          30.0288  
    sky130_fd_sc_hd__a32oi_1               15         131.3760  
    sky130_fd_sc_hd__a32oi_2                3          48.7968  
    sky130_fd_sc_hd__a41oi_4                1          27.5264  
    sky130_fd_sc_hd__a211o_1                1           8.7584  
    sky130_fd_sc_hd__a211oi_1                6          45.0432  
    sky130_fd_sc_hd__a211oi_2                2          25.0240  
    sky130_fd_sc_hd__a221o_1                6          60.0576  
    sky130_fd_sc_hd__a221oi_1                6          52.5504  
    sky130_fd_sc_hd__a221oi_2                1          15.0144  
    sky130_fd_sc_hd__a222oi_1               13         130.1248  
    sky130_fd_sc_hd__a311oi_2                1          15.0144  
    sky130_fd_sc_hd__and2_0               12          75.0720  
    sky130_fd_sc_hd__and2_1               34         212.7040  
    sky130_fd_sc_hd__and2_2                1           7.5072  
    sky130_fd_sc_hd__and2_4               61         534.2624  
    sky130_fd_sc_hd__and2b_1                2          15.0144  
    sky130_fd_sc_hd__and2b_4                2          20.0192  
    sky130_fd_sc_hd__and3_1               10          62.5600  
    sky130_fd_sc_hd__and3_4                1          11.2608  
    sky130_fd_sc_hd__and4_1                1           8.7584  
    sky130_fd_sc_hd__buf_1              126         472.9536  
    sky130_fd_sc_hd__buf_2              159         795.7632  
    sky130_fd_sc_hd__buf_4               73         548.0256  
    sky130_fd_sc_hd__buf_6              163        1835.5104  
    sky130_fd_sc_hd__buf_8               17         255.2448  
    sky130_fd_sc_hd__buf_12               60        1201.1520  
    sky130_fd_sc_hd__bufinv_8                4          70.0672  
    sky130_fd_sc_hd__clkbuf_1              162         608.0832  
    sky130_fd_sc_hd__clkbuf_2               32         160.1536  
    sky130_fd_sc_hd__clkbuf_4                5          37.5360  
    sky130_fd_sc_hd__clkbuf_8                2          27.5264  
    sky130_fd_sc_hd__clkbuf_16                1          25.0240  
    sky130_fd_sc_hd__clkinv_1               71         266.5056  
    sky130_fd_sc_hd__clkinv_2               24         120.1152  
    sky130_fd_sc_hd__clkinv_4               24         210.2016  
    sky130_fd_sc_hd__clkinv_8                6          97.5936  
    sky130_fd_sc_hd__clkinv_16                6         180.1728  
    sky130_fd_sc_hd__dfrbp_1                6         172.6656  
    sky130_fd_sc_hd__dfrtp_1               57        1426.3680  
    sky130_fd_sc_hd__dfsbp_1                1          28.7776  
    sky130_fd_sc_hd__dfstp_1                1          26.2752  
    sky130_fd_sc_hd__dfstp_2                1          26.2752  
    sky130_fd_sc_hd__fa_1                2          40.0384  
    sky130_fd_sc_hd__fah_1               20         675.6480  
    sky130_fd_sc_hd__ha_1               27         337.8240  
    sky130_fd_sc_hd__ha_2                1          15.0144  
    sky130_fd_sc_hd__ha_4                1          25.0240  
    sky130_fd_sc_hd__inv_1              242         908.3712  
    sky130_fd_sc_hd__inv_2              683        2563.7088  
    sky130_fd_sc_hd__inv_4               95         594.3200  
    sky130_fd_sc_hd__inv_6               44         385.3696  
    sky130_fd_sc_hd__inv_8               44         495.4752  
    sky130_fd_sc_hd__inv_12               25         406.6400  
    sky130_fd_sc_hd__maj3_2                1          11.2608  
    sky130_fd_sc_hd__mux2_1                1          11.2608  
    sky130_fd_sc_hd__mux2_2                2          22.5216  
    sky130_fd_sc_hd__mux2_4                2          30.0288  
    sky130_fd_sc_hd__mux2i_1               29         290.2784  
    sky130_fd_sc_hd__mux2i_2                2          27.5264  
    sky130_fd_sc_hd__mux2i_4                1          22.5216  
    sky130_fd_sc_hd__mux4_2                1          22.5216  
    sky130_fd_sc_hd__nand2_1             1482        5562.8352  
    sky130_fd_sc_hd__nand2_2              414        2589.9840  
    sky130_fd_sc_hd__nand2_4              142        1599.0336  
    sky130_fd_sc_hd__nand2_8               41         820.7872  
    sky130_fd_sc_hd__nand2b_1              154         963.4240  
    sky130_fd_sc_hd__nand2b_2               31         271.5104  
    sky130_fd_sc_hd__nand2b_4               42         578.0544  
    sky130_fd_sc_hd__nand3_1              146         730.7008  
    sky130_fd_sc_hd__nand3_2               84         840.8064  
    sky130_fd_sc_hd__nand3_4               16         280.2688  
    sky130_fd_sc_hd__nand3b_1               31         232.7232  
    sky130_fd_sc_hd__nand3b_2                1          11.2608  
    sky130_fd_sc_hd__nand3b_4                3          60.0576  
    sky130_fd_sc_hd__nand4_1               54         337.8240  
    sky130_fd_sc_hd__nand4_2               29         362.8480  
    sky130_fd_sc_hd__nand4_4               14         297.7856  
    sky130_fd_sc_hd__nand4b_1                4          35.0336  
    sky130_fd_sc_hd__nand4b_2                1          15.0144  
    sky130_fd_sc_hd__nand4bb_1                1          11.2608  
    sky130_fd_sc_hd__nor2_1              332        1246.1952  
    sky130_fd_sc_hd__nor2_2              136         850.8160  
    sky130_fd_sc_hd__nor2_4               80         900.8640  
    sky130_fd_sc_hd__nor2_8               11         220.2112  
    sky130_fd_sc_hd__nor2b_1               62         387.8720  
    sky130_fd_sc_hd__nor2b_2                5          43.7920  
    sky130_fd_sc_hd__nor2b_4               13         178.9216  
    sky130_fd_sc_hd__nor3_1               42         210.2016  
    sky130_fd_sc_hd__nor3_2               13         130.1248  
    sky130_fd_sc_hd__nor3_4                5          81.3280  
    sky130_fd_sc_hd__nor3b_1                9          67.5648  
    sky130_fd_sc_hd__nor4_1                8          50.0480  
    sky130_fd_sc_hd__nor4_2                1          12.5120  
    sky130_fd_sc_hd__nor4b_1                3          26.2752  
    sky130_fd_sc_hd__o2bb2a_1                1          10.0096  
    sky130_fd_sc_hd__o2bb2a_4                3          60.0576  
    sky130_fd_sc_hd__o2bb2ai_1               77         674.3968  
    sky130_fd_sc_hd__o2bb2ai_2               10         150.1440  
    sky130_fd_sc_hd__o21a_1               51         382.8672  
    sky130_fd_sc_hd__o21a_2                8          70.0672  
    sky130_fd_sc_hd__o21a_4                1          15.0144  
    sky130_fd_sc_hd__o21ai_0               13          65.0624  
    sky130_fd_sc_hd__o21ai_1              258        1291.2384  
    sky130_fd_sc_hd__o21ai_2              122        1068.5248  
    sky130_fd_sc_hd__o21ai_4               13         211.4528  
    sky130_fd_sc_hd__o21ba_1                1          10.0096  
    sky130_fd_sc_hd__o21bai_1                6          45.0432  
    sky130_fd_sc_hd__o21bai_2                3          33.7824  
    sky130_fd_sc_hd__o21bai_4                2          37.5360  
    sky130_fd_sc_hd__o22a_1               17         148.8928  
    sky130_fd_sc_hd__o22a_2                1          10.0096  
    sky130_fd_sc_hd__o22ai_1              174        1088.5440  
    sky130_fd_sc_hd__o22ai_2               28         350.3360  
    sky130_fd_sc_hd__o22ai_4                6         120.1152  
    sky130_fd_sc_hd__o31ai_1                1           7.5072  
    sky130_fd_sc_hd__o31ai_2                2          25.0240  
    sky130_fd_sc_hd__o32a_1                7          70.0672  
    sky130_fd_sc_hd__o32a_2                1          11.2608  
    sky130_fd_sc_hd__o32a_4                1          22.5216  
    sky130_fd_sc_hd__o32ai_1                9          78.8256  
    sky130_fd_sc_hd__o32ai_2                3          48.7968  
    sky130_fd_sc_hd__o32ai_4                1          27.5264  
    sky130_fd_sc_hd__o211a_1                3          30.0288  
    sky130_fd_sc_hd__o211ai_1               15         112.6080  
    sky130_fd_sc_hd__o211ai_2                9         112.6080  
    sky130_fd_sc_hd__o211ai_4                1          21.2704  
    sky130_fd_sc_hd__o221a_2                3          33.7824  
    sky130_fd_sc_hd__o221ai_1               15         131.3760  
    sky130_fd_sc_hd__o221ai_2               11         165.1584  
    sky130_fd_sc_hd__o311a_1                2          20.0192  
    sky130_fd_sc_hd__o311ai_1                5          43.7920  
    sky130_fd_sc_hd__o2111a_1                1          11.2608  
    sky130_fd_sc_hd__o2111ai_1                8          70.0672  
    sky130_fd_sc_hd__o2111ai_2                5          75.0720  
    sky130_fd_sc_hd__o2111ai_4                1          26.2752  
    sky130_fd_sc_hd__or2_0               10          62.5600  
    sky130_fd_sc_hd__or2_1               19         118.8640  
    sky130_fd_sc_hd__or2_2                1           6.2560  
    sky130_fd_sc_hd__or2_4                4          35.0336  
    sky130_fd_sc_hd__or2b_1                3          22.5216  
    sky130_fd_sc_hd__or3_1                1           6.2560  
    sky130_fd_sc_hd__or4_1                1           7.5072  
    sky130_fd_sc_hd__or4bb_1                1          11.2608  
    sky130_fd_sc_hd__probe_p_8                3          45.0432  
    sky130_fd_sc_hd__sdfrtp_1               32        1000.9600  
    sky130_fd_sc_hd__sdfrtp_2               20         650.6240  
    sky130_fd_sc_hd__sdfrtp_4                1          35.0336  
    sky130_fd_sc_hd__xnor2_1               33         289.0272  
    sky130_fd_sc_hd__xnor2_2                4          65.0624  
    sky130_fd_sc_hd__xnor3_1                1          22.5216  
    sky130_fd_sc_hd__xor2_1               16         140.1344  
    sky130_fd_sc_hd__xor2_2                1          16.2656  
    sky130_fd_sc_hd__xor3_1                1          23.7728  
# Pads: 0  
# Net: 7426  
# Special Net: 0  
# IO Pins: 
    ------------------------------
    Issued IO Information
    ------------------------------
    # Unplaced IO Pin  
        ------------------------------
        Unplaced IO
        ------------------------------
            Unplaced IO Name  
                          tx  
                          rx  
                         rst  
                         clk  4  
    # Floating IO  0  
    # IO Connected to Non-IO Inst  
        ------------------------------
        IO Connected to Non-IO Inst
        ------------------------------
                     IO Name      Non-IO Inst Name  
                          tx  uart_inst_uart_tx_inst_tx_reg  
                          rx  uart_inst_uart_rx_inst_rx_ff1_reg  
                         rst               g123563  
                         clk   CTS_ccl_a_inv_00003  4  4  
# Pins: 
    ------------------------------
    Correctness of Pin Connectivity for All Instances
    ------------------------------
    # Floating Terms  0  
    # Output Term Marked Tie Hi/Lo  0  
    # Output Term Shorted to PG Net  0  23126  
# PG Pins: 
    ------------------------------
    Correctness of PG Pin Connectivity for All Instances
    ------------------------------
    # Instances that No Net Defined for Any PG Pin  
        ------------------------------
        The Instances that No Net Defined for any PG Pin
        ------------------------------
               Instance Name  
                     g125212  
                     g125211  
                     g125210  
                     g125207  
                     g125206  
                     g125187  
                     g125181  
                     g125177  
                     g125176  
                     g125175  
                     g125173  
                     g125172  
                     g125161  
                     g125149  
                     g125148  
                     g125147  
                     g125146  
                     g125145  
                     g125144  
                     g125143  
                     g125142  
                     g125141  
                     g125140  
                     g125139  
                     g125136  
                     g125135  
                     g125134  
                     g125133  
                     g125132  
                     g125131  
                     g125129  
                     g125128  
                     g125126  
                     g125125  
                     g125123  
                     g125122  
                     g125121  
                     g125120  
                     g125119  
                     g125118  
                     g125116  
                     g125115  
                     g125114  
                     g125113  
                     g125112  
                     g125111  
                     g125110  
                     g125109  
                     g125108  
                     g125105  
                     g125104  
                     g125103  
                     g125102  
                     g125097  
                     g125094  
                     g125093  
                     g125092  
                     g125091  
                     g125090  
                     g125089  
                     g125087  
                     g125086  
                     g125085  
                     g125083  
                     g125081  
                     g125076  
                     g125075  
                     g125074  
                     g125073  
                     g125072  
                     g125069  
                     g125065  
                     g125058  
                     g125052  
                     g125049  
                     g125048  
                     g125047  
                     g125046  
                     g125045  
                     g125044  
                     g125043  
                     g125042  
                     g125041  
                     g125040  
                     g125038  
                     g125037  
                     g125036  
                     g125035  
                     g125034  
                     g125032  
                     g125029  
                     g125028  
                     g125027  
                     g125025  
                     g125024  
                     g125023  
                     g125022  
                     g125021  
                     g125019  
                     g125017  
                     g125016  
                     g125015  
                     g125014  
                     g125013  
                     g125005  
                     g125004  
                     g125001  
        uart_inst_uart_rx_inst_rx_sync_reg  
        uart_inst_uart_tx_inst_bit_count_reg[0]  
                     g124970  
                     g124969  
                     g124968  
                     g124949  
                     g124936  
                     g124935  
                     g124934  
                     g124914  
                          g3  
                     g124913  
                     g124912  
                     g124909  
                     g124890  
                     g124866  
                     g124865  
                     g124864  
                  fopt124824  
                  fopt124820  
                  fopt124746  
                  fopt124740  
                  fopt124729  
                  fopt124710  
                  fopt124707  
                  fopt124658  
                  fopt124644  
                  fopt124543  
                  fopt124423  
                  fopt124365  
                  fopt124116  
                  fopt124115  
                  fopt124071  
                  fopt124069  
                  fopt124020  
                  fopt123967  
                  fopt123935  
                  fopt123883  
                  fopt123871  
                  fopt123825  
                  fopt123791  
                     g123726  
        alu_inst_muldiv_inst_mul_349_24_g5637  
        alu_inst_muldiv_inst_mul_349_24_g5635  
        alu_inst_muldiv_inst_mul_349_24_g5634  
        alu_inst_muldiv_inst_mul_349_24_g5632  
        alu_inst_muldiv_inst_mul_349_24_g5629  
        alu_inst_muldiv_inst_mul_349_24_g5628  
        alu_inst_muldiv_inst_mul_349_24_g5626  
        alu_inst_muldiv_inst_mul_349_24_g5625  
        alu_inst_muldiv_inst_mul_349_24_g5623  
        alu_inst_muldiv_inst_mul_349_24_g5622  
        alu_inst_muldiv_inst_mul_349_24_g5621  
        alu_inst_muldiv_inst_mul_349_24_g5620  
        alu_inst_muldiv_inst_mul_349_24_g5619  
        alu_inst_muldiv_inst_mul_349_24_g5618  
        alu_inst_muldiv_inst_mul_349_24_g5617  
        alu_inst_muldiv_inst_mul_349_24_g5616  
        alu_inst_muldiv_inst_mul_349_24_g5615  
        alu_inst_muldiv_inst_mul_349_24_g5611  
        alu_inst_muldiv_inst_mul_349_24_g5610  
        alu_inst_muldiv_inst_mul_349_24_g5609  
        alu_inst_muldiv_inst_mul_349_24_g5608  
        alu_inst_muldiv_inst_mul_349_24_g5607  
        alu_inst_muldiv_inst_mul_349_24_g5606  
        alu_inst_muldiv_inst_mul_349_24_g2  
        alu_inst_muldiv_inst_mul_349_24_g5443  
        alu_inst_muldiv_inst_mul_349_24_g5439  
        alu_inst_muldiv_inst_mul_349_24_g5438  
        alu_inst_muldiv_inst_mul_349_24_g5437  
        alu_inst_muldiv_inst_mul_349_24_g5436  
        alu_inst_muldiv_inst_mul_349_24_g5435  
        alu_inst_muldiv_inst_mul_349_24_g5434  
        alu_inst_muldiv_inst_mul_349_24_g5432  
        alu_inst_muldiv_inst_mul_349_24_g5431  
        alu_inst_muldiv_inst_mul_349_24_g5430  
        alu_inst_muldiv_inst_mul_349_24_g5425  
        alu_inst_muldiv_inst_mul_349_24_g5423  
        alu_inst_muldiv_inst_mul_349_24_g5420  
        alu_inst_muldiv_inst_mul_349_24_g5414  
        alu_inst_muldiv_inst_mul_349_24_g5413  
        alu_inst_muldiv_inst_mul_349_24_g5411  
        alu_inst_muldiv_inst_mul_349_24_g5410  
        alu_inst_muldiv_inst_mul_349_24_g5406  
        alu_inst_muldiv_inst_mul_349_24_g5401  
        alu_inst_muldiv_inst_mul_349_24_g5400  
        alu_inst_muldiv_inst_mul_349_24_g5399  
        alu_inst_muldiv_inst_mul_349_24_g5397  
        alu_inst_muldiv_inst_mul_349_24_g5394  
        alu_inst_muldiv_inst_mul_349_24_g5393  
        alu_inst_muldiv_inst_mul_349_24_g5392  
        alu_inst_muldiv_inst_mul_349_24_g5391  
        alu_inst_muldiv_inst_mul_349_24_g5389  
        alu_inst_muldiv_inst_mul_349_24_g5387  
        alu_inst_muldiv_inst_mul_349_24_g5385  
        alu_inst_muldiv_inst_mul_349_24_g5383  
        alu_inst_muldiv_inst_mul_349_24_g5382  
        alu_inst_muldiv_inst_mul_349_24_g5381  
        alu_inst_muldiv_inst_mul_349_24_g5379  
        alu_inst_muldiv_inst_mul_349_24_g5378  
        alu_inst_muldiv_inst_mul_349_24_g5376  
        alu_inst_muldiv_inst_mul_349_24_g5375  
        alu_inst_muldiv_inst_mul_349_24_g5374  
        alu_inst_muldiv_inst_mul_349_24_g5373  
        alu_inst_muldiv_inst_mul_349_24_g5372  
        alu_inst_muldiv_inst_mul_349_24_g5371  
        alu_inst_muldiv_inst_mul_349_24_g5368  
        alu_inst_muldiv_inst_mul_349_24_g5364  
        alu_inst_muldiv_inst_mul_349_24_g5363  
        alu_inst_muldiv_inst_mul_349_24_g5362  
        alu_inst_muldiv_inst_mul_349_24_g5360  
        alu_inst_muldiv_inst_mul_349_24_g5359  
        alu_inst_muldiv_inst_mul_349_24_g5358  
        alu_inst_muldiv_inst_mul_349_24_g5357  
        alu_inst_muldiv_inst_mul_349_24_g5356  
        alu_inst_muldiv_inst_mul_349_24_g5355  
        alu_inst_muldiv_inst_mul_349_24_g5354  
        alu_inst_muldiv_inst_mul_349_24_g5353  
        alu_inst_muldiv_inst_mul_349_24_g5352  
        alu_inst_muldiv_inst_mul_349_24_g5351  
        alu_inst_muldiv_inst_mul_349_24_g5349  
        alu_inst_muldiv_inst_mul_349_24_g5346  
        alu_inst_muldiv_inst_mul_349_24_g5345  
        alu_inst_muldiv_inst_mul_349_24_g5344  
        alu_inst_muldiv_inst_mul_349_24_g5343  
        alu_inst_muldiv_inst_mul_349_24_g5342  
        alu_inst_muldiv_inst_mul_349_24_g5341  
        alu_inst_muldiv_inst_mul_349_24_g5339  
        alu_inst_muldiv_inst_mul_349_24_g5338  
        alu_inst_muldiv_inst_mul_349_24_g5337  
        alu_inst_muldiv_inst_mul_349_24_g5336  
        alu_inst_muldiv_inst_mul_349_24_g5335  
        alu_inst_muldiv_inst_mul_349_24_g5334  
        alu_inst_muldiv_inst_mul_349_24_g5333  
        alu_inst_muldiv_inst_mul_349_24_g5332  
        alu_inst_muldiv_inst_mul_349_24_g5331  
        alu_inst_muldiv_inst_mul_349_24_g5329  
        alu_inst_muldiv_inst_mul_349_24_g5327  
        alu_inst_muldiv_inst_mul_349_24_g5326  
        alu_inst_muldiv_inst_mul_349_24_g5324  
        alu_inst_muldiv_inst_mul_349_24_g5319  
        alu_inst_muldiv_inst_mul_349_24_g5318  
        alu_inst_muldiv_inst_mul_349_24_g5317  
        alu_inst_muldiv_inst_mul_349_24_g5316  
        alu_inst_muldiv_inst_mul_349_24_g5313  
        alu_inst_muldiv_inst_mul_349_24_g5312  
        alu_inst_muldiv_inst_mul_349_24_g5311  
        alu_inst_muldiv_inst_mul_349_24_g5309  
        alu_inst_muldiv_inst_mul_349_24_g5308  
        alu_inst_muldiv_inst_mul_349_24_g5307  
        alu_inst_muldiv_inst_mul_349_24_g5305  
        alu_inst_muldiv_inst_mul_349_24_g5302  
        alu_inst_muldiv_inst_mul_349_24_g5301  
        alu_inst_muldiv_inst_mul_349_24_g5300  
        alu_inst_muldiv_inst_mul_349_24_g5299  
        alu_inst_muldiv_inst_mul_349_24_g5298  
        alu_inst_muldiv_inst_mul_349_24_g5297  
        alu_inst_muldiv_inst_mul_349_24_g5295  
        alu_inst_muldiv_inst_mul_349_24_g5294  
        alu_inst_muldiv_inst_mul_349_24_g5293  
        alu_inst_muldiv_inst_mul_349_24_g5292  
        alu_inst_muldiv_inst_mul_349_24_g5280  
        alu_inst_muldiv_inst_mul_349_24_g5279  
        alu_inst_muldiv_inst_mul_349_24_g5278  
        alu_inst_muldiv_inst_mul_349_24_g5276  
        alu_inst_muldiv_inst_mul_349_24_g5275  
        alu_inst_muldiv_inst_mul_349_24_g5274  
        alu_inst_muldiv_inst_mul_349_24_g5273  
        alu_inst_muldiv_inst_mul_349_24_g5272  
        alu_inst_muldiv_inst_mul_349_24_g5271  
        alu_inst_muldiv_inst_mul_349_24_g5270  
        alu_inst_muldiv_inst_mul_349_24_g5269  
        alu_inst_muldiv_inst_mul_349_24_g5268  
        alu_inst_muldiv_inst_mul_349_24_g5264  
        alu_inst_muldiv_inst_mul_349_24_g5258  
        alu_inst_muldiv_inst_mul_349_24_g5256  
        alu_inst_muldiv_inst_mul_349_24_g5255  
        alu_inst_muldiv_inst_mul_349_24_g5254  
        alu_inst_muldiv_inst_mul_349_24_g5253  
        alu_inst_muldiv_inst_mul_349_24_g5252  
        alu_inst_muldiv_inst_mul_349_24_g5251  
        alu_inst_muldiv_inst_mul_349_24_g5250  
        alu_inst_muldiv_inst_mul_349_24_g5249  
        alu_inst_muldiv_inst_mul_349_24_g5248  
        alu_inst_muldiv_inst_mul_349_24_g5247  
        alu_inst_muldiv_inst_mul_349_24_g5246  
        alu_inst_muldiv_inst_mul_349_24_g5245  
        alu_inst_muldiv_inst_mul_349_24_g5244  
        alu_inst_muldiv_inst_mul_349_24_g5229  
        alu_inst_muldiv_inst_mul_349_24_g5228  
        alu_inst_muldiv_inst_mul_349_24_g5225  
        alu_inst_muldiv_inst_mul_349_24_g5223  
        alu_inst_muldiv_inst_mul_349_24_g5222  
        alu_inst_muldiv_inst_mul_349_24_g5221  
        alu_inst_muldiv_inst_mul_349_24_g5220  
        alu_inst_muldiv_inst_mul_349_24_g5219  
        alu_inst_muldiv_inst_mul_349_24_g5218  
        alu_inst_muldiv_inst_mul_349_24_g5217  
        alu_inst_muldiv_inst_mul_349_24_g5216  
        alu_inst_muldiv_inst_mul_349_24_g5215  
        alu_inst_muldiv_inst_mul_349_24_g5214  
        alu_inst_muldiv_inst_mul_349_24_g5213  
        alu_inst_muldiv_inst_mul_349_24_g5212  
        alu_inst_muldiv_inst_mul_349_24_g5211  
        alu_inst_muldiv_inst_mul_349_24_g5210  
        alu_inst_muldiv_inst_mul_349_24_g5209  
        alu_inst_muldiv_inst_mul_349_24_g5208  
        alu_inst_muldiv_inst_mul_349_24_g5207  
        alu_inst_muldiv_inst_mul_349_24_g5206  
        alu_inst_muldiv_inst_mul_349_24_g5205  
        alu_inst_muldiv_inst_mul_349_24_g5204  
        alu_inst_muldiv_inst_mul_349_24_g5203  
        alu_inst_muldiv_inst_mul_349_24_g5202  
        alu_inst_muldiv_inst_mul_349_24_g5201  
        alu_inst_muldiv_inst_mul_349_24_g5200  
        alu_inst_muldiv_inst_mul_349_24_g5199  
        alu_inst_muldiv_inst_mul_349_24_g5192  
        alu_inst_muldiv_inst_mul_349_24_g5191  
        alu_inst_muldiv_inst_mul_349_24_g5190  
        alu_inst_muldiv_inst_mul_349_24_g5189  
        alu_inst_muldiv_inst_mul_349_24_g5188  
        alu_inst_muldiv_inst_mul_349_24_g5187  
        alu_inst_muldiv_inst_mul_349_24_g5186  
        alu_inst_muldiv_inst_mul_349_24_g5185  
        alu_inst_muldiv_inst_mul_349_24_g5184  
        alu_inst_muldiv_inst_mul_349_24_g5183  
        alu_inst_muldiv_inst_mul_349_24_g5182  
        alu_inst_muldiv_inst_mul_349_24_g5181  
        alu_inst_muldiv_inst_mul_349_24_g5178  
        alu_inst_muldiv_inst_mul_349_24_g5175  
        alu_inst_muldiv_inst_mul_349_24_g5174  
        alu_inst_muldiv_inst_mul_349_24_g5173  
        alu_inst_muldiv_inst_mul_349_24_g5172  
        alu_inst_muldiv_inst_mul_349_24_g5171  
        alu_inst_muldiv_inst_mul_349_24_g5169  
        alu_inst_muldiv_inst_mul_349_24_g5163  
        alu_inst_muldiv_inst_mul_349_24_g5161  
        alu_inst_muldiv_inst_mul_349_24_g5160  
        alu_inst_muldiv_inst_mul_349_24_g5159  
        alu_inst_muldiv_inst_mul_349_24_g5158  
        alu_inst_muldiv_inst_mul_349_24_g5157  
        alu_inst_muldiv_inst_mul_349_24_g5156  
        alu_inst_muldiv_inst_mul_349_24_g5155  
        alu_inst_muldiv_inst_mul_349_24_g5154  
        alu_inst_muldiv_inst_mul_349_24_g5153  
        alu_inst_muldiv_inst_mul_349_24_g5152  
        alu_inst_muldiv_inst_mul_349_24_g5150  
        alu_inst_muldiv_inst_mul_349_24_g5149  
        alu_inst_muldiv_inst_mul_349_24_g5148  
        alu_inst_muldiv_inst_mul_349_24_g5147  
        alu_inst_muldiv_inst_mul_349_24_g5146  
        alu_inst_muldiv_inst_mul_349_24_g5145  
        alu_inst_muldiv_inst_mul_349_24_g5144  
        alu_inst_muldiv_inst_mul_349_24_g5142  
        alu_inst_muldiv_inst_mul_349_24_g5141  
        alu_inst_muldiv_inst_mul_349_24_g5140  
        alu_inst_muldiv_inst_mul_349_24_g5139  
        alu_inst_muldiv_inst_mul_349_24_g5138  
        alu_inst_muldiv_inst_mul_349_24_g5137  
        alu_inst_muldiv_inst_mul_349_24_g5135  
        alu_inst_muldiv_inst_mul_349_24_g5134  
        alu_inst_muldiv_inst_mul_349_24_g5133  
        alu_inst_muldiv_inst_mul_349_24_g5132  
        alu_inst_muldiv_inst_mul_349_24_g5124  
        alu_inst_muldiv_inst_mul_349_24_g5122  
        alu_inst_muldiv_inst_mul_349_24_g5119  
        alu_inst_muldiv_inst_mul_349_24_g5118  
        alu_inst_muldiv_inst_mul_349_24_g5117  
        alu_inst_muldiv_inst_mul_349_24_g5116  
        alu_inst_muldiv_inst_mul_349_24_g5115  
        alu_inst_muldiv_inst_mul_349_24_g5114  
        alu_inst_muldiv_inst_mul_349_24_g5113  
        alu_inst_muldiv_inst_mul_349_24_g5112  
        alu_inst_muldiv_inst_mul_349_24_g5111  
        alu_inst_muldiv_inst_mul_349_24_g5110  
        alu_inst_muldiv_inst_mul_349_24_g5109  
        alu_inst_muldiv_inst_mul_349_24_g5108  
        alu_inst_muldiv_inst_mul_349_24_g5106  
        alu_inst_muldiv_inst_mul_349_24_g5105  
        alu_inst_muldiv_inst_mul_349_24_g5104  
        alu_inst_muldiv_inst_mul_349_24_g5103  
        alu_inst_muldiv_inst_mul_349_24_g5102  
        alu_inst_muldiv_inst_mul_349_24_g5100  
        alu_inst_muldiv_inst_mul_349_24_g5095  
        alu_inst_muldiv_inst_mul_349_24_g5093  
        alu_inst_muldiv_inst_mul_349_24_g5092  
        alu_inst_muldiv_inst_mul_349_24_g5090  
        alu_inst_muldiv_inst_mul_349_24_g5089  
        alu_inst_muldiv_inst_mul_349_24_g5086  
        alu_inst_muldiv_inst_mul_349_24_g5084  
        alu_inst_muldiv_inst_mul_349_24_g5083  
        alu_inst_muldiv_inst_mul_349_24_g5082  
        alu_inst_muldiv_inst_mul_349_24_g5081  
        alu_inst_muldiv_inst_mul_349_24_g5079  
        alu_inst_muldiv_inst_mul_349_24_g5076  
        alu_inst_muldiv_inst_mul_349_24_g5075  
        alu_inst_muldiv_inst_mul_349_24_g5074  
        alu_inst_muldiv_inst_mul_349_24_g5073  
        alu_inst_muldiv_inst_mul_349_24_g5070  
        alu_inst_muldiv_inst_mul_349_24_g5069  
        alu_inst_muldiv_inst_mul_349_24_g5068  
        alu_inst_muldiv_inst_mul_349_24_g5067  
        alu_inst_muldiv_inst_mul_349_24_g5066  
        alu_inst_muldiv_inst_mul_349_24_g5060  
        alu_inst_muldiv_inst_mul_349_24_g5059  
        alu_inst_muldiv_inst_mul_349_24_g5057  
        alu_inst_muldiv_inst_mul_349_24_g5056  
        alu_inst_muldiv_inst_mul_349_24_g5055  
        alu_inst_muldiv_inst_mul_349_24_g5054  
        alu_inst_muldiv_inst_mul_349_24_g5053  
        alu_inst_muldiv_inst_mul_349_24_g5052  
        alu_inst_muldiv_inst_mul_349_24_g5050  
        alu_inst_muldiv_inst_mul_349_24_g5049  
        alu_inst_muldiv_inst_mul_349_24_g5048  
        alu_inst_muldiv_inst_mul_349_24_g5047  
        alu_inst_muldiv_inst_mul_349_24_g5046  
        alu_inst_muldiv_inst_mul_349_24_g5045  
        alu_inst_muldiv_inst_mul_349_24_g5044  
        alu_inst_muldiv_inst_mul_349_24_g5043  
        alu_inst_muldiv_inst_mul_349_24_g5041  
        alu_inst_muldiv_inst_mul_349_24_g5040  
        alu_inst_muldiv_inst_mul_349_24_g5039  
        alu_inst_muldiv_inst_mul_349_24_g5038  
        alu_inst_muldiv_inst_mul_349_24_g5037  
        alu_inst_muldiv_inst_mul_349_24_g5036  
        alu_inst_muldiv_inst_mul_349_24_g5035  
        alu_inst_muldiv_inst_mul_349_24_g5034  
        alu_inst_muldiv_inst_mul_349_24_g5032  
        alu_inst_muldiv_inst_mul_349_24_g5029  
        alu_inst_muldiv_inst_mul_349_24_g5020  
        alu_inst_muldiv_inst_mul_349_24_g5019  
        alu_inst_muldiv_inst_mul_349_24_g5018  
        alu_inst_muldiv_inst_mul_349_24_g5017  
        alu_inst_muldiv_inst_mul_349_24_g5016  
        alu_inst_muldiv_inst_mul_349_24_g5013  
        alu_inst_muldiv_inst_mul_349_24_g5012  
        alu_inst_muldiv_inst_mul_349_24_g5011  
        alu_inst_muldiv_inst_mul_349_24_g5006  
        alu_inst_muldiv_inst_mul_349_24_g5004  
        alu_inst_muldiv_inst_mul_349_24_g5003  
        alu_inst_muldiv_inst_mul_349_24_g5000  
        alu_inst_muldiv_inst_mul_349_24_g4999  
        alu_inst_muldiv_inst_mul_349_24_g4998  
        alu_inst_muldiv_inst_mul_349_24_g4997  
        alu_inst_muldiv_inst_mul_349_24_g4995  
        alu_inst_muldiv_inst_mul_349_24_g4994  
        alu_inst_muldiv_inst_mul_349_24_g4993  
        alu_inst_muldiv_inst_mul_349_24_g4992  
        alu_inst_muldiv_inst_mul_349_24_g4991  
        alu_inst_muldiv_inst_mul_349_24_g4987  
        alu_inst_muldiv_inst_mul_349_24_g4986  
        alu_inst_muldiv_inst_mul_349_24_g4983  
        alu_inst_muldiv_inst_mul_349_24_g4982  
        alu_inst_muldiv_inst_mul_349_24_g4981  
        alu_inst_muldiv_inst_mul_349_24_g4980  
        alu_inst_muldiv_inst_mul_349_24_g4979  
        alu_inst_muldiv_inst_mul_349_24_g4978  
        alu_inst_muldiv_inst_mul_349_24_g4973  
        alu_inst_muldiv_inst_mul_349_24_g4968  
        alu_inst_muldiv_inst_mul_349_24_g4967  
        alu_inst_muldiv_inst_mul_349_24_g4966  
        alu_inst_muldiv_inst_mul_349_24_g4965  
        alu_inst_muldiv_inst_mul_349_24_g4964  
        alu_inst_muldiv_inst_mul_349_24_g4963  
        alu_inst_muldiv_inst_mul_349_24_g4962  
        alu_inst_muldiv_inst_mul_349_24_g4961  
        alu_inst_muldiv_inst_mul_349_24_g4958  
        alu_inst_muldiv_inst_mul_349_24_g4955  
        alu_inst_muldiv_inst_mul_349_24_g4954  
        alu_inst_muldiv_inst_mul_349_24_g4953  
        alu_inst_muldiv_inst_mul_349_24_g4952  
        alu_inst_muldiv_inst_mul_349_24_g4951  
        alu_inst_muldiv_inst_mul_349_24_g4950  
        alu_inst_muldiv_inst_mul_349_24_g4947  
        alu_inst_muldiv_inst_mul_349_24_g4944  
        alu_inst_muldiv_inst_mul_349_24_g4943  
        alu_inst_muldiv_inst_mul_349_24_g4942  
        alu_inst_muldiv_inst_mul_349_24_g4938  
        alu_inst_muldiv_inst_mul_349_24_g4936  
        alu_inst_muldiv_inst_mul_349_24_g4934  
        alu_inst_muldiv_inst_mul_349_24_g4932  
        alu_inst_muldiv_inst_mul_349_24_g4931  
        alu_inst_muldiv_inst_mul_349_24_g4930  
        alu_inst_muldiv_inst_mul_349_24_g4929  
        alu_inst_muldiv_inst_mul_349_24_g4928  
        alu_inst_muldiv_inst_mul_349_24_g4927  
        alu_inst_muldiv_inst_mul_349_24_g4926  
        alu_inst_muldiv_inst_mul_349_24_g4924  
        alu_inst_muldiv_inst_mul_349_24_g4923  
        alu_inst_muldiv_inst_mul_349_24_g4919  
        alu_inst_muldiv_inst_mul_349_24_g4918  
        alu_inst_muldiv_inst_mul_349_24_g4917  
        alu_inst_muldiv_inst_mul_349_24_g4916  
        alu_inst_muldiv_inst_mul_349_24_g4915  
        alu_inst_muldiv_inst_mul_349_24_g4914  
        alu_inst_muldiv_inst_mul_349_24_g4912  
        alu_inst_muldiv_inst_mul_349_24_g4911  
        alu_inst_muldiv_inst_mul_349_24_g4906  
        alu_inst_muldiv_inst_mul_349_24_g4905  
        alu_inst_muldiv_inst_mul_349_24_g4902  
        alu_inst_muldiv_inst_mul_349_24_g4901  
        alu_inst_muldiv_inst_mul_349_24_g4900  
        alu_inst_muldiv_inst_mul_349_24_g4899  
        alu_inst_muldiv_inst_mul_349_24_g4898  
        alu_inst_muldiv_inst_mul_349_24_g4897  
        alu_inst_muldiv_inst_mul_349_24_g4896  
        alu_inst_muldiv_inst_mul_349_24_g4895  
        alu_inst_muldiv_inst_mul_349_24_g4887  
        alu_inst_muldiv_inst_mul_349_24_g4886  
        alu_inst_muldiv_inst_mul_349_24_g4884  
        alu_inst_muldiv_inst_mul_349_24_g4883  
        alu_inst_muldiv_inst_mul_349_24_g4882  
        alu_inst_muldiv_inst_mul_349_24_g4881  
        alu_inst_muldiv_inst_mul_349_24_g4880  
        alu_inst_muldiv_inst_mul_349_24_g4879  
        alu_inst_muldiv_inst_mul_349_24_g4878  
        alu_inst_muldiv_inst_mul_349_24_g4877  
        alu_inst_muldiv_inst_mul_349_24_g4870  
        alu_inst_muldiv_inst_mul_349_24_g4869  
        alu_inst_muldiv_inst_mul_349_24_g4868  
        alu_inst_muldiv_inst_mul_349_24_g4866  
        alu_inst_muldiv_inst_mul_349_24_g4865  
        alu_inst_muldiv_inst_mul_349_24_g4864  
        alu_inst_muldiv_inst_mul_349_24_g4861  
        alu_inst_muldiv_inst_mul_349_24_g4860  
        alu_inst_muldiv_inst_mul_349_24_g4859  
        alu_inst_muldiv_inst_mul_349_24_g4858  
        alu_inst_muldiv_inst_mul_349_24_g4857  
        alu_inst_muldiv_inst_mul_349_24_g4856  
        alu_inst_muldiv_inst_mul_349_24_g4855  
        alu_inst_muldiv_inst_mul_349_24_g4853  
        alu_inst_muldiv_inst_mul_349_24_g4852  
        alu_inst_muldiv_inst_mul_349_24_g4851  
        alu_inst_muldiv_inst_mul_349_24_g4848  
        alu_inst_muldiv_inst_mul_349_24_g4847  
        alu_inst_muldiv_inst_mul_349_24_g4844  
        alu_inst_muldiv_inst_mul_349_24_g4842  
        alu_inst_muldiv_inst_mul_349_24_g4840  
        alu_inst_muldiv_inst_mul_349_24_g4839  
        alu_inst_muldiv_inst_mul_349_24_g4838  
        alu_inst_muldiv_inst_mul_349_24_g4836  
        alu_inst_muldiv_inst_mul_349_24_g4834  
        alu_inst_muldiv_inst_mul_349_24_g4833  
        alu_inst_muldiv_inst_mul_349_24_g4832  
        alu_inst_muldiv_inst_mul_349_24_g4831  
        alu_inst_muldiv_inst_mul_349_24_g4828  
        alu_inst_muldiv_inst_mul_349_24_g4826  
        alu_inst_muldiv_inst_mul_349_24_g4825  
        alu_inst_muldiv_inst_mul_349_24_g4823  
        alu_inst_muldiv_inst_mul_349_24_g4822  
        alu_inst_muldiv_inst_mul_349_24_g4821  
        alu_inst_muldiv_inst_mul_349_24_g4820  
        alu_inst_muldiv_inst_mul_349_24_g4818  
        alu_inst_muldiv_inst_mul_349_24_g4814  
        alu_inst_muldiv_inst_mul_349_24_g4810  
        alu_inst_muldiv_inst_mul_349_24_g4808  
        alu_inst_muldiv_inst_mul_349_24_g4806  
        alu_inst_muldiv_inst_mul_349_24_g4805  
        alu_inst_muldiv_inst_mul_349_24_g4803  
        alu_inst_muldiv_inst_mul_349_24_g4801  
        alu_inst_muldiv_inst_mul_349_24_g4797  
        alu_inst_muldiv_inst_mul_349_24_g4796  
        alu_inst_muldiv_inst_mul_349_24_g4794  
        alu_inst_muldiv_inst_mul_349_24_g4793  
        alu_inst_muldiv_inst_mul_349_24_g4791  
        alu_inst_muldiv_inst_mul_349_24_g4788  
        alu_inst_muldiv_inst_mul_349_24_g4787  
        alu_inst_muldiv_inst_mul_349_24_g4786  
        alu_inst_muldiv_inst_mul_349_24_g4783  
        alu_inst_muldiv_inst_mul_349_24_cdnfadd_022_0  
        alu_inst_muldiv_inst_mul_349_24_cdnfadd_021_0  
        alu_inst_muldiv_inst_mul_349_24_cdnfadd_020_1  
        alu_inst_muldiv_inst_mul_349_24_cdnfadd_020_0  
        alu_inst_muldiv_inst_mul_349_24_cdnfadd_019_2  
        alu_inst_muldiv_inst_mul_349_24_cdnfadd_019_0  
        alu_inst_muldiv_inst_mul_349_24_cdnfadd_018_1  
        alu_inst_muldiv_inst_mul_349_24_cdnfadd_018_0  
        alu_inst_muldiv_inst_mul_349_24_cdnfadd_017_0  
        alu_inst_muldiv_inst_mul_349_24_cdnfadd_016_2  
        alu_inst_muldiv_inst_mul_349_24_cdnfadd_016_0  
        alu_inst_muldiv_inst_mul_349_24_cdnfadd_015_0  
        alu_inst_muldiv_inst_mul_349_24_cdnfadd_014_4  
        alu_inst_muldiv_inst_mul_349_24_cdnfadd_014_3  
        alu_inst_muldiv_inst_mul_349_24_cdnfadd_014_1  
        alu_inst_muldiv_inst_mul_349_24_cdnfadd_013_2  
        alu_inst_muldiv_inst_mul_349_24_cdnfadd_012_2  
        alu_inst_muldiv_inst_mul_349_24_cdnfadd_012_0  
        alu_inst_muldiv_inst_mul_349_24_cdnfadd_011_1  
        alu_inst_muldiv_inst_mul_349_24_cdnfadd_010_0  
        alu_inst_muldiv_inst_mul_349_24_cdnfadd_009_0  
        alu_inst_muldiv_inst_mul_349_24_cdnfadd_005_0  
                      g97086  
                      g97085  
                      g97084  
                      g97083  
                      g97082  
                      g97081  
                      g97080  
                      g97078  
                      g97077  
                      g97073  
                      g97072  
                      g97070  
                      g97067  
                      g97066  
                      g97065  
                      g97064  
                      g97062  
                      g97061  
                      g97060  
                      g97059  
                      g97058  
                      g97057  
                      g97056  
                      g97055  
                      g97054  
                      g97053  
                      g97052  
                      g97051  
                      g97050  
                      g97049  
                      g97048  
                      g97047  
                      g97046  
                      g97045  
                      g97044  
                      g97043  
                      g97042  
                      g97041  
                      g97040  
                      g97038  
                      g97037  
                      g97036  
                      g97035  
                      g97034  
                      g97033  
                      g97032  
                      g97031  
                      g97029  
                      g97028  
                      g97025  
                      g97023  
                      g97022  
                      g97021  
                      g97020  
                      g97017  
                      g97016  
                      g97015  
                      g97012  
                      g97010  
                      g97009  
                      g97008  
                      g97007  
                      g97006  
                      g97004  
                      g97003  
                      g97002  
                      g97001  
                      g97000  
                      g96997  
                      g96996  
                      g96995  
                      g96994  
                      g96990  
                      g96989  
                      g96988  
                      g96987  
                      g96986  
                      g96985  
                      g96984  
                      g96981  
                      g96980  
                      g96979  
                      g96978  
                      g96976  
                      g96975  
                      g96974  
                      g96973  
                      g96972  
                      g96971  
                      g96970  
                     g123720  
                      g96959  
        uart_inst_uart_rx_inst_state_reg[1]  
        uart_inst_uart_rx_inst_state_reg[0]  
        uart_inst_uart_rx_inst_bit_count_reg[0]  
                state_reg[2]  
                state_reg[1]  
                      g96958  
                      g96886  
                      g96734  
                      g96713  
                      g96712  
                      g96711  
                      g96710  
                      g96709  
                      g96708  
                      g96707  
                      g96706  
                      g96705  
                      g96703  
                      g96702  
                      g96701  
                      g96700  
                      g96699  
                      g96698  
                      g96697  
                      g96696  
                      g96695  
                      g96693  
                      g96692  
                      g96691  
                      g96690  
                      g96689  
                      g96688  
                      g96686  
                      g96685  
                      g96684  
                      g96682  
                      g96680  
                      g96679  
                      g96678  
                      g96677  
                      g96675  
                      g96672  
                      g96671  
                      g96670  
                      g96669  
                      g96668  
                      g96665  
                      g96663  
                      g96662  
                      g96661  
                      g96659  
                      g96658  
                      g96657  
                      g96655  
                      g96654  
                      g96653  
                      g96651  
                      g96649  
                      g96648  
                      g96646  
                      g96645  
                      g96644  
                      g96642  
                      g96641  
                      g96640  
                      g96639  
                      g96630  
                      g96629  
                      g96624  
                      g96622  
                      g96618  
                      g96617  
                      g96616  
                      g96615  
                      g96614  
                      g96613  
                      g96612  
                      g96610  
                      g96591  
                      g96590  
                      g96589  
                      g96588  
                      g96587  
                      g96586  
                      g96585  
                      g96584  
                      g96583  
                      g96582  
                      g96581  
                      g96580  
                      g96579  
                      g96578  
                      g96577  
                      g96576  
                      g96575  
                      g96574  
                      g96572  
                      g96571  
                      g96570  
                      g96569  
                      g96567  
                      g96566  
                      g96565  
                      g96562  
                      g96560  
                      g96559  
                      g96558  
                      g96557  
                      g96556  
                      g96555  
                      g96554  
                      g96553  
                      g96552  
                      g96551  
                      g96550  
                      g96549  
                      g96547  
                      g96546  
                      g96545  
                      g96544  
                      g96542  
                      g96541  
                      g96536  
                      g96535  
                      g96534  
                      g96533  
                      g96532  
                      g96530  
                      g96529  
                      g96528  
                      g96527  
                      g96526  
                      g96524  
                      g96523  
                      g96522  
                      g96521  
                      g96520  
                      g96519  
                      g96518  
                      g96517  
                      g96516  
                      g96513  
                      g96512  
                      g96511  
                      g96510  
                      g96508  
                      g96507  
                      g96506  
                      g96505  
                      g96504  
                      g96503  
                      g96502  
                      g96499  
                      g96498  
                      g96496  
                      g96488  
                      g96486  
                      g96485  
                      g96483  
                      g96482  
                      g96473  
                      g96472  
                      g96471  
                      g96470  
                      g96469  
                      g96468  
                      g96467  
                      g96465  
                      g96464  
                      g96463  
                      g96462  
                      g96461  
                      g96460  
                      g96458  
                      g96457  
                      g96456  
                      g96455  
                      g96454  
                      g96453  
                      g96452  
                      g96451  
                      g96450  
                      g96449  
                      g96446  
                      g96436  
                      g96435  
                      g96434  
                      g96433  
                      g96432  
                      g96431  
                      g96427  
                      g96425  
                      g96424  
                      g96418  
                      g96416  
                      g96414  
                      g96413  
                      g96412  
                      g96401  
                      g96393  
                      g96390  
                      g96389  
                      g96387  
                      g96386  
                      g96385  
                      g96384  
                      g96383  
                      g96382  
                      g96381  
                      g96380  
                      g96377  
                      g96376  
                      g96374  
                      g96372  
                      g96336  
                      g96335  
                      g96334  
                      g96333  
                      g96332  
                      g96331  
                      g96330  
                      g96329  
                      g96328  
                      g96327  
                      g96326  
                      g96325  
                      g96322  
                      g96321  
                      g96320  
                      g96319  
                      g96318  
                      g96317  
                      g96316  
                      g96315  
                      g96314  
                      g96313  
                      g96299  
                      g96288  
                      g96285  
                      g96284  
                      g96283  
                      g96282  
                      g96269  
                      g96267  
                      g96266  
                      g96265  
                      g96264  
                      g96263  
                      g96262  
                      g96261  
                      g96260  
                      g96259  
                      g96258  
                      g96257  
                      g96256  
                      g96255  
                      g96254  
                      g96252  
                      g96250  
                      g96247  
                      g96244  
                      g96243  
                      g96241  
                      g96240  
                      g96233  
                      g96229  
                      g96228  
                      g96226  
                      g96225  
                      g96224  
                      g96223  
                      g96222  
                      g96221  
                      g96215  
                      g96212  
                      g96211  
                      g96210  
                      g96209  
                      g96208  
                      g96207  
                      g96206  
                      g96205  
                      g96204  
                      g96203  
                      g96202  
                      g96201  
                      g96200  
                      g96199  
                      g96197  
                      g96196  
                      g96195  
                      g96194  
                      g96193  
                      g96192  
                      g96191  
                      g96189  
                      g96188  
                      g96186  
                      g96185  
                      g96182  
                      g96181  
                      g96180  
                      g96179  
                      g96177  
                      g96176  
                      g96175  
                      g96169  
                      g96168  
                      g96167  
                      g96166  
                      g96165  
                      g96164  
                      g96163  
                      g96162  
                      g96161  
                      g96160  
                      g96159  
                      g96158  
                      g96157  
                      g96156  
                      g96155  
                      g96154  
                      g96151  
                      g96150  
                      g96149  
                      g96148  
                      g96146  
                      g96145  
                      g96143  
                      g96142  
                      g96141  
                      g96140  
                      g96139  
                      g96121  
                      g96118  
                      g96117  
                      g96116  
                      g96115  
                      g96114  
                      g96112  
                      g96111  
                      g96095  
                      g96094  
                      g96093  
                      g96091  
                      g96090  
                      g96089  
                      g96088  
                      g96086  
                      g96085  
                      g96084  
                      g96083  
                      g96082  
                      g96079  
                      g96078  
                      g96077  
                      g96076  
                      g96074  
                      g96073  
                      g96072  
                      g96071  
                      g96070  
                      g96069  
                      g96068  
                      g96067  
                      g96066  
                      g96065  
                      g96064  
                      g96063  
                      g96062  
                      g96061  
                      g96060  
                      g96059  
                      g96058  
                      g96057  
                      g96056  
                      g96052  
                      g96051  
                      g96049  
                      g96048  
                      g96047  
                      g96046  
                      g96044  
                      g96043  
                      g96042  
                      g96041  
                      g96040  
                      g96039  
                      g96038  
                      g96037  
                      g96036  
                      g96035  
                      g96034  
                      g96033  
                      g96032  
                      g96028  
                      g96026  
                      g96024  
                      g96023  
                      g96022  
                      g96021  
                      g96019  
                      g96018  
                      g96017  
                      g96016  
                      g96015  
                      g96014  
                      g96012  
                      g96011  
                      g96010  
                      g96009  
                      g96007  
                      g96006  
                      g96005  
                      g96004  
                      g96003  
                      g96002  
                      g96001  
                      g95999  
                      g95998  
                      g95996  
                      g95995  
                      g95986  
                      g95985  
                      g95984  
                      g95983  
                      g95982  
                      g95980  
                      g95979  
                      g95978  
                      g95977  
                      g95976  
                      g95923  
                      g95921  
                      g95919  
                      g95918  
                      g95917  
                      g95916  
                      g95915  
                      g95913  
                      g95912  
                      g95911  
                      g95909  
                      g95908  
                      g95907  
                      g95906  
                      g95903  
                      g95902  
                      g95901  
                      g95900  
                      g95899  
                      g95898  
                      g95897  
                      g95896  
                      g95895  
                      g95894  
                      g95893  
                      g95892  
                      g95891  
                      g95890  
                      g95889  
                      g95888  
                      g95885  
                      g95884  
                      g95883  
                      g95882  
                      g95881  
                      g95880  
                      g95879  
                      g95878  
                      g95877  
                      g95876  
                      g95875  
                      g95874  
                      g95873  
                      g95872  
                      g95871  
                      g95869  
                      g95867  
                      g95866  
                      g95865  
                      g95864  
                      g95863  
                      g95862  
                      g95861  
                      g95860  
                      g95858  
                      g95857  
                      g95856  
                      g95854  
                      g95853  
                      g95852  
                      g95851  
                      g95850  
                      g95849  
                      g95848  
                      g95847  
                      g95846  
                      g95845  
                      g95844  
                      g95843  
                      g95842  
                      g95841  
                      g95840  
                      g95839  
                      g95838  
                      g95837  
                      g95836  
                      g95835  
                      g95833  
                      g95827  
                      g95819  
                      g95818  
                      g95817  
                      g95816  
                      g95815  
                      g95814  
                      g95813  
                      g95810  
                      g95809  
                      g95807  
                      g95806  
                      g95805  
                      g95803  
                      g95802  
                      g95801  
                      g95800  
                      g95799  
                      g95798  
                      g95797  
                      g95796  
                      g95795  
                      g95794  
                      g95793  
                      g95792  
                      g95791  
                      g95790  
                      g95788  
                      g95787  
                      g95783  
                      g95782  
                      g95770  
                      g95768  
                      g95767  
                      g95766  
                      g95764  
                      g95763  
                      g95762  
                      g95761  
                      g95760  
                      g95755  
                      g95754  
                      g95753  
                      g95752  
                      g95750  
                      g95749  
                      g95748  
                      g95747  
                      g95746  
                      g95745  
                      g95744  
                      g95743  
                      g95742  
                      g95740  
                      g95737  
                      g95733  
                      g95732  
                      g95727  
                      g95726  
                      g95723  
                      g95721  
                      g95718  
                      g95717  
                      g95715  
                      g95714  
                      g95713  
                      g95711  
                      g95706  
                      g95704  
                      g95702  
                      g95701  
                      g95698  
                      g95696  
                      g95692  
                      g95690  
                      g95687  
                      g95684  
                      g95683  
                      g95682  
                      g95681  
                      g95680  
                      g95679  
                      g95678  
                      g95677  
                      g95676  
                      g95675  
                      g95674  
                      g95673  
                      g95672  
                      g95671  
                      g95670  
                      g95668  
                      g95667  
                      g95666  
                      g95665  
                      g95653  
                      g95650  
                      g95649  
                      g95648  
                      g95646  
                      g95645  
                      g95644  
                      g95643  
                      g95642  
                      g95641  
                      g95636  
                      g95634  
                      g95629  
                      g95627  
                      g95626  
                      g95620  
                      g95619  
                      g95617  
                      g95616  
                      g95615  
                      g95613  
                      g95611  
                      g95604  
                      g95603  
                      g95600  
                      g95599  
                      g95596  
                      g95595  
                      g95594  
                      g95592  
                      g95590  
                      g95589  
                      g95588  
                      g95586  
                      g95585  
                      g95584  
                      g95579  
                      g95578  
                      g95576  
                      g95575  
                      g95573  
                      g95572  
                      g95571  
                      g95561  
                      g95560  
                      g95559  
                      g95558  
                      g95556  
                      g95554  
                      g95551  
                      g95550  
                      g95549  
                      g95543  
                      g95540  
                      g95539  
                      g95537  
                      g95534  
                      g95533  
                      g95532  
                      g95531  
                      g95530  
                      g95529  
                      g95526  
                      g95525  
                      g95524  
                      g95523  
                      g95522  
                      g95521  
                      g95517  
                      g95516  
                      g95514  
                      g95508  
                      g95505  
                      g95499  
                      g95498  
                      g95495  
                      g95491  
                      g95487  
                      g95486  
                      g95485  
                      g95482  
                      g95480  
                      g95479  
                      g95478  
                      g95475  
                      g95474  
                      g95473  
                      g95472  
                      g95470  
                      g95469  
                      g95467  
                      g95466  
                      g95465  
                      g95464  
                      g95463  
                      g95462  
                      g95461  
                      g95459  
                      g95458  
                      g95457  
                      g95455  
                      g95454  
                      g95453  
                      g95452  
                      g95448  
                      g95447  
                      g95444  
                      g95443  
                      g95441  
                      g95440  
                      g95439  
                      g95438  
                      g95437  
                      g95435  
                      g95434  
                      g95428  
                      g95424  
                      g95423  
                      g95420  
                      g95419  
                      g95418  
                      g95417  
                      g95416  
                      g95413  
                      g95410  
                      g95409  
                      g95407  
                      g95406  
                      g95404  
                      g95400  
                      g95398  
                      g95397  
                      g95395  
                      g95393  
                      g95392  
                      g95391  
                      g95385  
                      g95384  
                      g95383  
                      g95382  
                      g95381  
                      g95379  
                      g95378  
                      g95377  
                      g95376  
                      g95374  
                      g95373  
                      g95372  
                      g95371  
                      g95369  
                      g95367  
                      g95366  
                      g95365  
                      g95364  
                      g95363  
                      g95358  
                      g95357  
                      g95356  
                      g95355  
                      g95354  
                      g95352  
                      g95351  
                      g95349  
                      g95346  
                      g95344  
                      g95343  
                      g95342  
                      g95340  
                      g95338  
                      g95337  
                      g95336  
                      g95335  
                      g95328  
                      g95325  
                      g95324  
                      g95322  
                      g95321  
                      g95320  
                      g95318  
                      g95317  
                      g95316  
                      g95315  
                      g95314  
                      g95312  
                      g95311  
                      g95309  
                      g95306  
                      g95305  
                      g95304  
                      g95303  
                      g95302  
                      g95301  
                      g95300  
                      g95299  
                      g95296  
                      g95295  
                      g95293  
                      g95292  
                      g95290  
                      g95286  
                      g95282  
                      g95281  
                      g95273  
                      g95272  
                      g95271  
                      g95270  
                      g95269  
                      g95262  
                      g95261  
                      g95260  
                      g95259  
                      g95258  
                      g95257  
                      g95256  
                      g95255  
                      g95254  
                      g95253  
                      g95252  
                      g95251  
                      g95249  
                      g95247  
                      g95246  
                      g95245  
                      g95244  
                      g95243  
                      g95242  
                      g95240  
                      g95239  
                      g95238  
                      g95236  
                      g95235  
                      g95233  
                      g95232  
                      g95231  
                      g95230  
                      g95229  
                      g95228  
                      g95227  
                      g95226  
                      g95225  
                      g95224  
                      g95220  
                      g95219  
                      g95217  
                      g95212  
                      g95210  
                      g95209  
                      g95205  
                      g95204  
                      g95202  
                      g95200  
                      g95199  
                      g95197  
                      g95196  
                      g95193  
                      g95192  
                      g95191  
                      g95190  
                      g95189  
                      g95187  
                      g95185  
                      g95184  
                      g95183  
                      g95182  
                      g95178  
                      g95175  
                      g95174  
                      g95163  
                      g95162  
                      g95161  
                      g95159  
                      g95154  
                      g95153  
                      g95152  
                      g95151  
                      g95150  
                      g95149  
                      g95146  
                      g95144  
                      g95141  
                      g95140  
                      g95139  
                      g95137  
                      g95133  
                      g95130  
                      g95129  
                      g95128  
                      g95127  
                      g95126  
                      g95125  
                      g95123  
                      g95121  
                      g95118  
                      g95116  
                      g95115  
                      g95114  
                      g95113  
                      g95109  
                      g95108  
                      g95107  
                      g95105  
                      g95103  
                      g95101  
                      g95099  
                      g95098  
                      g95097  
                      g95093  
                      g95085  
                      g95084  
                      g95083  
                      g95078  
                      g95077  
                      g95076  
                      g95074  
                      g95073  
                      g95072  
                      g95071  
                      g95070  
                      g95069  
                      g95068  
                      g95067  
                      g95066  
                      g95063  
                      g95062  
                      g95057  
                      g95056  
                      g95054  
                      g95051  
                      g95049  
                      g95047  
                      g95046  
                      g95045  
                      g95044  
                      g95043  
                      g95042  
                      g95041  
                      g95040  
                      g95038  
                      g95032  
                      g95030  
                      g95029  
                      g95028  
                      g95027  
                      g95026  
                      g95025  
                      g95022  
                      g95021  
                      g95020  
                      g95019  
                      g95018  
                      g95014  
                      g95013  
                      g95005  
                      g95004  
                      g95003  
                      g95001  
                      g94998  
                      g94996  
                      g94995  
                      g94988  
                      g94987  
                      g94986  
                      g94985  
                      g94982  
                      g94976  
                      g94972  
                      g94971  
                      g94970  
                      g94968  
                      g94967  
                      g94966  
                      g94961  
                      g94960  
                      g94959  
                      g94957  
                      g94956  
                      g94955  
                      g94954  
                      g94952  
                      g94951  
                      g94948  
                      g94947  
                      g94945  
                      g94942  
                      g94941  
                      g94940  
                      g94939  
                      g94938  
                      g94937  
                      g94936  
                      g94935  
                      g94934  
                      g94933  
                      g94932  
                      g94931  
                      g94930  
                      g94929  
                      g94928  
                      g94923  
                      g94921  
                      g94920  
                      g94919  
                      g94915  
                      g94914  
                      g94913  
                      g94912  
                      g94907  
                      g94906  
                      g94905  
                      g94904  
                      g94902  
                      g94901  
                      g94898  
                      g94893  
                      g94891  
                      g94890  
                      g94888  
                      g94887  
                      g94885  
                      g94884  
                      g94882  
                      g94881  
                      g94880  
                      g94877  
                      g94876  
                      g94875  
                      g94874  
                      g94873  
                      g94871  
                      g94869  
                      g94863  
                      g94861  
                      g94859  
                      g94858  
                      g94856  
                      g94855  
                      g94854  
                      g94852  
                      g94849  
                      g94848  
                      g94847  
                      g94845  
                      g94844  
                      g94843  
                      g94839  
                      g94838  
                      g94836  
                      g94834  
                      g94832  
                      g94829  
                      g94828  
                      g94827  
                      g94826  
                      g94825  
                      g94824  
                      g94822  
                      g94820  
                      g94819  
                      g94817  
                      g94815  
                      g94812  
                      g94811  
                      g94810  
                      g94809  
                      g94808  
                      g94807  
                      g94805  
                      g94803  
                      g94801  
                      g94797  
                      g94796  
                      g94795  
                      g94791  
                      g94789  
                      g94787  
                      g94785  
                      g94784  
                      g94782  
                      g94780  
                      g94779  
                      g94777  
                      g94775  
                      g94774  
                      g94771  
                      g94769  
                      g94768  
                      g94767  
                      g94762  
                      g94760  
                      g94759  
                      g94758  
                      g94756  
                      g94755  
                      g94753  
                      g94751  
                      g94750  
                      g94749  
                      g94747  
                      g94746  
                      g94745  
                      g94744  
                      g94743  
                      g94742  
                      g94741  
                      g94739  
                      g94737  
                      g94736  
                      g94735  
                      g94734  
                      g94732  
                      g94731  
                      g94729  
                      g94728  
                      g94727  
                      g94726  
                      g94725  
                      g94723  
                      g94722  
                      g94720  
                      g94719  
                      g94717  
                      g94712  
                      g94710  
                      g94707  
                      g94706  
                      g94702  
                      g94699  
                      g94697  
                      g94694  
                      g94692  
                      g94686  
                      g94685  
                      g94684  
                      g94683  
                      g94682  
                      g94681  
                      g94680  
                      g94679  
                      g94677  
                      g94676  
                      g94674  
                      g94673  
                      g94672  
                      g94670  
                      g94669  
                      g94667  
                      g94664  
                      g94663  
                      g94662  
                      g94661  
                      g94659  
                      g94658  
                      g94657  
                      g94656  
                      g94655  
                      g94654  
                      g94653  
                      g94650  
                      g94649  
                      g94648  
                      g94646  
                      g94645  
                      g94643  
                      g94639  
                      g94637  
                      g94636  
                      g94635  
                      g94634  
                      g94633  
                      g94632  
                      g94630  
                      g94624  
                      g94623  
                      g94621  
                      g94616  
                      g94614  
                      g94613  
                      g94611  
                      g94610  
                      g94609  
                      g94608  
                      g94606  
                      g94605  
                      g94603  
                      g94602  
                      g94601  
                      g94599  
                      g94598  
                      g94597  
                      g94596  
                      g94595  
                      g94594  
                      g94592  
                      g94591  
                      g94589  
                      g94588  
                      g94587  
                      g94585  
                      g94584  
                      g94583  
                      g94581  
                      g94579  
                      g94578  
                      g94577  
                      g94576  
                      g94575  
                      g94574  
                      g94573  
                      g94569  
                      g94568  
                      g94567  
                      g94566  
                      g94565  
                      g94559  
                      g94557  
                      g94555  
                      g94554  
                      g94553  
                      g94551  
                      g94550  
                      g94548  
                      g94547  
                      g94545  
                      g94543  
                      g94540  
                      g94539  
                      g94538  
                      g94537  
                      g94536  
                      g94535  
                      g94534  
                      g94533  
                      g94532  
                      g94530  
                      g94528  
                      g94526  
                      g94525  
                      g94524  
                      g94523  
                      g94521  
                      g94520  
                      g94519  
                      g94518  
                      g94517  
                      g94516  
                      g94515  
                      g94514  
                      g94513  
                      g94511  
                      g94510  
                      g94508  
                      g94506  
                      g94505  
                      g94504  
                      g94503  
                      g94501  
                      g94500  
                      g94499  
                      g94498  
                      g94497  
                      g94496  
                      g94495  
                      g94494  
                      g94492  
                      g94491  
                      g94490  
                      g94488  
                      g94487  
                      g94486  
                      g94485  
                      g94479  
                      g94478  
                      g94477  
                      g94476  
                      g94475  
                      g94474  
                      g94473  
                      g94471  
                      g94469  
                      g94468  
                      g94467  
                      g94466  
                      g94465  
                      g94463  
                      g94462  
                      g94458  
                      g94457  
                      g94455  
                      g94450  
                      g94449  
                      g94448  
                      g94447  
                      g94446  
                      g94445  
                      g94444  
                      g94443  
                      g94442  
                      g94438  
                      g94437  
                      g94436  
                      g94435  
                      g94434  
                      g94433  
                      g94431  
                      g94429  
                      g94428  
                      g94425  
                      g94423  
                      g94422  
                      g94421  
                      g94420  
                      g94419  
                      g94417  
                      g94416  
                      g94415  
                      g94414  
                      g94413  
                      g94412  
                      g94410  
                      g94409  
                      g94404  
                      g94399  
                      g94396  
                      g94395  
                      g94393  
                      g94391  
                      g94390  
                      g94388  
                      g94387  
                      g94383  
                      g94382  
                      g94381  
                      g94379  
                      g94377  
                      g94376  
                      g94374  
                      g94372  
                      g94366  
                      g94365  
                      g94358  
                      g94357  
                      g94353  
                      g94350  
                      g94348  
                      g94347  
         uart_tx_data_reg[7]  
         uart_tx_data_reg[6]  
         uart_tx_data_reg[5]  
         uart_tx_data_reg[4]  
         uart_tx_data_reg[3]  
         uart_tx_data_reg[2]  
         uart_tx_data_reg[1]  
         uart_tx_data_reg[0]  
        uart_inst_uart_tx_inst_tx_done_reg  
        uart_inst_uart_tx_inst_tick_count_reg[3]  
        uart_inst_uart_tx_inst_tick_count_reg[2]  
        uart_inst_uart_tx_inst_tick_count_reg[1]  
        uart_inst_uart_tx_inst_tick_count_reg[0]  
        uart_inst_uart_tx_inst_state_reg[1]  
        uart_inst_uart_tx_inst_state_reg[0]  
        uart_inst_uart_tx_inst_shift_reg_reg[7]  
        uart_inst_uart_tx_inst_shift_reg_reg[6]  
        uart_inst_uart_tx_inst_shift_reg_reg[5]  
        uart_inst_uart_tx_inst_shift_reg_reg[4]  
        uart_inst_uart_tx_inst_shift_reg_reg[3]  
        uart_inst_uart_tx_inst_shift_reg_reg[2]  
        uart_inst_uart_tx_inst_shift_reg_reg[1]  
        uart_inst_uart_tx_inst_shift_reg_reg[0]  
        uart_inst_uart_tx_inst_bit_count_reg[2]  
        uart_inst_uart_tx_inst_bit_count_reg[1]  
        uart_inst_uart_rx_inst_tick_count_reg[3]  
        uart_inst_uart_rx_inst_tick_count_reg[2]  
        uart_inst_uart_rx_inst_tick_count_reg[1]  
        uart_inst_uart_rx_inst_tick_count_reg[0]  
        uart_inst_uart_rx_inst_shift_reg_reg[7]  
        uart_inst_uart_rx_inst_shift_reg_reg[6]  
        uart_inst_uart_rx_inst_shift_reg_reg[5]  
        uart_inst_uart_rx_inst_shift_reg_reg[4]  
        uart_inst_uart_rx_inst_shift_reg_reg[3]  
        uart_inst_uart_rx_inst_shift_reg_reg[2]  
        uart_inst_uart_rx_inst_shift_reg_reg[1]  
        uart_inst_uart_rx_inst_shift_reg_reg[0]  
        uart_inst_uart_rx_inst_rx_valid_reg  
        uart_inst_uart_rx_inst_data_rx_reg[7]  
        uart_inst_uart_rx_inst_data_rx_reg[6]  
        uart_inst_uart_rx_inst_data_rx_reg[5]  
        uart_inst_uart_rx_inst_data_rx_reg[4]  
        uart_inst_uart_rx_inst_data_rx_reg[3]  
        uart_inst_uart_rx_inst_data_rx_reg[2]  
        uart_inst_uart_rx_inst_data_rx_reg[1]  
        uart_inst_uart_rx_inst_data_rx_reg[0]  
        uart_inst_uart_rx_inst_bit_count_reg[2]  
        uart_inst_uart_rx_inst_bit_count_reg[1]  
        uart_inst_baud_gen_inst_tick_reg  
        uart_inst_baud_gen_inst_count_reg[4]  
        uart_inst_baud_gen_inst_count_reg[3]  
        uart_inst_baud_gen_inst_count_reg[2]  
        uart_inst_baud_gen_inst_count_reg[1]  
        uart_inst_baud_gen_inst_count_reg[0]  
             status_r_reg[1]  
             status_r_reg[0]  
                state_reg[0]  
            result_r_reg[15]  
            result_r_reg[14]  
            result_r_reg[13]  
            result_r_reg[12]  
            result_r_reg[11]  
            result_r_reg[10]  
             result_r_reg[9]  
             result_r_reg[8]  
             result_r_reg[7]  
             result_r_reg[6]  
             result_r_reg[5]  
             result_r_reg[4]  
             result_r_reg[3]  
             result_r_reg[2]  
             result_r_reg[1]  
             result_r_reg[0]  
             opcode_r_reg[2]  
             opcode_r_reg[1]  
             opcode_r_reg[0]  
               in2_r_reg[15]  
               in2_r_reg[14]  
               in2_r_reg[13]  
               in2_r_reg[12]  
               in2_r_reg[11]  
               in2_r_reg[10]  
                in2_r_reg[9]  
                in2_r_reg[8]  
                in2_r_reg[7]  
                in2_r_reg[6]  
                in2_r_reg[5]  
                in2_r_reg[4]  
                in2_r_reg[3]  
                in2_r_reg[2]  
                in2_r_reg[1]  
                in2_r_reg[0]  
               in1_r_reg[15]  
               in1_r_reg[14]  
               in1_r_reg[13]  
               in1_r_reg[12]  
               in1_r_reg[11]  
               in1_r_reg[10]  
                in1_r_reg[9]  
                in1_r_reg[8]  
                in1_r_reg[7]  
                in1_r_reg[6]  
                in1_r_reg[5]  
                in1_r_reg[4]  
                in1_r_reg[3]  
                in1_r_reg[2]  
                in1_r_reg[1]  
                in1_r_reg[0]  
             byte_cnt_reg[0]  
                     g123718  
                     g123717  
                     g123716  
                     g123715  
                     g123714  
                     g123712  
                     g123711  
                     g123710  
                     g123709  
                     g123708  
                     g123704  
                     g123702  
                     g123701  
                     g123698  
                     g123697  
                     g123696  
                     g123695  
                     g123694  
                     g123693  
                     g123692  
                     g123691  
                     g123689  
                     g123686  
                     g123685  
                     g123684  
                     g123681  
                     g123680  
                     g123679  
                     g123678  
                     g123677  
                     g123676  
                     g123675  
                     g123672  
                     g123671  
                     g123670  
                     g123669  
                     g123668  
                     g123667  
                     g123665  
                     g123664  
                     g123663  
                     g123662  
                     g123661  
                     g123660  
                     g123659  
                     g123658  
                     g123657  
                     g123656  
                     g123655  
                     g123654  
                     g123653  
                     g123651  
                     g123649  
                     g123648  
                     g123647  
                     g123646  
                     g123637  
                     g123636  
                     g123634  
                     g123633  
                     g123632  
                     g123631  
                     g123628  
                     g123627  
                     g123622  
                     g123621  
                     g123620  
                     g123619  
                     g123618  
                     g123617  
                          g2  
                     g123616  
                     g123615  
                     g123563  
                     g123495  
                     g123490  
                     g123489  
                     g123488  
                     g123487  
                     g123486  
                     g123485  
                     g123484  
                     g123483  
                     g123482  
                     g123481  
                     g123480  
                     g123479  
                     g123478  
                     g123477  
                     g123475  
                     g123474  
                     g123471  
                     g123469  
                     g123468  
                     g123467  
                     g123466  
                     g123465  
                     g123464  
                     g123462  
                     g123457  
                     g123456  
                     g123453  
                     g123452  
                     g123450  
                     g123449  
                     g123448  
                     g123444  
                     g123443  
                     g123440  
                     g123439  
                     g123438  
                     g123437  
                     g123434  
                     g123433  
                     g123428  
                     g123427  
                     g123425  
                     g123424  
                     g123423  
                     g123421  
                     g123419  
                     g123408  
                     g123407  
                     g123404  
                     g123402  
                     g123400  
                     g123399  
                     g123398  
                     g123397  
                     g123396  
                     g123395  
                     g123394  
                     g123393  
                     g123392  
                     g123387  
                     g123382  
                     g123380  
                     g123379  
                     g123378  
                     g123377  
                     g123376  
                     g123375  
                     g123373  
                     g123371  
                     g123369  
                     g123367  
                     g123366  
                     g123365  
                     g123363  
                     g123362  
                     g123361  
                     g123354  
                     g123352  
                     g123349  
                     g123346  
                     g123345  
                     g123344  
                     g123334  
                     g123333  
                     g123332  
                     g123331  
                     g123326  
                     g123318  
                     g123317  
                     g123315  
                     g123314  
                     g123312  
                     g123311  
                     g123307  
                     g123306  
                     g123303  
                     g123292  
                     g123289  
                     g123288  
                     g123287  
                     g123284  
                     g123283  
                     g123282  
                     g123281  
                     g123280  
                     g123279  
                     g123277  
                     g123272  
                     g123270  
                     g123268  
                     g123267  
                     g123262  
                     g123260  
                     g123259  
                     g123258  
                     g123256  
                     g123255  
                     g123253  
                     g123246  
                     g123238  
                     g123237  
                     g123235  
                     g123234  
                     g123221  
                     g123219  
                     g123218  
                     g123217  
                     g123215  
                     g123214  
                     g123209  
                     g123207  
                     g123206  
                     g123205  
                     g123204  
                     g123201  
                     g123195  
                     g123194  
                     g123193  
                     g123192  
                     g123190  
                     g123189  
                     g123188  
                     g123187  
                     g123186  
                     g123185  
                     g123179  
                     g123175  
                     g123172  
                     g123171  
                     g123170  
                     g123169  
                     g123166  
                     g123161  
                     g123160  
                     g123154  
                     g123153  
                     g123152  
                     g123150  
                     g123148  
                     g123147  
                     g123145  
                     g123142  
                     g123141  
                     g123140  
                     g123139  
                     g123137  
                     g123135  
                     g123130  
                     g123129  
                     g123128  
                     g123127  
                     g123125  
                     g123115  
                     g123113  
                     g123111  
                     g123110  
                     g123109  
                     g123107  
                     g123106  
                     g123055  
                     g123052  
                     g123051  
                     g123049  
                     g123044  
                     g123043  
                     g123042  
                     g123041  
                     g123040  
                     g123039  
                     g123038  
                     g123037  
                     g123036  
                     g123035  
                     g123033  
                     g123032  
                     g123031  
                     g123025  
                     g123024  
                     g123022  
                     g123021  
                     g123020  
                     g123019  
                     g123017  
                     g123016  
                     g123015  
                     g123014  
                     g123012  
                     g123009  
                     g123006  
                     g123005  
                     g123004  
                     g123002  
                     g123001  
                     g123000  
                     g122999  
                     g122998  
                     g122997  
                     g122995  
                     g122994  
                     g122993  
                     g122988  
                     g122987  
                     g122986  
                     g122985  
                     g122983  
                     g122982  
                     g122981  
                     g122980  
                     g122977  
                     g122976  
                     g122972  
                     g122971  
                     g122969  
                     g122968  
                     g122967  
                     g122966  
                     g122965  
                     g122964  
                     g122963  
                     g122962  
                     g122961  
                     g122958  
                     g122957  
                     g122956  
                     g122913  
                     g122912  
                     g122911  
                     g122910  
                     g122909  
                     g122908  
                     g122907  
                     g122906  
                     g122905  
                     g122904  
                     g122903  
                     g122901  
                     g122900  
                     g122899  
                     g122898  
                     g122897  
                     g122896  
                     g122895  
                     g122894  
                     g122892  
                     g122888  
                     g122886  
                     g122885  
                     g122884  
                     g122872  
                     g122867  
                     g122865  
                     g122863  
                     g122862  
                     g122860  
                     g122859  
                     g122858  
                     g122857  
                     g122856  
                     g122855  
                     g122854  
                     g122850  
                     g122842  
                     g122840  
                     g122835  
                     g122834  
                     g122833  
                     g122832  
                     g122831  
                     g122829  
                     g122828  
                     g122827  
                     g122826  
                     g122825  
                     g122824  
                     g122823  
                     g122822  
                     g122821  
                     g122820  
                     g122819  
                     g122818  
                     g122817  
                     g122816  
                     g122815  
                     g122737  
                     g122735  
                     g122734  
                     g122733  
                     g122732  
                     g122731  
                     g122730  
                     g122729  
                     g122728  
                     g122727  
                     g122725  
                     g122724  
                     g122723  
                     g122722  
                     g122720  
                     g122719  
                     g122718  
                     g122717  
                     g122716  
                     g122681  
                     g122680  
                     g122679  
                     g122678  
                     g122677  
                     g122676  
                     g122675  
                     g122672  
                     g122671  
                     g122670  
                     g122669  
                     g122532  
                     g122531  
                     g122530  
                     g122529  
                     g122528  
                     g122527  
                     g122526  
                     g122525  
                     g122524  
                     g122523  
                     g122522  
                     g122521  
                     g122519  
                     g122518  
                     g122517  
                     g122516  
                     g122410  
                     g122263  
                     g122261  
                     g122260  
                     g122259  
                     g122258  
                     g122257  
                     g122256  
                     g122255  
                     g122254  
                     g122253  
                     g122252  
                     g122251  
                     g122249  
                     g122248  
                     g122247  
                     g122246  
                     g122245  
                     g122243  
                     g122241  
                     g122240  
                     g122238  
                     g121885  
                     g121884  
                     g121883  
                     g121880  
                     g121879  
                     g121878  
                     g121877  
                     g121876  
                     g121875  
                     g121874  
                     g121873  
                     g121872  
                     g121871  
                     g121870  
                     g121867  
                     g121866  
                     g121864  
                     g121863  
                     g121862  
                     g121745  
                     g121713  
                     g121712  
                     g121710  
                     g121709  
                     g121708  
                     g121707  
                     g121704  
                     g121703  
                     g121702  
                     g121701  
                     g121700  
                     g121699  
                     g121698  
                     g121697  
                     g121696  
                     g121695  
                     g121694  
                     g121693  
                     g121692  
                     g121691  
                     g121690  
                     g121688  
                     g121686  
                     g121684  
                     g121683  
                     g121682  
                     g121679  
                     g121678  
                     g121677  
                     g121676  
                     g121675  
                     g121674  
                     g121673  
                     g121672  
                     g121671  
                     g121670  
                     g121669  
                     g121668  
                     g121666  
                     g121563  
                     g121531  
                     g121514  
                     g121513  
                     g121512  
                     g121511  
                     g121510  
                     g121509  
                     g121508  
                     g121505  
                     g121504  
                     g121502  
                     g121500  
                     g121499  
                     g121498  
                     g121497  
                     g121496  
                     g121495  
                     g121494  
                     g121493  
                     g121492  
                     g121491  
                     g121490  
                     g121489  
                     g121488  
                     g121487  
                     g121486  
                     g121485  
                     g121484  
                     g121483  
                     g121481  
                     g121480  
                     g121479  
                     g121478  
                     g121476  
                     g121475  
                     g121474  
                     g121473  
                     g121472  
                     g121471  
                     g121470  
                     g121469  
                     g121468  
                     g121467  
                     g121466  
                     g121465  
                     g121464  
                     g121463  
                     g121462  
                     g121213  
                     g121085  
                     g121067  
                     g121029  
                     g121023  
                     g121022  
                     g121021  
                     g121020  
                     g121019  
                     g121018  
                     g121017  
                     g121016  
                     g121015  
                     g121014  
                     g121013  
                     g121012  
                     g121011  
                     g121010  
                     g121009  
                     g121008  
                     g121006  
                     g121005  
                     g121003  
                     g121002  
                     g121001  
                     g121000  
                     g120999  
                     g120998  
                     g120997  
                     g120996  
                     g120995  
                     g120994  
                     g120993  
                     g120992  
                     g120991  
                     g120990  
                     g120989  
                     g120988  
                     g120987  
                     g120986  
                     g120985  
                     g120984  
                     g120983  
                     g120982  
                     g120981  
                     g120980  
                     g120978  
                     g120977  
                     g120976  
                     g120975  
                     g120974  
                     g120973  
                     g120972  
                     g120971  
                     g120970  
                     g120969  
                     g120968  
                     g120967  
                     g120966  
                     g120965  
                     g120964  
                     g120963  
                     g120962  
                     g120961  
                     g120960  
                     g120959  
                     g120958  
                     g120957  
                     g120955  
                     g120954  
                     g120952  
                     g120951  
                     g120950  
                     g120949  
                     g120948  
                     g120947  
                     g120946  
                     g120945  
                     g120944  
                     g120942  
                     g120941  
                     g120940  
                     g120939  
                     g120938  
                     g120936  
                     g120935  
                     g120934  
                     g120933  
                     g120932  
                     g120931  
                     g120929  
                     g120928  
                     g120927  
                     g120926  
                     g120925  
                     g120924  
                     g120923  
                     g120922  
                     g120921  
                     g120920  
                     g120919  
                     g120918  
                     g120917  
                     g120916  
                     g120915  
                     g120914  
                     g120913  
                     g120911  
                     g120910  
                     g120887  
                     g120876  
                     g120870  
                     g120852  
                     g120850  
                     g120849  
                     g120848  
                     g120847  
                     g120846  
                     g120845  
                     g120844  
                     g120843  
                     g120842  
                     g120841  
                     g120840  
                     g120839  
                     g120838  
                     g120837  
                     g120836  
                     g120835  
                     g120834  
                     g120833  
                     g120832  
                     g120831  
                     g120830  
                     g120829  
                     g120828  
                     g120826  
                     g120825  
                     g120824  
                     g120823  
                     g120822  
                     g120821  
                     g120820  
                     g120819  
                     g120818  
                     g120817  
                     g120816  
                     g120815  
                     g120814  
                     g120813  
                     g120812  
                     g120811  
                     g120810  
                     g120809  
                     g120808  
                     g120807  
                     g120806  
                     g120805  
                     g120804  
                     g120803  
                     g120802  
                     g120801  
                     g120800  
                     g120799  
                     g120798  
                     g120797  
                     g120796  
                     g120795  
                     g120794  
                     g120793  
                     g120792  
                     g120791  
                     g120790  
                     g120789  
                     g120788  
                     g120787  
                     g120786  
                     g120785  
                     g120783  
                     g120782  
                     g120781  
                     g120780  
                     g120779  
                     g120777  
                     g120776  
                     g120775  
                     g120773  
                     g120772  
                     g120771  
                     g120770  
                     g120769  
                     g120768  
                     g120767  
                     g120766  
                     g120765  
                     g120764  
                     g120763  
                     g120762  
                     g120761  
                     g120760  
                     g120759  
                     g120758  
                     g120757  
                     g120756  
                     g120755  
                     g120754  
                     g120753  
                     g120752  
                     g120751  
                     g120750  
                     g120749  
                     g120748  
                     g120746  
                     g120745  
                     g120744  
                     g120743  
                     g120742  
                     g120741  
                     g120740  
                     g120739  
                     g120738  
                     g120737  
                     g120653  
                     g120581  
                     g120554  
                     g120552  
                     g120537  
                     g120531  
                     g120529  
                     g120528  
                     g120527  
                     g120526  
                     g120525  
                     g120524  
                     g120523  
                     g120522  
                     g120521  
                     g120519  
                     g120517  
                     g120516  
                     g120515  
                     g120514  
                     g120513  
                     g120512  
                     g120511  
                     g120510  
                     g120509  
                     g120508  
                     g120507  
                     g120506  
                     g120505  
                     g120504  
                     g120503  
                     g120502  
                     g120501  
                     g120500  
                     g120499  
                     g120498  
                     g120497  
                     g120496  
                     g120495  
                     g120494  
                     g120492  
                     g120491  
                     g120490  
                     g120489  
                     g120488  
                     g120487  
                     g120486  
                     g120485  
                     g120484  
                     g120483  
                     g120482  
                     g120480  
                     g120479  
                     g120478  
                     g120477  
                     g120476  
                     g120475  
                     g120474  
                     g120473  
                     g120472  
                     g120471  
                     g120470  
                     g120469  
                     g120468  
                     g120467  
                     g120466  
                     g120465  
                     g120463  
                     g120462  
                     g120461  
                     g120459  
                     g120458  
                     g120457  
                     g120456  
                     g120455  
                     g120454  
                     g120453  
                     g120452  
                     g120451  
                     g120450  
                     g120449  
                     g120448  
                     g120447  
                     g120446  
                     g120445  
                     g120444  
                     g120443  
                     g120442  
                     g120441  
                     g120440  
                     g120439  
                     g120438  
                     g120437  
                     g120436  
                     g120435  
                     g120434  
                     g120433  
                     g120432  
                     g120431  
                     g120430  
                     g120429  
                     g120427  
                     g120426  
                     g120425  
                     g120423  
                     g120422  
                     g120421  
                     g120420  
                     g120419  
                     g120418  
                     g120417  
                     g120416  
                     g120415  
                     g120414  
                     g120413  
                     g120411  
                     g120410  
                     g120408  
                     g120406  
                     g120405  
                     g120404  
                     g120403  
                     g120402  
                     g120401  
                     g120399  
                     g120396  
                     g120395  
                     g120394  
                     g120393  
                     g120392  
                     g120391  
                     g120390  
                     g120389  
                     g120388  
                     g120385  
                     g120384  
                     g120383  
                     g120382  
                     g120381  
                     g120380  
                     g120369  
                     g120364  
                     g120362  
                     g120361  
                     g120359  
                     g120358  
                     g120357  
                     g120356  
                     g120355  
                     g120352  
                     g120351  
                     g120350  
                     g120349  
                     g120348  
                     g120347  
                     g120346  
                     g120345  
                     g120344  
                     g120343  
                     g120342  
                     g120341  
                     g120340  
                     g120339  
                     g120338  
                     g120337  
                     g120336  
                     g120335  
                     g120333  
                     g120332  
                     g120331  
                     g120330  
                     g120329  
                     g120328  
                     g120327  
                     g120326  
                     g120325  
                     g120324  
                     g120323  
                     g120322  
                     g120321  
                     g120319  
                     g120318  
                     g120317  
                     g120316  
                     g120315  
                     g120314  
                     g120313  
                     g120312  
                     g120311  
                     g120310  
                     g120309  
                     g120308  
                     g120307  
                     g120306  
                     g120305  
                     g120304  
                     g120303  
                     g120302  
                     g120301  
                     g120300  
                     g120299  
                     g120298  
                     g120297  
                     g120296  
                     g120295  
                     g120294  
                     g120293  
                     g120292  
                     g120291  
                     g120290  
                     g120289  
                     g120288  
                     g120287  
                     g120286  
                     g120285  
                     g120284  
                     g120283  
                     g120282  
                     g120281  
                     g120280  
                     g120279  
                     g120278  
                     g120277  
                     g120276  
                     g120275  
                     g120274  
                     g120273  
                     g120272  
                     g120270  
                     g120269  
                     g120268  
                     g120267  
                     g120266  
                     g120265  
                     g120264  
                     g120263  
                     g120262  
                     g120261  
                     g120260  
                     g120259  
                     g120258  
                     g120257  
                     g120256  
                     g120255  
                     g120254  
                     g120253  
                     g120252  
                     g120251  
                     g120249  
                     g120248  
                     g120247  
                     g120246  
                     g120245  
                     g120244  
                     g120243  
                     g120242  
                     g120241  
                     g120240  
                     g120239  
                     g120237  
                     g120236  
                     g120235  
                     g120234  
                     g120233  
                     g120232  
                     g120231  
                     g120230  
                     g120228  
                     g120227  
                     g120226  
                     g120225  
                     g120224  
                     g120223  
                     g120222  
                     g120219  
                     g120218  
                     g120217  
                     g120216  
                     g120215  
                     g120214  
                     g120213  
                     g120211  
                     g120210  
                     g120209  
                     g120208  
                     g120207  
                     g120206  
                     g120205  
                     g120204  
                     g120203  
                     g120202  
                     g120199  
                     g120196  
                     g120140  
                     g120125  
                     g120108  
                     g120073  
                     g120060  
                     g120054  
                     g120053  
                     g120017  
                     g120015  
                     g120014  
                     g120013  
                     g120012  
                     g120011  
                     g120010  
                     g120009  
                     g120008  
                     g120007  
                     g120006  
                     g120005  
                     g120004  
                     g120003  
                     g120002  
                     g120001  
                     g120000  
                     g119999  
                     g119998  
                     g119996  
                     g119994  
                     g119992  
                     g119991  
                     g119990  
                     g119989  
                     g119988  
                     g119987  
                     g119984  
                     g119983  
                     g119982  
                     g119981  
                     g119980  
                     g119979  
                     g119978  
                     g119977  
                     g119976  
                     g119975  
                     g119974  
                     g119973  
                     g119971  
                     g119970  
                     g119969  
                     g119968  
                     g119967  
                     g119966  
                     g119965  
                     g119964  
                     g119963  
                     g119962  
                     g119961  
                     g119960  
                     g119959  
                     g119958  
                     g119957  
                     g119956  
                     g119955  
                     g119954  
                     g119953  
                     g119952  
                     g119951  
                     g119950  
                     g119949  
                     g119948  
                     g119947  
                     g119946  
                     g119945  
                     g119944  
                     g119943  
                     g119942  
                     g119941  
                     g119939  
                     g119938  
                     g119936  
                     g119935  
                     g119933  
                     g119932  
                     g119931  
                     g119930  
                     g119928  
                     g119927  
                     g119925  
                     g119924  
                     g119923  
                     g119922  
                     g119921  
                     g119920  
                     g119919  
                     g119918  
                     g119917  
                     g119916  
                     g119915  
                     g119914  
                     g119912  
                     g119911  
                     g119910  
                     g119909  
                     g119908  
                     g119907  
                     g119905  
                     g119904  
                     g119903  
                     g119902  
                     g119901  
                     g119900  
                     g119898  
                     g119897  
                     g119896  
                     g119893  
                     g119892  
                     g119891  
                     g119890  
                     g119889  
                     g119887  
                     g119886  
                     g119885  
                     g119884  
                     g119883  
                     g119882  
                     g119881  
                     g119880  
                     g119879  
                     g119878  
                     g119877  
                     g119875  
                     g119874  
                     g119872  
                     g119871  
                     g119870  
                     g119869  
                     g119868  
                     g119867  
                     g119866  
                     g119865  
                     g119864  
                     g119863  
                     g119862  
                     g119861  
                     g119860  
                     g119859  
                     g119858  
                     g119857  
                     g119856  
                     g119855  
                     g119854  
                     g119853  
                     g119852  
                     g119851  
                     g119850  
                     g119849  
                     g119848  
                     g119847  
                     g119846  
                     g119845  
                     g119844  
                     g119843  
                     g119842  
                     g119841  
                     g119840  
                     g119839  
                     g119838  
                     g119837  
                     g119836  
                     g119835  
                     g119834  
                     g119833  
                     g119832  
                     g119831  
                     g119830  
                     g119829  
                     g119828  
                     g119827  
                     g119826  
                     g119825  
                     g119824  
                     g119823  
                     g119822  
                     g119821  
                     g119820  
                     g119819  
                     g119818  
                     g119817  
                     g119815  
                     g119814  
                     g119813  
                     g119812  
                     g119811  
                     g119810  
                     g119809  
               g119808__6161  
               g119807__4733  
               g119806__7482  
               g119804__5115  
               g119803__1881  
               g119802__6131  
               g119801__7098  
               g119800__8246  
               g119799__5122  
               g119798__1705  
               g119797__2802  
               g119796__1617  
               g119794__6783  
               g119793__5526  
               g119791__8428  
               g119788__6260  
               g119787__5107  
               g119785__5477  
               g119784__6417  
               g119783__7410  
               g119782__1666  
               g119781__2346  
               g119780__2883  
               g119779__9945  
               g119778__9315  
               g119777__6161  
               g119775__7482  
               g119774__5115  
               g119773__1881  
               g119772__6131  
               g119771__7098  
               g119770__8246  
               g119769__5122  
               g119767__1705  
               g119766__2802  
               g119765__1617  
               g119764__3680  
               g119763__6783  
               g119762__5526  
               g119761__8428  
               g119760__4319  
               g119759__6260  
               g119758__5107  
               g119757__2398  
               g119756__5477  
               g119754__6417  
               g119753__7410  
               g119752__1666  
               g119751__2346  
               g119750__2883  
               g119749__9945  
               g119748__9315  
               g119747__6161  
               g119746__4733  
               g119744__5115  
               g119743__1881  
               g119741__6131  
               g119740__7098  
               g119739__8246  
               g119738__5122  
               g119737__1705  
               g119736__2802  
               g119735__1617  
               g119734__3680  
               g119732__6783  
               g119731__5526  
               g119730__8428  
               g119729__4319  
               g119728__6260  
               g119727__5107  
               g119726__2398  
               g119725__5477  
               g119724__6417  
               g119723__7410  
               g119722__1666  
               g119721__2346  
               g119720__2883  
               g119719__9945  
               g119716__4733  
               g119714__5115  
               g119712__6131  
               g119711__7098  
               g119710__8246  
               g119708__5122  
               g119707__1705  
               g119705__2802  
               g119704__1617  
               g119703__3680  
               g119702__6783  
               g119701__5526  
               g119700__8428  
               g119699__4319  
               g119698__6260  
               g119697__5107  
               g119696__2398  
               g119695__5477  
               g119694__6417  
               g119693__7410  
               g119692__1666  
               g119691__2346  
               g119690__2883  
               g119689__9945  
               g119688__9315  
               g119687__6161  
                     g119682  
               g119672__7482  
               g119671__5115  
               g119670__1881  
               g119668__7098  
               g119667__8246  
               g119664__1705  
               g119662__1617  
               g119661__3680  
               g119660__6783  
               g119659__5526  
               g119658__8428  
               g119657__4319  
               g119656__6260  
               g119655__5107  
               g119654__2398  
               g119653__5477  
               g119652__6417  
               g119651__7410  
               g119650__1666  
               g119649__2346  
               g119648__2883  
               g119647__9945  
               g119646__9315  
               g119645__6161  
               g119644__4733  
               g119643__7482  
               g119641__1881  
               g119640__6131  
               g119639__7098  
               g119638__8246  
               g119637__5122  
               g119635__2802  
               g119634__1617  
               g119632__6783  
               g119631__5526  
               g119630__8428  
               g119629__4319  
               g119628__6260  
               g119627__5107  
               g119625__5477  
               g119622__1666  
               g119621__2346  
               g119620__2883  
               g119619__9945  
               g119618__9315  
               g119617__6161  
               g119616__4733  
               g119615__7482  
               g119614__5115  
               g119613__1881  
               g119612__6131  
               g119611__7098  
               g119610__8246  
               g119609__5122  
               g119608__1705  
               g119607__2802  
               g119606__1617  
               g119605__3680  
               g119604__6783  
               g119603__5526  
               g119602__8428  
               g119600__6260  
               g119599__5107  
               g119598__2398  
               g119597__5477  
               g119596__6417  
               g119595__7410  
               g119594__1666  
               g119591__9945  
               g119590__9315  
               g119589__6161  
               g119588__4733  
               g119587__7482  
               g119586__5115  
               g119585__1881  
               g119584__6131  
               g119583__7098  
               g119582__8246  
               g119581__5122  
               g119580__1705  
               g119579__2802  
               g119578__1617  
               g119577__3680  
               g119576__6783  
               g119575__5526  
               g119574__8428  
               g119572__6260  
               g119570__2398  
               g119569__5477  
               g119568__6417  
               g119567__7410  
               g119566__1666  
               g119565__2346  
               g119564__2883  
               g119563__9945  
               g119561__6161  
               g119559__7482  
               g119557__1881  
               g119556__6131  
               g119554__8246  
               g119553__5122  
               g119549__3680  
               g119548__6783  
               g119546__8428  
               g119542__2398  
               g119541__5477  
               g119539__7410  
               g119538__1666  
               g119537__2346  
               g119536__2883  
               g119534__9315  
               g119533__6161  
               g119532__4733  
               g119531__7482  
               g119530__5115  
               g119529__1881  
               g119528__6131  
               g119526__8246  
               g119525__5122  
               g119524__1705  
               g119523__2802  
               g119522__1617  
               g119520__6783  
               g119519__5526  
               g119518__8428  
               g119517__4319  
               g119513__5477  
               g119512__6417  
               g119511__7410  
               g119510__1666  
               g119509__2346  
               g119508__2883  
               g119507__9945  
               g119505__6161  
               g119504__4733  
               g119503__7482  
               g119501__1881  
               g119499__7098  
               g119498__8246  
               g119496__1705  
               g119495__2802  
               g119493__1617  
               g119492__3680  
               g119491__6783  
               g119490__5526  
               g119489__8428  
               g119488__4319  
               g119487__6260  
               g119486__5107  
               g119485__2398  
               g119484__5477  
               g119483__6417  
               g119482__7410  
               g119481__1666  
               g119480__2346  
               g119479__2883  
               g119478__9945  
               g119477__9315  
               g119476__6161  
               g119475__4733  
               g119474__7482  
               g119473__5115  
               g119472__1881  
               g119471__6131  
               g119470__7098  
               g119469__8246  
               g119468__5122  
               g119467__1705  
               g119466__2802  
               g119465__1617  
               g119464__3680  
               g119463__6783  
               g119462__5526  
               g119461__8428  
               g119460__4319  
               g119459__6260  
               g119458__5107  
               g119457__2398  
               g119456__5477  
               g119455__6417  
               g119454__7410  
               g119453__1666  
               g119452__2346  
               g119451__2883  
               g119450__9945  
               g119449__9315  
               g119448__6161  
               g119446__4733  
               g119445__7482  
               g119444__5115  
               g119443__1881  
               g119442__6131  
               g119441__7098  
               g119439__5122  
               g119438__1705  
               g119437__2802  
               g119436__1617  
               g119435__3680  
               g119434__6783  
               g119433__5526  
               g119431__8428  
               g119429__6260  
               g119428__5107  
               g119427__2398  
               g119426__5477  
               g119425__6417  
               g119424__7410  
               g119423__1666  
               g119422__2346  
               g119421__2883  
               g119419__9315  
               g119418__6161  
               g119415__7482  
               g119413__5115  
               g119411__6131  
               g119410__7098  
               g119408__5122  
               g119407__1705  
               g119405__1617  
               g119404__3680  
               g119403__6783  
               g119401__8428  
               g119400__4319  
               g119399__6260  
               g119397__2398  
               g119396__5477  
               g119395__6417  
               g119394__7410  
               g119392__2346  
               g119391__2883  
               g119390__9945  
               g119389__9315  
               g119388__6161  
               g119387__4733  
               g119382__7098  
               g119380__5122  
               g119378__2802  
               g119377__1617  
               g119374__5526  
               g119373__8428  
               g119372__4319  
               g119371__6260  
               g119370__5107  
               g119369__2398  
               g119367__6417  
               g119366__7410  
               g119365__1666  
               g119364__2346  
               g119363__2883  
               g119362__9945  
               g119361__9315  
               g119360__6161  
               g119359__4733  
               g119358__7482  
               g119357__5115  
               g119356__1881  
               g119354__6131  
               g119353__7098  
               g119352__8246  
               g119351__5122  
               g119350__1705  
               g119349__2802  
               g119348__1617  
               g119347__3680  
               g119346__6783  
               g119345__5526  
               g119344__8428  
               g119343__4319  
               g119342__6260  
               g119341__5107  
               g119340__2398  
               g119339__5477  
               g119332__9945  
               g119331__9315  
               g119330__6161  
               g119329__4733  
               g119328__7482  
               g119327__5115  
               g119326__1881  
               g119325__6131  
               g119323__8246  
               g119322__5122  
               g119321__1705  
               g119319__1617  
               g119318__3680  
               g119317__6783  
               g119316__5526  
               g119315__8428  
               g119313__6260  
               g119312__5107  
               g119311__2398  
               g119309__6417  
               g119308__7410  
               g119307__1666  
               g119306__2346  
               g119305__2883  
               g119303__9315  
               g119301__4733  
               g119300__7482  
               g119299__5115  
               g119298__1881  
               g119296__7098  
               g119295__8246  
               g119294__5122  
               g119293__1705  
               g119291__1617  
               g119288__5526  
               g119287__8428  
               g119285__6260  
               g119284__5107  
               g119283__2398  
               g119281__6417  
               g119279__1666  
               g119278__2346  
               g119277__2883  
               g119275__9315  
               g119274__6161  
               g119272__7482  
               g119271__5115  
               g119270__1881  
               g119268__7098  
               g119267__8246  
               g119266__5122  
               g119263__1617  
               g119262__3680  
               g119261__6783  
               g119259__8428  
               g119258__4319  
               g119257__6260  
               g119256__5107  
               g119255__2398  
               g119252__7410  
               g119250__2346  
               g119249__2883  
               g119248__9945  
               g119247__9315  
               g119246__6161  
               g119245__4733  
               g119244__7482  
               g119241__6131  
               g119240__7098  
               g119239__8246  
               g119238__5122  
               g119237__1705  
               g119236__2802  
               g119235__1617  
               g119232__5526  
               g119231__8428  
               g119230__4319  
               g119229__6260  
               g119228__5107  
               g119227__2398  
               g119226__5477  
               g119225__6417  
               g119224__7410  
               g119223__1666  
               g119222__2346  
               g119221__2883  
               g119219__9315  
               g119218__6161  
               g119215__5115  
               g119214__1881  
               g119213__6131  
               g119212__7098  
               g119211__8246  
               g119210__5122  
               g119209__1705  
               g119208__2802  
               g119207__1617  
               g119206__3680  
               g119205__6783  
               g119204__5526  
               g119203__8428  
               g119202__4319  
               g119201__6260  
               g119200__5107  
               g119197__6417  
               g119196__7410  
               g119195__1666  
               g119194__2346  
               g119193__2883  
               g119191__9315  
               g119190__6161  
               g119189__4733  
               g119187__5115  
               g119186__1881  
               g119185__6131  
               g119184__7098  
               g119183__8246  
               g119182__5122  
               g119181__1705  
               g119180__2802  
               g119179__1617  
               g119178__3680  
               g119177__6783  
               g119176__5526  
               g119175__8428  
               g119174__4319  
               g119173__6260  
               g119172__5107  
               g119171__2398  
               g119170__5477  
               g119169__6417  
               g119168__7410  
               g119167__1666  
               g119166__2346  
               g119165__2883  
               g119164__9945  
               g119163__9315  
               g119162__6161  
               g119161__4733  
               g119160__7482  
               g119159__5115  
               g119158__1881  
               g119157__6131  
               g119156__7098  
               g119155__8246  
               g119154__5122  
               g119153__1705  
               g119152__2802  
               g119151__1617  
               g119150__3680  
               g119149__6783  
               g119148__5526  
               g119147__8428  
               g119146__4319  
               g119145__6260  
               g119144__5107  
               g119143__2398  
               g119142__5477  
               g119141__6417  
               g119138__2346  
               g119137__2883  
               g119134__6161  
               g119133__4733  
               g119132__7482  
               g119129__6131  
               g119126__5122  
               g119125__1705  
               g119123__1617  
               g119121__6783  
               g119120__5526  
               g119119__8428  
               g119118__4319  
               g119117__6260  
               g119116__5107  
               g119115__2398  
               g119113__6417  
               g119112__7410  
               g119111__1666  
               g119110__2346  
               g119109__2883  
               g119108__9945  
               g119106__6161  
               g119104__7482  
               g119103__5115  
               g119102__1881  
               g119101__6131  
               g119100__7098  
               g119099__8246  
               g119098__5122  
               g119097__1705  
               g119095__1617  
               g119094__3680  
               g119093__6783  
               g119092__5526  
               g119090__4319  
               g119089__6260  
               g119088__5107  
               g119087__2398  
               g119085__6417  
               g119084__7410  
               g119082__2346  
               g119078__6161  
               g119077__4733  
               g119075__5115  
               g119074__1881  
               g119073__6131  
               g119072__7098  
               g119071__8246  
               g119069__1705  
               g119066__3680  
               g119065__6783  
               g119064__5526  
               g119063__8428  
               g119062__4319  
               g119060__5107  
               g119059__2398  
               g119058__5477  
               g119055__1666  
               g119052__9945  
               g119048__7482  
               g119047__5115  
               g119046__1881  
               g119044__7098  
               g119043__8246  
               g119042__5122  
               g119041__1705  
               g119040__2802  
               g119037__6783  
               g119036__5526  
               g119035__8428  
               g119034__4319  
               g119032__5107  
               g119031__2398  
               g119028__7410  
               g119027__1666  
               g119025__2883  
               g119024__9945  
               g119023__9315  
               g119022__6161  
               g119021__4733  
               g119020__7482  
               g119019__5115  
               g119018__1881  
               g119017__6131  
               g119016__7098  
               g119015__8246  
               g119014__5122  
               g119013__1705  
               g119012__2802  
               g119011__1617  
               g119010__3680  
               g119009__6783  
               g119007__8428  
               g119006__4319  
               g119005__6260  
               g119003__2398  
               g119002__5477  
               g119001__6417  
               g119000__7410  
               g118997__2883  
               g118995__9315  
               g118993__4733  
               g118992__7482  
               g118990__1881  
               g118989__6131  
               g118988__7098  
               g118987__8246  
               g118986__5122  
               g118985__1705  
               g118984__2802  
               g118983__1617  
               g118982__3680  
               g118981__6783  
               g118980__5526  
               g118979__8428  
               g118978__4319  
               g118976__5107  
               g118975__2398  
               g118974__5477  
               g118972__7410  
               g118969__2883  
               g118968__9945  
               g118965__4733  
               g118964__7482  
               g118963__5115  
               g118962__1881  
               g118961__6131  
               g118960__7098  
               g118959__8246  
               g118958__5122  
               g118957__1705  
               g118956__2802  
               g118954__3680  
               g118952__5526  
               g118951__8428  
               g118950__4319  
               g118949__6260  
               g118947__2398  
               g118946__5477  
               g118945__6417  
               g118944__7410  
               g118943__1666  
               g118942__2346  
               g118941__2883  
               g118940__9945  
               g118938__6161  
               g118937__4733  
               g118935__5115  
               g118934__1881  
               g118933__6131  
               g118931__8246  
               g118930__5122  
               g118929__1705  
               g118928__2802  
               g118925__6783  
               g118924__5526  
               g118922__4319  
               g118921__6260  
               g118920__5107  
               g118919__2398  
               g118918__5477  
               g118917__6417  
               g118915__1666  
               g118913__2883  
               g118912__9945  
               g118910__6161  
               g118909__4733  
               g118908__7482  
               g118907__5115  
               g118906__1881  
               g118905__6131  
               g118904__7098  
               g118903__8246  
               g118902__5122  
               g118900__2802  
               g118899__1617  
               g118897__6783  
               g118896__5526  
               g118894__4319  
               g118893__6260  
               g118892__5107  
               g118890__5477  
               g118889__6417  
               g118888__7410  
               g118887__1666  
               g118886__2346  
               g118885__2883  
               g118884__9945  
               g118882__6161  
               g118881__4733  
               g118879__5115  
               g118877__6131  
               g118876__7098  
               g118874__5122  
               g118869__6783  
               g118868__5526  
               g118867__8428  
               g118865__6260  
               g118863__2398  
               g118861__6417  
               g118859__1666  
               g118858__2346  
               g118857__2883  
               g118856__9945  
               g118854__6161  
               g118851__5115  
               g118850__1881  
               g118849__6131  
               g118848__7098  
               g118847__8246  
               g118846__5122  
               g118845__1705  
               g118844__2802  
               g118843__1617  
               g118842__3680  
               g118841__6783  
               g118839__8428  
               g118837__6260  
               g118834__5477  
               g118832__7410  
               g118831__1666  
               g118829__2883  
               g118828__9945  
               g118825__4733  
               g118824__7482  
               g118822__1881  
               g118821__6131  
               g118820__7098  
               g118819__8246  
               g118816__2802  
               g118815__1617  
               g118811__8428  
               g118810__4319  
               g118809__6260  
               g118808__5107  
               g118806__5477  
               g118804__7410  
               g118803__1666  
               g118802__2346  
               g118801__2883  
               g118800__9945  
               g118797__6161  
               g118796__4733  
               g118794__5115  
               g118793__1881  
               g118792__6131  
               g118791__7098  
                     g118790  
               g118788__8246  
               g118786__1705  
                     g118785  
               g118783__1617  
               g118782__3680  
               g118779__8428  
               g118775__5107  
           uart_tx_start_reg  
        uart_inst_uart_tx_inst_tx_reg  
        uart_inst_uart_rx_inst_rx_ff1_reg  
             FE_DBTC3_n_3210  
            FE_DBTC30_n_2900  
            FE_DBTC36_n_1897  
            FE_DBTC39_n_1035  
             FE_DBTC40_n_897  
             FE_DBTC42_n_839  
               FE_OFC2_n_227  
             FE_OFC25_n_2943  
        FE_OFC27_alu_inst_n_28840  
        FE_OFC28_alu_inst_n_28840  
             FE_OFC43_n_2845  
             FE_OFC44_n_2845  
             FE_OFC47_n_1471  
             FE_OFC48_n_1662  
             FE_OFC49_n_1662  
         FE_OFC50_opcode_r_0  
         FE_OFC51_opcode_r_0  
             FE_OFC76_n_2580  
             FE_OFC77_n_2580  
            FE_OFC113_n_2578  
            FE_OFC115_n_3821  
            FE_OFC116_n_3821  
            FE_OFC117_n_3821  
             FE_OFC152_n_148  
            FE_OFC160_n_2532  
            FE_OFC161_n_2532  
        FE_OFC175_alu_inst_n_29617  
        FE_OFC176_alu_inst_n_29617  
            FE_OFC177_n_2252  
            FE_OFC181_n_1258  
            FE_OFC188_n_3435  
             FE_OFC194_n_854  
            FE_OFC196_n_1246  
            FE_OFC197_n_1246  
          FE_OFC199_in1_r_10  
          FE_OFC200_in1_r_10  
           FE_OFC203_in1_r_7  
           FE_OFC204_in1_r_7  
             FE_OFC211_n_827  
             FE_OFC212_n_827  
            FE_OFC213_n_2622  
            FE_OFC214_n_2622  
            FE_OFC215_n_3537  
            FE_OFC218_n_3537  
            FE_OFC219_n_2590  
            FE_OFC220_n_2590  
            FE_OFC259_n_2637  
            FE_OFC262_n_3867  
            FE_OFC280_n_3122  
            FE_OFC285_n_2950  
            FE_OFC286_n_2950  
            FE_OFC287_n_2950  
            FE_OFC298_n_1461  
            FE_OFC299_n_1461  
             FE_OFC300_n_765  
             FE_OFC302_n_765  
            FE_OFC314_n_3028  
            FE_OFC320_n_3185  
            FE_OFC322_n_3185  
            FE_OFC323_n_3185  
            FE_OFC325_n_3185  
            FE_OFC326_n_3185  
            FE_OFC327_n_3185  
            FE_OFC328_n_3185  
            FE_OFC329_n_3185  
            FE_OFC330_n_3185  
            FE_OFC331_n_3185  
            FE_OFC332_n_3185  
             FE_OFC347_n_515  
             FE_OFC348_n_515  
             FE_OFC349_n_580  
        FE_OFC352_alu_inst_n_28842  
        FE_OFC353_alu_inst_n_28842  
        FE_OFC354_alu_inst_n_28842  
            FE_OFC359_n_2731  
            FE_OFC363_n_3610  
            FE_OFC367_n_3142  
            FE_OFC368_n_3142  
            FE_OFC371_n_3086  
            FE_OFC372_n_3086  
            FE_OFC373_n_3086  
            FE_OFC397_n_2617  
        FE_OFC399_alu_inst_n_28844  
        FE_OFC404_alu_inst_n_28844  
           FE_OFC405_in1_r_6  
           FE_OFC406_in1_r_6  
            FE_OFC409_n_3366  
            FE_OFC410_n_3366  
            FE_OFC411_n_3366  
            FE_OFC418_n_2557  
            FE_OFC419_n_2557  
            FE_OFC420_n_2557  
            FE_OFC433_n_3899  
            FE_OFC434_n_3899  
            FE_OFC439_n_3353  
            FE_OFC451_n_3249  
            FE_OFC455_n_3121  
            FE_OFC460_n_3331  
            FE_OFC461_n_3331  
        FE_OFC472_FE_DBTN9_n_2943  
        FE_OFC477_alu_inst_n_28847  
            FE_OFC479_n_3861  
            FE_OFC480_n_3861  
            FE_OFC484_n_2606  
             FE_OFC487_n_517  
            FE_OFC492_n_6817  
            FE_OFC493_n_6817  
            FE_OFC506_n_3266  
            FE_OFC512_n_2505  
            FE_OFC513_n_2505  
        FE_OFC520_alu_inst_n_28845  
        FE_OFC521_alu_inst_n_28845  
        FE_OFC524_alu_inst_n_28845  
        FE_OFC525_alu_inst_n_29615  
            FE_OFC536_n_3376  
            FE_OFC537_n_3376  
             FE_OFC541_n_856  
             FE_OFC543_n_856  
            FE_OFC547_n_1252  
            FE_OFC548_n_1252  
            FE_OFC553_n_4229  
            FE_OFC571_n_3196  
            FE_OFC572_n_3196  
            FE_OFC573_n_3196  
            FE_OFC574_n_3196  
            FE_OFC575_n_3196  
            FE_OFC576_n_3196  
            FE_OFC578_n_3196  
        FE_OFC579_alu_inst_n_29621  
        FE_OFC582_alu_inst_n_29621  
        FE_OFC593_FE_DBTN31_n_2854  
            FE_OFC594_n_3286  
            FE_OFC595_n_3286  
             FE_OFC597_n_420  
             FE_OFC598_n_420  
             FE_OFC599_n_488  
            FE_OFC603_n_2632  
             FE_OFC606_n_989  
            FE_OFC608_n_3009  
            FE_OFC609_n_3009  
            FE_OFC612_n_3009  
           FE_OFC613_in1_r_9  
           FE_OFC614_in1_r_9  
            FE_OFC625_n_3384  
            FE_OFC632_n_3253  
            FE_OFC633_n_3253  
            FE_OFC634_n_3253  
            FE_OFC635_n_3253  
            FE_OFC636_n_3253  
            FE_OFC640_n_1674  
        FE_OFC642_alu_inst_n_29619  
            FE_OFC646_n_2538  
            FE_OFC653_n_1822  
            FE_OFC654_n_3279  
            FE_OFC661_n_4569  
            FE_OFC670_n_3544  
            FE_OFC674_n_3347  
            FE_OFC676_n_3190  
            FE_OFC679_n_3190  
            FE_OFC681_n_3190  
            FE_OFC682_n_3190  
            FE_OFC683_n_3265  
            FE_OFC699_n_3437  
            FE_OFC715_n_2351  
            FE_OFC716_n_2351  
            FE_OFC717_n_2351  
            FE_OFC718_n_3839  
            FE_OFC719_n_3839  
            FE_OFC721_n_3884  
            FE_OFC730_n_2185  
        FE_OFC736_alu_inst_muldiv_inst_mul_349_24_n_238  
        FE_OFC738_alu_inst_n_28849  
        FE_OFC739_alu_inst_n_28849  
            FE_OFC744_n_3181  
            FE_OFC746_n_3181  
            FE_OFC747_n_3181  
            FE_OFC749_n_3815  
            FE_OFC750_n_3815  
            FE_OFC751_n_3815  
            FE_OFC752_n_3815  
            FE_OFC753_n_3815  
            FE_OFC761_n_3352  
        FE_OFC762_alu_inst_muldiv_inst_mul_349_24_n_733  
        FE_OFC765_alu_inst_muldiv_inst_mul_349_24_n_488  
        FE_OFC768_FE_DBTN2_n_3232  
            FE_OFC770_n_1227  
            FE_OFC771_n_1227  
            FE_OFC772_n_2414  
            FE_OFC773_n_2414  
            FE_OFC777_n_3115  
            FE_OFC778_n_3115  
            FE_OFC779_n_3115  
            FE_OFC792_n_1147  
             FE_OFC793_n_819  
             FE_OFC794_n_819  
            FE_OFC795_n_2630  
            FE_OFC796_n_2630  
            FE_OFC802_n_3107  
            FE_OFC806_n_3190  
            FE_OFC810_n_3807  
            FE_OFC817_n_3360  
            FE_OFC819_n_3220  
            FE_OFC820_n_3220  
            FE_OFC829_n_3805  
            FE_OFC834_n_3832  
            FE_OFC835_n_3205  
            FE_OFC842_n_3232  
            FE_OFC843_n_3232  
            FE_OFC844_n_3232  
            FE_OFC846_n_3144  
            FE_OFC847_n_3144  
            FE_OFC850_n_3844  
            FE_OFC854_n_3528  
            FE_OFC874_n_3185  
            FE_OFC875_n_2460  
            FE_OFC877_n_3754  
            FE_OFC878_n_3754  
            FE_OFC879_n_3242  
            FE_OFC883_n_3281  
            FE_OFC884_n_3281  
            FE_OFC885_n_3281  
            FE_OFC886_n_3281  
            FE_OFC887_n_3281  
            FE_OFC890_n_2472  
            FE_OFC894_n_2437  
            FE_OFC896_n_2404  
            FE_OFC897_n_2404  
            FE_OFC907_n_3257  
            FE_OFC916_n_2481  
            FE_OFC923_n_3313  
            FE_OFC926_n_3267  
            FE_OFC927_n_3267  
                   FE_RC_1_0  
                   FE_RC_3_0  
                   FE_RC_5_0  
                   FE_RC_6_0  
                   FE_RC_7_0  
                   FE_RC_8_0  
                   FE_RC_9_0  
                  FE_RC_10_0  
           FE_OCPC932_n_2798  
                  FE_RC_11_0  
                  FE_RC_12_0  
                  FE_RC_15_0  
                  FE_RC_16_0  
                  FE_RC_17_0  
                  FE_RC_20_0  
                  FE_RC_23_0  
                  FE_RC_26_0  
                  FE_RC_27_0  
                  FE_RC_28_0  
                  FE_RC_30_0  
        FE_OCPC936_FE_OFN166_n_2950  
                  FE_RC_37_0  
                  FE_RC_39_0  
                  FE_RC_41_0  
                  FE_RC_45_0  
                  FE_RC_46_0  
                  FE_RC_47_0  
                  FE_RC_48_0  
                  FE_RC_50_0  
                  FE_RC_54_0  
                  FE_RC_55_0  
                  FE_RC_56_0  
                  FE_RC_57_0  
                  FE_RC_58_0  
                  FE_RC_61_0  
                  FE_RC_62_0  
                  FE_RC_63_0  
                  FE_RC_65_0  
                  FE_RC_66_0  
                  FE_RC_67_0  
                  FE_RC_68_0  
                  FE_RC_69_0  
                  FE_RC_70_0  
                  FE_RC_71_0  
                  FE_RC_73_0  
                  FE_RC_79_0  
                  FE_RC_80_0  
                  FE_RC_81_0  
                  FE_RC_85_0  
                  FE_RC_86_0  
                  FE_RC_87_0  
                  FE_RC_88_0  
                  FE_RC_90_0  
                  FE_RC_91_0  
                  FE_RC_93_0  
                  FE_RC_95_0  
                  FE_RC_97_0  
                  FE_RC_98_0  
                 FE_RC_100_0  
                 FE_RC_101_0  
                 FE_RC_102_0  
                 FE_RC_103_0  
                 FE_RC_105_0  
                 FE_RC_107_0  
                 FE_RC_108_0  
                 FE_RC_109_0  
                 FE_RC_110_0  
                 FE_RC_111_0  
                 FE_RC_112_0  
                 FE_RC_114_0  
                 FE_RC_115_0  
                 FE_RC_116_0  
                 FE_RC_118_0  
                 FE_RC_119_0  
                 FE_RC_121_0  
                 FE_RC_124_0  
                 FE_RC_125_0  
                 FE_RC_126_0  
                 FE_RC_127_0  
                 FE_RC_129_0  
                 FE_RC_130_0  
                 FE_RC_131_0  
                 FE_RC_132_0  
                 FE_RC_134_0  
                 FE_RC_136_0  
                 FE_RC_137_0  
                 FE_RC_138_0  
                 FE_RC_139_0  
                 FE_RC_141_0  
                 FE_RC_142_0  
                 FE_RC_143_0  
                 FE_RC_144_0  
                 FE_RC_145_0  
                 FE_RC_146_0  
                 FE_RC_148_0  
            FE_OCPC69_n_1035  
             FE_OCPC72_n_661  
            FE_OCPC73_n_1035  
                 g124890_dup  
                  g95980_dup  
            FE_OCPC79_n_1035  
             FE_OCPC83_n_949  
            FE_OCPC84_n_1035  
             FE_RC_117_0_dup  
                  g95984_dup  
            FE_OCPC92_n_3121  
            FE_OCPC103_n_765  
           FE_OCPC111_n_3992  
           FE_OCPC116_n_2547  
           FE_OCPC130_n_1184  
           FE_OCPC132_n_3537  
        FE_OCPC143_FE_OFN124_n_3196  
        FE_OCPC145_FE_DBTN9_n_2943  
           FE_OCPC161_n_3009  
           FE_OCPC172_n_4075  
           FE_OCPC185_n_4708  
           FE_OCPC188_n_1212  
           FE_OCPC190_n_1280  
           FE_OCPC192_n_1773  
           FE_OCPC193_n_2505  
           FE_OCPC196_n_1274  
           FE_OCPC197_n_3181  
        FE_OCPC217_FE_OFN248_n_3232  
        FE_OCPC220_FE_OFN5_n_3185  
           FE_OCPC221_n_1428  
           FE_OCPC222_n_3201  
           FE_OCPC228_n_3970  
           FE_OCPC230_n_3362  
           FE_OCPC245_n_1150  
           FE_OCPC247_n_2641  
           FE_OCPC251_n_2609  
                 FE_RC_154_0  
           FE_OCPC265_n_1101  
        FE_OCPC268_FE_OFN5_n_3185  
           FE_OCPC269_n_3216  
        FE_OCPC271_FE_OFN43_n_2950  
                 FE_RC_156_0  
                 FE_RC_158_0  
                 FE_RC_159_0  
                 FE_RC_164_0  
                 FE_RC_165_0  
                 FE_RC_166_0  
        FE_OCPC292_FE_DBTN28_n_3115  
        FE_OCPC295_FE_OFN124_n_3196  
           FE_OCPC300_n_1312  
          FE_OCPC302_in2_r_6  
        FE_OCPC304_FE_OFN244_n_3121  
           FE_OCPC305_n_2573  
           FE_OCPC306_n_3028  
            FE_OCPC312_n_200  
        FE_OCPC316_alu_inst_n_29619  
           FE_OCPC330_n_2499  
            FE_OCPC338_n_840  
           FE_OCPC339_n_1897  
                 FE_RC_169_0  
                 FE_RC_173_0  
            FE_OCPC346_n_914  
           FE_OCPC349_n_2437  
           FE_OCPC353_n_2433  
            FE_OCPC364_n_896  
        FE_OCPC370_FE_OFN5_n_3185  
           FE_OCPC373_n_1035  
        FE_OCPC377_FE_DBTN46_n_989  
           FE_OCPC384_n_3538  
           FE_OCPC391_n_1035  
           FE_OCPC397_n_2499  
           FE_OCPC401_n_1500  
           FE_OCPC402_n_2708  
                 FE_RC_178_0  
                 FE_RC_181_0  
                 FE_RC_183_0  
                 FE_RC_184_0  
                 FE_RC_185_0  
           FE_OCPC410_n_3876  
        FE_OCPC414_FE_OFN5_n_3185  
            FE_OCPC417_n_486  
           FE_OCPC419_n_6720  
        FE_OCPC421_alu_inst_n_29615  
            FE_OCPC429_n_168  
        FE_OCPC445_FE_DBTN28_n_3115  
           FE_OCPC455_n_1035  
            FE_OCPC460_n_198  
        FE_OCPC461_alu_inst_n_28842  
           FE_OCPC469_n_3820  
           FE_OCPC942_n_2898  
           FE_OCPC485_n_3799  
           FE_OCPC487_n_4713  
                 FE_RC_196_0  
           FE_OCPC496_n_1656  
        FE_OCPC497_alu_inst_muldiv_inst_mul_349_24_n_551  
                 FE_RC_198_0  
                 FE_RC_199_0  
                 FE_RC_200_0  
                 FE_RC_201_0  
                 FE_RC_202_0  
                 FE_RC_203_0  
                 FE_RC_204_0  
                 FE_RC_205_0  
                 FE_RC_207_0  
                 FE_RC_208_0  
                 FE_RC_209_0  
                 FE_RC_211_0  
                 FE_RC_212_0  
                 FE_RC_213_0  
                 FE_RC_214_0  
                 FE_RC_215_0  
                 FE_RC_217_0  
                 FE_RC_218_0  
                 FE_RC_219_0  
                 FE_RC_220_0  
                 FE_RC_221_0  
                 FE_RC_222_0  
                 FE_RC_223_0  
                 FE_RC_225_0  
                 FE_RC_226_0  
                 FE_RC_227_0  
                 FE_RC_228_0  
                 FE_RC_229_0  
                 FE_RC_230_0  
                 FE_RC_232_0  
                 FE_RC_233_0  
                 FE_RC_234_0  
                 FE_RC_235_0  
                 FE_RC_237_0  
                 FE_RC_238_0  
                 FE_RC_240_0  
                 FE_RC_243_0  
                 FE_RC_244_0  
                 FE_RC_245_0  
                 FE_RC_247_0  
                 FE_RC_251_0  
           FE_OCPC540_n_3583  
        FE_OCPC543_FE_OFN5_n_3185  
                 FE_RC_252_0  
                 FE_RC_253_0  
                 g121510_dup  
        FE_OCPC563_FE_OFN217_n_3009  
                 g123311_dup  
                 FE_RC_261_0  
                 FE_RC_264_0  
                g123311_dup1  
                 FE_RC_266_0  
                 FE_RC_267_0  
           FE_OCPC593_n_1795  
                 FE_RC_268_0  
                 FE_RC_269_0  
        FE_OCPC943_alu_inst_n_29625  
        FE_OCPC945_alu_inst_n_29625  
        FE_OCPC949_alu_inst_n_29625  
                 FE_RC_271_0  
                 FE_RC_272_0  
                 FE_RC_274_0  
                  g94583_dup  
                 FE_RC_275_0  
                 FE_RC_276_0  
                 FE_RC_277_0  
                 FE_RC_278_0  
                 FE_RC_280_0  
                 FE_RC_281_0  
                 FE_RC_282_0  
                 FE_RC_283_0  
                 FE_RC_285_0  
                 FE_RC_286_0  
                 FE_RC_287_0  
                 FE_RC_288_0  
                 FE_RC_290_0  
           FE_OCPC606_n_1628  
                 FE_RC_291_0  
                 FE_RC_292_0  
                 FE_RC_296_0  
        FE_OCPC955_alu_inst_n_29623  
           FE_OCPC959_n_1125  
        FE_OCPC960_FE_OFN22_n_765  
        FE_OCPC966_FE_OFN114_in2_r_0  
        FE_OCPC967_FE_DBTN44_n_3086  
        FE_OCPC968_FE_DBTN44_n_3086  
        FE_OCPC969_FE_DBTN44_n_3086  
        FE_OCPC971_FE_DBTN44_n_3086  
        FE_OCPC972_FE_DBTN44_n_3086  
        FE_OCPC973_FE_DBTN44_n_3086  
        FE_OCPC974_FE_DBTN44_n_3086  
        FE_OCPC975_FE_DBTN44_n_3086  
        FE_OCPC978_FE_DBTN44_n_3086  
        FE_OCPC980_FE_DBTN27_n_3122  
        FE_OCPC981_FE_DBTN27_n_3122  
        FE_OCPC983_FE_DBTN27_n_3122  
        FE_OCPC984_FE_DBTN27_n_3122  
        FE_OCPC986_FE_DBTN27_n_3122  
        FE_OCPC987_FE_DBTN27_n_3122  
        FE_OCPC625_alu_inst_muldiv_inst_mul_349_24_n_550  
        FE_OCPC626_FE_DBTN31_n_2854  
           FE_OCPC633_n_3819  
           FE_OCPC996_n_6178  
           FE_OCPC997_n_6178  
           FE_OCPC999_n_6178  
          FE_OCPC1000_n_6178  
          FE_OCPC1001_n_6178  
          FE_OCPC1005_n_6178  
           FE_OCPC1008_n_930  
           FE_OCPC1009_n_930  
             FE_RC_156_0_dup  
                 FE_RC_302_0  
                 FE_RC_303_0  
                 FE_RC_304_0  
                 FE_RC_306_0  
                 FE_RC_308_0  
                 FE_RC_309_0  
                 FE_RC_310_0  
                 FE_RC_311_0  
                 FE_RC_313_0  
                 FE_RC_314_0  
                 FE_RC_315_0  
                 FE_RC_316_0  
                 FE_RC_318_0  
                 FE_RC_319_0  
                 FE_RC_320_0  
                 FE_RC_321_0  
                 FE_RC_322_0  
                 FE_RC_324_0  
                 FE_RC_325_0  
                 FE_RC_326_0  
                 FE_RC_327_0  
                 FE_RC_330_0  
                 FE_RC_331_0  
                 FE_RC_333_0  
            FE_OCPC679_n_454  
                 FE_RC_335_0  
                 FE_RC_337_0  
                 FE_RC_339_0  
                 FE_RC_340_0  
                 FE_RC_342_0  
                 FE_RC_343_0  
                 FE_RC_344_0  
           FE_OCPC686_n_6772  
                 FE_RC_345_0  
                 FE_RC_346_0  
                 FE_RC_350_0  
                 FE_RC_353_0  
                 FE_RC_357_0  
                 FE_RC_358_0  
           FE_OCPC692_n_2499  
                 FE_RC_359_0  
                 FE_RC_360_0  
         FE_OCPC1022_in2_r_0  
         FE_OCPC1023_in2_r_0  
                 FE_RC_364_0  
                 FE_RC_365_0  
           FE_OCPC697_n_3257  
                 FE_RC_366_0  
                 FE_RC_368_0  
                 FE_RC_369_0  
                 FE_RC_372_0  
                 FE_RC_373_0  
                 FE_RC_374_0  
                 FE_RC_375_0  
                 FE_RC_376_0  
                 FE_RC_377_0  
                 FE_RC_378_0  
                 FE_RC_379_0  
                 FE_RC_382_0  
                 FE_RC_383_0  
                 FE_RC_384_0  
                 FE_RC_385_0  
                 FE_RC_386_0  
                 FE_RC_387_0  
                 FE_RC_388_0  
                 FE_RC_389_0  
                 FE_RC_391_0  
                 FE_RC_392_0  
                 FE_RC_394_0  
                 FE_RC_395_0  
                 FE_RC_396_0  
           FE_OCPC717_n_3353  
                 FE_RC_398_0  
                 FE_RC_399_0  
                 FE_RC_401_0  
        FE_OCPC1026_FE_DBTN61_alu_inst_n_29621  
        FE_OCPC1027_FE_DBTN61_alu_inst_n_29621  
        FE_OCPC1028_FE_DBTN61_alu_inst_n_29621  
        FE_OCPC1029_FE_DBTN61_alu_inst_n_29621  
        FE_OCPC1030_FE_DBTN61_alu_inst_n_29621  
        FE_OCPC1031_FE_DBTN61_alu_inst_n_29621  
        FE_OCPC1032_FE_DBTN61_alu_inst_n_29621  
        FE_OCPC1034_FE_DBTN61_alu_inst_n_29621  
                 g123363_dup  
                 FE_RC_402_0  
                 FE_RC_404_0  
                 FE_RC_405_0  
                 FE_RC_406_0  
                 FE_RC_407_0  
                 FE_RC_409_0  
                 FE_RC_410_0  
                 FE_RC_411_0  
                 FE_RC_412_0  
                 FE_RC_413_0  
                 FE_RC_414_0  
                 FE_RC_415_0  
                 FE_RC_416_0  
                 FE_RC_421_0  
                 FE_RC_422_0  
                 FE_RC_423_0  
                 FE_RC_424_0  
                 FE_RC_425_0  
                 FE_RC_426_0  
                 FE_RC_430_0  
                 FE_RC_431_0  
                 FE_RC_433_0  
                 FE_RC_434_0  
                 FE_RC_435_0  
                 FE_RC_436_0  
                 FE_RC_438_0  
                 FE_RC_439_0  
                 FE_RC_440_0  
                 FE_RC_441_0  
                 FE_RC_443_0  
                 FE_RC_444_0  
                 FE_RC_445_0  
                 FE_RC_446_0  
                 FE_RC_447_0  
                 FE_RC_449_0  
                 FE_RC_450_0  
                 FE_RC_451_0  
                 FE_RC_453_0  
                 FE_RC_455_0  
                 FE_RC_456_0  
                 FE_RC_457_0  
                 FE_RC_458_0  
           FE_OCPC727_n_1169  
                 FE_RC_462_0  
                 FE_RC_463_0  
                 FE_RC_464_0  
                 FE_RC_465_0  
                 FE_RC_466_0  
                 FE_RC_467_0  
                 FE_RC_468_0  
                 FE_RC_469_0  
           FE_OCPC745_n_3009  
                 FE_RC_470_0  
                 FE_RC_472_0  
                 FE_RC_473_0  
                 FE_RC_477_0  
                 FE_RC_478_0  
                 FE_RC_479_0  
                 FE_RC_480_0  
                 FE_RC_481_0  
                 FE_RC_483_0  
                 FE_RC_484_0  
                 FE_RC_487_0  
                 FE_RC_488_0  
                 FE_RC_489_0  
                 FE_RC_491_0  
                 FE_RC_492_0  
                 FE_RC_493_0  
                 FE_RC_494_0  
                 FE_RC_495_0  
                 FE_RC_498_0  
                 FE_RC_499_0  
                 FE_RC_500_0  
                 FE_RC_501_0  
                 FE_RC_503_0  
                 FE_RC_504_0  
                 FE_RC_506_0  
                 FE_RC_507_0  
                 FE_RC_509_0  
                 FE_RC_510_0  
                 FE_RC_511_0  
                 FE_RC_513_0  
                 FE_RC_516_0  
                 FE_RC_517_0  
                 FE_RC_520_0  
                 FE_RC_521_0  
                 FE_RC_522_0  
                 FE_RC_523_0  
                 FE_RC_524_0  
                 FE_RC_525_0  
                 FE_RC_526_0  
                 FE_RC_527_0  
                 FE_RC_528_0  
                 FE_RC_530_0  
                 FE_RC_532_0  
                 FE_RC_533_0  
                 FE_RC_534_0  
                 FE_RC_536_0  
                 FE_RC_538_0  
                 FE_RC_539_0  
                 FE_RC_541_0  
                 FE_RC_542_0  
                 FE_RC_543_0  
                 FE_RC_544_0  
                 FE_RC_545_0  
                 FE_RC_546_0  
                 FE_RC_547_0  
                 FE_RC_549_0  
                 FE_RC_550_0  
                 FE_RC_551_0  
                 FE_RC_552_0  
                 FE_RC_553_0  
                 FE_RC_554_0  
                 FE_RC_555_0  
                 FE_RC_556_0  
                 FE_RC_558_0  
                 FE_RC_559_0  
                 FE_RC_560_0  
                 FE_RC_561_0  
                 FE_RC_562_0  
                 FE_RC_563_0  
                 FE_RC_564_0  
                 FE_RC_565_0  
                 FE_RC_566_0  
                 FE_RC_568_0  
                 FE_RC_570_0  
                 FE_RC_571_0  
                 FE_RC_572_0  
                 FE_RC_574_0  
                 FE_RC_575_0  
                 FE_RC_577_0  
                 FE_RC_578_0  
                 FE_RC_579_0  
                 FE_RC_583_0  
                 FE_RC_584_0  
                 FE_RC_585_0  
                 FE_RC_586_0  
                 FE_RC_588_0  
                 FE_RC_590_0  
                 FE_RC_591_0  
                 FE_RC_592_0  
                 FE_RC_593_0  
                 FE_RC_594_0  
                 FE_RC_595_0  
                 FE_RC_596_0  
                 FE_RC_597_0  
                 FE_RC_598_0  
                 FE_RC_600_0  
                 FE_RC_601_0  
                 FE_RC_603_0  
                 FE_RC_605_0  
          FE_OCPC1046_n_3351  
          FE_OCPC1047_n_3351  
          FE_OCPC1048_n_3351  
        FE_OCPC1057_alu_inst_n_29624  
        FE_OCPC1058_alu_inst_n_29624  
                 FE_RC_607_0  
                 FE_RC_609_0  
                 FE_RC_612_0  
                 FE_RC_614_0  
                 FE_RC_615_0  
                 FE_RC_617_0  
                 FE_RC_618_0  
                 FE_RC_619_0  
                 FE_RC_620_0  
                 FE_RC_621_0  
                 FE_RC_622_0  
                 FE_RC_623_0  
                 FE_RC_624_0  
                 FE_RC_625_0  
                 FE_RC_627_0  
                 FE_RC_629_0  
                 FE_RC_630_0  
                 FE_RC_631_0  
                 FE_RC_632_0  
                 FE_RC_633_0  
                 FE_RC_634_0  
                 FE_RC_635_0  
           FE_OCPC763_n_2404  
             FE_RC_310_0_dup  
                 FE_RC_637_0  
                 FE_RC_638_0  
                 FE_RC_641_0  
                 FE_RC_642_0  
                 FE_RC_644_0  
                 FE_RC_645_0  
                 FE_RC_647_0  
                 FE_RC_648_0  
                 FE_RC_649_0  
                 FE_RC_650_0  
                 FE_RC_651_0  
                 FE_RC_653_0  
                 FE_RC_654_0  
                 FE_RC_655_0  
                 FE_RC_656_0  
                 FE_RC_657_0  
                 FE_RC_658_0  
                 FE_RC_661_0  
                 FE_RC_662_0  
                 FE_RC_663_0  
                 FE_RC_665_0  
                 FE_RC_666_0  
           FE_OCPC771_n_1686  
                 FE_RC_667_0  
                 FE_RC_668_0  
                 FE_RC_669_0  
                  g95163_dup  
                 FE_RC_672_0  
                 FE_RC_673_0  
                 FE_RC_674_0  
                 FE_RC_675_0  
                 FE_RC_676_0  
                 FE_RC_677_0  
                 FE_RC_678_0  
                 FE_RC_679_0  
           FE_OCPC776_n_1484  
                 FE_RC_680_0  
                 FE_RC_681_0  
                 FE_RC_683_0  
        FE_OCPC777_alu_inst_n_29624  
                 FE_RC_689_0  
                 FE_RC_690_0  
                 FE_RC_691_0  
                 FE_RC_692_0  
                 FE_RC_693_0  
                 FE_RC_694_0  
                 FE_RC_695_0  
                 FE_RC_696_0  
                 FE_RC_697_0  
                 FE_RC_698_0  
             FE_RC_380_0_dup  
                 FE_RC_699_0  
                 FE_RC_700_0  
                 FE_RC_701_0  
                 FE_RC_702_0  
                 FE_RC_705_0  
                 FE_RC_706_0  
                 FE_RC_707_0  
                 FE_RC_708_0  
                 FE_RC_709_0  
                 FE_RC_710_0  
                 FE_RC_711_0  
                 FE_RC_715_0  
                 FE_RC_717_0  
                 FE_RC_718_0  
                 FE_RC_719_0  
                 FE_RC_721_0  
                 FE_RC_725_0  
        FE_OCPC788_FE_OFN194_n_3142  
                  g94589_dup  
                 g123282_dup  
              fopt124069_dup  
                 g95752_dup1  
        FE_OCPC1030_FE_DBTN61_alu_inst_n_29621_dup  
                 FE_RC_728_0  
                 FE_RC_729_0  
                 FE_RC_730_0  
                 g123122_dup  
                 FE_RC_732_0  
                 FE_RC_733_0  
                  g95768_dup  
                  g95241_dup  
                  g96703_dup  
                 g123695_dup  
        alu_inst_muldiv_inst_mul_349_24_g4879_dup  
                  g95137_dup  
                 FE_RC_734_0  
                 FE_RC_735_0  
                 FE_RC_736_0  
                 FE_RC_737_0  
           FE_OCPC792_n_5411  
        FE_OCPC800_FE_DBTN61_alu_inst_n_29621  
                 FE_RC_739_0  
                 FE_RC_740_0  
                 FE_RC_741_0  
                 FE_RC_742_0  
                 FE_RC_743_0  
                 FE_RC_744_0  
                 FE_RC_745_0  
                 FE_RC_746_0  
                 FE_RC_747_0  
                 FE_RC_748_0  
                 FE_RC_750_0  
         FE_OCPC1060_in2_r_1  
         FE_OCPC1061_in2_r_1  
                 FE_RC_751_0  
                 FE_RC_752_0  
                 FE_RC_755_0  
                 FE_RC_756_0  
                 FE_RC_757_0  
                 FE_RC_758_0  
                 FE_RC_759_0  
            FE_OCPC801_n_167  
                 FE_RC_760_0  
                 FE_RC_761_0  
                 FE_RC_762_0  
                 FE_RC_764_0  
                 FE_RC_765_0  
                 FE_RC_766_0  
                 FE_RC_767_0  
                 FE_RC_768_0  
                 FE_RC_770_0  
                 FE_RC_771_0  
                 FE_RC_773_0  
                 FE_RC_774_0  
                 FE_RC_775_0  
                 FE_RC_778_0  
                 FE_RC_780_0  
                 FE_RC_781_0  
                 FE_RC_783_0  
                 FE_RC_784_0  
                 FE_RC_785_0  
                 FE_RC_786_0  
                 FE_RC_787_0  
                 FE_RC_788_0  
                 FE_RC_789_0  
                 FE_RC_791_0  
                 FE_RC_792_0  
                 FE_RC_793_0  
                 FE_RC_794_0  
                 FE_RC_797_0  
                 FE_RC_798_0  
                 FE_RC_800_0  
                 FE_RC_802_0  
                 FE_RC_803_0  
                 FE_RC_804_0  
                 FE_RC_805_0  
                 FE_RC_807_0  
                 FE_RC_808_0  
                 FE_RC_809_0  
                 FE_RC_810_0  
                 FE_RC_812_0  
                 FE_RC_813_0  
                 FE_RC_815_0  
                 FE_RC_817_0  
                 FE_RC_818_0  
                 FE_RC_819_0  
                 FE_RC_820_0  
                 FE_RC_821_0  
                 FE_RC_822_0  
                 FE_RC_823_0  
                 FE_RC_825_0  
                 FE_RC_826_0  
                 FE_RC_827_0  
                 FE_RC_829_0  
                 FE_RC_830_0  
                 FE_RC_831_0  
                 FE_RC_832_0  
                 FE_RC_833_0  
                 FE_RC_834_0  
                 FE_RC_835_0  
                 FE_RC_838_0  
                 FE_RC_839_0  
                 FE_RC_840_0  
                 FE_RC_841_0  
                 FE_RC_842_0  
                 FE_RC_843_0  
                 FE_RC_844_0  
                 FE_RC_845_0  
                 FE_RC_847_0  
                 FE_RC_849_0  
                 FE_RC_850_0  
                 FE_RC_851_0  
                 FE_RC_853_0  
                 FE_RC_856_0  
                 FE_RC_857_0  
                 FE_RC_858_0  
                 FE_RC_859_0  
                 FE_RC_861_0  
                 FE_RC_862_0  
                 FE_RC_863_0  
                 FE_RC_865_0  
                 FE_RC_866_0  
                 FE_RC_867_0  
                 FE_RC_868_0  
                 FE_RC_869_0  
                 FE_RC_870_0  
                 FE_RC_873_0  
                 FE_RC_874_0  
                 FE_RC_876_0  
                 FE_RC_878_0  
                 FE_RC_879_0  
                 FE_RC_880_0  
                 FE_RC_881_0  
                 FE_RC_882_0  
                 FE_RC_884_0  
        FE_OCPC817_FE_OFN33_n_3181  
                 FE_RC_886_0  
                 FE_RC_887_0  
                 FE_RC_888_0  
                 FE_RC_892_0  
                 FE_RC_895_0  
                 FE_RC_896_0  
                 FE_RC_897_0  
                 FE_RC_898_0  
                 FE_RC_899_0  
                 FE_RC_900_0  
                 FE_RC_901_0  
                 FE_RC_902_0  
                 FE_RC_903_0  
                 FE_RC_904_0  
                 FE_RC_906_0  
                 FE_RC_907_0  
                 FE_RC_908_0  
                 FE_RC_910_0  
                 FE_RC_911_0  
                 FE_RC_912_0  
                 FE_RC_913_0  
                 FE_RC_914_0  
                 FE_RC_915_0  
                 FE_RC_917_0  
                 FE_RC_918_0  
                 FE_RC_919_0  
                 FE_RC_920_0  
                 FE_RC_921_0  
                 FE_RC_922_0  
                 FE_RC_923_0  
                 FE_RC_924_0  
                 FE_RC_926_0  
                 FE_RC_927_0  
                 FE_RC_928_0  
                 FE_RC_929_0  
                 FE_RC_930_0  
                 FE_RC_931_0  
                 FE_RC_932_0  
                 FE_RC_935_0  
                 FE_RC_936_0  
                 FE_RC_938_0  
                 FE_RC_939_0  
                 FE_RC_940_0  
                 FE_RC_941_0  
                 FE_RC_944_0  
                 FE_RC_946_0  
                 FE_RC_947_0  
                 FE_RC_948_0  
                 FE_RC_949_0  
                 FE_RC_950_0  
                 FE_RC_951_0  
                 FE_RC_952_0  
                 FE_RC_953_0  
                 FE_RC_954_0  
                 FE_RC_955_0  
                 FE_RC_956_0  
                 FE_RC_957_0  
                 FE_RC_958_0  
                 FE_RC_959_0  
                 FE_RC_960_0  
                 FE_RC_961_0  
                 FE_RC_962_0  
           FE_OCPC824_n_1636  
                 FE_RC_963_0  
                 FE_RC_964_0  
                 FE_RC_965_0  
                 FE_RC_966_0  
                 FE_RC_967_0  
                 FE_RC_970_0  
                 FE_RC_971_0  
                 FE_RC_974_0  
                 FE_RC_975_0  
                 FE_RC_976_0  
                 FE_RC_978_0  
                 FE_RC_979_0  
                 FE_RC_981_0  
                 FE_RC_982_0  
                 FE_RC_983_0  
                 FE_RC_984_0  
                 FE_RC_987_0  
                 FE_RC_988_0  
                 FE_RC_990_0  
                 FE_RC_991_0  
                 FE_RC_992_0  
                 FE_RC_993_0  
                 FE_RC_994_0  
                 FE_RC_995_0  
                 FE_RC_996_0  
                 FE_RC_997_0  
                 FE_RC_998_0  
                 FE_RC_999_0  
                FE_RC_1000_0  
                FE_RC_1001_0  
                FE_RC_1003_0  
                FE_RC_1004_0  
                FE_RC_1005_0  
                FE_RC_1006_0  
                FE_RC_1007_0  
                FE_RC_1008_0  
                FE_RC_1009_0  
                FE_RC_1010_0  
                FE_RC_1013_0  
           FE_OCPC847_n_1363  
                FE_RC_1014_0  
                FE_RC_1015_0  
                FE_RC_1017_0  
                FE_RC_1018_0  
                FE_RC_1019_0  
                FE_RC_1020_0  
                FE_RC_1021_0  
                FE_RC_1022_0  
                FE_RC_1023_0  
                FE_RC_1024_0  
                FE_RC_1025_0  
                FE_RC_1026_0  
                FE_RC_1027_0  
                 g123361_dup  
                FE_RC_1028_0  
                FE_RC_1029_0  
                FE_RC_1032_0  
                FE_RC_1033_0  
                FE_RC_1034_0  
                FE_RC_1035_0  
                FE_RC_1038_0  
                FE_RC_1041_0  
                FE_RC_1042_0  
                FE_RC_1043_0  
                FE_RC_1044_0  
                FE_RC_1045_0  
                FE_RC_1047_0  
                FE_RC_1048_0  
                FE_RC_1049_0  
                FE_RC_1050_0  
                FE_RC_1055_0  
                FE_RC_1056_0  
                FE_RC_1057_0  
                FE_RC_1058_0  
                FE_RC_1059_0  
                FE_RC_1060_0  
                FE_RC_1061_0  
                FE_RC_1064_0  
                FE_RC_1065_0  
                FE_RC_1066_0  
                FE_RC_1067_0  
                FE_RC_1068_0  
                FE_RC_1070_0  
                FE_RC_1071_0  
                FE_RC_1072_0  
                FE_RC_1073_0  
                FE_RC_1074_0  
                FE_RC_1075_0  
                FE_RC_1076_0  
                FE_RC_1077_0  
                FE_RC_1079_0  
                FE_RC_1080_0  
                FE_RC_1081_0  
                FE_RC_1082_0  
                FE_RC_1083_0  
                FE_RC_1085_0  
                FE_RC_1086_0  
                FE_RC_1087_0  
                FE_RC_1089_0  
                FE_RC_1091_0  
                FE_RC_1094_0  
                FE_RC_1095_0  
                FE_RC_1098_0  
                FE_RC_1099_0  
                FE_RC_1100_0  
                FE_RC_1103_0  
                FE_RC_1104_0  
                FE_RC_1105_0  
                FE_RC_1106_0  
                FE_RC_1107_0  
                FE_RC_1108_0  
                FE_RC_1109_0  
                FE_RC_1111_0  
                FE_RC_1112_0  
                FE_RC_1113_0  
                FE_RC_1114_0  
                FE_RC_1115_0  
                FE_RC_1116_0  
                FE_RC_1119_0  
                FE_RC_1120_0  
                FE_RC_1121_0  
          FE_OCPC1062_n_3347  
          FE_OCPC1063_n_3347  
                FE_RC_1123_0  
                FE_RC_1124_0  
                FE_RC_1125_0  
                FE_RC_1126_0  
                FE_RC_1127_0  
                FE_RC_1129_0  
                FE_RC_1130_0  
                FE_RC_1131_0  
                FE_RC_1133_0  
                FE_RC_1134_0  
                FE_RC_1136_0  
                FE_RC_1137_0  
                FE_RC_1138_0  
                FE_RC_1139_0  
                FE_RC_1140_0  
                FE_RC_1141_0  
                FE_RC_1143_0  
                FE_RC_1144_0  
                FE_RC_1145_0  
                FE_RC_1146_0  
                FE_RC_1147_0  
                FE_RC_1148_0  
                FE_RC_1149_0  
                FE_RC_1150_0  
                FE_RC_1151_0  
                FE_RC_1152_0  
                FE_RC_1153_0  
                FE_RC_1154_0  
                FE_RC_1155_0  
                FE_RC_1156_0  
                FE_RC_1157_0  
                FE_RC_1159_0  
                FE_RC_1160_0  
                FE_RC_1162_0  
                FE_RC_1164_0  
                FE_RC_1165_0  
                FE_RC_1166_0  
                FE_RC_1168_0  
          FE_OCPC1064_n_2854  
          FE_OCPC1065_n_2854  
          FE_OCPC1066_n_2854  
          FE_OCPC1067_n_2854  
          FE_OCPC1072_n_2854  
                FE_RC_1171_0  
                FE_RC_1172_0  
                FE_RC_1173_0  
                FE_RC_1174_0  
                FE_RC_1175_0  
                FE_RC_1176_0  
                FE_RC_1177_0  
                FE_RC_1178_0  
                FE_RC_1180_0  
                FE_RC_1181_0  
                FE_RC_1182_0  
                FE_RC_1183_0  
                FE_RC_1184_0  
                FE_RC_1185_0  
                FE_RC_1186_0  
                FE_RC_1187_0  
                FE_RC_1188_0  
                FE_RC_1189_0  
                FE_RC_1190_0  
                FE_RC_1191_0  
                FE_RC_1192_0  
                FE_RC_1195_0  
                FE_RC_1196_0  
                FE_RC_1197_0  
                FE_RC_1198_0  
                FE_RC_1199_0  
                FE_RC_1200_0  
                FE_RC_1201_0  
                FE_RC_1202_0  
                FE_RC_1203_0  
                FE_RC_1205_0  
                FE_RC_1207_0  
                FE_RC_1208_0  
                FE_RC_1209_0  
                FE_RC_1210_0  
                FE_RC_1211_0  
                FE_RC_1213_0  
                FE_RC_1216_0  
                FE_RC_1217_0  
                FE_RC_1219_0  
                FE_RC_1220_0  
                FE_RC_1221_0  
                FE_RC_1222_0  
                FE_RC_1223_0  
                FE_RC_1224_0  
                FE_RC_1225_0  
                FE_RC_1226_0  
                FE_RC_1227_0  
                FE_RC_1229_0  
                FE_RC_1231_0  
                FE_RC_1232_0  
                 g123471_dup  
                FE_RC_1233_0  
                FE_RC_1235_0  
                FE_RC_1237_0  
                FE_RC_1238_0  
             FE_OCPC1075_r_1  
        FE_OCPC1076_OFN43_n_2950  
            FE_OCPC1079_1100  
                FE_RC_1241_0  
                FE_RC_1242_0  
                FE_RC_1243_0  
                FE_RC_1245_0  
                FE_RC_1246_0  
                FE_RC_1247_0  
                FE_RC_1248_0  
                FE_RC_1249_0  
                FE_RC_1250_0  
                FE_RC_1251_0  
                FE_RC_1252_0  
                FE_RC_1254_0  
                FE_RC_1255_0  
                FE_RC_1256_0  
                FE_RC_1258_0  
                FE_RC_1259_0  
                FE_RC_1260_0  
                FE_RC_1262_0  
                FE_RC_1263_0  
        FE_OCPC1089_alu_inst_n_29624  
                FE_RC_1264_0  
                FE_RC_1266_0  
                FE_RC_1267_0  
                FE_RC_1269_0  
                FE_RC_1270_0  
                FE_RC_1272_0  
                FE_RC_1273_0  
                FE_RC_1275_0  
                FE_RC_1276_0  
                FE_RC_1277_0  
                FE_RC_1280_0  
                FE_RC_1281_0  
                FE_RC_1282_0  
                FE_RC_1283_0  
                FE_RC_1284_0  
                FE_RC_1286_0  
                FE_RC_1287_0  
                FE_RC_1288_0  
                FE_RC_1289_0  
                FE_RC_1290_0  
                FE_RC_1291_0  
                FE_RC_1293_0  
                FE_RC_1294_0  
                FE_RC_1295_0  
                FE_RC_1296_0  
                FE_RC_1297_0  
                FE_RC_1299_0  
        FE_OCPC1099_FE_OFN140_n_3190  
                FE_RC_1300_0  
                FE_RC_1301_0  
                FE_RC_1302_0  
                FE_RC_1303_0  
                FE_RC_1304_0  
                FE_RC_1305_0  
                FE_RC_1306_0  
                FE_RC_1307_0  
                FE_RC_1308_0  
                FE_RC_1309_0  
                FE_RC_1310_0  
                FE_RC_1311_0  
                FE_RC_1312_0  
        FE_OCPC1103_FE_DBTN1_n_3347  
                FE_RC_1313_0  
                FE_RC_1314_0  
                FE_RC_1315_0  
                FE_RC_1316_0  
                FE_RC_1317_0  
                FE_RC_1318_0  
                FE_RC_1319_0  
                FE_RC_1320_0  
                FE_RC_1323_0  
                FE_RC_1324_0  
                FE_RC_1325_0  
                FE_RC_1326_0  
                FE_RC_1328_0  
                FE_RC_1329_0  
                FE_RC_1330_0  
                FE_RC_1332_0  
                FE_RC_1333_0  
                FE_RC_1334_0  
                FE_RC_1335_0  
                FE_RC_1336_0  
                FE_RC_1337_0  
                FE_RC_1338_0  
                FE_RC_1339_0  
                FE_RC_1340_0  
                FE_RC_1341_0  
                FE_RC_1342_0  
                FE_RC_1343_0  
                FE_RC_1345_0  
                FE_RC_1346_0  
                FE_RC_1349_0  
                FE_RC_1350_0  
                FE_RC_1351_0  
                FE_RC_1353_0  
                FE_RC_1354_0  
                FE_RC_1355_0  
                FE_RC_1356_0  
                FE_RC_1358_0  
                FE_RC_1359_0  
                FE_RC_1360_0  
                FE_RC_1361_0  
                FE_RC_1362_0  
                FE_RC_1363_0  
                FE_RC_1365_0  
                FE_RC_1366_0  
                FE_RC_1367_0  
                FE_RC_1369_0  
                FE_RC_1370_0  
        FE_OCPC1110_FE_DBTN27_n_3122  
        FE_OCPC1111_FE_DBTN27_n_3122  
                FE_RC_1371_0  
                FE_RC_1372_0  
                FE_RC_1373_0  
                FE_RC_1374_0  
                FE_RC_1379_0  
                FE_RC_1380_0  
                FE_RC_1381_0  
                FE_RC_1382_0  
                FE_RC_1383_0  
                FE_RC_1384_0  
                FE_RC_1386_0  
                FE_RC_1387_0  
                FE_RC_1389_0  
                FE_RC_1391_0  
                FE_RC_1392_0  
                FE_RC_1393_0  
                FE_RC_1394_0  
                FE_RC_1396_0  
                FE_RC_1397_0  
                FE_RC_1398_0  
                FE_RC_1399_0  
                FE_RC_1400_0  
                FE_RC_1401_0  
                FE_RC_1402_0  
                FE_RC_1403_0  
                FE_RC_1404_0  
                FE_RC_1405_0  
                FE_RC_1406_0  
                FE_RC_1407_0  
                FE_RC_1408_0  
                FE_RC_1409_0  
                FE_RC_1410_0  
                FE_RC_1412_0  
                FE_RC_1414_0  
                FE_RC_1415_0  
                FE_RC_1416_0  
                FE_RC_1418_0  
                FE_RC_1421_0  
                FE_RC_1422_0  
           FE_OCPC1123_n_488  
                FE_RC_1426_0  
                FE_RC_1427_0  
                FE_RC_1428_0  
                FE_RC_1429_0  
                FE_RC_1430_0  
                FE_RC_1432_0  
                FE_RC_1433_0  
                FE_RC_1434_0  
                FE_RC_1435_0  
                FE_RC_1437_0  
                FE_RC_1438_0  
                FE_RC_1440_0  
                FE_RC_1441_0  
                FE_RC_1442_0  
                FE_RC_1445_0  
                FE_RC_1446_0  
                FE_RC_1448_0  
                FE_RC_1449_0  
                FE_RC_1450_0  
                FE_RC_1452_0  
                FE_RC_1454_0  
                FE_RC_1455_0  
                FE_RC_1456_0  
                FE_RC_1457_0  
             FE_OCPC1129_897  
                FE_RC_1458_0  
             FE_OCPC1132_r_5  
            FE_OCPC1133_r_12  
        FE_OCPC1134_OFN249_n_3232  
                FE_RC_1459_0  
                FE_RC_1460_0  
                FE_RC_1461_0  
                FE_RC_1462_0  
                FE_RC_1463_0  
                FE_RC_1465_0  
                FE_RC_1466_0  
                FE_RC_1467_0  
                FE_RC_1468_0  
                FE_RC_1469_0  
            FE_OCPC1137_2505  
                FE_RC_1470_0  
                FE_RC_1471_0  
                FE_RC_1472_0  
                FE_RC_1473_0  
                FE_RC_1474_0  
                FE_RC_1475_0  
                FE_RC_1476_0  
                FE_RC_1478_0  
                FE_RC_1479_0  
                FE_RC_1480_0  
                FE_RC_1481_0  
                FE_RC_1483_0  
                FE_RC_1484_0  
                FE_RC_1486_0  
                FE_RC_1488_0  
            FE_OCPC1141_3313  
        FE_OCPC1142_inst_muldiv_inst_mul_349_24_n_408  
                FE_RC_1489_0  
                FE_RC_1490_0  
                FE_RC_1491_0  
                FE_RC_1492_0  
                FE_RC_1493_0  
                FE_RC_1494_0  
                FE_RC_1495_0  
                FE_RC_1496_0  
                FE_RC_1498_0  
                FE_RC_1499_0  
                FE_RC_1500_0  
                FE_RC_1501_0  
                FE_RC_1502_0  
                FE_RC_1504_0  
                FE_RC_1505_0  
                FE_RC_1507_0  
                FE_RC_1510_0  
                FE_RC_1511_0  
                FE_RC_1513_0  
                FE_RC_1514_0  
                FE_RC_1515_0  
                FE_RC_1516_0  
                FE_RC_1517_0  
                FE_RC_1518_0  
                FE_RC_1520_0  
                FE_RC_1521_0  
                FE_RC_1522_0  
                FE_RC_1524_0  
                FE_RC_1526_0  
                FE_RC_1527_0  
                FE_RC_1528_0  
                FE_RC_1530_0  
                FE_RC_1532_0  
                FE_RC_1534_0  
                FE_RC_1535_0  
                FE_RC_1536_0  
                FE_RC_1537_0  
                FE_RC_1538_0  
                FE_RC_1539_0  
                FE_RC_1540_0  
                FE_RC_1542_0  
                FE_RC_1543_0  
                FE_RC_1544_0  
                FE_RC_1545_0  
                FE_RC_1546_0  
                FE_RC_1547_0  
                FE_RC_1548_0  
                FE_RC_1549_0  
                FE_RC_1551_0  
                FE_RC_1552_0  
                FE_RC_1553_0  
                FE_RC_1555_0  
                FE_RC_1556_0  
                FE_RC_1558_0  
                FE_RC_1560_0  
                FE_RC_1561_0  
                FE_RC_1563_0  
                FE_RC_1567_0  
                FE_RC_1568_0  
                FE_RC_1569_0  
                FE_RC_1570_0  
                FE_RC_1572_0  
                FE_RC_1573_0  
                FE_RC_1574_0  
                FE_RC_1575_0  
                FE_RC_1577_0  
                FE_RC_1578_0  
                FE_RC_1580_0  
                FE_RC_1583_0  
                FE_RC_1584_0  
                FE_RC_1585_0  
                FE_RC_1586_0  
                FE_RC_1587_0  
          FE_OCPC1157_n_1100  
                FE_RC_1590_0  
                FE_RC_1591_0  
                FE_RC_1593_0  
          FE_OCPC1126_n_2798  
                FE_RC_1598_0  
                FE_RC_1599_0  
                FE_RC_1601_0  
                FE_RC_1602_0  
                FE_RC_1603_0  
                FE_RC_1604_0  
                FE_RC_1605_0  
                FE_RC_1606_0  
                FE_RC_1607_0  
                FE_RC_1608_0  
                FE_RC_1609_0  
                FE_RC_1610_0  
                FE_RC_1612_0  
                FE_RC_1613_0  
                FE_RC_1614_0  
                FE_RC_1615_0  
                FE_RC_1617_0  
                FE_RC_1619_0  
                FE_RC_1620_0  
                FE_RC_1622_0  
                  g95121_dup  
                FE_RC_1623_0  
                FE_RC_1624_0  
                FE_RC_1625_0  
                FE_RC_1626_0  
                FE_RC_1627_0  
                FE_RC_1628_0  
                FE_RC_1630_0  
                FE_RC_1631_0  
                FE_RC_1632_0  
                FE_RC_1633_0  
                FE_RC_1635_0  
                FE_RC_1636_0  
                FE_RC_1638_0  
                FE_RC_1639_0  
                FE_RC_1640_0  
         FE_OCPC1127_in2_r_9  
                FE_RC_1641_0  
                FE_RC_1642_0  
                FE_RC_1644_0  
                FE_RC_1645_0  
                FE_RC_1646_0  
                FE_RC_1647_0  
                FE_RC_1648_0  
           FE_OFC1170_n_6389  
           FE_OFC1171_n_1396  
           FE_OFC1172_n_1923  
           FE_OFC1179_n_1295  
           FE_OFC1181_n_1310  
           FE_OFC1182_n_1310  
           FE_OFC1183_n_1326  
           FE_OFC1184_n_1326  
           FE_OFC1185_n_1302  
           FE_OFC1188_n_1866  
           FE_OFC1191_n_1832  
           FE_OFC1192_n_1171  
           FE_OFC1195_n_1803  
           FE_OFC1199_n_1721  
           FE_OFC1200_n_1714  
           FE_OFC1202_n_6781  
        FE_OFC1206_FE_OCPN771_n_1686  
        FE_OFC1210_alu_inst_muldiv_inst_mul_349_24_n_628  
        FE_OFC1212_alu_inst_muldiv_inst_mul_349_24_n_597  
        FE_OFC1216_alu_inst_muldiv_inst_mul_349_24_n_531  
           FE_OFC1217_n_1376  
           FE_OFC1218_n_1376  
        FE_OFC1219_alu_inst_muldiv_inst_mul_349_24_n_566  
        FE_OFC1220_alu_inst_muldiv_inst_mul_349_24_n_743  
        FE_OFC1221_alu_inst_muldiv_inst_mul_349_24_n_751  
        FE_OFC1222_alu_inst_muldiv_inst_mul_349_24_n_753  
        FE_OFC1223_alu_inst_muldiv_inst_mul_349_24_n_680  
        FE_OFC1224_alu_inst_muldiv_inst_mul_349_24_n_750  
        FE_OFC1225_alu_inst_muldiv_inst_mul_349_24_n_704  
        FE_OFC1228_alu_inst_muldiv_inst_mul_349_24_n_714  
        FE_OFC1229_alu_inst_muldiv_inst_mul_349_24_n_718  
        FE_OFC1230_alu_inst_muldiv_inst_mul_349_24_n_708  
        FE_OFC1232_alu_inst_muldiv_inst_mul_349_24_n_727  
        FE_OFC1233_alu_inst_muldiv_inst_mul_349_24_n_392  
        FE_OFC1234_alu_inst_muldiv_inst_mul_349_24_n_73  
        FE_OFC1236_alu_inst_muldiv_inst_mul_349_24_n_388  
        FE_OFC1237_alu_inst_muldiv_inst_mul_349_24_n_391  
        FE_OFC1238_alu_inst_muldiv_inst_mul_349_24_n_289  
        FE_OFC1247_alu_inst_muldiv_inst_mul_349_24_n_28  
        FE_OFC1248_alu_inst_muldiv_inst_mul_349_24_n_454  
        FE_OFC1249_alu_inst_muldiv_inst_mul_349_24_n_454  
           FE_OFC1250_n_6905  
        FE_OFC1251_alu_inst_muldiv_inst_mul_349_24_n_693  
        FE_OFC1253_alu_inst_muldiv_inst_mul_349_24_n_381  
         FE_OFC1254_FE_RN_25  
         FE_OFC1255_FE_RN_25  
        FE_OFC1256_alu_inst_muldiv_inst_mul_349_24_n_189  
        FE_OFC1257_alu_inst_muldiv_inst_mul_349_24_n_189  
        FE_OFC1262_alu_inst_n_29619  
        FE_OFC1263_alu_inst_n_29619  
        FE_OFC1268_alu_inst_n_29618  
            FE_OFC1271_n_847  
           FE_OFC1272_n_4968  
        FE_OFC1273_FE_RN_794_0  
        FE_OFC1274_FE_RN_508_0  
        FE_OFC1275_FE_RN_989_0  
        FE_OFC1276_FE_RN_828_0  
           FE_OFC1277_n_4814  
           FE_OFC1278_n_4770  
        FE_OFC1279_FE_RN_899_0  
        FE_OFC1280_FE_RN_559_0  
        FE_OFC1281_FE_RN_436_0  
        FE_OFC1282_FE_RN_375_0  
           FE_OFC1283_n_4798  
           FE_OFC1284_n_4983  
        FE_OFC1285_FE_RN_591_0  
           FE_OFC1286_n_4725  
        FE_OFC1290_FE_RN_244_0  
           FE_OFC1294_n_4196  
           FE_OFC1295_n_4112  
        FE_OFC1296_FE_RN_932_0  
           FE_OFC1297_n_4404  
           FE_OFC1298_n_4090  
            FE_OFC1299_n_724  
        FE_OFC1300_FE_RN_278_0  
           FE_OFC1301_n_3894  
           FE_OFC1302_n_4576  
           FE_OFC1303_n_3729  
           FE_OFC1304_n_4004  
           FE_OFC1306_n_3812  
           FE_OFC1307_n_3744  
           FE_OFC1308_n_3972  
           FE_OFC1315_n_3843  
           FE_OFC1316_n_3843  
           FE_OFC1318_n_4573  
           FE_OFC1319_n_3465  
        FE_OFC1322_FE_OCPN29809_n  
           FE_OFC1326_n_3885  
           FE_OFC1331_n_3553  
           FE_OFC1332_n_3553  
           FE_OFC1333_n_3485  
           FE_OFC1334_n_2545  
           FE_OFC1335_n_2545  
           FE_OFC1342_n_3841  
           FE_OFC1343_n_3841  
           FE_OFC1344_n_3841  
           FE_OFC1345_n_3331  
           FE_OFC1353_n_2620  
           FE_OFC1354_n_3793  
           FE_OFC1355_n_3793  
           FE_OFC1356_n_3935  
           FE_OFC1357_n_2577  
           FE_OFC1358_n_2633  
           FE_OFC1359_n_3797  
           FE_OFC1360_n_3797  
           FE_OFC1361_n_3432  
           FE_OFC1362_n_3432  
        FE_OFC1365_FE_RN_992_0  
           FE_OFC1368_n_3874  
        FE_OFC1370_FE_OCPN471_FE_OFN124_n_3196  
           FE_OFC1372_n_3958  
           FE_OFC1373_n_2628  
           FE_OFC1374_n_3851  
           FE_OFC1375_n_3591  
           FE_OFC1376_n_2598  
           FE_OFC1377_n_3834  
           FE_OFC1379_n_3834  
           FE_OFC1382_n_3542  
           FE_OFC1383_n_3542  
           FE_OFC1384_n_3542  
           FE_OFC1389_n_2561  
           FE_OFC1390_n_2561  
           FE_OFC1391_n_2561  
           FE_OFC1392_n_6742  
           FE_OFC1393_n_6742  
           FE_OFC1395_n_3828  
           FE_OFC1396_n_3828  
        FE_OFC1397_FE_OCPN29766_FE_DBTN1_n_3347  
        FE_OFC1398_FE_OCPN29766_FE_DBTN1_n_3347  
           FE_OFC1404_n_3543  
           FE_OFC1406_n_3534  
           FE_OFC1407_n_3534  
           FE_OFC1411_n_3468  
           FE_OFC1416_n_3520  
           FE_OFC1421_n_3327  
           FE_OFC1422_n_3327  
           FE_OFC1428_n_3352  
           FE_OFC1429_n_3380  
           FE_OFC1430_n_3380  
           FE_OFC1431_n_3380  
           FE_OFC1443_n_3242  
           FE_OFC1444_n_3242  
           FE_OFC1446_n_3242  
           FE_OFC1447_n_3242  
           FE_OFC1448_n_3242  
           FE_OFC1449_n_3242  
           FE_OFC1450_n_3242  
           FE_OFC1454_n_3300  
           FE_OFC1456_n_2529  
           FE_OFC1458_n_2529  
           FE_OFC1459_n_2411  
           FE_OFC1460_n_2411  
           FE_OFC1464_n_2404  
           FE_OFC1465_n_2404  
           FE_OFC1468_n_2552  
           FE_OFC1469_n_2517  
           FE_OFC1470_n_2517  
           FE_OFC1471_n_2438  
           FE_OFC1473_n_3358  
           FE_OFC1477_n_2496  
           FE_OFC1478_n_2496  
           FE_OFC1479_n_2496  
           FE_OFC1480_n_2496  
           FE_OFC1481_n_2496  
           FE_OFC1482_n_2496  
           FE_OFC1483_n_3133  
           FE_OFC1485_n_3369  
           FE_OFC1486_n_3369  
           FE_OFC1488_n_3369  
           FE_OFC1489_n_3369  
           FE_OFC1491_n_3115  
           FE_OFC1494_n_3259  
           FE_OFC1495_n_3259  
        FE_OFC1496_FE_DBTN23_n_3220  
           FE_OFC1501_n_2356  
           FE_OFC1503_n_2392  
           FE_OFC1504_n_3142  
           FE_OFC1505_n_3142  
           FE_OFC1506_n_2441  
           FE_OFC1510_n_2320  
        FE_OFC1513_FE_DBTN21_n_3279  
        FE_OFC1514_FE_DBTN21_n_3279  
        FE_OFC1515_FE_DBTN21_n_3279  
        FE_OFC1516_FE_DBTN21_n_3279  
           FE_OFC1517_n_3213  
           FE_OFC1518_n_3213  
           FE_OFC1519_n_3213  
        FE_OFC1520_FE_OCPN29762_FE_OFN140_n_3190  
        FE_OFC1521_FE_OCPN29762_FE_OFN140_n_3190  
        FE_OFC1522_FE_OCPN29762_FE_OFN140_n_3190  
           FE_OFC1523_n_3185  
           FE_OFC1524_n_3185  
           FE_OFC1525_n_3185  
           FE_OFC1526_n_3286  
           FE_OFC1527_n_2354  
           FE_OFC1535_n_3114  
           FE_OFC1537_n_3163  
           FE_OFC1538_n_3163  
           FE_OFC1539_n_3137  
            FE_OFC1540_n_154  
        FE_OFC1543_FE_OCPN29712_n_3121  
        FE_OFC1544_FE_DBTN29_n_3107  
        FE_OFC1545_FE_DBTN29_n_3107  
        FE_OFC1546_FE_DBTN29_n_3107  
           FE_OFC1549_n_3086  
           FE_OFC1550_n_5887  
           FE_OFC1551_n_5887  
        FE_OFC1552_alu_inst_n_28843  
        FE_OFC1554_alu_inst_n_28843  
        FE_OFC1563_alu_inst_n_92  
           FE_OFC1564_n_2128  
           FE_OFC1565_n_2128  
           FE_OFC1566_n_2128  
           FE_OFC1567_n_6811  
           FE_OFC1568_n_2261  
           FE_OFC1569_n_2261  
           FE_OFC1570_n_2822  
           FE_OFC1571_n_2822  
           FE_OFC1572_n_2842  
            FE_OFC1573_n_528  
             FE_OFC1574_n_24  
           FE_OFC1575_n_2746  
           FE_OFC1576_n_2244  
         FE_OFC1579_in2_r_10  
          FE_OFC1582_in2_r_7  
          FE_OFC1583_in2_r_8  
          FE_OFC1588_in2_r_4  
         CTS_ccl_a_inv_00003  
         CTS_ccl_a_inv_00001  
         CTS_ccl_a_inv_00002  
           FE_OFC1594_n_1146  
           FE_OFC1595_n_2535  
           FE_OFC1596_n_2535  
           FE_OFC1597_n_1194  
          FE_OFC1600_in1_r_4  
          FE_OFC1601_in1_r_4  
         FE_OFC1602_in2_r_15  
         FE_OFC1603_in2_r_15  
           FE_OFC1605_n_2615  
           FE_OFC1606_n_2615  
           FE_OFC1607_n_2615  
          FE_OFC1608_in1_r_8  
          FE_OFC1609_in1_r_8  
        FE_OFC1619_alu_inst_n_28839  
        FE_OFC1625_alu_inst_muldiv_inst_mul_349_24_n_288  
        FE_OFC1626_alu_inst_muldiv_inst_mul_349_24_n_288  
           FE_OFC1627_n_3249  
           FE_OFC1628_n_3249  
           FE_OFC1629_n_3249  
           FE_OFC1630_n_2304  
           FE_OFC1631_n_2304  
        FE_OFC1632_FE_RN_88_0  
        FE_OFC1633_alu_inst_n_91  
        FE_OFC1634_alu_inst_n_91  
        FE_OFC1635_alu_inst_n_91  
        FE_OFC1636_alu_inst_n_91  
           FE_OFC1637_n_2455  
           FE_OFC1638_n_2455  
           FE_OFC1639_n_2455  
           FE_OFC1640_n_2455  
           FE_OFC1641_n_2455  
           FE_OFC1642_n_3363  
           FE_OFC1643_n_3363  
           FE_OFC1644_n_3363  
           FE_OFC1645_n_3363  
           FE_OFC1646_n_3363  
        FE_OFC1647_alu_inst_n_28844  
        FE_OFC1648_alu_inst_n_28844  
           FE_OFC1649_n_3546  
           FE_OFC1650_n_3546  
        FE_OFC1651_alu_inst_muldiv_inst_mul_349_24_n_713  
        FE_OFC1653_FE_RN_690_0  
        FE_OFC1654_alu_inst_muldiv_inst_mul_349_24_n_707  
         FE_OFC1655_FE_RN_12  
            FE_OFC1656_n_849  
           FE_OFC1657_n_2612  
           FE_OFC1658_n_2612  
        FE_OFC1659_alu_inst_n_28843  
          FE_OFC1660_in1_r_5  
           FE_OFC1661_n_3152  
           FE_OFC1662_n_3152  
           FE_OFC1663_n_3152  
           FE_OFC1664_n_3152  
           FE_OFC1665_n_3152  
           FE_OFC1666_n_3152  
           FE_OFC1667_n_3152  
           FE_OFC1668_n_3152  
           FE_OFC1669_n_3152  
           FE_OFC1670_n_3152  
           FE_OFC1671_n_3152  
           FE_OFC1673_n_3551  
        FE_OFC1674_alu_inst_muldiv_inst_mul_349_24_n_663  
           FE_OFC1675_n_2240  
           FE_OFC1676_n_2240  
           FE_OFC1677_n_1857  
           FE_OFC1678_n_1857  
        FE_OFC1679_alu_inst_muldiv_inst_mul_349_24_n_225  
        FE_OFC1680_alu_inst_muldiv_inst_mul_349_24_n_225  
        FE_OFC1681_alu_inst_muldiv_inst_mul_349_24_n_225  
         FE_OFC1682_in2_r_14  
           FE_OFC1685_n_1739  
           FE_OFC1692_n_2918  
         FE_OFC1694_in1_r_15  
         FE_OFC1695_in1_r_15  
        FE_OFC1696_FE_OCPN197_n_3181  
        FE_OFC1697_FE_OCPN197_n_3181  
        FE_OFC1699_alu_inst_muldiv_inst_mul_349_24_n_735  
           FE_OFC1700_n_2724  
           FE_OFC1701_n_3295  
           FE_OFC1704_n_3846  
           FE_OFC1705_n_3846  
           FE_OFC1706_n_3846  
           FE_OFC1707_n_1682  
         FE_OFC1708_in1_r_12  
         FE_OFC1709_in1_r_12  
        FE_OFC1713_FE_OCPN29723_n_3351  
           FE_OFC1714_n_3871  
           FE_OFC1715_n_2585  
        FE_OFC1716_alu_inst_muldiv_inst_mul_349_24_n_721  
        FE_OFC1720_alu_inst_muldiv_inst_mul_349_24_n_679  
           FE_OFC1721_n_2492  
           FE_OFC1722_n_2492  
        FE_OFC1724_alu_inst_muldiv_inst_mul_349_24_n_736  
           FE_OFC1726_n_3612  
           FE_OFC1730_n_3128  
           FE_OFC1731_n_3128  
           FE_OFC1732_n_3128  
           FE_OFC1741_n_2540  
                FE_RC_1649_0  
                FE_RC_1650_0  
                FE_RC_1651_0  
                FE_RC_1652_0  
                FE_RC_1653_0  
                FE_RC_1654_0  
                FE_RC_1655_0  
          FE_OCPC1742_n_3028  
                FE_RC_1658_0  
                FE_RC_1659_0  
                FE_RC_1660_0  
                FE_RC_1661_0  
                FE_RC_1664_0  
                FE_RC_1668_0  
         FE_OCPC1744_in2_r_3  
                FE_RC_1670_0  
                FE_RC_1673_0  
                FE_RC_1674_0  
                FE_RC_1675_0  
                FE_RC_1677_0  
                FE_RC_1678_0  
                FE_RC_1679_0  
                FE_RC_1680_0  
                FE_RC_1681_0  
                FE_RC_1682_0  
                FE_RC_1683_0  
                FE_RC_1684_0  
                FE_RC_1686_0  
                FE_RC_1688_0  
                FE_RC_1689_0  
                FE_RC_1690_0  
                FE_RC_1691_0  
                FE_RC_1693_0  
                FE_RC_1694_0  
                FE_RC_1695_0  
         FE_OCPC1745_in2_r_7  
                FE_RC_1696_0  
                FE_RC_1697_0  
                FE_RC_1700_0  
                FE_RC_1701_0  
                FE_RC_1702_0  
        FE_OCPC1748_FE_OFN243_n_3249  
                FE_RC_1705_0  
                FE_RC_1706_0  
                FE_RC_1708_0  
                FE_RC_1709_0  
                FE_RC_1710_0  
                FE_RC_1711_0  
                FE_RC_1713_0  
          FE_OCPC1752_n_3190  
          FE_OCPC1753_n_3190  
                FE_RC_1716_0  
                FE_RC_1717_0  
         FE_OCPC1754_in2_r_4  
                FE_RC_1718_0  
                FE_RC_1719_0  
                FE_RC_1720_0  
                FE_RC_1721_0  
        FE_OCPC1756_in2_r_10  
        FE_OCPC1757_in2_r_13  
         FE_OCPC1758_in1_r_0  
         FE_OCPC1759_in1_r_2  
                FE_RC_1723_0  
                FE_RC_1724_0  
                FE_RC_1725_0  
                FE_RC_1726_0  
                FE_RC_1727_0  
                FE_RC_1728_0  
         FE_OCPC1760_in2_r_8  
                FE_RC_1729_0  
                FE_RC_1730_0  
                FE_RC_1731_0  
                FE_RC_1733_0  
                FE_RC_1734_0  
                FE_RC_1735_0  
          FE_OCPC1762_n_3797  
                FE_RC_1736_0  
                FE_RC_1737_0  
                FE_RC_1739_0  
                FE_RC_1740_0  
                FE_RC_1741_0  
                FE_RC_1742_0  
                FE_RC_1743_0  
                FE_RC_1744_0  
                FE_RC_1745_0  
                FE_RC_1746_0  
                FE_RC_1748_0  
                FE_RC_1749_0  
                FE_RC_1751_0  
                FE_RC_1753_0  
                FE_RC_1754_0  
                FE_RC_1755_0  
                FE_RC_1756_0  
                FE_RC_1757_0  
                FE_RC_1758_0  
                FE_RC_1759_0  
                FE_RC_1760_0  
                FE_RC_1761_0  
                FE_RC_1762_0  
                FE_RC_1763_0  
                FE_RC_1764_0  
                FE_RC_1765_0  
                FE_RC_1767_0  
                FE_RC_1768_0  
                FE_RC_1769_0  
                FE_RC_1770_0  
                FE_RC_1771_0  
         FE_OCPC1763_in1_r_3  
                FE_RC_1772_0  
                FE_RC_1773_0  
                FE_RC_1774_0  
                FE_RC_1775_0  
                FE_RC_1776_0  
                FE_RC_1777_0  
                FE_RC_1782_0  
                FE_RC_1784_0  
        FE_OCPC1766_FE_OFN197_n_3086  
          FE_OCPC1768_n_3794  
          FE_OCPC1769_n_3794  
                FE_RC_1785_0  
                FE_RC_1786_0  
                FE_RC_1788_0  
                FE_RC_1790_0  
                FE_RC_1791_0  
                FE_RC_1793_0  
                FE_RC_1797_0  
        FE_OCPC1770_FE_OFN28859_alu_inst_n_29619  
                FE_RC_1798_0  
                FE_RC_1799_0  
                FE_RC_1800_0  
                FE_RC_1801_0  
          FE_OCPC1771_n_5347  
                FE_RC_1803_0  
        FE_OCPC1772_FE_DBTN23_n_3220  
                FE_RC_1805_0  
                FE_RC_1806_0  
                FE_RC_1807_0  
                FE_RC_1808_0  
                FE_RC_1809_0  
                FE_RC_1811_0  
          FE_OCPC1776_n_3181  
                FE_RC_1812_0  
                FE_RC_1813_0  
                FE_RC_1814_0  
                FE_RC_1815_0  
                FE_RC_1816_0  
                FE_RC_1817_0  
                FE_RC_1818_0  
                FE_RC_1819_0  
                FE_RC_1820_0  
                FE_RC_1821_0  
          FE_OCPC1777_n_3851  
          FE_OCPC1778_n_3851  
                FE_RC_1822_0  
                FE_RC_1823_0  
                FE_RC_1826_0  
                FE_RC_1827_0  
                FE_RC_1828_0  
                FE_RC_1830_0  
                FE_RC_1831_0  
                FE_RC_1833_0  
                FE_RC_1834_0  
                FE_RC_1835_0  
          FE_OCPC1779_n_6422  
                FE_RC_1836_0  
                FE_RC_1837_0  
                FE_RC_1838_0  
                FE_RC_1839_0  
                FE_RC_1841_0  
                FE_RC_1842_0  
                FE_RC_1843_0  
                FE_RC_1844_0  
                FE_RC_1845_0  
                FE_RC_1846_0  
                FE_RC_1847_0  
                FE_RC_1848_0  
                FE_RC_1850_0  
                FE_RC_1851_0  
                FE_RC_1852_0  
                FE_RC_1853_0  
                FE_RC_1854_0  
                FE_RC_1856_0  
                FE_RC_1857_0  
                FE_RC_1858_0  
                FE_RC_1859_0  
                FE_RC_1861_0  
                FE_RC_1862_0  
                FE_RC_1863_0  
                FE_RC_1864_0  
                FE_RC_1865_0  
                FE_RC_1866_0  
                FE_RC_1867_0  
                FE_RC_1868_0  
                FE_RC_1869_0  
                FE_RC_1870_0  
                FE_RC_1871_0  
                FE_RC_1872_0  
                FE_RC_1873_0  
                FE_RC_1874_0  
                FE_RC_1875_0  
                FE_RC_1876_0  
                FE_RC_1877_0  
                FE_RC_1878_0  
                FE_RC_1879_0  
                FE_RC_1880_0  
                FE_RC_1882_0  
                FE_RC_1883_0  
                FE_RC_1884_0  
                FE_RC_1886_0  
                FE_RC_1888_0  
                FE_RC_1890_0  
                FE_RC_1891_0  
                FE_RC_1892_0  
                FE_RC_1894_0  
                FE_RC_1895_0  
                FE_RC_1896_0  
                FE_RC_1899_0  
                FE_RC_1900_0  
                FE_RC_1902_0  
                FE_RC_1904_0  
                FE_RC_1905_0  
                FE_RC_1906_0  
                FE_RC_1908_0  
                FE_RC_1909_0  
                FE_RC_1910_0  
                FE_RC_1911_0  
                FE_RC_1912_0  
                FE_RC_1913_0  
                FE_RC_1914_0  
        FE_OCPC1589_FE_DBTN9_n_2943  
                FE_RC_1915_0  
                FE_RC_1916_0  
                FE_RC_1917_0  
                FE_RC_1918_0  
                FE_RC_1919_0  
                FE_RC_1920_0  
                FE_RC_1921_0  
                FE_RC_1922_0  
                FE_RC_1923_0  
                FE_RC_1924_0  
                FE_RC_1925_0  
                FE_RC_1926_0  
                FE_RC_1927_0  
                FE_RC_1928_0  
                FE_RC_1929_0  
                FE_RC_1930_0  
                FE_RC_1931_0  
                FE_RC_1932_0  
                FE_RC_1933_0  
                FE_RC_1934_0  
                FE_RC_1935_0  
                FE_RC_1936_0  
                FE_RC_1937_0  
                FE_RC_1939_0  
                FE_RC_1940_0  
                FE_RC_1941_0  
                FE_RC_1942_0  
                FE_RC_1943_0  
                FE_RC_1944_0  
                FE_RC_1945_0  
                FE_RC_1946_0  
                FE_RC_1948_0  
                FE_RC_1950_0  
                FE_RC_1951_0  
                FE_RC_1952_0  
                FE_RC_1953_0  
                FE_RC_1954_0  
                FE_RC_1955_0  
                FE_RC_1956_0  
                FE_RC_1957_0  
                FE_RC_1960_0  
                FE_RC_1961_0  
         FE_OCPC1591_in2_r_2  
                FE_RC_1962_0  
                FE_RC_1963_0  
          FE_OCPC1592_n_1297  
          FE_OCPC1593_n_1413  
          FE_OCPC1594_n_1133  
           FE_OCPC1596_n_581  
                FE_RC_1965_0  
                FE_RC_1966_0  
                FE_RC_1967_0  
                FE_RC_1968_0  
          FE_OCPC1599_n_3543  
          FE_OCPC1600_n_1117  
          FE_OCPC1602_n_1461  
        FE_OCPC1603_FE_OFN248_n_3232  
          FE_OCPC1608_n_2714  
        FE_OCPC1612_FE_OFN22_n_765  
          FE_OCPC1613_n_2823  
                FE_RC_1969_0  
                FE_RC_1970_0  
                FE_RC_1971_0  
                FE_RC_1972_0  
                FE_RC_1973_0  
                FE_RC_1975_0  
                FE_RC_1976_0  
                FE_RC_1977_0  
                FE_RC_1978_0  
                FE_RC_1979_0  
                FE_RC_1980_0  
                FE_RC_1981_0  
                FE_RC_1982_0  
                FE_RC_1983_0  
                FE_RC_1984_0  
                FE_RC_1986_0  
          FE_OCPC1621_n_1514  
                FE_RC_1987_0  
                FE_RC_1988_0  
                FE_RC_1989_0  
                FE_RC_1990_0  
                FE_RC_1992_0  
                FE_RC_1993_0  
                FE_RC_1994_0  
                FE_RC_1995_0  
                FE_RC_1996_0  
                FE_RC_1997_0  
                FE_RC_1999_0  
                FE_RC_2000_0  
                FE_RC_2001_0  
                FE_RC_2002_0  
          FE_OCPC1628_n_2854  
                FE_RC_2003_0  
                FE_RC_2004_0  
                FE_RC_2005_0  
                FE_RC_2006_0  
                FE_RC_2007_0  
                FE_RC_2008_0  
                FE_RC_2009_0  
                FE_RC_2010_0  
                FE_RC_2011_0  
                FE_RC_2012_0  
                FE_RC_2013_0  
          FE_OCPC1630_n_6389  
                FE_RC_2015_0  
                FE_RC_2016_0  
                FE_RC_2017_0  
                FE_RC_2018_0  
        FE_OCPC1635_FE_DBTN29_n_3107  
          FE_OCPC1636_n_6306  
         FE_OCPC1637_in1_r_1  
          FE_OCPC1638_n_1657  
                FE_RC_2019_0  
                FE_RC_2020_0  
                FE_RC_2021_0  
                FE_RC_2022_0  
         FE_OCPC1645_in1_r_5  
        FE_OCPC1647_in2_r_11  
                FE_RC_2023_0  
                FE_RC_2024_0  
                FE_RC_2025_0  
                FE_RC_2026_0  
          FE_OCPC1650_n_1273  
         FE_OCPC1651_in2_r_5  
          FE_OCPC1652_n_1567  
                FE_RC_2027_0  
                FE_RC_2028_0  
                FE_RC_2029_0  
                FE_RC_2030_0  
           FE_OCPC1658_n_200  
                FE_RC_2031_0  
                FE_RC_2032_0  
                FE_RC_2033_0  
                FE_RC_2034_0  
                FE_RC_2035_0  
                FE_RC_2036_0  
          FE_OCPC1661_n_2009  
          FE_OCPC1664_n_1519  
             FE_OFC1787_2029  
             FE_OFC1788_2031  
           FE_OFC1789_n_2045  
           FE_OFC1790_n_2027  
            FE_OFC1791_n_208  
           FE_OFC1792_n_1620  
           FE_OFC1793_n_1609  
           FE_OFC1794_n_1964  
         FE_OFC1795_FE_RN_16  
           FE_OFC1796_n_1574  
        FE_OFC1797_FE_RN_100_0  
        FE_OFC1798_FE_RN_100_0  
           FE_OFC1799_n_1947  
           FE_OFC1800_n_1914  
        FE_OFC1802_FE_RN_1031_0  
           FE_OFC1803_n_1368  
           FE_OFC1804_n_1368  
           FE_OFC1805_n_1368  
            FE_OFC1806_n_110  
           FE_OFC1807_n_1887  
        FE_OFC1808_FE_RN_360_0  
           FE_OFC1809_n_1296  
        FE_OFC1810_FE_RN_453_0  
        FE_OFC1811_FE_RN_24_0  
           FE_OFC1812_n_1868  
        FE_OFC1813_FE_RN_41_0  
           FE_OFC1814_n_1800  
        FE_OFC1815_FE_RN_790_0  
           FE_OFC1816_n_1744  
           FE_OFC1817_n_1084  
           FE_OFC1818_n_1038  
           FE_OFC1819_n_1742  
           FE_OFC1820_n_1742  
           FE_OFC1821_n_1740  
           FE_OFC1822_n_1740  
           FE_OFC1823_n_1740  
             FE_OFC1825_n_10  
           FE_OFC1827_n_1694  
           FE_OFC1828_n_1694  
           FE_OFC1829_n_1013  
           FE_OFC1830_n_1763  
            FE_OFC1831_n_871  
            FE_OFC1832_n_871  
           FE_OFC1833_n_1662  
           FE_OFC1834_n_1678  
        FE_OFC1835_FE_RN_1088_0  
           FE_OFC1836_n_1453  
           FE_OFC1837_n_1453  
           FE_OFC1838_n_1473  
           FE_OFC1839_n_1473  
           FE_OFC1840_n_1451  
           FE_OFC1841_n_1451  
           FE_OFC1843_n_1365  
           FE_OFC1844_n_1365  
        FE_OFC1845_FE_RN_607_0  
        FE_OFC1846_alu_inst_muldiv_inst_mul_349_24_n_568  
        FE_OFC1847_alu_inst_muldiv_inst_mul_349_24_n_570  
           FE_OFC1848_n_1260  
        FE_OFC1849_alu_inst_muldiv_inst_mul_349_24_n_695  
        FE_OFC1850_alu_inst_muldiv_inst_mul_349_24_n_683  
        FE_OFC1851_alu_inst_muldiv_inst_mul_349_24_n_730  
        FE_OFC1852_alu_inst_muldiv_inst_mul_349_24_n_722  
        FE_OFC1853_FE_OCPN848_alu_inst_muldiv_inst_mul_349_24_n_73  
        FE_OFC1854_alu_inst_muldiv_inst_mul_349_24_n_700  
        FE_OFC1855_alu_inst_muldiv_inst_mul_349_24_n_712  
        FE_OFC1856_alu_inst_muldiv_inst_mul_349_24_n_712  
        FE_OFC1857_alu_inst_muldiv_inst_mul_349_24_n_394  
           FE_OFC1858_n_6733  
        FE_OFC1859_alu_inst_muldiv_inst_mul_349_24_n_474  
        FE_OFC1860_alu_inst_muldiv_inst_mul_349_24_n_474  
        FE_OFC1861_alu_inst_muldiv_inst_mul_349_24_n_464  
        FE_OFC1862_alu_inst_muldiv_inst_mul_349_24_n_460  
        FE_OFC1863_alu_inst_muldiv_inst_mul_349_24_n_448  
            FE_OFC1864_n_186  
        FE_OFC1865_alu_inst_n_29622  
             FE_OFC1866_n_46  
            FE_OFC1867_n_940  
        FE_OFC1868_FE_OCPN85_alu_inst_muldiv_inst_mul_349_24_n_102  
        FE_OFC1869_FE_OCPN85_alu_inst_muldiv_inst_mul_349_24_n_102  
        FE_OFC1870_FE_OCPN85_alu_inst_muldiv_inst_mul_349_24_n_102  
        FE_OFC1871_FE_OCPN85_alu_inst_muldiv_inst_mul_349_24_n_102  
        FE_OFC1872_FE_OCPN346_n_914  
            FE_OFC1873_n_929  
           FE_OFC1874_n_5123  
           FE_OFC1875_n_5112  
        FE_OFC1876_FE_DBTN40_n_897  
           FE_OFC1877_n_5007  
            FE_OFC1878_n_860  
        FE_OFC1879_FE_DBTN47_n_765  
           FE_OFC1880_n_4937  
        FE_OFC1881_FE_OCPN103_n_765  
           FE_OFC1882_n_5008  
           FE_OFC1883_n_4769  
           FE_OFC1884_n_4906  
           FE_OFC1885_n_4840  
           FE_OFC1886_n_4238  
           FE_OFC1887_n_4291  
           FE_OFC1888_n_4927  
           FE_OFC1890_n_4407  
            FE_OFC1891_n_690  
           FE_OFC1892_n_2626  
           FE_OFC1893_n_2626  
        FE_OFC1895_FE_OCPN29902_n_3858  
           FE_OFC1896_n_3953  
            FE_OFC1897_n_658  
            FE_OFC1898_n_658  
           FE_OFC1899_n_4412  
           FE_OFC1900_n_2639  
            FE_OFC1901_n_519  
           FE_OFC1902_n_3804  
           FE_OFC1903_n_3804  
           FE_OFC1904_n_3804  
           FE_OFC1905_n_2481  
           FE_OFC1906_n_2481  
           FE_OFC1907_n_3800  
           FE_OFC1908_n_3800  
           FE_OFC1909_n_3800  
           FE_OFC1912_n_3800  
           FE_OFC1913_n_3800  
           FE_OFC1914_n_3888  
           FE_OFC1915_n_3875  
        FE_OFC1916_FE_OCPN633_n_3819  
           FE_OFC1917_n_3863  
           FE_OFC1918_n_2642  
        FE_OFC1919_FE_OCPN466_n_3543  
           FE_OFC1920_n_3807  
           FE_OFC1921_n_3807  
           FE_OFC1922_n_3910  
           FE_OFC1923_n_3854  
           FE_OFC1924_n_3854  
           FE_OFC1925_n_2613  
           FE_OFC1927_n_6496  
           FE_OFC1928_n_3446  
           FE_OFC1929_n_2557  
           FE_OFC1930_n_2557  
           FE_OFC1931_n_2557  
           FE_OFC1932_n_2557  
           FE_OFC1933_n_2562  
           FE_OFC1934_n_2142  
           FE_OFC1935_n_2142  
           FE_OFC1936_n_6742  
           FE_OFC1937_n_6742  
        FE_OFC1938_FE_DBTN17_n_3331  
        FE_OFC1939_FE_DBTN17_n_3331  
            FE_OFC1940_n_640  
            FE_OFC1941_n_640  
           FE_OFC1942_n_3817  
           FE_OFC1943_n_3808  
           FE_OFC1944_n_2143  
        FE_OFC1945_FE_OCPN425_FE_OFN49_n_2428  
           FE_OFC1946_n_3903  
           FE_OFC1947_n_2481  
           FE_OFC1948_n_2481  
           FE_OFC1949_n_2575  
           FE_OFC1950_n_2575  
        FE_OFC1952_FE_OCPN697_n_3257  
        FE_OFC1953_FE_OCPN384_n_3538  
           FE_OFC1954_n_2538  
           FE_OFC1955_n_2572  
           FE_OFC1956_n_3329  
           FE_OFC1957_n_2468  
        FE_OFC1958_FE_OCPN429_n_168  
        FE_OFC1959_FE_OCPN429_n_168  
           FE_OFC1960_n_3434  
           FE_OFC1961_n_3434  
           FE_OFC1962_n_2478  
           FE_OFC1963_n_2478  
           FE_OFC1964_n_2478  
           FE_OFC1965_n_2478  
           FE_OFC1966_n_3533  
           FE_OFC1967_n_3533  
           FE_OFC1968_n_3533  
           FE_OFC1969_n_3533  
           FE_OFC1970_n_6871  
        FE_OFC1971_FE_RN_59_0  
        FE_OFC1972_FE_RN_59_0  
           FE_OFC1973_n_3313  
           FE_OFC1974_n_2589  
           FE_OFC1975_n_2589  
          FE_OFC1977_FE_RN_7  
          FE_OFC1978_FE_RN_7  
           FE_OFC1979_n_2472  
           FE_OFC1980_n_2472  
           FE_OFC1981_n_2472  
        FE_OFC1982_FE_RN_1011_0  
        FE_OFC1983_FE_RN_1011_0  
        FE_OFC1984_FE_RN_1011_0  
        FE_OFC1985_FE_RN_1011_0  
           FE_OFC1986_n_3570  
           FE_OFC1987_n_3238  
           FE_OFC1988_n_2413  
           FE_OFC1989_n_2413  
        FE_OFC1990_FE_DBTN19_n_3266  
        FE_OFC1991_FE_DBTN19_n_3266  
        FE_OFC1992_FE_DBTN19_n_3266  
        FE_OFC1993_FE_DBTN19_n_3266  
           FE_OFC1994_n_3339  
           FE_OFC1995_n_3339  
           FE_OFC1996_n_3339  
           FE_OFC1997_n_3339  
           FE_OFC1998_n_3339  
           FE_OFC1999_n_3351  
           FE_OFC2000_n_3351  
           FE_OFC2001_n_3351  
           FE_OFC2002_n_3351  
           FE_OFC2003_n_3351  
        FE_OFC2004_alu_inst_n_28841  
        FE_OFC2005_alu_inst_n_28841  
        FE_OFC2006_alu_inst_n_28841  
        FE_OFC2007_alu_inst_n_28841  
        FE_OFC2008_FE_OCPN269_n_3216  
        FE_OFC2009_FE_OCPN269_n_3216  
        FE_OFC2010_FE_OCPN269_n_3216  
        FE_OFC2011_FE_OCPN211_FE_OFN10_n_3146  
           FE_OFC2012_n_3217  
           FE_OFC2013_n_3217  
           FE_OFC2014_n_3217  
        FE_OFC2015_FE_OCPN394_FE_OFN64_n_3152  
           FE_OFC2016_n_3278  
           FE_OFC2017_n_3278  
           FE_OFC2018_n_3293  
           FE_OFC2019_n_3293  
           FE_OFC2020_n_2320  
           FE_OFC2021_n_2320  
           FE_OFC2022_n_2320  
           FE_OFC2023_n_2320  
           FE_OFC2024_n_3144  
           FE_OFC2025_n_3220  
        FE_OFC2026_FE_RN_737_0  
        FE_OFC2027_FE_RN_737_0  
        FE_OFC2028_FE_RN_737_0  
        FE_OFC2029_FE_RN_737_0  
           FE_OFC2030_n_3122  
           FE_OFC2031_n_3122  
           FE_OFC2032_n_3190  
           FE_OFC2033_n_3190  
           FE_OFC2034_n_3355  
           FE_OFC2035_n_3355  
        FE_OFC2036_FE_DBTN56_alu_inst_n_28839  
           FE_OFC2037_n_3146  
           FE_OFC2038_n_3146  
           FE_OFC2039_n_3146  
           FE_OFC2040_n_3146  
            FE_OFC2041_n_427  
        FE_OFC2042_FE_OCPN314_FE_OFN159_n_3107  
        FE_OFC2043_FE_OCPN314_FE_OFN159_n_3107  
           FE_OFC2044_n_3133  
           FE_OFC2045_n_3133  
           FE_OFC2046_n_3133  
           FE_OFC2047_n_3133  
           FE_OFC2048_n_3133  
           FE_OFC2049_n_3205  
           FE_OFC2050_n_3205  
           FE_OFC2051_n_3205  
           FE_OFC2052_n_3205  
           FE_OFC2053_n_3205  
           FE_OFC2054_n_3205  
            FE_OFC2055_n_382  
        FE_OFC2056_alu_inst_n_28846  
        FE_OFC2057_alu_inst_n_28846  
        FE_OFC2058_alu_inst_n_28846  
           FE_OFC2059_n_3107  
           FE_OFC2060_n_3181  
           FE_OFC2061_n_3181  
           FE_OFC2062_n_3181  
        FE_OFC2063_alu_inst_n_28848  
        FE_OFC2064_alu_inst_n_28848  
        FE_OFC2065_alu_inst_n_28848  
        FE_OFC2066_alu_inst_n_28848  
           FE_OFC2067_n_6284  
            FE_OFC2068_n_357  
        FE_OFC2069_alu_inst_n_78  
        FE_OFC2070_alu_inst_n_78  
        FE_OFC2071_FE_OCPN29674_FE_OFN166_n_2950  
           FE_OFC2072_n_2857  
           FE_OFC2073_n_2246  
           FE_OFC2074_n_2255  
           FE_OFC2075_n_2255  
        FE_OFC2076_FE_RN_608_0  
        FE_OFC2077_FE_RN_608_0  
           FE_OFC2078_n_2709  
          FE_OFC2079_in2_r_0  
           FE_OFC2080_n_2697  
        FE_OFC2081_FE_OCPN29876_in1_r_0  
                FE_RC_2037_0  
                FE_RC_2038_0  
                FE_RC_2039_0  
                FE_RC_2040_0  
                FE_RC_2041_0  
                FE_RC_2042_0  
             FE_OFC2082_n_27  
                FE_RC_2043_0  
                FE_RC_2044_0  
                FE_RC_2045_0  
                FE_RC_2046_0  
                FE_RC_2047_0  
                FE_RC_2048_0  
                FE_RC_2049_0  
                FE_RC_2050_0  
                FE_RC_2051_0  
                FE_RC_2052_0  
                FE_RC_2053_0  
                FE_RC_2054_0  
        FE_OCPC2083_alu_inst_n_91  
                FE_RC_2057_0  
                FE_RC_2058_0  
                FE_RC_2059_0  
                FE_RC_2060_0  
                FE_RC_2061_0  
                FE_RC_2062_0  
                FE_RC_2063_0  
                FE_RC_2064_0  
                FE_RC_2065_0  
                FE_RC_2066_0  
                FE_RC_2067_0  
                FE_RC_2068_0  
                FE_RC_2069_0  
                FE_RC_2070_0  
                FE_RC_2071_0  
                FE_RC_2072_0  
                FE_RC_2073_0  
                FE_RC_2074_0  
                FE_RC_2075_0  
                FE_RC_2076_0  
                FE_RC_2077_0  
                FE_RC_2078_0  
                FE_RC_2080_0  
                FE_RC_2081_0  
                FE_RC_2082_0  
                FE_RC_2084_0  
         FE_OCPC2084_in2_r_6  
                FE_RC_2085_0  
        FE_OCPC2085_FE_DBTN47_n_765  
        FE_OCPC2086_FE_DBTN47_n_765  
          FE_OCPC2087_n_3543  
                FE_RC_2086_0  
                FE_RC_2087_0  
                FE_RC_2088_0  
                FE_RC_2089_0  
                FE_RC_2090_0  
                FE_RC_2091_0  
                FE_RC_2092_0  
                FE_RC_2093_0  
                FE_RC_2094_0  
                FE_RC_2095_0  
           FE_OCPC2088_n_896  
                FE_RC_2096_0  
                FE_RC_2097_0  
                FE_RC_2098_0  
                FE_RC_2099_0  
                FE_RC_2100_0  
                FE_RC_2101_0  
                FE_RC_2102_0  
                FE_RC_2103_0  
                FE_RC_2104_0  
                FE_RC_2105_0  
                FE_RC_2106_0  
         FE_OCPC2089_in2_r_8  
                FE_RC_2107_0  
                FE_RC_2108_0  
                FE_RC_2109_0  
                FE_RC_2110_0  
                FE_RC_2111_0  
        FE_PDC2090_FE_OFN29661_n_2304  
           FE_PSC2082_n_1425  
           FE_PSC2083_n_1415  
          FE_PSBC2091_n_2433  
          FE_PSBC2092_n_5119  
          FE_PSBC2093_n_5119  
        FE_PSC2084_FE_DBTN9_n_2943  
           FE_PSC2085_n_3121  
           FE_PSC2087_n_1035  
           FE_PSC2088_n_3645  
           FE_PSC2089_n_2855  
             FE_PSC2090_n_12  
        FE_PSC2091_FE_OCPN161_n_3009  
        FE_PSC2092_FE_OFN29661_n_2304  
           FE_PSC2093_n_1451  
           FE_PSC2094_n_6779  
           FE_PSC2095_n_1296  
           FE_PSC2096_n_1298  
           FE_PSC2097_n_2616  
        FE_PSC2098_FE_DBTN41_n_871  
           FE_PSC2099_n_5359  
           FE_PSC2100_n_2609  
           FE_PSC2101_n_6628  
         FE_PSC2102_in2_r_12  
          FE_PSC2103_in2_r_8  
          FE_PSC2104_in2_r_7  
           FE_PSC2105_n_1170  
           FE_PSC2106_n_1785  
           FE_PSC2107_n_1278  
        FE_PSC2108_FE_OFN114_in2_r_0  
           FE_PSC2109_n_2793  
        FE_PSC2110_alu_inst_muldiv_inst_mul_349_24_n_726  
         FE_PSC2111_in2_r_10  
           FE_PSC2112_n_4674  
           FE_PSC2113_n_5368  
        FE_PSC2114_FE_OCPN251_n_2609  
           FE_PSC2115_n_1323  
            FE_PSC2116_n_940  
           FE_PSC2117_n_1887  
           FE_PSC2118_n_1785  
          FE_PSC2119_in2_r_7  
        FE_PSC2120_FE_DBTN9_n_2943  
           FE_PSC2121_n_6802  
           FE_PSC2122_n_1398  
           FE_PSC2123_n_1757  
        FE_PSC2124_FE_OFN43_n_2950  
           FE_PSC2125_n_1795  
           FE_PSC2126_n_1806  
           FE_PSC2127_n_6772  
            FE_PSC2128_n_193  
           FE_PSC2129_n_4132  
        FE_PSC2130_FE_OCPN211_FE_OFN10_n_3146  
           FE_PSC2131_n_4228  
        FE_PSC2132_FE_OFN197_n_3086  
           FE_PSC2133_n_4637  
        FE_PSC2134_FE_OFN249_n_3232  
           FE_PSC2135_n_3459  
           FE_PSC2136_n_3220  
        FE_PSC2137_alu_inst_muldiv_inst_mul_349_24_n_568  
           FE_PSC2138_n_3810  
        FE_PSC2139_FE_DBTN29_n_3107  
            FE_PSC2140_n_927  
           FE_PSC2141_n_4403  
           FE_PSC2142_n_3353  
        FE_PSC2143_FE_DBTN61_alu_inst_n_29621  
           FE_PSC2144_n_2609  
           FE_PSC2145_n_2648  
            FE_PSC2146_n_192  
           FE_PSC2147_n_2505  
        FE_PSC2148_FE_OCPN485_n_3799  
        FE_PSC2149_FE_OFN197_n_3086  
           FE_PSC2150_n_2142  
        FE_PSC2151_FE_OFN5_n_3185  
        FE_PSC2152_FE_DBTN19_n_3266  
        FE_PSC2153_FE_DBTN2_n_3232  
           FE_PSC2154_n_2433  
           FE_PSC2155_n_2562  
            FE_PSC2156_n_204  
           FE_PSC2157_n_1858  
           FE_PSC2158_n_3114  
           FE_PSC2159_n_3824  
           FE_PSC2160_n_1721  
           FE_PSC2161_n_3555  
           FE_PSC2162_n_1662  
           FE_PSC2163_n_1129  
           FE_PSC2164_n_1623  
           FE_PSC2165_n_2563  
           FE_PSC2166_n_2825  
           FE_PSC2167_n_3360  
            FE_PSC2168_n_910  
        FE_PSC2169_FE_OCPN679_n_454  
           FE_PSC2170_n_1077  
           FE_PSC2171_n_1131  
        FE_PSC2172_FE_RN_1101_0  
           FE_PSC2173_n_5664  
           FE_PSC2174_n_2244  
            FE_PSC2176_n_929  
            FE_PSC2177_n_857  
             FE_PSC2178_n_76  
        FE_PSC2179_FE_DBTN61_alu_inst_n_29621  
          FE_PSC2180_in1_r_1  
           FE_PSC2181_n_1017  
            FE_PSC2182_n_927  
           FE_PSC2183_n_1611  
           FE_PSC2184_n_5043  
        FE_PSC2185_FE_OCPN633_n_3819  
           FE_PSC2186_n_3220  
        FE_PSC2187_FE_DBTN48_alu_inst_n_29622  
           FE_PSC2188_n_1832  
           FE_PSC2189_n_2647  
        FE_PSC2190_FE_OFN28857_n_2505  
        FE_PSC2191_FE_OFN103_n_2404  
           FE_PSC2192_n_4326  
        FE_PSC2193_FE_OCPN251_n_2609  
           FE_PSC2194_n_3442  
           FE_PSC2195_n_3355  
           FE_PSC2196_n_4800  
           FE_PSC2197_n_6871  
        FE_PSC2198_FE_OFN159_n_3107  
           FE_PSC2199_n_4220  
        FE_PSC2200_FE_OFN35_n_2472  
           FE_PSC2201_n_4224  
           FE_PSC2202_n_3856  
           FE_PSC2203_n_4284  
           FE_PSC2204_n_1515  
           FE_PSC2205_n_1878  
        FE_PSC2206_FE_OFN115_n_3533  
        FE_PSC2207_FE_OFN29827_FE_RN_1011_0  
        FE_PSC2208_FE_DBTN2_n_3232  
        FE_PSC2209_FE_OFN165_n_3351  
        FE_PSC2210_FE_OFN6_n_3242  
        FE_PSC2211_alu_inst_muldiv_inst_mul_349_24_n_288  
        FE_PSC2212_FE_OFN78_n_3121  
           FE_PSC2213_n_3166  
           FE_PSC2214_n_2481  
        FE_PSC2215_FE_OFN28850_n_3351  
           FE_PSC2216_n_3483  
        FE_PSC2217_FE_OCPN314_FE_OFN159_n_3107  
        FE_PSC2218_FE_OFN119_n_2612  
        FE_PSC2219_FE_OFN40_n_2351  
           FE_PSC2220_n_3917  
        FE_PSC2221_FE_DBTN13_n_3369  
        FE_PSC2222_FE_OFN106_n_2478  
        FE_PSC2223_FE_OFN29916_n_3133  
           FE_PSC2224_n_2609  
           FE_PSC2225_n_2617  
        FE_PSC2226_alu_inst_muldiv_inst_mul_349_24_n_446  
           FE_PSC2227_n_4816  
        FE_PSC2228_FE_OFN29653_n_2472  
           FE_PSC2229_n_2649  
            FE_PSC2230_n_896  
        FE_PSC2231_FE_OCPN236_n_3338  
           FE_PSC2232_n_1950  
            FE_PSC2233_n_910  
           FE_PSC2234_n_3353  
        FE_PSC2235_FE_OFN17_n_3122  
           FE_PSC2236_n_4349  
           FE_PSC2237_n_4826  
           FE_PSC2238_n_3309  
           FE_PSC2239_n_4285  
           FE_PSC2240_n_3255  
           FE_PSC2241_n_1473  
        FE_PSC2242_FE_OFN28893_n_3854  
           FE_PSC2243_n_3812  
        FE_PSC2244_FE_OFN249_n_3232  
        FE_PSC2245_FE_OFN28863_n_3163  
        FE_PSC2246_FE_DBTN44_n_3086  
        FE_PSC2247_FE_RN_611_0  
        FE_PSC2248_FE_OFN74_n_2455  
           FE_PSC2249_n_3201  
           FE_PSC2250_n_4970  
        FE_PSC2251_alu_inst_muldiv_inst_mul_349_24_n_531  
           FE_PSC2252_n_3430  
           FE_PSC2253_n_2609  
           FE_PSC2254_n_3795  
        FE_PSC2255_FE_OFN111_n_3537  
           FE_PSC2256_n_1364  
        FE_PSC2257_FE_OFN29838_n_3800  
           FE_PSC2258_n_2030  
        FE_PSC2259_alu_inst_muldiv_inst_mul_349_24_n_756  
           FE_PSC2260_n_3748  
           FE_PSC2261_n_1845  
        FE_PSC2262_FE_OFN221_n_2557  
           FE_PSC2263_n_3278  
        FE_PSC2264_FE_OFN29909_n  
        FE_PSC2265_FE_OCPN304_FE_OFN244_n_3121  
           FE_PSC2266_n_4481  
           FE_PSC2267_n_4222  
           FE_PSC2268_n_3949  
        FE_PSC2269_alu_inst_muldiv_inst_mul_349_24_n_444  
        FE_PSC2270_FE_OFN28944_n_3181  
           FE_PSC2271_n_4224  
        FE_PSC2272_FE_OFN78_n_3121  
           FE_PSC2273_n_3322  
           FE_PSC2274_n_4976  
        FE_PSC2275_FE_OCPN377_FE_DBTN46_n_989  
        FE_PSC2276_FE_OCPN384_n_3538  
        FE_PSC2277_FE_OCPN29895_n_3851  
           FE_PSC2278_n_3439  
           FE_PSC2279_n_2434  
           FE_PSC2280_n_3527  
           FE_PSC2281_n_3861  
        FE_PSC2282_FE_OCPN248_n_3217  
        FE_PSC2283_alu_inst_muldiv_inst_mul_349_24_n_78  
           FE_PSC2284_n_3114  
           FE_PSC2285_n_2474  
           FE_PSC2286_n_3557  
        FE_PSC2287_FE_OCPN788_FE_OFN194_n_3142  
           FE_PSC2288_n_3313  
        FE_PSC2289_FE_OCPN353_n_2433  
        FE_PSC2290_FE_OCPN481_n_2517  
           FE_PSC2291_n_3437  
           FE_PSC2292_n_3907  
           FE_PSC2293_n_3570  
           FE_PSC2294_n_6905  
           FE_PSC2295_n_3547  
        FE_PSC2296_FE_OFN29827_FE_RN_1011_0  
        FE_PSC2297_FE_OFN182_n_3185  
        FE_PSC2298_FE_OCPN29923_n_3543  
        FE_PSC2299_FE_DBTN3_n_3210  
           FE_PSC2300_n_2611  
           FE_PSC2301_n_6880  
           FE_PSC2302_n_1375  
            FE_PSC2303_n_325  
        FE_PSC2304_FE_OCPN211_FE_OFN10_n_3146  
        FE_PSC2305_FE_OFN28945_n_3181  
           FE_PSC2306_n_3829  
           FE_PSC2307_n_4608  
           FE_PSC2308_n_5611  
        FE_PSC2309_FE_OFN29847_n_3152  
           FE_PSC2310_n_2168  
        FE_PSC2311_alu_inst_muldiv_inst_mul_349_24_n_445  
        FE_PSC2312_FE_OCPN1634_FE_OFN29662_n_2481  
          FE_PSBC2094_n_3121  
          FE_PSBC2095_n_3121  
          FE_PSBC2096_n_3121  
          FE_PSBC2097_n_3121  
          FE_PSBC2098_n_3121  
          FE_PSBC2099_n_3121  
           FE_PSC2313_n_4157  
           FE_PSC2314_n_2544  
           FE_PSC2315_n_3824  
           FE_PSC2316_n_3989  
        FE_PSC2317_FE_OCPN197_n_3181  
        FE_PSC2318_FE_DBTN19_n_3266  
           FE_PSC2319_n_3217  
        FE_PSC2320_FE_OCPN29675_FE_OFN166_n_2950  
           FE_PSC2321_n_3181  
             FE_PSC2322_n_26  
            FE_PSC2323_n_424  
        FE_PSC2324_FE_OCPN304_FE_OFN244_n_3121  
           FE_PSC2325_n_2257  
           FE_PSC2326_n_4674  
        FE_PSC2328_FE_OFN194_n_3142  
        FE_PSBC2102_FE_OFN194_n_3142  
        FE_PSBC2103_FE_OFN194_n_3142  
        FE_PSC2329_FE_OCPN1598_n_871  
           FE_PSC2330_n_1139  
          FE_PSBC2104_n_2541  
        FE_PSC2331_FE_OCPN132_n_3537  
           FE_PSC2332_n_3300  
        FE_PSC2333_FE_OFN43_n_2950  
        FE_PSC2334_FE_OCPN485_n_3799  
        FE_PSC2335_FE_OFN221_n_2557  
           FE_PSC2336_n_3322  
        FE_PSC2337_FE_OCPN29752_alu_inst_n_29624  
           FE_PSC2338_n_2186  
           FE_PSC2339_n_2354  
          FE_PSBC2105_n_3841  
        FE_PSBC2106_FE_OCPN425_FE_OFN49_n_2428  
        FE_PSBC2107_FE_OCPN425_FE_OFN49_n_2428  
          FE_PSBC2108_n_3876  
          FE_PSBC2109_n_3876  
        FE_PSC2340_FE_OFN178_n_3185  
        FE_PSBC2110_FE_OFN106_n_2478  
        FE_PSBC2111_FE_OFN106_n_2478  
        FE_PSC2341_alu_inst_n_36476  
           FE_PSC2342_n_5056  
        FE_PSC2343_FE_RN_525_0  
          FE_PSBC2112_n_2330  
          FE_PSBC2113_n_2330  
          FE_PSBC2114_n_2330  
          FE_PSBC2115_n_2330  
          FE_PSBC2116_n_2330  
        FE_PSC2344_FE_OCPN353_n_2433  
           FE_PSC2345_n_1981  
        FE_PSC2346_FE_OCPN271_FE_OFN43_n_2950  
           FE_PSC2347_n_1131  
           FE_PSC2348_n_1832  
           FE_PSC2349_n_1583  
        FE_PSC2350_FE_OFN17_n_3122  
        FE_PSC2351_FE_OFN29639_n_3360  
        FE_PSC2352_FE_OCPN679_n_454  
           FE_PSC2353_n_3181  
        FE_PSC2354_alu_inst_muldiv_inst_mul_349_24_n_595  
        FE_PSC2355_FE_RN_768_0  
           FE_PSC2356_n_6781  
          FE_PSBC2117_n_3858  
          FE_PSBC2118_n_3858  
        FE_PSC2357_FE_OFN29640_n_3220  
           FE_PSC2358_n_3907  
           FE_PSC2359_n_1617  
        FE_PSC2360_FE_OFN6_n_3242  
        FE_PSC2361_FE_OFN17_n_3122  
        FE_PSC2362_alu_inst_muldiv_inst_mul_349_24_n_568  
           FE_PSC2363_n_1944  
        FE_PSC2364_alu_inst_muldiv_inst_mul_349_24_n_597  
           FE_PSC2365_n_2610  
          FE_PSBC2119_n_4685  
          FE_PSBC2120_n_4685  
            FE_PSC2366_n_191  
           FE_PSC2367_n_6810  
           FE_PSC2368_n_3861  
        FE_PSC2369_FE_OFN34_n_3266  
            FE_PSC2370_n_860  
           FE_PSC2371_n_2529  
           FE_PSC2372_n_1226  
           FE_PSC2373_n_2435  
           FE_PSC2374_n_3440  
           FE_PSC2375_n_2185  
         FE_PSC2376_FE_RN_32  
           FE_PSC2377_n_1573  
           FE_PSC2378_n_4515  
           FE_PSC2379_n_3795  
           FE_PSC2380_n_2190  
        FE_PSC2381_FE_DBTN19_n_3266  
        FE_PSC2382_FE_OFN29909_n  
        FE_PSC2383_FE_OCPN633_n_3819  
           FE_PSC2384_n_2455  
           FE_PSC2385_n_3824  
        FE_PSC2386_FE_OFN29640_n_3220  
          FE_PSBC2123_n_4969  
          FE_PSBC2124_n_4969  
        FE_PSC2387_FE_OFN33_n_3181  
           FE_PSC2388_n_1077  
          FE_COEC2389_n_6743  
        FE_COEC2390_FE_OFN49_n_2428  
          FE_COEC2391_n_6814  
        FE_COEC2392_FE_DBTN54_alu_inst_n_28840  
          FE_COEC2393_n_3598  
           FE_COEC2394_n_852  
          FE_COEC2395_n_3456  
          FE_COEC2396_n_2591  
          FE_COEC2397_n_1302  
          FE_COEC2398_n_2437  
          FE_COEC2399_n_2253  
        FE_COEC2400_FE_OFN28937_n_2351  
          FE_COEC2401_n_3354  
        FE_COEC2402_alu_inst_muldiv_inst_mul_349_24_n_467  
          FE_COEC2403_n_3926  
        FE_COEC2404_FE_OFN28854_n_3266  
           FE_COEC2405_n_156  
          FE_COEC2406_n_3580  
          FE_COEC2407_n_3606  
          FE_COEC2408_n_3898  
          FE_COEC2409_n_3920  
        FE_COEC2410_FE_DBTN62_in2_r_15  
          FE_COEC2411_n_6383  
          FE_COEC2412_n_2470  
        FE_COEC2413_FE_OCPN29815_FE_OFN38_n_3205  
          FE_COEC2414_n_3309  
          FE_COEC2415_n_2538  
          FE_COEC2416_n_3618  
        FE_COEC2417_FE_OFN28941_n  
        FE_COEC2418_FE_OFN186_n_3115  
          FE_COEC2419_n_3450  
        FE_COEC2420_alu_inst_n_28622  
        FE_COEC2421_FE_RN_453_0  
          FE_COEC2422_n_4485  
        FE_COEC2423_FE_OCPN193_n_2505  
          FE_COEC2424_n_4323  
        FE_COEC2425_FE_PSN2145_n_2648  
        FE_COEC2426_alu_inst_muldiv_inst_mul_349_24_n_556  
          FE_COEC2427_n_2460  
          FE_COEC2428_n_2354  
          FE_COEC2429_n_2602  
          FE_COEC2430_n_5654  
        FE_COEC2431_alu_inst_muldiv_inst_mul_349_24_n_418  
        FE_COEC2432_FE_RN_194_0  
          FE_COEC2433_n_3478  
          FE_COEC2434_n_3563  
        FE_COEC2435_FE_OFN28856_n_3338  
          FE_COEC2436_n_5240  
          FE_COEC2437_n_3556  
          FE_COEC2438_n_1276  
          FE_COEC2439_n_3561  
          FE_COEC2440_n_1207  
        FE_COEC2441_FE_OCPN29694_FE_DBTN44_n_3086  
          FE_COEC2442_n_5842  
          FE_COEC2443_n_5216  
        FE_COEC2444_FE_RN_586_0  
        FE_COEC2445_FE_OFN138_alu_inst_n_28842  
        FE_COEC2446_FE_PSN2243_n_3812  
        FE_COEC2447_FE_PSN2344_FE_OCPN353_n_2433  
          FE_COEC2448_n_4650  
          FE_COEC2449_n_2560  
        FE_COEC2450_FE_OFN201_n_3380  
        FE_COEC2451_FE_PSN2295_n_3547  
          FE_COEC2452_n_3278  
           FE_COEC2453_n_335  
          FE_COEC2454_n_4019  
          FE_COEC2455_n_2625  
        FE_COEC2456_FE_OFN214_in1_r_6  
        FE_COEC2457_FE_OFN29647_n_3128  
          FE_COEC2458_n_3297  
        FE_COEC2459_FE_OFN80_n_2532  
          FE_COEC2460_n_3834  
          FE_COEC2461_n_2601  
        FE_COEC2462_FE_OFN132_n_2589  
        FE_COEC2463_FE_DBTN5_n_3190  
          FE_COEC2464_n_3493  
        FE_COEC2465_FE_DBTN64_in1_r_9  
          FE_COEC2466_n_4223  
          FE_COEC2467_n_3591  
        FE_COEC2468_in2_r_14  
          FE_COEC2469_n_3905  
          FE_COEC2470_n_3890  
          FE_COEC2471_n_2395  
          FE_COEC2472_n_3578  
          FE_COEC2473_n_3573  
          FE_COEC2474_n_2583  
          FE_COEC2475_n_2548  
          FE_COEC2476_n_1276  
        FE_COEC2477_FE_PSN2373_n_2435  
          FE_COEC2478_n_2148  
          FE_COEC2479_n_4215  
          FE_COEC2480_n_1303  
          FE_COEC2481_n_2466  
           FE_COEC2482_n_425  
           FE_COEC2483_n_160  
          FE_COEC2484_n_3831  
          FE_COEC2485_n_3608  
        FE_COEC2486_FE_PSN2217_FE_OCPN314_FE_OFN159_n_3107  
          FE_COEC2487_n_3430  
          FE_COEC2488_n_3590  
          FE_COEC2489_n_3865  
        FE_COEC2490_in1_r_13  
          FE_COEC2491_n_4850  
        FE_COEC2492_FE_OFN28896_n_3009  
          FE_COEC2493_n_3830  
          FE_COEC2494_n_2615  
          FE_COEC2495_n_2611  
          FE_COEC2496_n_3562  
          FE_COEC2497_n_3554  
        FE_COEC2498_FE_OFN39_n_2580  
        FE_COEC2499_FE_DBTN50_alu_inst_n_29617  
        FE_COEC2500_FE_OCPN780_n_3217  
        FE_COEC2501_FE_OFN232_alu_inst_n_29625  
          FE_COEC2502_n_3749  
        FE_COEC2503_FE_DBTN26_n_2351  
        FE_COEC2504_FE_OCPN831_FE_OFN28944_n_3181  
          FE_COEC2505_n_3859  
        FE_COEC2506_FE_OFN29859_n_2142  
        FE_COEC2507_FE_OFN29668_n_3339  
        FE_COEC2508_FE_OFN149_n_3144  
          FE_COEC2509_n_4219  
          FE_COEC2510_n_3379  
          FE_COEC2511_n_2440  7347  
    # Floating PG Terms  0  
    # PG Pins Connect to Non-PG Net  0  
    # Power Pins Connect Ground Net  0  
    # Ground Pins Connect Power Net  0  29388  
Average Pins Per Net(Signal): 3.114  

==============================
General Library Information
==============================
# Routing Layers: 6  
# Masterslice Layers: 2  
# Pin Layers: 
    General Caution:
        1) Library have li1, met1, met4 and met5 pins, you should setPlaceMode -prerouteAsObs {1 2 3}                                 to ensure these pins are accessible after placement

    ------------------------------
    Pin Layers
    ------------------------------
    met5  
    met4  
    met1  
    li1  4  
# Layers: 
    ------------------------------
    Layer met5 Information
    ------------------------------
    Type  Routing  
    Wire Pitch X  3.400 um  
    Wire Pitch Y  3.400 um  
    Offset X  1.700 um  
    Offset Y  1.700 um  
    Wire Width  1.600 um  
    Spacing  1.600 um  
    ------------------------------
    Layer via4 Information
    ------------------------------
    Type  Cut  
    Wire Width  0.800 um  
    Vias  
        ------------------------------
        Via list in layer via4
        ------------------------------
                Vias in via4  Default  
                   M4M5_PR_C      Yes  
                  M4M5_PR_MR      Yes  
                   M4M5_PR_M      Yes  
                   M4M5_PR_R      Yes  
                     M4M5_PR      Yes  For complete list click here  
    ------------------------------
    Layer met4 Information
    ------------------------------
    Type  Routing  
    Wire Pitch X  0.920 um  
    Wire Pitch Y  0.920 um  
    Offset X  0.460 um  
    Offset Y  0.460 um  
    Wire Width  0.300 um  
    Spacing  0.300 um  
    ------------------------------
    Layer via3 Information
    ------------------------------
    Type  Cut  
    Wire Width  0.200 um  
    Vias  
        ------------------------------
        Via list in layer via3
        ------------------------------
                Vias in via3  Default  
                   M3M4_PR_C      Yes  
                  M3M4_PR_MR      Yes  
                   M3M4_PR_M      Yes  
                   M3M4_PR_R      Yes  
                     M3M4_PR      Yes  For complete list click here  
    ------------------------------
    Layer met3 Information
    ------------------------------
    Type  Routing  
    Wire Pitch X  0.680 um  
    Wire Pitch Y  0.680 um  
    Offset X  0.340 um  
    Offset Y  0.340 um  
    Wire Width  0.300 um  
    Spacing  0.300 um  
    ------------------------------
    Layer via2 Information
    ------------------------------
    Type  Cut  
    Wire Width  0.200 um  
    Vias  
        ------------------------------
        Via list in layer via2
        ------------------------------
                Vias in via2  Default  
                   M2M3_PR_C      Yes  
                  M2M3_PR_MR      Yes  
                   M2M3_PR_M      Yes  
                   M2M3_PR_R      Yes  
                     M2M3_PR      Yes  For complete list click here  
    ------------------------------
    Layer met2 Information
    ------------------------------
    Type  Routing  
    Wire Pitch X  0.460 um  
    Wire Pitch Y  0.460 um  
    Offset X  0.230 um  
    Offset Y  0.230 um  
    Wire Width  0.140 um  
    Spacing  0.140 um  
    ------------------------------
    Layer via Information
    ------------------------------
    Type  Cut  
    Wire Width  0.150 um  
    Vias  
        ------------------------------
        Via list in layer via
        ------------------------------
                 Vias in via  Default  
                   M1M2_PR_C      Yes  
                  M1M2_PR_MR      Yes  
                   M1M2_PR_M      Yes  
                   M1M2_PR_R      Yes  
                     M1M2_PR      Yes  For complete list click here  
    ------------------------------
    Layer met1 Information
    ------------------------------
    Type  Routing  
    Wire Pitch X  0.340 um  
    Wire Pitch Y  0.340 um  
    Offset X  0.170 um  
    Offset Y  0.170 um  
    Wire Width  0.140 um  
    Spacing  0.140 um  
    ------------------------------
    Layer mcon Information
    ------------------------------
    Type  Cut  
    Wire Width  0.170 um  
    Vias  
        ------------------------------
        Via list in layer mcon
        ------------------------------
                Vias in mcon  Default  
                   L1M1_PR_C      Yes  
                  L1M1_PR_MR      Yes  
                   L1M1_PR_M      Yes  
                   L1M1_PR_R      Yes  
                     L1M1_PR      Yes  For complete list click here  
    ------------------------------
    Layer li1 Information
    ------------------------------
    Type  Routing  
    Wire Pitch X  0.460 um  
    Wire Pitch Y  0.340 um  
    Offset X  0.230 um  
    Offset Y  0.170 um  
    Wire Width  0.170 um  
    Spacing  0.170 um  
    ------------------------------
    Layer licon Information
    ------------------------------
    Type  Cut  
    Wire Width  0.170 um  
    Vias  
        ------------------------------
        Via list in layer licon
        ------------------------------  14  
# Pins without Physical Port: 0  
# Pins in Library without Timing Lib: 0  
# Pins Missing Direction: 0  
Antenna Summary Report: 
    General Caution:
    ------------------------------
    These Layers have antenna info
    ------------------------------
    met5  
    via4  
    met4  
    via3  
    met3  
    via2  
    met2  
    via  
    met1  
    mcon  
    li1  
    ------------------------------
    These Layers have no antenna info
    ------------------------------
    licon  
    ------------------------------
    These Pins have antenna info
    ------------------------------
               Cell Name      List of Pin Name  
    sky130_fd_sc_hd__a2bb2o_1                     X  
    sky130_fd_sc_hd__a2bb2o_1                    B2  
    sky130_fd_sc_hd__a2bb2o_1                    B1  
    sky130_fd_sc_hd__a2bb2o_1                  A2_N  
    sky130_fd_sc_hd__a2bb2o_1                  A1_N  
    sky130_fd_sc_hd__a2bb2o_2                     X  
    sky130_fd_sc_hd__a2bb2o_2                    B2  
    sky130_fd_sc_hd__a2bb2o_2                    B1  
    sky130_fd_sc_hd__a2bb2o_2                  A2_N  
    sky130_fd_sc_hd__a2bb2o_2                  A1_N  
    sky130_fd_sc_hd__a2bb2o_4                     X  
    sky130_fd_sc_hd__a2bb2o_4                    B2  
    sky130_fd_sc_hd__a2bb2o_4                    B1  
    sky130_fd_sc_hd__a2bb2o_4                  A2_N  
    sky130_fd_sc_hd__a2bb2o_4                  A1_N  
    sky130_fd_sc_hd__a2bb2oi_1                     Y  
    sky130_fd_sc_hd__a2bb2oi_1                    B2  
    sky130_fd_sc_hd__a2bb2oi_1                    B1  
    sky130_fd_sc_hd__a2bb2oi_1                  A2_N  
    sky130_fd_sc_hd__a2bb2oi_1                  A1_N  
    sky130_fd_sc_hd__a2bb2oi_2                     Y  
    sky130_fd_sc_hd__a2bb2oi_2                    B2  
    sky130_fd_sc_hd__a2bb2oi_2                    B1  
    sky130_fd_sc_hd__a2bb2oi_2                  A2_N  
    sky130_fd_sc_hd__a2bb2oi_2                  A1_N  
    sky130_fd_sc_hd__a2bb2oi_4                     Y  
    sky130_fd_sc_hd__a2bb2oi_4                    B2  
    sky130_fd_sc_hd__a2bb2oi_4                    B1  
    sky130_fd_sc_hd__a2bb2oi_4                  A2_N  
    sky130_fd_sc_hd__a2bb2oi_4                  A1_N  
    sky130_fd_sc_hd__a21bo_1                     X  
    sky130_fd_sc_hd__a21bo_1                  B1_N  
    sky130_fd_sc_hd__a21bo_1                    A2  
    sky130_fd_sc_hd__a21bo_1                    A1  
    sky130_fd_sc_hd__a21bo_2                     X  
    sky130_fd_sc_hd__a21bo_2                  B1_N  
    sky130_fd_sc_hd__a21bo_2                    A2  
    sky130_fd_sc_hd__a21bo_2                    A1  
    sky130_fd_sc_hd__a21bo_4                     X  
    sky130_fd_sc_hd__a21bo_4                  B1_N  
    sky130_fd_sc_hd__a21bo_4                    A2  
    sky130_fd_sc_hd__a21bo_4                    A1  
    sky130_fd_sc_hd__a21boi_0                     Y  
    sky130_fd_sc_hd__a21boi_0                  B1_N  
    sky130_fd_sc_hd__a21boi_0                    A2  
    sky130_fd_sc_hd__a21boi_0                    A1  
    sky130_fd_sc_hd__a21boi_1                     Y  
    sky130_fd_sc_hd__a21boi_1                  B1_N  
    sky130_fd_sc_hd__a21boi_1                    A2  
    sky130_fd_sc_hd__a21boi_1                    A1  
    sky130_fd_sc_hd__a21boi_2                     Y  
    sky130_fd_sc_hd__a21boi_2                  B1_N  
    sky130_fd_sc_hd__a21boi_2                    A2  
    sky130_fd_sc_hd__a21boi_2                    A1  
    sky130_fd_sc_hd__a21boi_4                     Y  
    sky130_fd_sc_hd__a21boi_4                  B1_N  
    sky130_fd_sc_hd__a21boi_4                    A2  
    sky130_fd_sc_hd__a21boi_4                    A1  
    sky130_fd_sc_hd__a21o_1                     X  
    sky130_fd_sc_hd__a21o_1                    B1  
    sky130_fd_sc_hd__a21o_1                    A2  
    sky130_fd_sc_hd__a21o_1                    A1  
    sky130_fd_sc_hd__a21o_2                     X  
    sky130_fd_sc_hd__a21o_2                    B1  
    sky130_fd_sc_hd__a21o_2                    A2  
    sky130_fd_sc_hd__a21o_2                    A1  
    sky130_fd_sc_hd__a21o_4                     X  
    sky130_fd_sc_hd__a21o_4                    B1  
    sky130_fd_sc_hd__a21o_4                    A2  
    sky130_fd_sc_hd__a21o_4                    A1  
    sky130_fd_sc_hd__a21oi_1                     Y  
    sky130_fd_sc_hd__a21oi_1                    B1  
    sky130_fd_sc_hd__a21oi_1                    A2  
    sky130_fd_sc_hd__a21oi_1                    A1  
    sky130_fd_sc_hd__a21oi_2                     Y  
    sky130_fd_sc_hd__a21oi_2                    B1  
    sky130_fd_sc_hd__a21oi_2                    A2  
    sky130_fd_sc_hd__a21oi_2                    A1  
    sky130_fd_sc_hd__a21oi_4                     Y  
    sky130_fd_sc_hd__a21oi_4                    B1  
    sky130_fd_sc_hd__a21oi_4                    A2  
    sky130_fd_sc_hd__a21oi_4                    A1  
    sky130_fd_sc_hd__a22o_1                     X  
    sky130_fd_sc_hd__a22o_1                    B2  
    sky130_fd_sc_hd__a22o_1                    B1  
    sky130_fd_sc_hd__a22o_1                    A2  
    sky130_fd_sc_hd__a22o_1                    A1  
    sky130_fd_sc_hd__a22o_2                     X  
    sky130_fd_sc_hd__a22o_2                    B2  
    sky130_fd_sc_hd__a22o_2                    B1  
    sky130_fd_sc_hd__a22o_2                    A2  
    sky130_fd_sc_hd__a22o_2                    A1  
    sky130_fd_sc_hd__a22o_4                     X  
    sky130_fd_sc_hd__a22o_4                    B2  
    sky130_fd_sc_hd__a22o_4                    B1  
    sky130_fd_sc_hd__a22o_4                    A2  
    sky130_fd_sc_hd__a22o_4                    A1  
    sky130_fd_sc_hd__a22oi_1                     Y  
    sky130_fd_sc_hd__a22oi_1                    B2  
    sky130_fd_sc_hd__a22oi_1                    B1  
    sky130_fd_sc_hd__a22oi_1                    A2  
    sky130_fd_sc_hd__a22oi_1                    A1  
    sky130_fd_sc_hd__a22oi_2                     Y  
    sky130_fd_sc_hd__a22oi_2                    B2  
    sky130_fd_sc_hd__a22oi_2                    B1  
    sky130_fd_sc_hd__a22oi_2                    A2  
    sky130_fd_sc_hd__a22oi_2                    A1  
    sky130_fd_sc_hd__a22oi_4                     Y  
    sky130_fd_sc_hd__a22oi_4                    B2  
    sky130_fd_sc_hd__a22oi_4                    B1  
    sky130_fd_sc_hd__a22oi_4                    A2  
    sky130_fd_sc_hd__a22oi_4                    A1  
    sky130_fd_sc_hd__a31o_1                     X  
    sky130_fd_sc_hd__a31o_1                    B1  
    sky130_fd_sc_hd__a31o_1                    A3  
    sky130_fd_sc_hd__a31o_1                    A2  
    sky130_fd_sc_hd__a31o_1                    A1  
    sky130_fd_sc_hd__a31o_2                     X  
    sky130_fd_sc_hd__a31o_2                    B1  
    sky130_fd_sc_hd__a31o_2                    A3  
    sky130_fd_sc_hd__a31o_2                    A2  
    sky130_fd_sc_hd__a31o_2                    A1  
    sky130_fd_sc_hd__a31o_4                     X  
    sky130_fd_sc_hd__a31o_4                    B1  
    sky130_fd_sc_hd__a31o_4                    A3  
    sky130_fd_sc_hd__a31o_4                    A2  
    sky130_fd_sc_hd__a31o_4                    A1  
    sky130_fd_sc_hd__a31oi_1                     Y  
    sky130_fd_sc_hd__a31oi_1                    B1  
    sky130_fd_sc_hd__a31oi_1                    A3  
    sky130_fd_sc_hd__a31oi_1                    A2  
    sky130_fd_sc_hd__a31oi_1                    A1  
    sky130_fd_sc_hd__a31oi_2                     Y  
    sky130_fd_sc_hd__a31oi_2                    B1  
    sky130_fd_sc_hd__a31oi_2                    A3  
    sky130_fd_sc_hd__a31oi_2                    A2  
    sky130_fd_sc_hd__a31oi_2                    A1  
    sky130_fd_sc_hd__a31oi_4                     Y  
    sky130_fd_sc_hd__a31oi_4                    B1  
    sky130_fd_sc_hd__a31oi_4                    A3  
    sky130_fd_sc_hd__a31oi_4                    A2  
    sky130_fd_sc_hd__a31oi_4                    A1  
    sky130_fd_sc_hd__a32o_1                     X  
    sky130_fd_sc_hd__a32o_1                    B2  
    sky130_fd_sc_hd__a32o_1                    B1  
    sky130_fd_sc_hd__a32o_1                    A3  
    sky130_fd_sc_hd__a32o_1                    A2  
    sky130_fd_sc_hd__a32o_1                    A1  
    sky130_fd_sc_hd__a32o_2                     X  
    sky130_fd_sc_hd__a32o_2                    B2  
    sky130_fd_sc_hd__a32o_2                    B1  
    sky130_fd_sc_hd__a32o_2                    A3  
    sky130_fd_sc_hd__a32o_2                    A2  
    sky130_fd_sc_hd__a32o_2                    A1  
    sky130_fd_sc_hd__a32o_4                     X  
    sky130_fd_sc_hd__a32o_4                    B2  
    sky130_fd_sc_hd__a32o_4                    B1  
    sky130_fd_sc_hd__a32o_4                    A3  
    sky130_fd_sc_hd__a32o_4                    A2  
    sky130_fd_sc_hd__a32o_4                    A1  
    sky130_fd_sc_hd__a32oi_1                     Y  
    sky130_fd_sc_hd__a32oi_1                    B2  
    sky130_fd_sc_hd__a32oi_1                    B1  
    sky130_fd_sc_hd__a32oi_1                    A3  
    sky130_fd_sc_hd__a32oi_1                    A2  
    sky130_fd_sc_hd__a32oi_1                    A1  
    sky130_fd_sc_hd__a32oi_2                     Y  
    sky130_fd_sc_hd__a32oi_2                    B2  
    sky130_fd_sc_hd__a32oi_2                    B1  
    sky130_fd_sc_hd__a32oi_2                    A3  
    sky130_fd_sc_hd__a32oi_2                    A2  
    sky130_fd_sc_hd__a32oi_2                    A1  
    sky130_fd_sc_hd__a32oi_4                     Y  
    sky130_fd_sc_hd__a32oi_4                    B2  
    sky130_fd_sc_hd__a32oi_4                    B1  
    sky130_fd_sc_hd__a32oi_4                    A3  
    sky130_fd_sc_hd__a32oi_4                    A2  
    sky130_fd_sc_hd__a32oi_4                    A1  
    sky130_fd_sc_hd__a41o_1                     X  
    sky130_fd_sc_hd__a41o_1                    B1  
    sky130_fd_sc_hd__a41o_1                    A4  
    sky130_fd_sc_hd__a41o_1                    A3  
    sky130_fd_sc_hd__a41o_1                    A2  
    sky130_fd_sc_hd__a41o_1                    A1  
    sky130_fd_sc_hd__a41o_2                     X  
    sky130_fd_sc_hd__a41o_2                    B1  
    sky130_fd_sc_hd__a41o_2                    A4  
    sky130_fd_sc_hd__a41o_2                    A3  
    sky130_fd_sc_hd__a41o_2                    A2  
    sky130_fd_sc_hd__a41o_2                    A1  
    sky130_fd_sc_hd__a41o_4                     X  
    sky130_fd_sc_hd__a41o_4                    B1  
    sky130_fd_sc_hd__a41o_4                    A4  
    sky130_fd_sc_hd__a41o_4                    A3  
    sky130_fd_sc_hd__a41o_4                    A2  
    sky130_fd_sc_hd__a41o_4                    A1  
    sky130_fd_sc_hd__a41oi_1                     Y  
    sky130_fd_sc_hd__a41oi_1                    B1  
    sky130_fd_sc_hd__a41oi_1                    A4  
    sky130_fd_sc_hd__a41oi_1                    A3  
    sky130_fd_sc_hd__a41oi_1                    A2  
    sky130_fd_sc_hd__a41oi_1                    A1  
    sky130_fd_sc_hd__a41oi_2                     Y  
    sky130_fd_sc_hd__a41oi_2                    B1  
    sky130_fd_sc_hd__a41oi_2                    A4  
    sky130_fd_sc_hd__a41oi_2                    A3  
    sky130_fd_sc_hd__a41oi_2                    A2  
    sky130_fd_sc_hd__a41oi_2                    A1  
    sky130_fd_sc_hd__a41oi_4                     Y  
    sky130_fd_sc_hd__a41oi_4                    B1  
    sky130_fd_sc_hd__a41oi_4                    A4  
    sky130_fd_sc_hd__a41oi_4                    A3  
    sky130_fd_sc_hd__a41oi_4                    A2  
    sky130_fd_sc_hd__a41oi_4                    A1  
    sky130_fd_sc_hd__a211o_1                     X  
    sky130_fd_sc_hd__a211o_1                    C1  
    sky130_fd_sc_hd__a211o_1                    B1  
    sky130_fd_sc_hd__a211o_1                    A2  
    sky130_fd_sc_hd__a211o_1                    A1  
    sky130_fd_sc_hd__a211o_2                     X  
    sky130_fd_sc_hd__a211o_2                    C1  
    sky130_fd_sc_hd__a211o_2                    B1  
    sky130_fd_sc_hd__a211o_2                    A2  
    sky130_fd_sc_hd__a211o_2                    A1  
    sky130_fd_sc_hd__a211o_4                     X  
    sky130_fd_sc_hd__a211o_4                    C1  
    sky130_fd_sc_hd__a211o_4                    B1  
    sky130_fd_sc_hd__a211o_4                    A2  
    sky130_fd_sc_hd__a211o_4                    A1  
    sky130_fd_sc_hd__a211oi_1                     Y  
    sky130_fd_sc_hd__a211oi_1                    C1  
    sky130_fd_sc_hd__a211oi_1                    B1  
    sky130_fd_sc_hd__a211oi_1                    A2  
    sky130_fd_sc_hd__a211oi_1                    A1  
    sky130_fd_sc_hd__a211oi_2                     Y  
    sky130_fd_sc_hd__a211oi_2                    C1  
    sky130_fd_sc_hd__a211oi_2                    B1  
    sky130_fd_sc_hd__a211oi_2                    A2  
    sky130_fd_sc_hd__a211oi_2                    A1  
    sky130_fd_sc_hd__a211oi_4                     Y  
    sky130_fd_sc_hd__a211oi_4                    C1  
    sky130_fd_sc_hd__a211oi_4                    B1  
    sky130_fd_sc_hd__a211oi_4                    A2  
    sky130_fd_sc_hd__a211oi_4                    A1  
    sky130_fd_sc_hd__a221o_1                     X  
    sky130_fd_sc_hd__a221o_1                    C1  
    sky130_fd_sc_hd__a221o_1                    B2  
    sky130_fd_sc_hd__a221o_1                    B1  
    sky130_fd_sc_hd__a221o_1                    A2  
    sky130_fd_sc_hd__a221o_1                    A1  
    sky130_fd_sc_hd__a221o_2                     X  
    sky130_fd_sc_hd__a221o_2                    C1  
    sky130_fd_sc_hd__a221o_2                    B2  
    sky130_fd_sc_hd__a221o_2                    B1  
    sky130_fd_sc_hd__a221o_2                    A2  
    sky130_fd_sc_hd__a221o_2                    A1  
    sky130_fd_sc_hd__a221o_4                     X  
    sky130_fd_sc_hd__a221o_4                    C1  
    sky130_fd_sc_hd__a221o_4                    B2  
    sky130_fd_sc_hd__a221o_4                    B1  
    sky130_fd_sc_hd__a221o_4                    A2  
    sky130_fd_sc_hd__a221o_4                    A1  
    sky130_fd_sc_hd__a221oi_1                     Y  
    sky130_fd_sc_hd__a221oi_1                    C1  
    sky130_fd_sc_hd__a221oi_1                    B2  
    sky130_fd_sc_hd__a221oi_1                    B1  
    sky130_fd_sc_hd__a221oi_1                    A2  
    sky130_fd_sc_hd__a221oi_1                    A1  
    sky130_fd_sc_hd__a221oi_2                     Y  
    sky130_fd_sc_hd__a221oi_2                    C1  
    sky130_fd_sc_hd__a221oi_2                    B2  
    sky130_fd_sc_hd__a221oi_2                    B1  
    sky130_fd_sc_hd__a221oi_2                    A2  
    sky130_fd_sc_hd__a221oi_2                    A1  
    sky130_fd_sc_hd__a221oi_4                     Y  
    sky130_fd_sc_hd__a221oi_4                    C1  
    sky130_fd_sc_hd__a221oi_4                    B2  
    sky130_fd_sc_hd__a221oi_4                    B1  
    sky130_fd_sc_hd__a221oi_4                    A2  
    sky130_fd_sc_hd__a221oi_4                    A1  
    sky130_fd_sc_hd__a222oi_1                     Y  
    sky130_fd_sc_hd__a222oi_1                    C2  
    sky130_fd_sc_hd__a222oi_1                    C1  
    sky130_fd_sc_hd__a222oi_1                    B2  
    sky130_fd_sc_hd__a222oi_1                    B1  
    sky130_fd_sc_hd__a222oi_1                    A2  
    sky130_fd_sc_hd__a222oi_1                    A1  
    sky130_fd_sc_hd__a311o_1                     X  
    sky130_fd_sc_hd__a311o_1                    C1  
    sky130_fd_sc_hd__a311o_1                    B1  
    sky130_fd_sc_hd__a311o_1                    A3  
    sky130_fd_sc_hd__a311o_1                    A2  
    sky130_fd_sc_hd__a311o_1                    A1  
    sky130_fd_sc_hd__a311o_2                     X  
    sky130_fd_sc_hd__a311o_2                    C1  
    sky130_fd_sc_hd__a311o_2                    B1  
    sky130_fd_sc_hd__a311o_2                    A3  
    sky130_fd_sc_hd__a311o_2                    A2  
    sky130_fd_sc_hd__a311o_2                    A1  
    sky130_fd_sc_hd__a311o_4                     X  
    sky130_fd_sc_hd__a311o_4                    C1  
    sky130_fd_sc_hd__a311o_4                    B1  
    sky130_fd_sc_hd__a311o_4                    A3  
    sky130_fd_sc_hd__a311o_4                    A2  
    sky130_fd_sc_hd__a311o_4                    A1  
    sky130_fd_sc_hd__a311oi_1                     Y  
    sky130_fd_sc_hd__a311oi_1                    C1  
    sky130_fd_sc_hd__a311oi_1                    B1  
    sky130_fd_sc_hd__a311oi_1                    A3  
    sky130_fd_sc_hd__a311oi_1                    A2  
    sky130_fd_sc_hd__a311oi_1                    A1  
    sky130_fd_sc_hd__a311oi_2                     Y  
    sky130_fd_sc_hd__a311oi_2                    C1  
    sky130_fd_sc_hd__a311oi_2                    B1  
    sky130_fd_sc_hd__a311oi_2                    A3  
    sky130_fd_sc_hd__a311oi_2                    A2  
    sky130_fd_sc_hd__a311oi_2                    A1  
    sky130_fd_sc_hd__a311oi_4                     Y  
    sky130_fd_sc_hd__a311oi_4                    C1  
    sky130_fd_sc_hd__a311oi_4                    B1  
    sky130_fd_sc_hd__a311oi_4                    A3  
    sky130_fd_sc_hd__a311oi_4                    A2  
    sky130_fd_sc_hd__a311oi_4                    A1  
    sky130_fd_sc_hd__a2111o_1                     X  
    sky130_fd_sc_hd__a2111o_1                    D1  
    sky130_fd_sc_hd__a2111o_1                    C1  
    sky130_fd_sc_hd__a2111o_1                    B1  
    sky130_fd_sc_hd__a2111o_1                    A2  
    sky130_fd_sc_hd__a2111o_1                    A1  
    sky130_fd_sc_hd__a2111o_2                     X  
    sky130_fd_sc_hd__a2111o_2                    D1  
    sky130_fd_sc_hd__a2111o_2                    C1  
    sky130_fd_sc_hd__a2111o_2                    B1  
    sky130_fd_sc_hd__a2111o_2                    A2  
    sky130_fd_sc_hd__a2111o_2                    A1  
    sky130_fd_sc_hd__a2111o_4                     X  
    sky130_fd_sc_hd__a2111o_4                    D1  
    sky130_fd_sc_hd__a2111o_4                    C1  
    sky130_fd_sc_hd__a2111o_4                    B1  
    sky130_fd_sc_hd__a2111o_4                    A2  
    sky130_fd_sc_hd__a2111o_4                    A1  
    sky130_fd_sc_hd__a2111oi_0                     Y  
    sky130_fd_sc_hd__a2111oi_0                    D1  
    sky130_fd_sc_hd__a2111oi_0                    C1  
    sky130_fd_sc_hd__a2111oi_0                    B1  
    sky130_fd_sc_hd__a2111oi_0                    A2  
    sky130_fd_sc_hd__a2111oi_0                    A1  
    sky130_fd_sc_hd__a2111oi_1                     Y  
    sky130_fd_sc_hd__a2111oi_1                    D1  
    sky130_fd_sc_hd__a2111oi_1                    C1  
    sky130_fd_sc_hd__a2111oi_1                    B1  
    sky130_fd_sc_hd__a2111oi_1                    A2  
    sky130_fd_sc_hd__a2111oi_1                    A1  
    sky130_fd_sc_hd__a2111oi_2                     Y  
    sky130_fd_sc_hd__a2111oi_2                    D1  
    sky130_fd_sc_hd__a2111oi_2                    C1  
    sky130_fd_sc_hd__a2111oi_2                    B1  
    sky130_fd_sc_hd__a2111oi_2                    A2  
    sky130_fd_sc_hd__a2111oi_2                    A1  
    sky130_fd_sc_hd__a2111oi_4                     Y  
    sky130_fd_sc_hd__a2111oi_4                    D1  
    sky130_fd_sc_hd__a2111oi_4                    C1  
    sky130_fd_sc_hd__a2111oi_4                    B1  
    sky130_fd_sc_hd__a2111oi_4                    A2  
    sky130_fd_sc_hd__a2111oi_4                    A1  
    sky130_fd_sc_hd__and2_0                     X  
    sky130_fd_sc_hd__and2_0                     B  
    sky130_fd_sc_hd__and2_0                     A  
    sky130_fd_sc_hd__and2_1                     X  
    sky130_fd_sc_hd__and2_1                     B  
    sky130_fd_sc_hd__and2_1                     A  
    sky130_fd_sc_hd__and2_2                     X  
    sky130_fd_sc_hd__and2_2                     B  
    sky130_fd_sc_hd__and2_2                     A  
    sky130_fd_sc_hd__and2_4                     X  
    sky130_fd_sc_hd__and2_4                     B  
    sky130_fd_sc_hd__and2_4                     A  
    sky130_fd_sc_hd__and2b_1                     X  
    sky130_fd_sc_hd__and2b_1                     B  
    sky130_fd_sc_hd__and2b_1                   A_N  
    sky130_fd_sc_hd__and2b_2                     X  
    sky130_fd_sc_hd__and2b_2                     B  
    sky130_fd_sc_hd__and2b_2                   A_N  
    sky130_fd_sc_hd__and2b_4                     X  
    sky130_fd_sc_hd__and2b_4                     B  
    sky130_fd_sc_hd__and2b_4                   A_N  
    sky130_fd_sc_hd__and3_1                     X  
    sky130_fd_sc_hd__and3_1                     C  
    sky130_fd_sc_hd__and3_1                     B  
    sky130_fd_sc_hd__and3_1                     A  
    sky130_fd_sc_hd__and3_2                     X  
    sky130_fd_sc_hd__and3_2                     C  
    sky130_fd_sc_hd__and3_2                     B  
    sky130_fd_sc_hd__and3_2                     A  
    sky130_fd_sc_hd__and3_4                     X  
    sky130_fd_sc_hd__and3_4                     C  
    sky130_fd_sc_hd__and3_4                     B  
    sky130_fd_sc_hd__and3_4                     A  
    sky130_fd_sc_hd__and3b_1                     X  
    sky130_fd_sc_hd__and3b_1                     C  
    sky130_fd_sc_hd__and3b_1                     B  
    sky130_fd_sc_hd__and3b_1                   A_N  
    sky130_fd_sc_hd__and3b_2                     X  
    sky130_fd_sc_hd__and3b_2                     C  
    sky130_fd_sc_hd__and3b_2                     B  
    sky130_fd_sc_hd__and3b_2                   A_N  
    sky130_fd_sc_hd__and3b_4                     X  
    sky130_fd_sc_hd__and3b_4                     C  
    sky130_fd_sc_hd__and3b_4                     B  
    sky130_fd_sc_hd__and3b_4                   A_N  
    sky130_fd_sc_hd__and4_1                     X  
    sky130_fd_sc_hd__and4_1                     D  
    sky130_fd_sc_hd__and4_1                     C  
    sky130_fd_sc_hd__and4_1                     B  
    sky130_fd_sc_hd__and4_1                     A  
    sky130_fd_sc_hd__and4_2                     X  
    sky130_fd_sc_hd__and4_2                     D  
    sky130_fd_sc_hd__and4_2                     C  
    sky130_fd_sc_hd__and4_2                     B  
    sky130_fd_sc_hd__and4_2                     A  
    sky130_fd_sc_hd__and4_4                     X  
    sky130_fd_sc_hd__and4_4                     D  
    sky130_fd_sc_hd__and4_4                     C  
    sky130_fd_sc_hd__and4_4                     B  
    sky130_fd_sc_hd__and4_4                     A  
    sky130_fd_sc_hd__and4b_1                     X  
    sky130_fd_sc_hd__and4b_1                     D  
    sky130_fd_sc_hd__and4b_1                     C  
    sky130_fd_sc_hd__and4b_1                     B  
    sky130_fd_sc_hd__and4b_1                   A_N  
    sky130_fd_sc_hd__and4b_2                     X  
    sky130_fd_sc_hd__and4b_2                     D  
    sky130_fd_sc_hd__and4b_2                     C  
    sky130_fd_sc_hd__and4b_2                     B  
    sky130_fd_sc_hd__and4b_2                   A_N  
    sky130_fd_sc_hd__and4b_4                     X  
    sky130_fd_sc_hd__and4b_4                     D  
    sky130_fd_sc_hd__and4b_4                     C  
    sky130_fd_sc_hd__and4b_4                     B  
    sky130_fd_sc_hd__and4b_4                   A_N  
    sky130_fd_sc_hd__and4bb_1                     X  
    sky130_fd_sc_hd__and4bb_1                     D  
    sky130_fd_sc_hd__and4bb_1                     C  
    sky130_fd_sc_hd__and4bb_1                   B_N  
    sky130_fd_sc_hd__and4bb_1                   A_N  
    sky130_fd_sc_hd__and4bb_2                     X  
    sky130_fd_sc_hd__and4bb_2                     D  
    sky130_fd_sc_hd__and4bb_2                     C  
    sky130_fd_sc_hd__and4bb_2                   B_N  
    sky130_fd_sc_hd__and4bb_2                   A_N  
    sky130_fd_sc_hd__and4bb_4                     X  
    sky130_fd_sc_hd__and4bb_4                     D  
    sky130_fd_sc_hd__and4bb_4                     C  
    sky130_fd_sc_hd__and4bb_4                   B_N  
    sky130_fd_sc_hd__and4bb_4                   A_N  
    sky130_fd_sc_hd__buf_1                     X  
    sky130_fd_sc_hd__buf_1                     A  
    sky130_fd_sc_hd__buf_2                     X  
    sky130_fd_sc_hd__buf_2                     A  
    sky130_fd_sc_hd__buf_4                     X  
    sky130_fd_sc_hd__buf_4                     A  
    sky130_fd_sc_hd__buf_6                     X  
    sky130_fd_sc_hd__buf_6                     A  
    sky130_fd_sc_hd__buf_8                     X  
    sky130_fd_sc_hd__buf_8                     A  
    sky130_fd_sc_hd__buf_12                     X  
    sky130_fd_sc_hd__buf_12                     A  
    sky130_fd_sc_hd__buf_16                     X  
    sky130_fd_sc_hd__buf_16                     A  
    sky130_fd_sc_hd__bufbuf_8                     X  
    sky130_fd_sc_hd__bufbuf_8                     A  
    sky130_fd_sc_hd__bufbuf_16                     X  
    sky130_fd_sc_hd__bufbuf_16                     A  
    sky130_fd_sc_hd__bufinv_8                     Y  
    sky130_fd_sc_hd__bufinv_8                     A  
    sky130_fd_sc_hd__bufinv_16                     Y  
    sky130_fd_sc_hd__bufinv_16                     A  
    sky130_fd_sc_hd__clkbuf_1                     X  
    sky130_fd_sc_hd__clkbuf_1                     A  
    sky130_fd_sc_hd__clkbuf_2                     X  
    sky130_fd_sc_hd__clkbuf_2                     A  
    sky130_fd_sc_hd__clkbuf_4                     X  
    sky130_fd_sc_hd__clkbuf_4                     A  
    sky130_fd_sc_hd__clkbuf_8                     X  
    sky130_fd_sc_hd__clkbuf_8                     A  
    sky130_fd_sc_hd__clkbuf_16                     X  
    sky130_fd_sc_hd__clkbuf_16                     A  
    sky130_fd_sc_hd__clkdlybuf4s15_1                     X  
    sky130_fd_sc_hd__clkdlybuf4s15_1                     A  
    sky130_fd_sc_hd__clkdlybuf4s15_2                     X  
    sky130_fd_sc_hd__clkdlybuf4s15_2                     A  
    sky130_fd_sc_hd__clkdlybuf4s18_1                     X  
    sky130_fd_sc_hd__clkdlybuf4s18_1                     A  
    sky130_fd_sc_hd__clkdlybuf4s18_2                     X  
    sky130_fd_sc_hd__clkdlybuf4s18_2                     A  
    sky130_fd_sc_hd__clkdlybuf4s25_1                     X  
    sky130_fd_sc_hd__clkdlybuf4s25_1                     A  
    sky130_fd_sc_hd__clkdlybuf4s25_2                     X  
    sky130_fd_sc_hd__clkdlybuf4s25_2                     A  
    sky130_fd_sc_hd__clkdlybuf4s50_1                     X  
    sky130_fd_sc_hd__clkdlybuf4s50_1                     A  
    sky130_fd_sc_hd__clkdlybuf4s50_2                     X  
    sky130_fd_sc_hd__clkdlybuf4s50_2                     A  
    sky130_fd_sc_hd__clkinv_1                     Y  
    sky130_fd_sc_hd__clkinv_1                     A  
    sky130_fd_sc_hd__clkinv_2                     Y  
    sky130_fd_sc_hd__clkinv_2                     A  
    sky130_fd_sc_hd__clkinv_4                     Y  
    sky130_fd_sc_hd__clkinv_4                     A  
    sky130_fd_sc_hd__clkinv_8                     Y  
    sky130_fd_sc_hd__clkinv_8                     A  
    sky130_fd_sc_hd__clkinv_16                     Y  
    sky130_fd_sc_hd__clkinv_16                     A  
    sky130_fd_sc_hd__clkinvlp_2                     Y  
    sky130_fd_sc_hd__clkinvlp_2                     A  
    sky130_fd_sc_hd__clkinvlp_4                     Y  
    sky130_fd_sc_hd__clkinvlp_4                     A  
    sky130_fd_sc_hd__dfbbn_1                 SET_B  
    sky130_fd_sc_hd__dfbbn_1               RESET_B  
    sky130_fd_sc_hd__dfbbn_1                   Q_N  
    sky130_fd_sc_hd__dfbbn_1                     Q  
    sky130_fd_sc_hd__dfbbn_1                     D  
    sky130_fd_sc_hd__dfbbn_1                 CLK_N  
    sky130_fd_sc_hd__dfbbn_2                 SET_B  
    sky130_fd_sc_hd__dfbbn_2               RESET_B  
    sky130_fd_sc_hd__dfbbn_2                   Q_N  
    sky130_fd_sc_hd__dfbbn_2                     Q  
    sky130_fd_sc_hd__dfbbn_2                     D  
    sky130_fd_sc_hd__dfbbn_2                 CLK_N  
    sky130_fd_sc_hd__dfbbp_1                 SET_B  
    sky130_fd_sc_hd__dfbbp_1               RESET_B  
    sky130_fd_sc_hd__dfbbp_1                   Q_N  
    sky130_fd_sc_hd__dfbbp_1                     Q  
    sky130_fd_sc_hd__dfbbp_1                     D  
    sky130_fd_sc_hd__dfbbp_1                   CLK  
    sky130_fd_sc_hd__dfrbp_1               RESET_B  
    sky130_fd_sc_hd__dfrbp_1                   Q_N  
    sky130_fd_sc_hd__dfrbp_1                     Q  
    sky130_fd_sc_hd__dfrbp_1                     D  
    sky130_fd_sc_hd__dfrbp_1                   CLK  
    sky130_fd_sc_hd__dfrbp_2               RESET_B  
    sky130_fd_sc_hd__dfrbp_2                   Q_N  
    sky130_fd_sc_hd__dfrbp_2                     Q  
    sky130_fd_sc_hd__dfrbp_2                     D  
    sky130_fd_sc_hd__dfrbp_2                   CLK  
    sky130_fd_sc_hd__dfrtn_1               RESET_B  
    sky130_fd_sc_hd__dfrtn_1                     Q  
    sky130_fd_sc_hd__dfrtn_1                     D  
    sky130_fd_sc_hd__dfrtn_1                 CLK_N  
    sky130_fd_sc_hd__dfrtp_1               RESET_B  
    sky130_fd_sc_hd__dfrtp_1                     Q  
    sky130_fd_sc_hd__dfrtp_1                     D  
    sky130_fd_sc_hd__dfrtp_1                   CLK  
    sky130_fd_sc_hd__dfrtp_2               RESET_B  
    sky130_fd_sc_hd__dfrtp_2                     Q  
    sky130_fd_sc_hd__dfrtp_2                     D  
    sky130_fd_sc_hd__dfrtp_2                   CLK  
    sky130_fd_sc_hd__dfrtp_4               RESET_B  
    sky130_fd_sc_hd__dfrtp_4                     Q  
    sky130_fd_sc_hd__dfrtp_4                     D  
    sky130_fd_sc_hd__dfrtp_4                   CLK  
    sky130_fd_sc_hd__dfsbp_1                 SET_B  
    sky130_fd_sc_hd__dfsbp_1                   Q_N  
    sky130_fd_sc_hd__dfsbp_1                     Q  
    sky130_fd_sc_hd__dfsbp_1                     D  
    sky130_fd_sc_hd__dfsbp_1                   CLK  
    sky130_fd_sc_hd__dfsbp_2                 SET_B  
    sky130_fd_sc_hd__dfsbp_2                   Q_N  
    sky130_fd_sc_hd__dfsbp_2                     Q  
    sky130_fd_sc_hd__dfsbp_2                     D  
    sky130_fd_sc_hd__dfsbp_2                   CLK  
    sky130_fd_sc_hd__dfstp_1                 SET_B  
    sky130_fd_sc_hd__dfstp_1                     Q  
    sky130_fd_sc_hd__dfstp_1                     D  
    sky130_fd_sc_hd__dfstp_1                   CLK  
    sky130_fd_sc_hd__dfstp_2                 SET_B  
    sky130_fd_sc_hd__dfstp_2                     Q  
    sky130_fd_sc_hd__dfstp_2                     D  
    sky130_fd_sc_hd__dfstp_2                   CLK  
    sky130_fd_sc_hd__dfstp_4                 SET_B  
    sky130_fd_sc_hd__dfstp_4                     Q  
    sky130_fd_sc_hd__dfstp_4                     D  
    sky130_fd_sc_hd__dfstp_4                   CLK  
    sky130_fd_sc_hd__dfxbp_1                   Q_N  
    sky130_fd_sc_hd__dfxbp_1                     Q  
    sky130_fd_sc_hd__dfxbp_1                     D  
    sky130_fd_sc_hd__dfxbp_1                   CLK  
    sky130_fd_sc_hd__dfxbp_2                   Q_N  
    sky130_fd_sc_hd__dfxbp_2                     Q  
    sky130_fd_sc_hd__dfxbp_2                     D  
    sky130_fd_sc_hd__dfxbp_2                   CLK  
    sky130_fd_sc_hd__dfxtp_1                     Q  
    sky130_fd_sc_hd__dfxtp_1                     D  
    sky130_fd_sc_hd__dfxtp_1                   CLK  
    sky130_fd_sc_hd__dfxtp_2                     Q  
    sky130_fd_sc_hd__dfxtp_2                     D  
    sky130_fd_sc_hd__dfxtp_2                   CLK  
    sky130_fd_sc_hd__dfxtp_4                     Q  
    sky130_fd_sc_hd__dfxtp_4                     D  
    sky130_fd_sc_hd__dfxtp_4                   CLK  
    sky130_fd_sc_hd__diode_2                 DIODE  
    sky130_fd_sc_hd__dlclkp_1                  GCLK  
    sky130_fd_sc_hd__dlclkp_1                  GATE  
    sky130_fd_sc_hd__dlclkp_1                   CLK  
    sky130_fd_sc_hd__dlclkp_2                  GCLK  
    sky130_fd_sc_hd__dlclkp_2                  GATE  
    sky130_fd_sc_hd__dlclkp_2                   CLK  
    sky130_fd_sc_hd__dlclkp_4                  GCLK  
    sky130_fd_sc_hd__dlclkp_4                  GATE  
    sky130_fd_sc_hd__dlclkp_4                   CLK  
    sky130_fd_sc_hd__dlrbn_1               RESET_B  
    sky130_fd_sc_hd__dlrbn_1                   Q_N  
    sky130_fd_sc_hd__dlrbn_1                     Q  
    sky130_fd_sc_hd__dlrbn_1                GATE_N  
    sky130_fd_sc_hd__dlrbn_1                     D  
    sky130_fd_sc_hd__dlrbn_2               RESET_B  
    sky130_fd_sc_hd__dlrbn_2                   Q_N  
    sky130_fd_sc_hd__dlrbn_2                     Q  
    sky130_fd_sc_hd__dlrbn_2                GATE_N  
    sky130_fd_sc_hd__dlrbn_2                     D  
    sky130_fd_sc_hd__dlrbp_1               RESET_B  
    sky130_fd_sc_hd__dlrbp_1                   Q_N  
    sky130_fd_sc_hd__dlrbp_1                     Q  
    sky130_fd_sc_hd__dlrbp_1                  GATE  
    sky130_fd_sc_hd__dlrbp_1                     D  
    sky130_fd_sc_hd__dlrbp_2               RESET_B  
    sky130_fd_sc_hd__dlrbp_2                   Q_N  
    sky130_fd_sc_hd__dlrbp_2                     Q  
    sky130_fd_sc_hd__dlrbp_2                  GATE  
    sky130_fd_sc_hd__dlrbp_2                     D  
    sky130_fd_sc_hd__dlrtn_1               RESET_B  
    sky130_fd_sc_hd__dlrtn_1                     Q  
    sky130_fd_sc_hd__dlrtn_1                GATE_N  
    sky130_fd_sc_hd__dlrtn_1                     D  
    sky130_fd_sc_hd__dlrtn_2               RESET_B  
    sky130_fd_sc_hd__dlrtn_2                     Q  
    sky130_fd_sc_hd__dlrtn_2                GATE_N  
    sky130_fd_sc_hd__dlrtn_2                     D  
    sky130_fd_sc_hd__dlrtn_4               RESET_B  
    sky130_fd_sc_hd__dlrtn_4                     Q  
    sky130_fd_sc_hd__dlrtn_4                GATE_N  
    sky130_fd_sc_hd__dlrtn_4                     D  
    sky130_fd_sc_hd__dlrtp_1               RESET_B  
    sky130_fd_sc_hd__dlrtp_1                     Q  
    sky130_fd_sc_hd__dlrtp_1                  GATE  
    sky130_fd_sc_hd__dlrtp_1                     D  
    sky130_fd_sc_hd__dlrtp_2               RESET_B  
    sky130_fd_sc_hd__dlrtp_2                     Q  
    sky130_fd_sc_hd__dlrtp_2                  GATE  
    sky130_fd_sc_hd__dlrtp_2                     D  
    sky130_fd_sc_hd__dlrtp_4               RESET_B  
    sky130_fd_sc_hd__dlrtp_4                     Q  
    sky130_fd_sc_hd__dlrtp_4                  GATE  
    sky130_fd_sc_hd__dlrtp_4                     D  
    sky130_fd_sc_hd__dlxbn_1                   Q_N  
    sky130_fd_sc_hd__dlxbn_1                     Q  
    sky130_fd_sc_hd__dlxbn_1                GATE_N  
    sky130_fd_sc_hd__dlxbn_1                     D  
    sky130_fd_sc_hd__dlxbn_2                   Q_N  
    sky130_fd_sc_hd__dlxbn_2                     Q  
    sky130_fd_sc_hd__dlxbn_2                GATE_N  
    sky130_fd_sc_hd__dlxbn_2                     D  
    sky130_fd_sc_hd__dlxbp_1                   Q_N  
    sky130_fd_sc_hd__dlxbp_1                     Q  
    sky130_fd_sc_hd__dlxbp_1                  GATE  
    sky130_fd_sc_hd__dlxbp_1                     D  
    sky130_fd_sc_hd__dlxtn_1                     Q  
    sky130_fd_sc_hd__dlxtn_1                GATE_N  
    sky130_fd_sc_hd__dlxtn_1                     D  
    sky130_fd_sc_hd__dlxtn_2                     Q  
    sky130_fd_sc_hd__dlxtn_2                GATE_N  
    sky130_fd_sc_hd__dlxtn_2                     D  
    sky130_fd_sc_hd__dlxtn_4                     Q  
    sky130_fd_sc_hd__dlxtn_4                GATE_N  
    sky130_fd_sc_hd__dlxtn_4                     D  
    sky130_fd_sc_hd__dlxtp_1                     Q  
    sky130_fd_sc_hd__dlxtp_1                  GATE  
    sky130_fd_sc_hd__dlxtp_1                     D  
    sky130_fd_sc_hd__dlygate4sd1_1                     X  
    sky130_fd_sc_hd__dlygate4sd1_1                     A  
    sky130_fd_sc_hd__dlygate4sd2_1                     X  
    sky130_fd_sc_hd__dlygate4sd2_1                     A  
    sky130_fd_sc_hd__dlygate4sd3_1                     X  
    sky130_fd_sc_hd__dlygate4sd3_1                     A  
    sky130_fd_sc_hd__dlymetal6s2s_1                     X  
    sky130_fd_sc_hd__dlymetal6s2s_1                     A  
    sky130_fd_sc_hd__dlymetal6s4s_1                     X  
    sky130_fd_sc_hd__dlymetal6s4s_1                     A  
    sky130_fd_sc_hd__dlymetal6s6s_1                     X  
    sky130_fd_sc_hd__dlymetal6s6s_1                     A  
    sky130_fd_sc_hd__ebufn_1                     Z  
    sky130_fd_sc_hd__ebufn_1                  TE_B  
    sky130_fd_sc_hd__ebufn_1                     A  
    sky130_fd_sc_hd__ebufn_2                     Z  
    sky130_fd_sc_hd__ebufn_2                  TE_B  
    sky130_fd_sc_hd__ebufn_2                     A  
    sky130_fd_sc_hd__ebufn_4                     Z  
    sky130_fd_sc_hd__ebufn_4                  TE_B  
    sky130_fd_sc_hd__ebufn_4                     A  
    sky130_fd_sc_hd__ebufn_8                     Z  
    sky130_fd_sc_hd__ebufn_8                  TE_B  
    sky130_fd_sc_hd__ebufn_8                     A  
    sky130_fd_sc_hd__edfxbp_1                   Q_N  
    sky130_fd_sc_hd__edfxbp_1                     Q  
    sky130_fd_sc_hd__edfxbp_1                    DE  
    sky130_fd_sc_hd__edfxbp_1                     D  
    sky130_fd_sc_hd__edfxbp_1                   CLK  
    sky130_fd_sc_hd__edfxtp_1                     Q  
    sky130_fd_sc_hd__edfxtp_1                    DE  
    sky130_fd_sc_hd__edfxtp_1                     D  
    sky130_fd_sc_hd__edfxtp_1                   CLK  
    sky130_fd_sc_hd__einvn_0                     Z  
    sky130_fd_sc_hd__einvn_0                  TE_B  
    sky130_fd_sc_hd__einvn_0                     A  
    sky130_fd_sc_hd__einvn_1                     Z  
    sky130_fd_sc_hd__einvn_1                  TE_B  
    sky130_fd_sc_hd__einvn_1                     A  
    sky130_fd_sc_hd__einvn_2                     Z  
    sky130_fd_sc_hd__einvn_2                  TE_B  
    sky130_fd_sc_hd__einvn_2                     A  
    sky130_fd_sc_hd__einvn_4                     Z  
    sky130_fd_sc_hd__einvn_4                  TE_B  
    sky130_fd_sc_hd__einvn_4                     A  
    sky130_fd_sc_hd__einvn_8                     Z  
    sky130_fd_sc_hd__einvn_8                  TE_B  
    sky130_fd_sc_hd__einvn_8                     A  
    sky130_fd_sc_hd__einvp_1                     Z  
    sky130_fd_sc_hd__einvp_1                    TE  
    sky130_fd_sc_hd__einvp_1                     A  
    sky130_fd_sc_hd__einvp_2                     Z  
    sky130_fd_sc_hd__einvp_2                    TE  
    sky130_fd_sc_hd__einvp_2                     A  
    sky130_fd_sc_hd__einvp_4                     Z  
    sky130_fd_sc_hd__einvp_4                    TE  
    sky130_fd_sc_hd__einvp_4                     A  
    sky130_fd_sc_hd__einvp_8                     Z  
    sky130_fd_sc_hd__einvp_8                    TE  
    sky130_fd_sc_hd__einvp_8                     A  
    sky130_fd_sc_hd__fa_1                   SUM  
    sky130_fd_sc_hd__fa_1                  COUT  
    sky130_fd_sc_hd__fa_1                   CIN  
    sky130_fd_sc_hd__fa_1                     B  
    sky130_fd_sc_hd__fa_1                     A  
    sky130_fd_sc_hd__fa_2                   SUM  
    sky130_fd_sc_hd__fa_2                  COUT  
    sky130_fd_sc_hd__fa_2                   CIN  
    sky130_fd_sc_hd__fa_2                     B  
    sky130_fd_sc_hd__fa_2                     A  
    sky130_fd_sc_hd__fa_4                   SUM  
    sky130_fd_sc_hd__fa_4                  COUT  
    sky130_fd_sc_hd__fa_4                   CIN  
    sky130_fd_sc_hd__fa_4                     B  
    sky130_fd_sc_hd__fa_4                     A  
    sky130_fd_sc_hd__fah_1                   SUM  
    sky130_fd_sc_hd__fah_1                  COUT  
    sky130_fd_sc_hd__fah_1                    CI  
    sky130_fd_sc_hd__fah_1                     B  
    sky130_fd_sc_hd__fah_1                     A  
    sky130_fd_sc_hd__fahcin_1                   SUM  
    sky130_fd_sc_hd__fahcin_1                  COUT  
    sky130_fd_sc_hd__fahcin_1                   CIN  
    sky130_fd_sc_hd__fahcin_1                     B  
    sky130_fd_sc_hd__fahcin_1                     A  
    sky130_fd_sc_hd__fahcon_1                   SUM  
    sky130_fd_sc_hd__fahcon_1                COUT_N  
    sky130_fd_sc_hd__fahcon_1                    CI  
    sky130_fd_sc_hd__fahcon_1                     B  
    sky130_fd_sc_hd__fahcon_1                     A  
    sky130_fd_sc_hd__ha_1                   SUM  
    sky130_fd_sc_hd__ha_1                  COUT  
    sky130_fd_sc_hd__ha_1                     B  
    sky130_fd_sc_hd__ha_1                     A  
    sky130_fd_sc_hd__ha_2                   SUM  
    sky130_fd_sc_hd__ha_2                  COUT  
    sky130_fd_sc_hd__ha_2                     B  
    sky130_fd_sc_hd__ha_2                     A  
    sky130_fd_sc_hd__ha_4                   SUM  
    sky130_fd_sc_hd__ha_4                  COUT  
    sky130_fd_sc_hd__ha_4                     B  
    sky130_fd_sc_hd__ha_4                     A  
    sky130_fd_sc_hd__inv_1                     Y  
    sky130_fd_sc_hd__inv_1                     A  
    sky130_fd_sc_hd__inv_2                     Y  
    sky130_fd_sc_hd__inv_2                     A  
    sky130_fd_sc_hd__inv_4                     Y  
    sky130_fd_sc_hd__inv_4                     A  
    sky130_fd_sc_hd__inv_6                     Y  
    sky130_fd_sc_hd__inv_6                     A  
    sky130_fd_sc_hd__inv_8                     Y  
    sky130_fd_sc_hd__inv_8                     A  
    sky130_fd_sc_hd__inv_12                     Y  
    sky130_fd_sc_hd__inv_12                     A  
    sky130_fd_sc_hd__inv_16                     Y  
    sky130_fd_sc_hd__inv_16                     A  
    sky130_fd_sc_hd__lpflow_bleeder_1                 SHORT  
    sky130_fd_sc_hd__lpflow_clkbufkapwr_1                     X  
    sky130_fd_sc_hd__lpflow_clkbufkapwr_1                     A  
    sky130_fd_sc_hd__lpflow_clkbufkapwr_2                     X  
    sky130_fd_sc_hd__lpflow_clkbufkapwr_2                     A  
    sky130_fd_sc_hd__lpflow_clkbufkapwr_4                     X  
    sky130_fd_sc_hd__lpflow_clkbufkapwr_4                     A  
    sky130_fd_sc_hd__lpflow_clkbufkapwr_8                     X  
    sky130_fd_sc_hd__lpflow_clkbufkapwr_8                     A  
    sky130_fd_sc_hd__lpflow_clkbufkapwr_16                     X  
    sky130_fd_sc_hd__lpflow_clkbufkapwr_16                     A  
    sky130_fd_sc_hd__lpflow_clkinvkapwr_1                     Y  
    sky130_fd_sc_hd__lpflow_clkinvkapwr_1                     A  
    sky130_fd_sc_hd__lpflow_clkinvkapwr_2                     Y  
    sky130_fd_sc_hd__lpflow_clkinvkapwr_2                     A  
    sky130_fd_sc_hd__lpflow_clkinvkapwr_4                     Y  
    sky130_fd_sc_hd__lpflow_clkinvkapwr_4                     A  
    sky130_fd_sc_hd__lpflow_clkinvkapwr_8                     Y  
    sky130_fd_sc_hd__lpflow_clkinvkapwr_8                     A  
    sky130_fd_sc_hd__lpflow_clkinvkapwr_16                     Y  
    sky130_fd_sc_hd__lpflow_clkinvkapwr_16                     A  
    sky130_fd_sc_hd__lpflow_inputiso0n_1                     X  
    sky130_fd_sc_hd__lpflow_inputiso0n_1               SLEEP_B  
    sky130_fd_sc_hd__lpflow_inputiso0n_1                     A  
    sky130_fd_sc_hd__lpflow_inputiso0p_1                     X  
    sky130_fd_sc_hd__lpflow_inputiso0p_1                 SLEEP  
    sky130_fd_sc_hd__lpflow_inputiso0p_1                     A  
    sky130_fd_sc_hd__lpflow_inputiso1n_1                     X  
    sky130_fd_sc_hd__lpflow_inputiso1n_1               SLEEP_B  
    sky130_fd_sc_hd__lpflow_inputiso1n_1                     A  
    sky130_fd_sc_hd__lpflow_inputiso1p_1                     X  
    sky130_fd_sc_hd__lpflow_inputiso1p_1                 SLEEP  
    sky130_fd_sc_hd__lpflow_inputiso1p_1                     A  
    sky130_fd_sc_hd__lpflow_inputisolatch_1               SLEEP_B  
    sky130_fd_sc_hd__lpflow_inputisolatch_1                     Q  
    sky130_fd_sc_hd__lpflow_inputisolatch_1                     D  
    sky130_fd_sc_hd__lpflow_isobufsrc_1                     X  
    sky130_fd_sc_hd__lpflow_isobufsrc_1                 SLEEP  
    sky130_fd_sc_hd__lpflow_isobufsrc_1                     A  
    sky130_fd_sc_hd__lpflow_isobufsrc_2                     X  
    sky130_fd_sc_hd__lpflow_isobufsrc_2                 SLEEP  
    sky130_fd_sc_hd__lpflow_isobufsrc_2                     A  
    sky130_fd_sc_hd__lpflow_isobufsrc_4                     X  
    sky130_fd_sc_hd__lpflow_isobufsrc_4                 SLEEP  
    sky130_fd_sc_hd__lpflow_isobufsrc_4                     A  
    sky130_fd_sc_hd__lpflow_isobufsrc_8                     X  
    sky130_fd_sc_hd__lpflow_isobufsrc_8                 SLEEP  
    sky130_fd_sc_hd__lpflow_isobufsrc_8                     A  
    sky130_fd_sc_hd__lpflow_isobufsrc_16                     X  
    sky130_fd_sc_hd__lpflow_isobufsrc_16                 SLEEP  
    sky130_fd_sc_hd__lpflow_isobufsrc_16                     A  
    sky130_fd_sc_hd__lpflow_isobufsrckapwr_16                     X  
    sky130_fd_sc_hd__lpflow_isobufsrckapwr_16                 SLEEP  
    sky130_fd_sc_hd__lpflow_isobufsrckapwr_16                     A  
    sky130_fd_sc_hd__lpflow_lsbuf_lh_hl_isowell_tap_1                     X  
    sky130_fd_sc_hd__lpflow_lsbuf_lh_hl_isowell_tap_1                     A  
    sky130_fd_sc_hd__lpflow_lsbuf_lh_hl_isowell_tap_2                     X  
    sky130_fd_sc_hd__lpflow_lsbuf_lh_hl_isowell_tap_2                     A  
    sky130_fd_sc_hd__lpflow_lsbuf_lh_hl_isowell_tap_4                     X  
    sky130_fd_sc_hd__lpflow_lsbuf_lh_hl_isowell_tap_4                     A  
    sky130_fd_sc_hd__lpflow_lsbuf_lh_isowell_4                     X  
    sky130_fd_sc_hd__lpflow_lsbuf_lh_isowell_4                     A  
    sky130_fd_sc_hd__lpflow_lsbuf_lh_isowell_tap_1                     X  
    sky130_fd_sc_hd__lpflow_lsbuf_lh_isowell_tap_1                     A  
    sky130_fd_sc_hd__lpflow_lsbuf_lh_isowell_tap_2                     X  
    sky130_fd_sc_hd__lpflow_lsbuf_lh_isowell_tap_2                     A  
    sky130_fd_sc_hd__lpflow_lsbuf_lh_isowell_tap_4                     X  
    sky130_fd_sc_hd__lpflow_lsbuf_lh_isowell_tap_4                     A  
    sky130_fd_sc_hd__macro_sparecell                    LO  
    sky130_fd_sc_hd__maj3_1                     X  
    sky130_fd_sc_hd__maj3_1                     C  
    sky130_fd_sc_hd__maj3_1                     B  
    sky130_fd_sc_hd__maj3_1                     A  
    sky130_fd_sc_hd__maj3_2                     X  
    sky130_fd_sc_hd__maj3_2                     C  
    sky130_fd_sc_hd__maj3_2                     B  
    sky130_fd_sc_hd__maj3_2                     A  
    sky130_fd_sc_hd__maj3_4                     X  
    sky130_fd_sc_hd__maj3_4                     C  
    sky130_fd_sc_hd__maj3_4                     B  
    sky130_fd_sc_hd__maj3_4                     A  
    sky130_fd_sc_hd__mux2_1                     X  
    sky130_fd_sc_hd__mux2_1                     S  
    sky130_fd_sc_hd__mux2_1                    A1  
    sky130_fd_sc_hd__mux2_1                    A0  
    sky130_fd_sc_hd__mux2_2                     X  
    sky130_fd_sc_hd__mux2_2                     S  
    sky130_fd_sc_hd__mux2_2                    A1  
    sky130_fd_sc_hd__mux2_2                    A0  
    sky130_fd_sc_hd__mux2_4                     X  
    sky130_fd_sc_hd__mux2_4                     S  
    sky130_fd_sc_hd__mux2_4                    A1  
    sky130_fd_sc_hd__mux2_4                    A0  
    sky130_fd_sc_hd__mux2_8                     X  
    sky130_fd_sc_hd__mux2_8                     S  
    sky130_fd_sc_hd__mux2_8                    A1  
    sky130_fd_sc_hd__mux2_8                    A0  
    sky130_fd_sc_hd__mux2i_1                     Y  
    sky130_fd_sc_hd__mux2i_1                     S  
    sky130_fd_sc_hd__mux2i_1                    A1  
    sky130_fd_sc_hd__mux2i_1                    A0  
    sky130_fd_sc_hd__mux2i_2                     Y  
    sky130_fd_sc_hd__mux2i_2                     S  
    sky130_fd_sc_hd__mux2i_2                    A1  
    sky130_fd_sc_hd__mux2i_2                    A0  
    sky130_fd_sc_hd__mux2i_4                     Y  
    sky130_fd_sc_hd__mux2i_4                     S  
    sky130_fd_sc_hd__mux2i_4                    A1  
    sky130_fd_sc_hd__mux2i_4                    A0  
    sky130_fd_sc_hd__mux4_1                     X  
    sky130_fd_sc_hd__mux4_1                    S1  
    sky130_fd_sc_hd__mux4_1                    S0  
    sky130_fd_sc_hd__mux4_1                    A3  
    sky130_fd_sc_hd__mux4_1                    A2  
    sky130_fd_sc_hd__mux4_1                    A1  
    sky130_fd_sc_hd__mux4_1                    A0  
    sky130_fd_sc_hd__mux4_2                     X  
    sky130_fd_sc_hd__mux4_2                    S1  
    sky130_fd_sc_hd__mux4_2                    S0  
    sky130_fd_sc_hd__mux4_2                    A3  
    sky130_fd_sc_hd__mux4_2                    A2  
    sky130_fd_sc_hd__mux4_2                    A1  
    sky130_fd_sc_hd__mux4_2                    A0  
    sky130_fd_sc_hd__mux4_4                     X  
    sky130_fd_sc_hd__mux4_4                    S1  
    sky130_fd_sc_hd__mux4_4                    S0  
    sky130_fd_sc_hd__mux4_4                    A3  
    sky130_fd_sc_hd__mux4_4                    A2  
    sky130_fd_sc_hd__mux4_4                    A1  
    sky130_fd_sc_hd__mux4_4                    A0  
    sky130_fd_sc_hd__nand2_1                     Y  
    sky130_fd_sc_hd__nand2_1                     B  
    sky130_fd_sc_hd__nand2_1                     A  
    sky130_fd_sc_hd__nand2_2                     Y  
    sky130_fd_sc_hd__nand2_2                     B  
    sky130_fd_sc_hd__nand2_2                     A  
    sky130_fd_sc_hd__nand2_4                     Y  
    sky130_fd_sc_hd__nand2_4                     B  
    sky130_fd_sc_hd__nand2_4                     A  
    sky130_fd_sc_hd__nand2_8                     Y  
    sky130_fd_sc_hd__nand2_8                     B  
    sky130_fd_sc_hd__nand2_8                     A  
    sky130_fd_sc_hd__nand2b_1                     Y  
    sky130_fd_sc_hd__nand2b_1                     B  
    sky130_fd_sc_hd__nand2b_1                   A_N  
    sky130_fd_sc_hd__nand2b_2                     Y  
    sky130_fd_sc_hd__nand2b_2                     B  
    sky130_fd_sc_hd__nand2b_2                   A_N  
    sky130_fd_sc_hd__nand2b_4                     Y  
    sky130_fd_sc_hd__nand2b_4                     B  
    sky130_fd_sc_hd__nand2b_4                   A_N  
    sky130_fd_sc_hd__nand3_1                     Y  
    sky130_fd_sc_hd__nand3_1                     C  
    sky130_fd_sc_hd__nand3_1                     B  
    sky130_fd_sc_hd__nand3_1                     A  
    sky130_fd_sc_hd__nand3_2                     Y  
    sky130_fd_sc_hd__nand3_2                     C  
    sky130_fd_sc_hd__nand3_2                     B  
    sky130_fd_sc_hd__nand3_2                     A  
    sky130_fd_sc_hd__nand3_4                     Y  
    sky130_fd_sc_hd__nand3_4                     C  
    sky130_fd_sc_hd__nand3_4                     B  
    sky130_fd_sc_hd__nand3_4                     A  
    sky130_fd_sc_hd__nand3b_1                     Y  
    sky130_fd_sc_hd__nand3b_1                     C  
    sky130_fd_sc_hd__nand3b_1                     B  
    sky130_fd_sc_hd__nand3b_1                   A_N  
    sky130_fd_sc_hd__nand3b_2                     Y  
    sky130_fd_sc_hd__nand3b_2                     C  
    sky130_fd_sc_hd__nand3b_2                     B  
    sky130_fd_sc_hd__nand3b_2                   A_N  
    sky130_fd_sc_hd__nand3b_4                     Y  
    sky130_fd_sc_hd__nand3b_4                     C  
    sky130_fd_sc_hd__nand3b_4                     B  
    sky130_fd_sc_hd__nand3b_4                   A_N  
    sky130_fd_sc_hd__nand4_1                     Y  
    sky130_fd_sc_hd__nand4_1                     D  
    sky130_fd_sc_hd__nand4_1                     C  
    sky130_fd_sc_hd__nand4_1                     B  
    sky130_fd_sc_hd__nand4_1                     A  
    sky130_fd_sc_hd__nand4_2                     Y  
    sky130_fd_sc_hd__nand4_2                     D  
    sky130_fd_sc_hd__nand4_2                     C  
    sky130_fd_sc_hd__nand4_2                     B  
    sky130_fd_sc_hd__nand4_2                     A  
    sky130_fd_sc_hd__nand4_4                     Y  
    sky130_fd_sc_hd__nand4_4                     D  
    sky130_fd_sc_hd__nand4_4                     C  
    sky130_fd_sc_hd__nand4_4                     B  
    sky130_fd_sc_hd__nand4_4                     A  
    sky130_fd_sc_hd__nand4b_1                     Y  
    sky130_fd_sc_hd__nand4b_1                     D  
    sky130_fd_sc_hd__nand4b_1                     C  
    sky130_fd_sc_hd__nand4b_1                     B  
    sky130_fd_sc_hd__nand4b_1                   A_N  
    sky130_fd_sc_hd__nand4b_2                     Y  
    sky130_fd_sc_hd__nand4b_2                     D  
    sky130_fd_sc_hd__nand4b_2                     C  
    sky130_fd_sc_hd__nand4b_2                     B  
    sky130_fd_sc_hd__nand4b_2                   A_N  
    sky130_fd_sc_hd__nand4b_4                     Y  
    sky130_fd_sc_hd__nand4b_4                     D  
    sky130_fd_sc_hd__nand4b_4                     C  
    sky130_fd_sc_hd__nand4b_4                     B  
    sky130_fd_sc_hd__nand4b_4                   A_N  
    sky130_fd_sc_hd__nand4bb_1                     Y  
    sky130_fd_sc_hd__nand4bb_1                     D  
    sky130_fd_sc_hd__nand4bb_1                     C  
    sky130_fd_sc_hd__nand4bb_1                   B_N  
    sky130_fd_sc_hd__nand4bb_1                   A_N  
    sky130_fd_sc_hd__nand4bb_2                     Y  
    sky130_fd_sc_hd__nand4bb_2                     D  
    sky130_fd_sc_hd__nand4bb_2                     C  
    sky130_fd_sc_hd__nand4bb_2                   B_N  
    sky130_fd_sc_hd__nand4bb_2                   A_N  
    sky130_fd_sc_hd__nand4bb_4                     Y  
    sky130_fd_sc_hd__nand4bb_4                     D  
    sky130_fd_sc_hd__nand4bb_4                     C  
    sky130_fd_sc_hd__nand4bb_4                   B_N  
    sky130_fd_sc_hd__nand4bb_4                   A_N  
    sky130_fd_sc_hd__nor2_1                     Y  
    sky130_fd_sc_hd__nor2_1                     B  
    sky130_fd_sc_hd__nor2_1                     A  
    sky130_fd_sc_hd__nor2_2                     Y  
    sky130_fd_sc_hd__nor2_2                     B  
    sky130_fd_sc_hd__nor2_2                     A  
    sky130_fd_sc_hd__nor2_4                     Y  
    sky130_fd_sc_hd__nor2_4                     B  
    sky130_fd_sc_hd__nor2_4                     A  
    sky130_fd_sc_hd__nor2_8                     Y  
    sky130_fd_sc_hd__nor2_8                     B  
    sky130_fd_sc_hd__nor2_8                     A  
    sky130_fd_sc_hd__nor2b_1                     Y  
    sky130_fd_sc_hd__nor2b_1                   B_N  
    sky130_fd_sc_hd__nor2b_1                     A  
    sky130_fd_sc_hd__nor2b_2                     Y  
    sky130_fd_sc_hd__nor2b_2                   B_N  
    sky130_fd_sc_hd__nor2b_2                     A  
    sky130_fd_sc_hd__nor2b_4                     Y  
    sky130_fd_sc_hd__nor2b_4                   B_N  
    sky130_fd_sc_hd__nor2b_4                     A  
    sky130_fd_sc_hd__nor3_1                     Y  
    sky130_fd_sc_hd__nor3_1                     C  
    sky130_fd_sc_hd__nor3_1                     B  
    sky130_fd_sc_hd__nor3_1                     A  
    sky130_fd_sc_hd__nor3_2                     Y  
    sky130_fd_sc_hd__nor3_2                     C  
    sky130_fd_sc_hd__nor3_2                     B  
    sky130_fd_sc_hd__nor3_2                     A  
    sky130_fd_sc_hd__nor3_4                     Y  
    sky130_fd_sc_hd__nor3_4                     C  
    sky130_fd_sc_hd__nor3_4                     B  
    sky130_fd_sc_hd__nor3_4                     A  
    sky130_fd_sc_hd__nor3b_1                     Y  
    sky130_fd_sc_hd__nor3b_1                   C_N  
    sky130_fd_sc_hd__nor3b_1                     B  
    sky130_fd_sc_hd__nor3b_1                     A  
    sky130_fd_sc_hd__nor3b_2                     Y  
    sky130_fd_sc_hd__nor3b_2                   C_N  
    sky130_fd_sc_hd__nor3b_2                     B  
    sky130_fd_sc_hd__nor3b_2                     A  
    sky130_fd_sc_hd__nor3b_4                     Y  
    sky130_fd_sc_hd__nor3b_4                   C_N  
    sky130_fd_sc_hd__nor3b_4                     B  
    sky130_fd_sc_hd__nor3b_4                     A  
    sky130_fd_sc_hd__nor4_1                     Y  
    sky130_fd_sc_hd__nor4_1                     D  
    sky130_fd_sc_hd__nor4_1                     C  
    sky130_fd_sc_hd__nor4_1                     B  
    sky130_fd_sc_hd__nor4_1                     A  
    sky130_fd_sc_hd__nor4_2                     Y  
    sky130_fd_sc_hd__nor4_2                     D  
    sky130_fd_sc_hd__nor4_2                     C  
    sky130_fd_sc_hd__nor4_2                     B  
    sky130_fd_sc_hd__nor4_2                     A  
    sky130_fd_sc_hd__nor4_4                     Y  
    sky130_fd_sc_hd__nor4_4                     D  
    sky130_fd_sc_hd__nor4_4                     C  
    sky130_fd_sc_hd__nor4_4                     B  
    sky130_fd_sc_hd__nor4_4                     A  
    sky130_fd_sc_hd__nor4b_1                     Y  
    sky130_fd_sc_hd__nor4b_1                   D_N  
    sky130_fd_sc_hd__nor4b_1                     C  
    sky130_fd_sc_hd__nor4b_1                     B  
    sky130_fd_sc_hd__nor4b_1                     A  
    sky130_fd_sc_hd__nor4b_2                     Y  
    sky130_fd_sc_hd__nor4b_2                   D_N  
    sky130_fd_sc_hd__nor4b_2                     C  
    sky130_fd_sc_hd__nor4b_2                     B  
    sky130_fd_sc_hd__nor4b_2                     A  
    sky130_fd_sc_hd__nor4b_4                     Y  
    sky130_fd_sc_hd__nor4b_4                   D_N  
    sky130_fd_sc_hd__nor4b_4                     C  
    sky130_fd_sc_hd__nor4b_4                     B  
    sky130_fd_sc_hd__nor4b_4                     A  
    sky130_fd_sc_hd__nor4bb_1                     Y  
    sky130_fd_sc_hd__nor4bb_1                   D_N  
    sky130_fd_sc_hd__nor4bb_1                   C_N  
    sky130_fd_sc_hd__nor4bb_1                     B  
    sky130_fd_sc_hd__nor4bb_1                     A  
    sky130_fd_sc_hd__nor4bb_2                     Y  
    sky130_fd_sc_hd__nor4bb_2                   D_N  
    sky130_fd_sc_hd__nor4bb_2                   C_N  
    sky130_fd_sc_hd__nor4bb_2                     B  
    sky130_fd_sc_hd__nor4bb_2                     A  
    sky130_fd_sc_hd__nor4bb_4                     Y  
    sky130_fd_sc_hd__nor4bb_4                   D_N  
    sky130_fd_sc_hd__nor4bb_4                   C_N  
    sky130_fd_sc_hd__nor4bb_4                     B  
    sky130_fd_sc_hd__nor4bb_4                     A  
    sky130_fd_sc_hd__o2bb2a_1                     X  
    sky130_fd_sc_hd__o2bb2a_1                    B2  
    sky130_fd_sc_hd__o2bb2a_1                    B1  
    sky130_fd_sc_hd__o2bb2a_1                  A2_N  
    sky130_fd_sc_hd__o2bb2a_1                  A1_N  
    sky130_fd_sc_hd__o2bb2a_2                     X  
    sky130_fd_sc_hd__o2bb2a_2                    B2  
    sky130_fd_sc_hd__o2bb2a_2                    B1  
    sky130_fd_sc_hd__o2bb2a_2                  A2_N  
    sky130_fd_sc_hd__o2bb2a_2                  A1_N  
    sky130_fd_sc_hd__o2bb2a_4                     X  
    sky130_fd_sc_hd__o2bb2a_4                    B2  
    sky130_fd_sc_hd__o2bb2a_4                    B1  
    sky130_fd_sc_hd__o2bb2a_4                  A2_N  
    sky130_fd_sc_hd__o2bb2a_4                  A1_N  
    sky130_fd_sc_hd__o2bb2ai_1                     Y  
    sky130_fd_sc_hd__o2bb2ai_1                    B2  
    sky130_fd_sc_hd__o2bb2ai_1                    B1  
    sky130_fd_sc_hd__o2bb2ai_1                  A2_N  
    sky130_fd_sc_hd__o2bb2ai_1                  A1_N  
    sky130_fd_sc_hd__o2bb2ai_2                     Y  
    sky130_fd_sc_hd__o2bb2ai_2                    B2  
    sky130_fd_sc_hd__o2bb2ai_2                    B1  
    sky130_fd_sc_hd__o2bb2ai_2                  A2_N  
    sky130_fd_sc_hd__o2bb2ai_2                  A1_N  
    sky130_fd_sc_hd__o2bb2ai_4                     Y  
    sky130_fd_sc_hd__o2bb2ai_4                    B2  
    sky130_fd_sc_hd__o2bb2ai_4                    B1  
    sky130_fd_sc_hd__o2bb2ai_4                  A2_N  
    sky130_fd_sc_hd__o2bb2ai_4                  A1_N  
    sky130_fd_sc_hd__o21a_1                     X  
    sky130_fd_sc_hd__o21a_1                    B1  
    sky130_fd_sc_hd__o21a_1                    A2  
    sky130_fd_sc_hd__o21a_1                    A1  
    sky130_fd_sc_hd__o21a_2                     X  
    sky130_fd_sc_hd__o21a_2                    B1  
    sky130_fd_sc_hd__o21a_2                    A2  
    sky130_fd_sc_hd__o21a_2                    A1  
    sky130_fd_sc_hd__o21a_4                     X  
    sky130_fd_sc_hd__o21a_4                    B1  
    sky130_fd_sc_hd__o21a_4                    A2  
    sky130_fd_sc_hd__o21a_4                    A1  
    sky130_fd_sc_hd__o21ai_0                     Y  
    sky130_fd_sc_hd__o21ai_0                    B1  
    sky130_fd_sc_hd__o21ai_0                    A2  
    sky130_fd_sc_hd__o21ai_0                    A1  
    sky130_fd_sc_hd__o21ai_1                     Y  
    sky130_fd_sc_hd__o21ai_1                    B1  
    sky130_fd_sc_hd__o21ai_1                    A2  
    sky130_fd_sc_hd__o21ai_1                    A1  
    sky130_fd_sc_hd__o21ai_2                     Y  
    sky130_fd_sc_hd__o21ai_2                    B1  
    sky130_fd_sc_hd__o21ai_2                    A2  
    sky130_fd_sc_hd__o21ai_2                    A1  
    sky130_fd_sc_hd__o21ai_4                     Y  
    sky130_fd_sc_hd__o21ai_4                    B1  
    sky130_fd_sc_hd__o21ai_4                    A2  
    sky130_fd_sc_hd__o21ai_4                    A1  
    sky130_fd_sc_hd__o21ba_1                     X  
    sky130_fd_sc_hd__o21ba_1                  B1_N  
    sky130_fd_sc_hd__o21ba_1                    A2  
    sky130_fd_sc_hd__o21ba_1                    A1  
    sky130_fd_sc_hd__o21ba_2                     X  
    sky130_fd_sc_hd__o21ba_2                  B1_N  
    sky130_fd_sc_hd__o21ba_2                    A2  
    sky130_fd_sc_hd__o21ba_2                    A1  
    sky130_fd_sc_hd__o21ba_4                     X  
    sky130_fd_sc_hd__o21ba_4                  B1_N  
    sky130_fd_sc_hd__o21ba_4                    A2  
    sky130_fd_sc_hd__o21ba_4                    A1  
    sky130_fd_sc_hd__o21bai_1                     Y  
    sky130_fd_sc_hd__o21bai_1                  B1_N  
    sky130_fd_sc_hd__o21bai_1                    A2  
    sky130_fd_sc_hd__o21bai_1                    A1  
    sky130_fd_sc_hd__o21bai_2                     Y  
    sky130_fd_sc_hd__o21bai_2                  B1_N  
    sky130_fd_sc_hd__o21bai_2                    A2  
    sky130_fd_sc_hd__o21bai_2                    A1  
    sky130_fd_sc_hd__o21bai_4                     Y  
    sky130_fd_sc_hd__o21bai_4                  B1_N  
    sky130_fd_sc_hd__o21bai_4                    A2  
    sky130_fd_sc_hd__o21bai_4                    A1  
    sky130_fd_sc_hd__o22a_1                     X  
    sky130_fd_sc_hd__o22a_1                    B2  
    sky130_fd_sc_hd__o22a_1                    B1  
    sky130_fd_sc_hd__o22a_1                    A2  
    sky130_fd_sc_hd__o22a_1                    A1  
    sky130_fd_sc_hd__o22a_2                     X  
    sky130_fd_sc_hd__o22a_2                    B2  
    sky130_fd_sc_hd__o22a_2                    B1  
    sky130_fd_sc_hd__o22a_2                    A2  
    sky130_fd_sc_hd__o22a_2                    A1  
    sky130_fd_sc_hd__o22a_4                     X  
    sky130_fd_sc_hd__o22a_4                    B2  
    sky130_fd_sc_hd__o22a_4                    B1  
    sky130_fd_sc_hd__o22a_4                    A2  
    sky130_fd_sc_hd__o22a_4                    A1  
    sky130_fd_sc_hd__o22ai_1                     Y  
    sky130_fd_sc_hd__o22ai_1                    B2  
    sky130_fd_sc_hd__o22ai_1                    B1  
    sky130_fd_sc_hd__o22ai_1                    A2  
    sky130_fd_sc_hd__o22ai_1                    A1  
    sky130_fd_sc_hd__o22ai_2                     Y  
    sky130_fd_sc_hd__o22ai_2                    B2  
    sky130_fd_sc_hd__o22ai_2                    B1  
    sky130_fd_sc_hd__o22ai_2                    A2  
    sky130_fd_sc_hd__o22ai_2                    A1  
    sky130_fd_sc_hd__o22ai_4                     Y  
    sky130_fd_sc_hd__o22ai_4                    B2  
    sky130_fd_sc_hd__o22ai_4                    B1  
    sky130_fd_sc_hd__o22ai_4                    A2  
    sky130_fd_sc_hd__o22ai_4                    A1  
    sky130_fd_sc_hd__o31a_1                     X  
    sky130_fd_sc_hd__o31a_1                    B1  
    sky130_fd_sc_hd__o31a_1                    A3  
    sky130_fd_sc_hd__o31a_1                    A2  
    sky130_fd_sc_hd__o31a_1                    A1  
    sky130_fd_sc_hd__o31a_2                     X  
    sky130_fd_sc_hd__o31a_2                    B1  
    sky130_fd_sc_hd__o31a_2                    A3  
    sky130_fd_sc_hd__o31a_2                    A2  
    sky130_fd_sc_hd__o31a_2                    A1  
    sky130_fd_sc_hd__o31a_4                     X  
    sky130_fd_sc_hd__o31a_4                    B1  
    sky130_fd_sc_hd__o31a_4                    A3  
    sky130_fd_sc_hd__o31a_4                    A2  
    sky130_fd_sc_hd__o31a_4                    A1  
    sky130_fd_sc_hd__o31ai_1                     Y  
    sky130_fd_sc_hd__o31ai_1                    B1  
    sky130_fd_sc_hd__o31ai_1                    A3  
    sky130_fd_sc_hd__o31ai_1                    A2  
    sky130_fd_sc_hd__o31ai_1                    A1  
    sky130_fd_sc_hd__o31ai_2                     Y  
    sky130_fd_sc_hd__o31ai_2                    B1  
    sky130_fd_sc_hd__o31ai_2                    A3  
    sky130_fd_sc_hd__o31ai_2                    A2  
    sky130_fd_sc_hd__o31ai_2                    A1  
    sky130_fd_sc_hd__o31ai_4                     Y  
    sky130_fd_sc_hd__o31ai_4                    B1  
    sky130_fd_sc_hd__o31ai_4                    A3  
    sky130_fd_sc_hd__o31ai_4                    A2  
    sky130_fd_sc_hd__o31ai_4                    A1  
    sky130_fd_sc_hd__o32a_1                     X  
    sky130_fd_sc_hd__o32a_1                    B2  
    sky130_fd_sc_hd__o32a_1                    B1  
    sky130_fd_sc_hd__o32a_1                    A3  
    sky130_fd_sc_hd__o32a_1                    A2  
    sky130_fd_sc_hd__o32a_1                    A1  
    sky130_fd_sc_hd__o32a_2                     X  
    sky130_fd_sc_hd__o32a_2                    B2  
    sky130_fd_sc_hd__o32a_2                    B1  
    sky130_fd_sc_hd__o32a_2                    A3  
    sky130_fd_sc_hd__o32a_2                    A2  
    sky130_fd_sc_hd__o32a_2                    A1  
    sky130_fd_sc_hd__o32a_4                     X  
    sky130_fd_sc_hd__o32a_4                    B2  
    sky130_fd_sc_hd__o32a_4                    B1  
    sky130_fd_sc_hd__o32a_4                    A3  
    sky130_fd_sc_hd__o32a_4                    A2  
    sky130_fd_sc_hd__o32a_4                    A1  
    sky130_fd_sc_hd__o32ai_1                     Y  
    sky130_fd_sc_hd__o32ai_1                    B2  
    sky130_fd_sc_hd__o32ai_1                    B1  
    sky130_fd_sc_hd__o32ai_1                    A3  
    sky130_fd_sc_hd__o32ai_1                    A2  
    sky130_fd_sc_hd__o32ai_1                    A1  
    sky130_fd_sc_hd__o32ai_2                     Y  
    sky130_fd_sc_hd__o32ai_2                    B2  
    sky130_fd_sc_hd__o32ai_2                    B1  
    sky130_fd_sc_hd__o32ai_2                    A3  
    sky130_fd_sc_hd__o32ai_2                    A2  
    sky130_fd_sc_hd__o32ai_2                    A1  
    sky130_fd_sc_hd__o32ai_4                     Y  
    sky130_fd_sc_hd__o32ai_4                    B2  
    sky130_fd_sc_hd__o32ai_4                    B1  
    sky130_fd_sc_hd__o32ai_4                    A3  
    sky130_fd_sc_hd__o32ai_4                    A2  
    sky130_fd_sc_hd__o32ai_4                    A1  
    sky130_fd_sc_hd__o41a_1                     X  
    sky130_fd_sc_hd__o41a_1                    B1  
    sky130_fd_sc_hd__o41a_1                    A4  
    sky130_fd_sc_hd__o41a_1                    A3  
    sky130_fd_sc_hd__o41a_1                    A2  
    sky130_fd_sc_hd__o41a_1                    A1  
    sky130_fd_sc_hd__o41a_2                     X  
    sky130_fd_sc_hd__o41a_2                    B1  
    sky130_fd_sc_hd__o41a_2                    A4  
    sky130_fd_sc_hd__o41a_2                    A3  
    sky130_fd_sc_hd__o41a_2                    A2  
    sky130_fd_sc_hd__o41a_2                    A1  
    sky130_fd_sc_hd__o41a_4                     X  
    sky130_fd_sc_hd__o41a_4                    B1  
    sky130_fd_sc_hd__o41a_4                    A4  
    sky130_fd_sc_hd__o41a_4                    A3  
    sky130_fd_sc_hd__o41a_4                    A2  
    sky130_fd_sc_hd__o41a_4                    A1  
    sky130_fd_sc_hd__o41ai_1                     Y  
    sky130_fd_sc_hd__o41ai_1                    B1  
    sky130_fd_sc_hd__o41ai_1                    A4  
    sky130_fd_sc_hd__o41ai_1                    A3  
    sky130_fd_sc_hd__o41ai_1                    A2  
    sky130_fd_sc_hd__o41ai_1                    A1  
    sky130_fd_sc_hd__o41ai_2                     Y  
    sky130_fd_sc_hd__o41ai_2                    B1  
    sky130_fd_sc_hd__o41ai_2                    A4  
    sky130_fd_sc_hd__o41ai_2                    A3  
    sky130_fd_sc_hd__o41ai_2                    A2  
    sky130_fd_sc_hd__o41ai_2                    A1  
    sky130_fd_sc_hd__o41ai_4                     Y  
    sky130_fd_sc_hd__o41ai_4                    B1  
    sky130_fd_sc_hd__o41ai_4                    A4  
    sky130_fd_sc_hd__o41ai_4                    A3  
    sky130_fd_sc_hd__o41ai_4                    A2  
    sky130_fd_sc_hd__o41ai_4                    A1  
    sky130_fd_sc_hd__o211a_1                     X  
    sky130_fd_sc_hd__o211a_1                    C1  
    sky130_fd_sc_hd__o211a_1                    B1  
    sky130_fd_sc_hd__o211a_1                    A2  
    sky130_fd_sc_hd__o211a_1                    A1  
    sky130_fd_sc_hd__o211a_2                     X  
    sky130_fd_sc_hd__o211a_2                    C1  
    sky130_fd_sc_hd__o211a_2                    B1  
    sky130_fd_sc_hd__o211a_2                    A2  
    sky130_fd_sc_hd__o211a_2                    A1  
    sky130_fd_sc_hd__o211a_4                     X  
    sky130_fd_sc_hd__o211a_4                    C1  
    sky130_fd_sc_hd__o211a_4                    B1  
    sky130_fd_sc_hd__o211a_4                    A2  
    sky130_fd_sc_hd__o211a_4                    A1  
    sky130_fd_sc_hd__o211ai_1                     Y  
    sky130_fd_sc_hd__o211ai_1                    C1  
    sky130_fd_sc_hd__o211ai_1                    B1  
    sky130_fd_sc_hd__o211ai_1                    A2  
    sky130_fd_sc_hd__o211ai_1                    A1  
    sky130_fd_sc_hd__o211ai_2                     Y  
    sky130_fd_sc_hd__o211ai_2                    C1  
    sky130_fd_sc_hd__o211ai_2                    B1  
    sky130_fd_sc_hd__o211ai_2                    A2  
    sky130_fd_sc_hd__o211ai_2                    A1  
    sky130_fd_sc_hd__o211ai_4                     Y  
    sky130_fd_sc_hd__o211ai_4                    C1  
    sky130_fd_sc_hd__o211ai_4                    B1  
    sky130_fd_sc_hd__o211ai_4                    A2  
    sky130_fd_sc_hd__o211ai_4                    A1  
    sky130_fd_sc_hd__o221a_1                     X  
    sky130_fd_sc_hd__o221a_1                    C1  
    sky130_fd_sc_hd__o221a_1                    B2  
    sky130_fd_sc_hd__o221a_1                    B1  
    sky130_fd_sc_hd__o221a_1                    A2  
    sky130_fd_sc_hd__o221a_1                    A1  
    sky130_fd_sc_hd__o221a_2                     X  
    sky130_fd_sc_hd__o221a_2                    C1  
    sky130_fd_sc_hd__o221a_2                    B2  
    sky130_fd_sc_hd__o221a_2                    B1  
    sky130_fd_sc_hd__o221a_2                    A2  
    sky130_fd_sc_hd__o221a_2                    A1  
    sky130_fd_sc_hd__o221a_4                     X  
    sky130_fd_sc_hd__o221a_4                    C1  
    sky130_fd_sc_hd__o221a_4                    B2  
    sky130_fd_sc_hd__o221a_4                    B1  
    sky130_fd_sc_hd__o221a_4                    A2  
    sky130_fd_sc_hd__o221a_4                    A1  
    sky130_fd_sc_hd__o221ai_1                     Y  
    sky130_fd_sc_hd__o221ai_1                    C1  
    sky130_fd_sc_hd__o221ai_1                    B2  
    sky130_fd_sc_hd__o221ai_1                    B1  
    sky130_fd_sc_hd__o221ai_1                    A2  
    sky130_fd_sc_hd__o221ai_1                    A1  
    sky130_fd_sc_hd__o221ai_2                     Y  
    sky130_fd_sc_hd__o221ai_2                    C1  
    sky130_fd_sc_hd__o221ai_2                    B2  
    sky130_fd_sc_hd__o221ai_2                    B1  
    sky130_fd_sc_hd__o221ai_2                    A2  
    sky130_fd_sc_hd__o221ai_2                    A1  
    sky130_fd_sc_hd__o221ai_4                     Y  
    sky130_fd_sc_hd__o221ai_4                    C1  
    sky130_fd_sc_hd__o221ai_4                    B2  
    sky130_fd_sc_hd__o221ai_4                    B1  
    sky130_fd_sc_hd__o221ai_4                    A2  
    sky130_fd_sc_hd__o221ai_4                    A1  
    sky130_fd_sc_hd__o311a_1                     X  
    sky130_fd_sc_hd__o311a_1                    C1  
    sky130_fd_sc_hd__o311a_1                    B1  
    sky130_fd_sc_hd__o311a_1                    A3  
    sky130_fd_sc_hd__o311a_1                    A2  
    sky130_fd_sc_hd__o311a_1                    A1  
    sky130_fd_sc_hd__o311a_2                     X  
    sky130_fd_sc_hd__o311a_2                    C1  
    sky130_fd_sc_hd__o311a_2                    B1  
    sky130_fd_sc_hd__o311a_2                    A3  
    sky130_fd_sc_hd__o311a_2                    A2  
    sky130_fd_sc_hd__o311a_2                    A1  
    sky130_fd_sc_hd__o311a_4                     X  
    sky130_fd_sc_hd__o311a_4                    C1  
    sky130_fd_sc_hd__o311a_4                    B1  
    sky130_fd_sc_hd__o311a_4                    A3  
    sky130_fd_sc_hd__o311a_4                    A2  
    sky130_fd_sc_hd__o311a_4                    A1  
    sky130_fd_sc_hd__o311ai_0                     Y  
    sky130_fd_sc_hd__o311ai_0                    C1  
    sky130_fd_sc_hd__o311ai_0                    B1  
    sky130_fd_sc_hd__o311ai_0                    A3  
    sky130_fd_sc_hd__o311ai_0                    A2  
    sky130_fd_sc_hd__o311ai_0                    A1  
    sky130_fd_sc_hd__o311ai_1                     Y  
    sky130_fd_sc_hd__o311ai_1                    C1  
    sky130_fd_sc_hd__o311ai_1                    B1  
    sky130_fd_sc_hd__o311ai_1                    A3  
    sky130_fd_sc_hd__o311ai_1                    A2  
    sky130_fd_sc_hd__o311ai_1                    A1  
    sky130_fd_sc_hd__o311ai_2                     Y  
    sky130_fd_sc_hd__o311ai_2                    C1  
    sky130_fd_sc_hd__o311ai_2                    B1  
    sky130_fd_sc_hd__o311ai_2                    A3  
    sky130_fd_sc_hd__o311ai_2                    A2  
    sky130_fd_sc_hd__o311ai_2                    A1  
    sky130_fd_sc_hd__o311ai_4                     Y  
    sky130_fd_sc_hd__o311ai_4                    C1  
    sky130_fd_sc_hd__o311ai_4                    B1  
    sky130_fd_sc_hd__o311ai_4                    A3  
    sky130_fd_sc_hd__o311ai_4                    A2  
    sky130_fd_sc_hd__o311ai_4                    A1  
    sky130_fd_sc_hd__o2111a_1                     X  
    sky130_fd_sc_hd__o2111a_1                    D1  
    sky130_fd_sc_hd__o2111a_1                    C1  
    sky130_fd_sc_hd__o2111a_1                    B1  
    sky130_fd_sc_hd__o2111a_1                    A2  
    sky130_fd_sc_hd__o2111a_1                    A1  
    sky130_fd_sc_hd__o2111a_2                     X  
    sky130_fd_sc_hd__o2111a_2                    D1  
    sky130_fd_sc_hd__o2111a_2                    C1  
    sky130_fd_sc_hd__o2111a_2                    B1  
    sky130_fd_sc_hd__o2111a_2                    A2  
    sky130_fd_sc_hd__o2111a_2                    A1  
    sky130_fd_sc_hd__o2111a_4                     X  
    sky130_fd_sc_hd__o2111a_4                    D1  
    sky130_fd_sc_hd__o2111a_4                    C1  
    sky130_fd_sc_hd__o2111a_4                    B1  
    sky130_fd_sc_hd__o2111a_4                    A2  
    sky130_fd_sc_hd__o2111a_4                    A1  
    sky130_fd_sc_hd__o2111ai_1                     Y  
    sky130_fd_sc_hd__o2111ai_1                    D1  
    sky130_fd_sc_hd__o2111ai_1                    C1  
    sky130_fd_sc_hd__o2111ai_1                    B1  
    sky130_fd_sc_hd__o2111ai_1                    A2  
    sky130_fd_sc_hd__o2111ai_1                    A1  
    sky130_fd_sc_hd__o2111ai_2                     Y  
    sky130_fd_sc_hd__o2111ai_2                    D1  
    sky130_fd_sc_hd__o2111ai_2                    C1  
    sky130_fd_sc_hd__o2111ai_2                    B1  
    sky130_fd_sc_hd__o2111ai_2                    A2  
    sky130_fd_sc_hd__o2111ai_2                    A1  
    sky130_fd_sc_hd__o2111ai_4                     Y  
    sky130_fd_sc_hd__o2111ai_4                    D1  
    sky130_fd_sc_hd__o2111ai_4                    C1  
    sky130_fd_sc_hd__o2111ai_4                    B1  
    sky130_fd_sc_hd__o2111ai_4                    A2  
    sky130_fd_sc_hd__o2111ai_4                    A1  
    sky130_fd_sc_hd__or2_0                     X  
    sky130_fd_sc_hd__or2_0                     B  
    sky130_fd_sc_hd__or2_0                     A  
    sky130_fd_sc_hd__or2_1                     X  
    sky130_fd_sc_hd__or2_1                     B  
    sky130_fd_sc_hd__or2_1                     A  
    sky130_fd_sc_hd__or2_2                     X  
    sky130_fd_sc_hd__or2_2                     B  
    sky130_fd_sc_hd__or2_2                     A  
    sky130_fd_sc_hd__or2_4                     X  
    sky130_fd_sc_hd__or2_4                     B  
    sky130_fd_sc_hd__or2_4                     A  
    sky130_fd_sc_hd__or2b_1                     X  
    sky130_fd_sc_hd__or2b_1                   B_N  
    sky130_fd_sc_hd__or2b_1                     A  
    sky130_fd_sc_hd__or2b_2                     X  
    sky130_fd_sc_hd__or2b_2                   B_N  
    sky130_fd_sc_hd__or2b_2                     A  
    sky130_fd_sc_hd__or2b_4                     X  
    sky130_fd_sc_hd__or2b_4                   B_N  
    sky130_fd_sc_hd__or2b_4                     A  
    sky130_fd_sc_hd__or3_1                     X  
    sky130_fd_sc_hd__or3_1                     C  
    sky130_fd_sc_hd__or3_1                     B  
    sky130_fd_sc_hd__or3_1                     A  
    sky130_fd_sc_hd__or3_2                     X  
    sky130_fd_sc_hd__or3_2                     C  
    sky130_fd_sc_hd__or3_2                     B  
    sky130_fd_sc_hd__or3_2                     A  
    sky130_fd_sc_hd__or3_4                     X  
    sky130_fd_sc_hd__or3_4                     C  
    sky130_fd_sc_hd__or3_4                     B  
    sky130_fd_sc_hd__or3_4                     A  
    sky130_fd_sc_hd__or3b_1                     X  
    sky130_fd_sc_hd__or3b_1                   C_N  
    sky130_fd_sc_hd__or3b_1                     B  
    sky130_fd_sc_hd__or3b_1                     A  
    sky130_fd_sc_hd__or3b_2                     X  
    sky130_fd_sc_hd__or3b_2                   C_N  
    sky130_fd_sc_hd__or3b_2                     B  
    sky130_fd_sc_hd__or3b_2                     A  
    sky130_fd_sc_hd__or3b_4                     X  
    sky130_fd_sc_hd__or3b_4                   C_N  
    sky130_fd_sc_hd__or3b_4                     B  
    sky130_fd_sc_hd__or3b_4                     A  
    sky130_fd_sc_hd__or4_1                     X  
    sky130_fd_sc_hd__or4_1                     D  
    sky130_fd_sc_hd__or4_1                     C  
    sky130_fd_sc_hd__or4_1                     B  
    sky130_fd_sc_hd__or4_1                     A  
    sky130_fd_sc_hd__or4_2                     X  
    sky130_fd_sc_hd__or4_2                     D  
    sky130_fd_sc_hd__or4_2                     C  
    sky130_fd_sc_hd__or4_2                     B  
    sky130_fd_sc_hd__or4_2                     A  
    sky130_fd_sc_hd__or4_4                     X  
    sky130_fd_sc_hd__or4_4                     D  
    sky130_fd_sc_hd__or4_4                     C  
    sky130_fd_sc_hd__or4_4                     B  
    sky130_fd_sc_hd__or4_4                     A  
    sky130_fd_sc_hd__or4b_1                     X  
    sky130_fd_sc_hd__or4b_1                   D_N  
    sky130_fd_sc_hd__or4b_1                     C  
    sky130_fd_sc_hd__or4b_1                     B  
    sky130_fd_sc_hd__or4b_1                     A  
    sky130_fd_sc_hd__or4b_2                     X  
    sky130_fd_sc_hd__or4b_2                   D_N  
    sky130_fd_sc_hd__or4b_2                     C  
    sky130_fd_sc_hd__or4b_2                     B  
    sky130_fd_sc_hd__or4b_2                     A  
    sky130_fd_sc_hd__or4b_4                     X  
    sky130_fd_sc_hd__or4b_4                   D_N  
    sky130_fd_sc_hd__or4b_4                     C  
    sky130_fd_sc_hd__or4b_4                     B  
    sky130_fd_sc_hd__or4b_4                     A  
    sky130_fd_sc_hd__or4bb_1                     X  
    sky130_fd_sc_hd__or4bb_1                   D_N  
    sky130_fd_sc_hd__or4bb_1                   C_N  
    sky130_fd_sc_hd__or4bb_1                     B  
    sky130_fd_sc_hd__or4bb_1                     A  
    sky130_fd_sc_hd__or4bb_2                     X  
    sky130_fd_sc_hd__or4bb_2                   D_N  
    sky130_fd_sc_hd__or4bb_2                   C_N  
    sky130_fd_sc_hd__or4bb_2                     B  
    sky130_fd_sc_hd__or4bb_2                     A  
    sky130_fd_sc_hd__or4bb_4                     X  
    sky130_fd_sc_hd__or4bb_4                   D_N  
    sky130_fd_sc_hd__or4bb_4                   C_N  
    sky130_fd_sc_hd__or4bb_4                     B  
    sky130_fd_sc_hd__or4bb_4                     A  
    sky130_fd_sc_hd__probe_p_8                     A  
    sky130_fd_sc_hd__probec_p_8                     A  
    sky130_fd_sc_hd__sdfbbn_1                 SET_B  
    sky130_fd_sc_hd__sdfbbn_1                   SCE  
    sky130_fd_sc_hd__sdfbbn_1                   SCD  
    sky130_fd_sc_hd__sdfbbn_1               RESET_B  
    sky130_fd_sc_hd__sdfbbn_1                   Q_N  
    sky130_fd_sc_hd__sdfbbn_1                     Q  
    sky130_fd_sc_hd__sdfbbn_1                     D  
    sky130_fd_sc_hd__sdfbbn_1                 CLK_N  
    sky130_fd_sc_hd__sdfbbn_2                 SET_B  
    sky130_fd_sc_hd__sdfbbn_2                   SCE  
    sky130_fd_sc_hd__sdfbbn_2                   SCD  
    sky130_fd_sc_hd__sdfbbn_2               RESET_B  
    sky130_fd_sc_hd__sdfbbn_2                   Q_N  
    sky130_fd_sc_hd__sdfbbn_2                     Q  
    sky130_fd_sc_hd__sdfbbn_2                     D  
    sky130_fd_sc_hd__sdfbbn_2                 CLK_N  
    sky130_fd_sc_hd__sdfbbp_1                 SET_B  
    sky130_fd_sc_hd__sdfbbp_1                   SCE  
    sky130_fd_sc_hd__sdfbbp_1                   SCD  
    sky130_fd_sc_hd__sdfbbp_1               RESET_B  
    sky130_fd_sc_hd__sdfbbp_1                   Q_N  
    sky130_fd_sc_hd__sdfbbp_1                     Q  
    sky130_fd_sc_hd__sdfbbp_1                     D  
    sky130_fd_sc_hd__sdfbbp_1                   CLK  
    sky130_fd_sc_hd__sdfrbp_1                   SCE  
    sky130_fd_sc_hd__sdfrbp_1                   SCD  
    sky130_fd_sc_hd__sdfrbp_1               RESET_B  
    sky130_fd_sc_hd__sdfrbp_1                   Q_N  
    sky130_fd_sc_hd__sdfrbp_1                     Q  
    sky130_fd_sc_hd__sdfrbp_1                     D  
    sky130_fd_sc_hd__sdfrbp_1                   CLK  
    sky130_fd_sc_hd__sdfrbp_2                   SCE  
    sky130_fd_sc_hd__sdfrbp_2                   SCD  
    sky130_fd_sc_hd__sdfrbp_2               RESET_B  
    sky130_fd_sc_hd__sdfrbp_2                   Q_N  
    sky130_fd_sc_hd__sdfrbp_2                     Q  
    sky130_fd_sc_hd__sdfrbp_2                     D  
    sky130_fd_sc_hd__sdfrbp_2                   CLK  
    sky130_fd_sc_hd__sdfrtn_1                   SCE  
    sky130_fd_sc_hd__sdfrtn_1                   SCD  
    sky130_fd_sc_hd__sdfrtn_1               RESET_B  
    sky130_fd_sc_hd__sdfrtn_1                     Q  
    sky130_fd_sc_hd__sdfrtn_1                     D  
    sky130_fd_sc_hd__sdfrtn_1                 CLK_N  
    sky130_fd_sc_hd__sdfrtp_1                   SCE  
    sky130_fd_sc_hd__sdfrtp_1                   SCD  
    sky130_fd_sc_hd__sdfrtp_1               RESET_B  
    sky130_fd_sc_hd__sdfrtp_1                     Q  
    sky130_fd_sc_hd__sdfrtp_1                     D  
    sky130_fd_sc_hd__sdfrtp_1                   CLK  
    sky130_fd_sc_hd__sdfrtp_2                   SCE  
    sky130_fd_sc_hd__sdfrtp_2                   SCD  
    sky130_fd_sc_hd__sdfrtp_2               RESET_B  
    sky130_fd_sc_hd__sdfrtp_2                     Q  
    sky130_fd_sc_hd__sdfrtp_2                     D  
    sky130_fd_sc_hd__sdfrtp_2                   CLK  
    sky130_fd_sc_hd__sdfrtp_4                   SCE  
    sky130_fd_sc_hd__sdfrtp_4                   SCD  
    sky130_fd_sc_hd__sdfrtp_4               RESET_B  
    sky130_fd_sc_hd__sdfrtp_4                     Q  
    sky130_fd_sc_hd__sdfrtp_4                     D  
    sky130_fd_sc_hd__sdfrtp_4                   CLK  
    sky130_fd_sc_hd__sdfsbp_1                 SET_B  
    sky130_fd_sc_hd__sdfsbp_1                   SCE  
    sky130_fd_sc_hd__sdfsbp_1                   SCD  
    sky130_fd_sc_hd__sdfsbp_1                   Q_N  
    sky130_fd_sc_hd__sdfsbp_1                     Q  
    sky130_fd_sc_hd__sdfsbp_1                     D  
    sky130_fd_sc_hd__sdfsbp_1                   CLK  
    sky130_fd_sc_hd__sdfsbp_2                 SET_B  
    sky130_fd_sc_hd__sdfsbp_2                   SCE  
    sky130_fd_sc_hd__sdfsbp_2                   SCD  
    sky130_fd_sc_hd__sdfsbp_2                   Q_N  
    sky130_fd_sc_hd__sdfsbp_2                     Q  
    sky130_fd_sc_hd__sdfsbp_2                     D  
    sky130_fd_sc_hd__sdfsbp_2                   CLK  
    sky130_fd_sc_hd__sdfstp_1                 SET_B  
    sky130_fd_sc_hd__sdfstp_1                   SCE  
    sky130_fd_sc_hd__sdfstp_1                   SCD  
    sky130_fd_sc_hd__sdfstp_1                     Q  
    sky130_fd_sc_hd__sdfstp_1                     D  
    sky130_fd_sc_hd__sdfstp_1                   CLK  
    sky130_fd_sc_hd__sdfstp_2                 SET_B  
    sky130_fd_sc_hd__sdfstp_2                   SCE  
    sky130_fd_sc_hd__sdfstp_2                   SCD  
    sky130_fd_sc_hd__sdfstp_2                     Q  
    sky130_fd_sc_hd__sdfstp_2                     D  
    sky130_fd_sc_hd__sdfstp_2                   CLK  
    sky130_fd_sc_hd__sdfstp_4                 SET_B  
    sky130_fd_sc_hd__sdfstp_4                   SCE  
    sky130_fd_sc_hd__sdfstp_4                   SCD  
    sky130_fd_sc_hd__sdfstp_4                     Q  
    sky130_fd_sc_hd__sdfstp_4                     D  
    sky130_fd_sc_hd__sdfstp_4                   CLK  
    sky130_fd_sc_hd__sdfxbp_1                   SCE  
    sky130_fd_sc_hd__sdfxbp_1                   SCD  
    sky130_fd_sc_hd__sdfxbp_1                   Q_N  
    sky130_fd_sc_hd__sdfxbp_1                     Q  
    sky130_fd_sc_hd__sdfxbp_1                     D  
    sky130_fd_sc_hd__sdfxbp_1                   CLK  
    sky130_fd_sc_hd__sdfxbp_2                   SCE  
    sky130_fd_sc_hd__sdfxbp_2                   SCD  
    sky130_fd_sc_hd__sdfxbp_2                   Q_N  
    sky130_fd_sc_hd__sdfxbp_2                     Q  
    sky130_fd_sc_hd__sdfxbp_2                     D  
    sky130_fd_sc_hd__sdfxbp_2                   CLK  
    sky130_fd_sc_hd__sdfxtp_1                   SCE  
    sky130_fd_sc_hd__sdfxtp_1                   SCD  
    sky130_fd_sc_hd__sdfxtp_1                     Q  
    sky130_fd_sc_hd__sdfxtp_1                     D  
    sky130_fd_sc_hd__sdfxtp_1                   CLK  
    sky130_fd_sc_hd__sdfxtp_2                   SCE  
    sky130_fd_sc_hd__sdfxtp_2                   SCD  
    sky130_fd_sc_hd__sdfxtp_2                     Q  
    sky130_fd_sc_hd__sdfxtp_2                     D  
    sky130_fd_sc_hd__sdfxtp_2                   CLK  
    sky130_fd_sc_hd__sdfxtp_4                   SCE  
    sky130_fd_sc_hd__sdfxtp_4                   SCD  
    sky130_fd_sc_hd__sdfxtp_4                     Q  
    sky130_fd_sc_hd__sdfxtp_4                     D  
    sky130_fd_sc_hd__sdfxtp_4                   CLK  
    sky130_fd_sc_hd__sdlclkp_1                   SCE  
    sky130_fd_sc_hd__sdlclkp_1                  GCLK  
    sky130_fd_sc_hd__sdlclkp_1                  GATE  
    sky130_fd_sc_hd__sdlclkp_1                   CLK  
    sky130_fd_sc_hd__sdlclkp_2                   SCE  
    sky130_fd_sc_hd__sdlclkp_2                  GCLK  
    sky130_fd_sc_hd__sdlclkp_2                  GATE  
    sky130_fd_sc_hd__sdlclkp_2                   CLK  
    sky130_fd_sc_hd__sdlclkp_4                   SCE  
    sky130_fd_sc_hd__sdlclkp_4                  GCLK  
    sky130_fd_sc_hd__sdlclkp_4                  GATE  
    sky130_fd_sc_hd__sdlclkp_4                   CLK  
    sky130_fd_sc_hd__sedfxbp_1                   SCE  
    sky130_fd_sc_hd__sedfxbp_1                   SCD  
    sky130_fd_sc_hd__sedfxbp_1                   Q_N  
    sky130_fd_sc_hd__sedfxbp_1                     Q  
    sky130_fd_sc_hd__sedfxbp_1                    DE  
    sky130_fd_sc_hd__sedfxbp_1                     D  
    sky130_fd_sc_hd__sedfxbp_1                   CLK  
    sky130_fd_sc_hd__sedfxbp_2                   SCE  
    sky130_fd_sc_hd__sedfxbp_2                   SCD  
    sky130_fd_sc_hd__sedfxbp_2                   Q_N  
    sky130_fd_sc_hd__sedfxbp_2                     Q  
    sky130_fd_sc_hd__sedfxbp_2                    DE  
    sky130_fd_sc_hd__sedfxbp_2                     D  
    sky130_fd_sc_hd__sedfxbp_2                   CLK  
    sky130_fd_sc_hd__sedfxtp_1                   SCE  
    sky130_fd_sc_hd__sedfxtp_1                   SCD  
    sky130_fd_sc_hd__sedfxtp_1                     Q  
    sky130_fd_sc_hd__sedfxtp_1                    DE  
    sky130_fd_sc_hd__sedfxtp_1                     D  
    sky130_fd_sc_hd__sedfxtp_1                   CLK  
    sky130_fd_sc_hd__sedfxtp_2                   SCE  
    sky130_fd_sc_hd__sedfxtp_2                   SCD  
    sky130_fd_sc_hd__sedfxtp_2                     Q  
    sky130_fd_sc_hd__sedfxtp_2                    DE  
    sky130_fd_sc_hd__sedfxtp_2                     D  
    sky130_fd_sc_hd__sedfxtp_2                   CLK  
    sky130_fd_sc_hd__sedfxtp_4                   SCE  
    sky130_fd_sc_hd__sedfxtp_4                   SCD  
    sky130_fd_sc_hd__sedfxtp_4                     Q  
    sky130_fd_sc_hd__sedfxtp_4                    DE  
    sky130_fd_sc_hd__sedfxtp_4                     D  
    sky130_fd_sc_hd__sedfxtp_4                   CLK  
    sky130_fd_sc_hd__xnor2_1                     Y  
    sky130_fd_sc_hd__xnor2_1                     B  
    sky130_fd_sc_hd__xnor2_1                     A  
    sky130_fd_sc_hd__xnor2_2                     Y  
    sky130_fd_sc_hd__xnor2_2                     B  
    sky130_fd_sc_hd__xnor2_2                     A  
    sky130_fd_sc_hd__xnor2_4                     Y  
    sky130_fd_sc_hd__xnor2_4                     B  
    sky130_fd_sc_hd__xnor2_4                     A  
    sky130_fd_sc_hd__xnor3_1                     X  
    sky130_fd_sc_hd__xnor3_1                     C  
    sky130_fd_sc_hd__xnor3_1                     B  
    sky130_fd_sc_hd__xnor3_1                     A  
    sky130_fd_sc_hd__xnor3_2                     X  
    sky130_fd_sc_hd__xnor3_2                     C  
    sky130_fd_sc_hd__xnor3_2                     B  
    sky130_fd_sc_hd__xnor3_2                     A  
    sky130_fd_sc_hd__xnor3_4                     X  
    sky130_fd_sc_hd__xnor3_4                     C  
    sky130_fd_sc_hd__xnor3_4                     B  
    sky130_fd_sc_hd__xnor3_4                     A  
    sky130_fd_sc_hd__xor2_1                     X  
    sky130_fd_sc_hd__xor2_1                     B  
    sky130_fd_sc_hd__xor2_1                     A  
    sky130_fd_sc_hd__xor2_2                     X  
    sky130_fd_sc_hd__xor2_2                     B  
    sky130_fd_sc_hd__xor2_2                     A  
    sky130_fd_sc_hd__xor2_4                     X  
    sky130_fd_sc_hd__xor2_4                     B  
    sky130_fd_sc_hd__xor2_4                     A  
    sky130_fd_sc_hd__xor3_1                     X  
    sky130_fd_sc_hd__xor3_1                     C  
    sky130_fd_sc_hd__xor3_1                     B  
    sky130_fd_sc_hd__xor3_1                     A  
    sky130_fd_sc_hd__xor3_2                     X  
    sky130_fd_sc_hd__xor3_2                     C  
    sky130_fd_sc_hd__xor3_2                     B  
    sky130_fd_sc_hd__xor3_2                     A  
    sky130_fd_sc_hd__xor3_4                     X  
    sky130_fd_sc_hd__xor3_4                     C  
    sky130_fd_sc_hd__xor3_4                     B  
    sky130_fd_sc_hd__xor3_4                     A  For more information click here  
# Cells Missing LEF Info: 0  
# Cells with Dimension Errors: 0  

==============================
Netlist Information
==============================
# HFO (>200) Nets: 0  
# No-driven Nets: 18  
    General Caution:
        1) TODO
    No-driven Nets  
    status_r[2]  
    status_r[3]  
    status_r[4]  
    status_r[5]  
    status_r[6]  
    status_r[7]  
    state[3]  
    alu_inst_muldiv_inst_f2[0]  
    alu_inst_muldiv_inst_f2[1]  
    alu_inst_muldiv_inst_f2[2]  
    alu_inst_muldiv_inst_f2[3]  
    alu_inst_muldiv_inst_f2[4]  
    alu_inst_muldiv_inst_f2[5]  
    alu_inst_muldiv_inst_f2[6]  
    alu_inst_muldiv_inst_f2[7]  
    alu_inst_muldiv_inst_f2[8]  
    alu_inst_muldiv_inst_f2[9]  
    alu_inst_muldiv_inst_f2[10]  
# Multi-driven Nets: 0  
# Assign Statements: 0  
Is Design Uniquified: YES  
# Pins in Netlist without timing lib: 0  

==============================

==============================
: Internal  External  
No of Nets:       7408           0  
No of Connections:      15722           0  
Total Net Length (X): 9.1679e+04  0.0000e+00  
Total Net Length (Y): 1.2228e+05  0.0000e+00  
Total Net Length: 2.1396e+05  0.0000e+00  

==============================
Timing Information
==============================
# Clocks in design: 
    ------------------------------
    Clocks in Design
    ------------------------------
    VIEW_TYP/clk  1  
# Generated clocks: 0  
# "dont_use" cells from .libs: 0  
# "dont_touch" cells from .libs: 0  
# Cells in .lib with max_tran: 
    ------------------------------
    Cell List with max_tran
    ------------------------------
               Cell Name  Max Transition (ps)  
    sky130_fd_sc_hd__a2bb2o_1  1504  
    sky130_fd_sc_hd__a2bb2o_2  1504  
    sky130_fd_sc_hd__a2bb2o_4  1504  
    sky130_fd_sc_hd__a2bb2oi_1  1494  
    sky130_fd_sc_hd__a2bb2oi_2  1499  
    sky130_fd_sc_hd__a2bb2oi_4  1495  
    sky130_fd_sc_hd__a21bo_1  1509  
    sky130_fd_sc_hd__a21bo_2  1504  
    sky130_fd_sc_hd__a21bo_4  1503  
    sky130_fd_sc_hd__a21boi_0  1487  
    sky130_fd_sc_hd__a21boi_1  1497  
    sky130_fd_sc_hd__a21boi_2  1491  
    sky130_fd_sc_hd__a21boi_4  1496  
    sky130_fd_sc_hd__a21o_1  1504  
    sky130_fd_sc_hd__a21o_2  1506  
    sky130_fd_sc_hd__a21o_4  1508  
    sky130_fd_sc_hd__a21oi_1  1505  
    sky130_fd_sc_hd__a21oi_2  1501  
    sky130_fd_sc_hd__a21oi_4  1497  
    sky130_fd_sc_hd__a22o_1  1505  
    sky130_fd_sc_hd__a22o_2  1507  
    sky130_fd_sc_hd__a22o_4  1509  
    sky130_fd_sc_hd__a22oi_1  1861  
    sky130_fd_sc_hd__a22oi_2  1955  
    sky130_fd_sc_hd__a22oi_4  1933  
    sky130_fd_sc_hd__a31o_1  1502  
    sky130_fd_sc_hd__a31o_2  1505  
    sky130_fd_sc_hd__a31o_4  1504  
    sky130_fd_sc_hd__a31oi_1  1493  
    sky130_fd_sc_hd__a31oi_2  1495  
    sky130_fd_sc_hd__a31oi_4  1502  
    sky130_fd_sc_hd__a32o_1  1508  
    sky130_fd_sc_hd__a32o_2  1502  
    sky130_fd_sc_hd__a32o_4  1501  
    sky130_fd_sc_hd__a32oi_1  1864  
    sky130_fd_sc_hd__a32oi_2  1919  
    sky130_fd_sc_hd__a32oi_4  1916  
    sky130_fd_sc_hd__a41o_1  1504  
    sky130_fd_sc_hd__a41o_2  1501  
    sky130_fd_sc_hd__a41o_4  1502  
    sky130_fd_sc_hd__a41oi_1  1480  
    sky130_fd_sc_hd__a41oi_2  1502  
    sky130_fd_sc_hd__a41oi_4  1495  
    sky130_fd_sc_hd__a211o_1  1501  
    sky130_fd_sc_hd__a211o_2  1506  
    sky130_fd_sc_hd__a211o_4  1504  
    sky130_fd_sc_hd__a211oi_1  1491  
    sky130_fd_sc_hd__a211oi_2  1497  
    sky130_fd_sc_hd__a211oi_4  1495  
    sky130_fd_sc_hd__a221o_1  1500  
    sky130_fd_sc_hd__a221o_2  1504  
    sky130_fd_sc_hd__a221o_4  1505  
    sky130_fd_sc_hd__a221oi_1  1752  
    sky130_fd_sc_hd__a221oi_2  1738  
    sky130_fd_sc_hd__a221oi_4  1760  
    sky130_fd_sc_hd__a222oi_1  2135  
    sky130_fd_sc_hd__a311o_1  1502  
    sky130_fd_sc_hd__a311o_2  1507  
    sky130_fd_sc_hd__a311o_4  1501  
    sky130_fd_sc_hd__a311oi_1  1490  
    sky130_fd_sc_hd__a311oi_2  1508  
    sky130_fd_sc_hd__a311oi_4  1506  
    sky130_fd_sc_hd__a2111o_1  1500  
    sky130_fd_sc_hd__a2111o_2  1502  
    sky130_fd_sc_hd__a2111o_4  1500  
    sky130_fd_sc_hd__a2111oi_0  1462  
    sky130_fd_sc_hd__a2111oi_1  1496  
    sky130_fd_sc_hd__a2111oi_2  1497  
    sky130_fd_sc_hd__a2111oi_4  1500  
    sky130_fd_sc_hd__and2_0  1499  
    sky130_fd_sc_hd__and2_1  1510  
    sky130_fd_sc_hd__and2_2  1506  
    sky130_fd_sc_hd__and2_4  1507  
    sky130_fd_sc_hd__and2b_1  1505  
    sky130_fd_sc_hd__and2b_2  1506  
    sky130_fd_sc_hd__and2b_4  1504  
    sky130_fd_sc_hd__and3_1  1505  
    sky130_fd_sc_hd__and3_2  1508  
    sky130_fd_sc_hd__and3_4  1508  
    sky130_fd_sc_hd__and3b_1  1505  
    sky130_fd_sc_hd__and3b_2  1505  
    sky130_fd_sc_hd__and3b_4  1506  
    sky130_fd_sc_hd__and4_1  1503  
    sky130_fd_sc_hd__and4_2  1509  
    sky130_fd_sc_hd__and4_4  1506  
    sky130_fd_sc_hd__and4b_1  1499  
    sky130_fd_sc_hd__and4b_2  1504  
    sky130_fd_sc_hd__and4b_4  1504  
    sky130_fd_sc_hd__and4bb_1  1505  
    sky130_fd_sc_hd__and4bb_2  1503  
    sky130_fd_sc_hd__and4bb_4  1502  
    sky130_fd_sc_hd__buf_1  1506  
    sky130_fd_sc_hd__buf_2  1510  
    sky130_fd_sc_hd__buf_4  1512  
    sky130_fd_sc_hd__buf_6  1504  
    sky130_fd_sc_hd__buf_8  7652  
    sky130_fd_sc_hd__buf_12  5399  
    sky130_fd_sc_hd__buf_16  5007  
    sky130_fd_sc_hd__bufbuf_8  1508  
    sky130_fd_sc_hd__bufbuf_16  1505  
    sky130_fd_sc_hd__bufinv_8  1510  
    sky130_fd_sc_hd__bufinv_16  1503  
    sky130_fd_sc_hd__clkbuf_1  1506  
    sky130_fd_sc_hd__clkbuf_2  1506  
    sky130_fd_sc_hd__clkbuf_4  1508  
    sky130_fd_sc_hd__clkbuf_8  1514  
    sky130_fd_sc_hd__clkbuf_16  1508  
    sky130_fd_sc_hd__clkdlybuf4s15_1  1506  
    sky130_fd_sc_hd__clkdlybuf4s15_2  1507  
    sky130_fd_sc_hd__clkdlybuf4s18_1  1506  
    sky130_fd_sc_hd__clkdlybuf4s18_2  1515  
    sky130_fd_sc_hd__clkdlybuf4s25_1  1509  
    sky130_fd_sc_hd__clkdlybuf4s25_2  1505  
    sky130_fd_sc_hd__clkdlybuf4s50_1  1495  
    sky130_fd_sc_hd__clkdlybuf4s50_2  1496  
    sky130_fd_sc_hd__clkinv_1  1491  
    sky130_fd_sc_hd__clkinv_2  1498  
    sky130_fd_sc_hd__clkinv_4  1500  
    sky130_fd_sc_hd__clkinv_8  1500  
    sky130_fd_sc_hd__clkinv_16  1500  
    sky130_fd_sc_hd__clkinvlp_2  1492  
    sky130_fd_sc_hd__clkinvlp_4  1497  
    sky130_fd_sc_hd__conb_1  1000  
    sky130_fd_sc_hd__dfbbn_1  1500  
    sky130_fd_sc_hd__dfbbn_2  1500  
    sky130_fd_sc_hd__dfbbp_1  1500  
    sky130_fd_sc_hd__dfrbp_1  1500  
    sky130_fd_sc_hd__dfrbp_2  1500  
    sky130_fd_sc_hd__dfrtn_1  1500  
    sky130_fd_sc_hd__dfrtp_1  1500  
    sky130_fd_sc_hd__dfrtp_2  1500  
    sky130_fd_sc_hd__dfrtp_4  1500  
    sky130_fd_sc_hd__dfsbp_1  1500  
    sky130_fd_sc_hd__dfsbp_2  1500  
    sky130_fd_sc_hd__dfstp_1  1500  
    sky130_fd_sc_hd__dfstp_2  1500  
    sky130_fd_sc_hd__dfstp_4  1500  
    sky130_fd_sc_hd__dfxbp_1  1499  
    sky130_fd_sc_hd__dfxbp_2  1500  
    sky130_fd_sc_hd__dfxtp_1  1498  
    sky130_fd_sc_hd__dfxtp_2  1504  
    sky130_fd_sc_hd__dfxtp_4  1507  
    sky130_fd_sc_hd__diode_2  1500  
    sky130_fd_sc_hd__dlclkp_1  1500  
    sky130_fd_sc_hd__dlclkp_2  1504  
    sky130_fd_sc_hd__dlclkp_4  1502  
    sky130_fd_sc_hd__dlrbn_1  1500  
    sky130_fd_sc_hd__dlrbn_2  1500  
    sky130_fd_sc_hd__dlrbp_1  1500  
    sky130_fd_sc_hd__dlrbp_2  1500  
    sky130_fd_sc_hd__dlrtn_1  1500  
    sky130_fd_sc_hd__dlrtn_2  1500  
    sky130_fd_sc_hd__dlrtn_4  1500  
    sky130_fd_sc_hd__dlrtp_1  1500  
    sky130_fd_sc_hd__dlrtp_2  1500  
    sky130_fd_sc_hd__dlrtp_4  1500  
    sky130_fd_sc_hd__dlxbn_1  1504  
    sky130_fd_sc_hd__dlxbn_2  1500  
    sky130_fd_sc_hd__dlxbp_1  1503  
    sky130_fd_sc_hd__dlxtn_1  1499  
    sky130_fd_sc_hd__dlxtn_2  1506  
    sky130_fd_sc_hd__dlxtn_4  1503  
    sky130_fd_sc_hd__dlxtp_1  1500  
    sky130_fd_sc_hd__dlygate4sd1_1  1505  
    sky130_fd_sc_hd__dlygate4sd2_1  1506  
    sky130_fd_sc_hd__dlygate4sd3_1  1495  
    sky130_fd_sc_hd__dlymetal6s2s_1  1498  
    sky130_fd_sc_hd__dlymetal6s4s_1  1506  
    sky130_fd_sc_hd__dlymetal6s6s_1  1513  
    sky130_fd_sc_hd__ebufn_1  1517  
    sky130_fd_sc_hd__ebufn_2  1515  
    sky130_fd_sc_hd__ebufn_4  1520  
    sky130_fd_sc_hd__ebufn_8  1520  
    sky130_fd_sc_hd__edfxbp_1  1495  
    sky130_fd_sc_hd__edfxtp_1  1503  
    sky130_fd_sc_hd__einvn_0  1487  
    sky130_fd_sc_hd__einvn_1  1484  
    sky130_fd_sc_hd__einvn_2  1492  
    sky130_fd_sc_hd__einvn_4  1498  
    sky130_fd_sc_hd__einvn_8  1499  
    sky130_fd_sc_hd__einvp_1  1496  
    sky130_fd_sc_hd__einvp_2  1501  
    sky130_fd_sc_hd__einvp_4  1500  
    sky130_fd_sc_hd__einvp_8  1499  
    sky130_fd_sc_hd__fa_1  1498  
    sky130_fd_sc_hd__fa_2  1504  
    sky130_fd_sc_hd__fa_4  1507  
    sky130_fd_sc_hd__fah_1  1501  
    sky130_fd_sc_hd__fahcin_1  1504  
    sky130_fd_sc_hd__fahcon_1  1468  
    sky130_fd_sc_hd__ha_1  1503  
    sky130_fd_sc_hd__ha_2  1503  
    sky130_fd_sc_hd__ha_4  1504  
    sky130_fd_sc_hd__inv_1  1498  
    sky130_fd_sc_hd__inv_2  1498  
    sky130_fd_sc_hd__inv_4  1500  
    sky130_fd_sc_hd__inv_6  1499  
    sky130_fd_sc_hd__inv_8  1500  
    sky130_fd_sc_hd__inv_12  1500  
    sky130_fd_sc_hd__inv_16  1501  
    sky130_fd_sc_hd__lpflow_bleeder_1  1500  
    sky130_fd_sc_hd__lpflow_clkbufkapwr_1  1505  
    sky130_fd_sc_hd__lpflow_clkbufkapwr_2  1505  
    sky130_fd_sc_hd__lpflow_clkbufkapwr_4  1505  
    sky130_fd_sc_hd__lpflow_clkbufkapwr_8  1511  
    sky130_fd_sc_hd__lpflow_clkbufkapwr_16  1511  
    sky130_fd_sc_hd__lpflow_clkinvkapwr_1  1491  
    sky130_fd_sc_hd__lpflow_clkinvkapwr_2  1498  
    sky130_fd_sc_hd__lpflow_clkinvkapwr_4  1503  
    sky130_fd_sc_hd__lpflow_clkinvkapwr_8  1498  
    sky130_fd_sc_hd__lpflow_clkinvkapwr_16  1501  
    sky130_fd_sc_hd__lpflow_inputiso0n_1  1510  
    sky130_fd_sc_hd__lpflow_inputiso0p_1  1505  
    sky130_fd_sc_hd__lpflow_inputiso1n_1  1505  
    sky130_fd_sc_hd__lpflow_inputiso1p_1  1504  
    sky130_fd_sc_hd__lpflow_inputisolatch_1  1500  
    sky130_fd_sc_hd__lpflow_isobufsrc_1  1497  
    sky130_fd_sc_hd__lpflow_isobufsrc_2  1493  
    sky130_fd_sc_hd__lpflow_isobufsrc_4  1498  
    sky130_fd_sc_hd__lpflow_isobufsrc_8  1500  
    sky130_fd_sc_hd__lpflow_isobufsrc_16  1504  
    sky130_fd_sc_hd__lpflow_isobufsrckapwr_16  1505  
    sky130_fd_sc_hd__lpflow_lsbuf_lh_hl_isowell_tap_1  1508  
    sky130_fd_sc_hd__lpflow_lsbuf_lh_hl_isowell_tap_2  1505  
    sky130_fd_sc_hd__lpflow_lsbuf_lh_hl_isowell_tap_4  1508  
    sky130_fd_sc_hd__lpflow_lsbuf_lh_isowell_4  1506  
    sky130_fd_sc_hd__lpflow_lsbuf_lh_isowell_tap_1  1509  
    sky130_fd_sc_hd__lpflow_lsbuf_lh_isowell_tap_2  1506  
    sky130_fd_sc_hd__lpflow_lsbuf_lh_isowell_tap_4  1508  
    sky130_fd_sc_hd__macro_sparecell  1000  
    sky130_fd_sc_hd__maj3_1  1500  
    sky130_fd_sc_hd__maj3_2  1503  
    sky130_fd_sc_hd__maj3_4  1503  
    sky130_fd_sc_hd__mux2_1  1504  
    sky130_fd_sc_hd__mux2_2  1507  
    sky130_fd_sc_hd__mux2_4  1507  
    sky130_fd_sc_hd__mux2_8  1506  
    sky130_fd_sc_hd__mux2i_1  1458  
    sky130_fd_sc_hd__mux2i_2  1471  
    sky130_fd_sc_hd__mux2i_4  1469  
    sky130_fd_sc_hd__mux4_1  1506  
    sky130_fd_sc_hd__mux4_2  1503  
    sky130_fd_sc_hd__mux4_4  1505  
    sky130_fd_sc_hd__nand2_1  1496  
    sky130_fd_sc_hd__nand2_2  1495  
    sky130_fd_sc_hd__nand2_4  1499  
    sky130_fd_sc_hd__nand2_8  1496  
    sky130_fd_sc_hd__nand2b_1  1506  
    sky130_fd_sc_hd__nand2b_2  1507  
    sky130_fd_sc_hd__nand2b_4  1499  
    sky130_fd_sc_hd__nand3_1  1496  
    sky130_fd_sc_hd__nand3_2  1498  
    sky130_fd_sc_hd__nand3_4  1500  
    sky130_fd_sc_hd__nand3b_1  1495  
    sky130_fd_sc_hd__nand3b_2  1492  
    sky130_fd_sc_hd__nand3b_4  1501  
    sky130_fd_sc_hd__nand4_1  1496  
    sky130_fd_sc_hd__nand4_2  1496  
    sky130_fd_sc_hd__nand4_4  1497  
    sky130_fd_sc_hd__nand4b_1  1492  
    sky130_fd_sc_hd__nand4b_2  1494  
    sky130_fd_sc_hd__nand4b_4  1498  
    sky130_fd_sc_hd__nand4bb_1  1491  
    sky130_fd_sc_hd__nand4bb_2  1499  
    sky130_fd_sc_hd__nand4bb_4  1497  
    sky130_fd_sc_hd__nor2_1  1494  
    sky130_fd_sc_hd__nor2_2  1498  
    sky130_fd_sc_hd__nor2_4  1496  
    sky130_fd_sc_hd__nor2_8  1500  
    sky130_fd_sc_hd__nor2b_1  1497  
    sky130_fd_sc_hd__nor2b_2  1493  
    sky130_fd_sc_hd__nor2b_4  1497  
    sky130_fd_sc_hd__nor3_1  1488  
    sky130_fd_sc_hd__nor3_2  1492  
    sky130_fd_sc_hd__nor3_4  1495  
    sky130_fd_sc_hd__nor3b_1  1497  
    sky130_fd_sc_hd__nor3b_2  1493  
    sky130_fd_sc_hd__nor3b_4  1498  
    sky130_fd_sc_hd__nor4_1  1486  
    sky130_fd_sc_hd__nor4_2  1488  
    sky130_fd_sc_hd__nor4_4  1489  
    sky130_fd_sc_hd__nor4b_1  1479  
    sky130_fd_sc_hd__nor4b_2  1496  
    sky130_fd_sc_hd__nor4b_4  1494  
    sky130_fd_sc_hd__nor4bb_1  1480  
    sky130_fd_sc_hd__nor4bb_2  1479  
    sky130_fd_sc_hd__nor4bb_4  1498  
    sky130_fd_sc_hd__o2bb2a_1  1507  
    sky130_fd_sc_hd__o2bb2a_2  1505  
    sky130_fd_sc_hd__o2bb2a_4  1504  
    sky130_fd_sc_hd__o2bb2ai_1  1502  
    sky130_fd_sc_hd__o2bb2ai_2  1491  
    sky130_fd_sc_hd__o2bb2ai_4  1498  
    sky130_fd_sc_hd__o21a_1  1511  
    sky130_fd_sc_hd__o21a_2  1508  
    sky130_fd_sc_hd__o21a_4  1504  
    sky130_fd_sc_hd__o21ai_0  1484  
    sky130_fd_sc_hd__o21ai_1  1490  
    sky130_fd_sc_hd__o21ai_2  1500  
    sky130_fd_sc_hd__o21ai_4  1494  
    sky130_fd_sc_hd__o21ba_1  1506  
    sky130_fd_sc_hd__o21ba_2  1503  
    sky130_fd_sc_hd__o21ba_4  1507  
    sky130_fd_sc_hd__o21bai_1  1497  
    sky130_fd_sc_hd__o21bai_2  1499  
    sky130_fd_sc_hd__o21bai_4  1496  
    sky130_fd_sc_hd__o22a_1  1502  
    sky130_fd_sc_hd__o22a_2  1504  
    sky130_fd_sc_hd__o22a_4  1501  
    sky130_fd_sc_hd__o22ai_1  1522  
    sky130_fd_sc_hd__o22ai_2  1503  
    sky130_fd_sc_hd__o22ai_4  1540  
    sky130_fd_sc_hd__o31a_1  1505  
    sky130_fd_sc_hd__o31a_2  1505  
    sky130_fd_sc_hd__o31a_4  1509  
    sky130_fd_sc_hd__o31ai_1  1487  
    sky130_fd_sc_hd__o31ai_2  1491  
    sky130_fd_sc_hd__o31ai_4  1504  
    sky130_fd_sc_hd__o32a_1  1498  
    sky130_fd_sc_hd__o32a_2  1502  
    sky130_fd_sc_hd__o32a_4  1503  
    sky130_fd_sc_hd__o32ai_1  1495  
    sky130_fd_sc_hd__o32ai_2  1504  
    sky130_fd_sc_hd__o32ai_4  1510  
    sky130_fd_sc_hd__o41a_1  1506  
    sky130_fd_sc_hd__o41a_2  1504  
    sky130_fd_sc_hd__o41a_4  1503  
    sky130_fd_sc_hd__o41ai_1  1481  
    sky130_fd_sc_hd__o41ai_2  1484  
    sky130_fd_sc_hd__o41ai_4  1495  
    sky130_fd_sc_hd__o211a_1  1503  
    sky130_fd_sc_hd__o211a_2  1503  
    sky130_fd_sc_hd__o211a_4  1505  
    sky130_fd_sc_hd__o211ai_1  1493  
    sky130_fd_sc_hd__o211ai_2  1496  
    sky130_fd_sc_hd__o211ai_4  1493  
    sky130_fd_sc_hd__o221a_1  1505  
    sky130_fd_sc_hd__o221a_2  1503  
    sky130_fd_sc_hd__o221a_4  1505  
    sky130_fd_sc_hd__o221ai_1  1528  
    sky130_fd_sc_hd__o221ai_2  1543  
    sky130_fd_sc_hd__o221ai_4  1547  
    sky130_fd_sc_hd__o311a_1  1512  
    sky130_fd_sc_hd__o311a_2  1504  
    sky130_fd_sc_hd__o311a_4  1506  
    sky130_fd_sc_hd__o311ai_0  1481  
    sky130_fd_sc_hd__o311ai_1  1477  
    sky130_fd_sc_hd__o311ai_2  1498  
    sky130_fd_sc_hd__o311ai_4  1496  
    sky130_fd_sc_hd__o2111a_1  1504  
    sky130_fd_sc_hd__o2111a_2  1506  
    sky130_fd_sc_hd__o2111a_4  1504  
    sky130_fd_sc_hd__o2111ai_1  1498  
    sky130_fd_sc_hd__o2111ai_2  1502  
    sky130_fd_sc_hd__o2111ai_4  1499  
    sky130_fd_sc_hd__or2_0  1500  
    sky130_fd_sc_hd__or2_1  1504  
    sky130_fd_sc_hd__or2_2  1509  
    sky130_fd_sc_hd__or2_4  1508  
    sky130_fd_sc_hd__or2b_1  1505  
    sky130_fd_sc_hd__or2b_2  1505  
    sky130_fd_sc_hd__or2b_4  1506  
    sky130_fd_sc_hd__or3_1  1503  
    sky130_fd_sc_hd__or3_2  1503  
    sky130_fd_sc_hd__or3_4  1507  
    sky130_fd_sc_hd__or3b_1  1503  
    sky130_fd_sc_hd__or3b_2  1504  
    sky130_fd_sc_hd__or3b_4  1508  
    sky130_fd_sc_hd__or4_1  1503  
    sky130_fd_sc_hd__or4_2  1506  
    sky130_fd_sc_hd__or4_4  1508  
    sky130_fd_sc_hd__or4b_1  1509  
    sky130_fd_sc_hd__or4b_2  1502  
    sky130_fd_sc_hd__or4b_4  1508  
    sky130_fd_sc_hd__or4bb_1  1502  
    sky130_fd_sc_hd__or4bb_2  1506  
    sky130_fd_sc_hd__or4bb_4  1503  
    sky130_fd_sc_hd__probe_p_8  1504  
    sky130_fd_sc_hd__probec_p_8  1504  
    sky130_fd_sc_hd__sdfbbn_1  1500  
    sky130_fd_sc_hd__sdfbbn_2  1500  
    sky130_fd_sc_hd__sdfbbp_1  1500  
    sky130_fd_sc_hd__sdfrbp_1  1500  
    sky130_fd_sc_hd__sdfrbp_2  1500  
    sky130_fd_sc_hd__sdfrtn_1  1500  
    sky130_fd_sc_hd__sdfrtp_1  1500  
    sky130_fd_sc_hd__sdfrtp_2  1500  
    sky130_fd_sc_hd__sdfrtp_4  1500  
    sky130_fd_sc_hd__sdfsbp_1  1500  
    sky130_fd_sc_hd__sdfsbp_2  1500  
    sky130_fd_sc_hd__sdfstp_1  1500  
    sky130_fd_sc_hd__sdfstp_2  1500  
    sky130_fd_sc_hd__sdfstp_4  1500  
    sky130_fd_sc_hd__sdfxbp_1  1500  
    sky130_fd_sc_hd__sdfxbp_2  1500  
    sky130_fd_sc_hd__sdfxtp_1  1500  
    sky130_fd_sc_hd__sdfxtp_2  1500  
    sky130_fd_sc_hd__sdfxtp_4  1500  
    sky130_fd_sc_hd__sdlclkp_1  1500  
    sky130_fd_sc_hd__sdlclkp_2  1500  
    sky130_fd_sc_hd__sdlclkp_4  1500  
    sky130_fd_sc_hd__sedfxbp_1  1500  
    sky130_fd_sc_hd__sedfxbp_2  1500  
    sky130_fd_sc_hd__sedfxtp_1  1500  
    sky130_fd_sc_hd__sedfxtp_2  1500  
    sky130_fd_sc_hd__sedfxtp_4  1500  
    sky130_fd_sc_hd__xnor2_1  1489  
    sky130_fd_sc_hd__xnor2_2  1493  
    sky130_fd_sc_hd__xnor2_4  1501  
    sky130_fd_sc_hd__xnor3_1  1504  
    sky130_fd_sc_hd__xnor3_2  1504  
    sky130_fd_sc_hd__xnor3_4  1507  
    sky130_fd_sc_hd__xor2_1  1495  
    sky130_fd_sc_hd__xor2_2  1499  
    sky130_fd_sc_hd__xor2_4  1498  
    sky130_fd_sc_hd__xor3_1  1497  
    sky130_fd_sc_hd__xor3_2  1500  
    sky130_fd_sc_hd__xor3_4  1504  418  
# Cells in .lib with max_cap: 
    ------------------------------
    Cell List with max_cap
    ------------------------------
               Cell Name  Max Capacitance (pf)  
    sky130_fd_sc_hd__a2bb2o_1  0.158396  
    sky130_fd_sc_hd__a2bb2o_2  0.300303  
    sky130_fd_sc_hd__a2bb2o_4  0.502634  
    sky130_fd_sc_hd__a2bb2oi_1  0.069590  
    sky130_fd_sc_hd__a2bb2oi_2  0.130015  
    sky130_fd_sc_hd__a2bb2oi_4  0.226145  
    sky130_fd_sc_hd__a21bo_1  0.183115  
    sky130_fd_sc_hd__a21bo_2  0.288401  
    sky130_fd_sc_hd__a21bo_4  0.475169  
    sky130_fd_sc_hd__a21boi_0  0.048533  
    sky130_fd_sc_hd__a21boi_1  0.075999  
    sky130_fd_sc_hd__a21boi_2  0.129099  
    sky130_fd_sc_hd__a21boi_4  0.215159  
    sky130_fd_sc_hd__a21o_1  0.177622  
    sky130_fd_sc_hd__a21o_2  0.309458  
    sky130_fd_sc_hd__a21o_4  0.568552  
    sky130_fd_sc_hd__a21oi_1  0.074168  
    sky130_fd_sc_hd__a21oi_2  0.128184  
    sky130_fd_sc_hd__a21oi_4  0.221568  
    sky130_fd_sc_hd__a22o_1  0.159312  
    sky130_fd_sc_hd__a22o_2  0.301218  
    sky130_fd_sc_hd__a22o_4  0.556650  
    sky130_fd_sc_hd__a22oi_1  0.088816  
    sky130_fd_sc_hd__a22oi_2  0.170298  
    sky130_fd_sc_hd__a22oi_4  0.293894  
    sky130_fd_sc_hd__a31o_1  0.160227  
    sky130_fd_sc_hd__a31o_2  0.271922  
    sky130_fd_sc_hd__a31o_4  0.498972  
    sky130_fd_sc_hd__a31oi_1  0.065928  
    sky130_fd_sc_hd__a31oi_2  0.118113  
    sky130_fd_sc_hd__a31oi_4  0.211497  
    sky130_fd_sc_hd__a32o_1  0.151072  
    sky130_fd_sc_hd__a32o_2  0.264597  
    sky130_fd_sc_hd__a32o_4  0.536509  
    sky130_fd_sc_hd__a32oi_1  0.085154  
    sky130_fd_sc_hd__a32oi_2  0.155650  
    sky130_fd_sc_hd__a32oi_4  0.251780  
    sky130_fd_sc_hd__a41o_1  0.165720  
    sky130_fd_sc_hd__a41o_2  0.325022  
    sky130_fd_sc_hd__a41o_4  0.560313  
    sky130_fd_sc_hd__a41oi_1  0.065928  
    sky130_fd_sc_hd__a41oi_2  0.124522  
    sky130_fd_sc_hd__a41oi_4  0.194102  
    sky130_fd_sc_hd__a211o_1  0.176707  
    sky130_fd_sc_hd__a211o_2  0.325022  
    sky130_fd_sc_hd__a211o_4  0.559397  
    sky130_fd_sc_hd__a211oi_1  0.047617  
    sky130_fd_sc_hd__a211oi_2  0.088816  
    sky130_fd_sc_hd__a211oi_4  0.141917  
    sky130_fd_sc_hd__a221o_1  0.158396  
    sky130_fd_sc_hd__a221o_2  0.299387  
    sky130_fd_sc_hd__a221o_4  0.537424  
    sky130_fd_sc_hd__a221oi_1  0.054942  
    sky130_fd_sc_hd__a221oi_2  0.096140  
    sky130_fd_sc_hd__a221oi_4  0.166636  
    sky130_fd_sc_hd__a222oi_1  0.065928  
    sky130_fd_sc_hd__a311o_1  0.142832  
    sky130_fd_sc_hd__a311o_2  0.298472  
    sky130_fd_sc_hd__a311o_4  0.453196  
    sky130_fd_sc_hd__a311oi_1  0.043955  
    sky130_fd_sc_hd__a311oi_2  0.084238  
    sky130_fd_sc_hd__a311oi_4  0.133677  
    sky130_fd_sc_hd__a2111o_1  0.175791  
    sky130_fd_sc_hd__a2111o_2  0.324107  
    sky130_fd_sc_hd__a2111o_4  0.535593  
    sky130_fd_sc_hd__a2111oi_0  0.021067  
    sky130_fd_sc_hd__a2111oi_1  0.031138  
    sky130_fd_sc_hd__a2111oi_2  0.056773  
    sky130_fd_sc_hd__a2111oi_4  0.105296  
    sky130_fd_sc_hd__and2_0  0.108958  
    sky130_fd_sc_hd__and2_1  0.158396  
    sky130_fd_sc_hd__and2_2  0.303049  
    sky130_fd_sc_hd__and2_4  0.539255  
    sky130_fd_sc_hd__and2b_1  0.169383  
    sky130_fd_sc_hd__and2b_2  0.310374  
    sky130_fd_sc_hd__and2b_4  0.468760  
    sky130_fd_sc_hd__and3_1  0.157481  
    sky130_fd_sc_hd__and3_2  0.309458  
    sky130_fd_sc_hd__and3_4  0.532847  
    sky130_fd_sc_hd__and3b_1  0.157481  
    sky130_fd_sc_hd__and3b_2  0.309458  
    sky130_fd_sc_hd__and3b_4  0.460520  
    sky130_fd_sc_hd__and4_1  0.161143  
    sky130_fd_sc_hd__and4_2  0.300303  
    sky130_fd_sc_hd__and4_4  0.531931  
    sky130_fd_sc_hd__and4b_1  0.155650  
    sky130_fd_sc_hd__and4b_2  0.297556  
    sky130_fd_sc_hd__and4b_4  0.463267  
    sky130_fd_sc_hd__and4bb_1  0.156565  
    sky130_fd_sc_hd__and4bb_2  0.270090  
    sky130_fd_sc_hd__and4bb_4  0.461436  
    sky130_fd_sc_hd__buf_1  0.130015  
    sky130_fd_sc_hd__buf_2  0.315867  
    sky130_fd_sc_hd__buf_4  0.561228  
    sky130_fd_sc_hd__buf_6  0.785532  
    sky130_fd_sc_hd__buf_8  5.000000  
    sky130_fd_sc_hd__buf_12  5.000000  
    sky130_fd_sc_hd__buf_16  5.000000  
    sky130_fd_sc_hd__bufbuf_8  0.941172  
    sky130_fd_sc_hd__bufbuf_16  1.494150  
    sky130_fd_sc_hd__bufinv_8  0.942087  
    sky130_fd_sc_hd__bufinv_16  1.509714  
    sky130_fd_sc_hd__clkbuf_1  0.130015  
    sky130_fd_sc_hd__clkbuf_2  0.281077  
    sky130_fd_sc_hd__clkbuf_4  0.517283  
    sky130_fd_sc_hd__clkbuf_8  0.909128  
    sky130_fd_sc_hd__clkbuf_16  1.531687  
    sky130_fd_sc_hd__clkdlybuf4s15_1  0.160227  
    sky130_fd_sc_hd__clkdlybuf4s15_2  0.280161  
    sky130_fd_sc_hd__clkdlybuf4s18_1  0.160227  
    sky130_fd_sc_hd__clkdlybuf4s18_2  0.297556  
    sky130_fd_sc_hd__clkdlybuf4s25_1  0.151987  
    sky130_fd_sc_hd__clkdlybuf4s25_2  0.298472  
    sky130_fd_sc_hd__clkdlybuf4s50_1  0.156565  
    sky130_fd_sc_hd__clkdlybuf4s50_2  0.292979  
    sky130_fd_sc_hd__clkinv_1  0.190440  
    sky130_fd_sc_hd__clkinv_2  0.395518  
    sky130_fd_sc_hd__clkinv_4  0.782786  
    sky130_fd_sc_hd__clkinv_8  1.381540  
    sky130_fd_sc_hd__clkinv_16  2.348337  
    sky130_fd_sc_hd__clkinvlp_2  0.154734  
    sky130_fd_sc_hd__clkinvlp_4  0.321360  
    sky130_fd_sc_hd__conb_1  2.046800  
    sky130_fd_sc_hd__dfbbn_1  0.153819  
    sky130_fd_sc_hd__dfbbn_2  0.288401  
    sky130_fd_sc_hd__dfbbp_1  0.153819  
    sky130_fd_sc_hd__dfrbp_1  0.171214  
    sky130_fd_sc_hd__dfrbp_2  0.287486  
    sky130_fd_sc_hd__dfrtn_1  0.174876  
    sky130_fd_sc_hd__dfrtp_1  0.174876  
    sky130_fd_sc_hd__dfrtp_2  0.322276  
    sky130_fd_sc_hd__dfrtp_4  0.551157  
    sky130_fd_sc_hd__dfsbp_1  0.178538  
    sky130_fd_sc_hd__dfsbp_2  0.319529  
    sky130_fd_sc_hd__dfstp_1  0.167551  
    sky130_fd_sc_hd__dfstp_2  0.311289  
    sky130_fd_sc_hd__dfstp_4  0.622568  
    sky130_fd_sc_hd__dfxbp_1  0.173045  
    sky130_fd_sc_hd__dfxbp_2  0.320444  
    sky130_fd_sc_hd__dfxtp_1  0.162058  
    sky130_fd_sc_hd__dfxtp_2  0.303049  
    sky130_fd_sc_hd__dfxtp_4  0.546580  
    sky130_fd_sc_hd__dlclkp_1  0.152903  
    sky130_fd_sc_hd__dlclkp_2  0.295725  
    sky130_fd_sc_hd__dlclkp_4  0.508128  
    sky130_fd_sc_hd__dlrbn_1  0.168467  
    sky130_fd_sc_hd__dlrbn_2  0.314036  
    sky130_fd_sc_hd__dlrbp_1  0.168467  
    sky130_fd_sc_hd__dlrbp_2  0.314036  
    sky130_fd_sc_hd__dlrtn_1  0.158396  
    sky130_fd_sc_hd__dlrtn_2  0.285654  
    sky130_fd_sc_hd__dlrtn_4  0.545664  
    sky130_fd_sc_hd__dlrtp_1  0.157481  
    sky130_fd_sc_hd__dlrtp_2  0.285654  
    sky130_fd_sc_hd__dlrtp_4  0.545664  
    sky130_fd_sc_hd__dlxbn_1  0.168467  
    sky130_fd_sc_hd__dlxbn_2  0.313120  
    sky130_fd_sc_hd__dlxbp_1  0.168467  
    sky130_fd_sc_hd__dlxtn_1  0.162058  
    sky130_fd_sc_hd__dlxtn_2  0.303965  
    sky130_fd_sc_hd__dlxtn_4  0.545664  
    sky130_fd_sc_hd__dlxtp_1  0.160227  
    sky130_fd_sc_hd__dlygate4sd1_1  0.159312  
    sky130_fd_sc_hd__dlygate4sd2_1  0.159312  
    sky130_fd_sc_hd__dlygate4sd3_1  0.154734  
    sky130_fd_sc_hd__dlymetal6s2s_1  0.157481  
    sky130_fd_sc_hd__dlymetal6s4s_1  0.156565  
    sky130_fd_sc_hd__dlymetal6s6s_1  0.160227  
    sky130_fd_sc_hd__ebufn_1  0.075999  
    sky130_fd_sc_hd__ebufn_2  0.125437  
    sky130_fd_sc_hd__ebufn_4  0.219736  
    sky130_fd_sc_hd__ebufn_8  0.380869  
    sky130_fd_sc_hd__edfxbp_1  0.168467  
    sky130_fd_sc_hd__edfxtp_1  0.171214  
    sky130_fd_sc_hd__einvn_0  0.050364  
    sky130_fd_sc_hd__einvn_1  0.074168  
    sky130_fd_sc_hd__einvn_2  0.128184  
    sky130_fd_sc_hd__einvn_4  0.244456  
    sky130_fd_sc_hd__einvn_8  0.411082  
    sky130_fd_sc_hd__einvp_1  0.076914  
    sky130_fd_sc_hd__einvp_2  0.135508  
    sky130_fd_sc_hd__einvp_4  0.236216  
    sky130_fd_sc_hd__einvp_8  0.403757  
    sky130_fd_sc_hd__fa_1  0.155650  
    sky130_fd_sc_hd__fa_2  0.288401  
    sky130_fd_sc_hd__fa_4  0.519114  
    sky130_fd_sc_hd__fah_1  0.161143  
    sky130_fd_sc_hd__fahcin_1  0.161143  
    sky130_fd_sc_hd__fahcon_1  0.157481  
    sky130_fd_sc_hd__ha_1  0.176707  
    sky130_fd_sc_hd__ha_2  0.312205  
    sky130_fd_sc_hd__ha_4  0.553904  
    sky130_fd_sc_hd__inv_1  0.181284  
    sky130_fd_sc_hd__inv_2  0.331431  
    sky130_fd_sc_hd__inv_4  0.563059  
    sky130_fd_sc_hd__inv_6  0.782786  
    sky130_fd_sc_hd__inv_8  1.035471  
    sky130_fd_sc_hd__inv_12  1.417246  
    sky130_fd_sc_hd__inv_16  1.681833  
    sky130_fd_sc_hd__lpflow_clkbufkapwr_1  0.130930  
    sky130_fd_sc_hd__lpflow_clkbufkapwr_2  0.281992  
    sky130_fd_sc_hd__lpflow_clkbufkapwr_4  0.521860  
    sky130_fd_sc_hd__lpflow_clkbufkapwr_8  0.950327  
    sky130_fd_sc_hd__lpflow_clkbufkapwr_16  1.742258  
    sky130_fd_sc_hd__lpflow_clkinvkapwr_1  0.191355  
    sky130_fd_sc_hd__lpflow_clkinvkapwr_2  0.395518  
    sky130_fd_sc_hd__lpflow_clkinvkapwr_4  0.784617  
    sky130_fd_sc_hd__lpflow_clkinvkapwr_8  1.424570  
    sky130_fd_sc_hd__lpflow_clkinvkapwr_16  2.351084  
    sky130_fd_sc_hd__lpflow_inputiso0n_1  0.158396  
    sky130_fd_sc_hd__lpflow_inputiso0p_1  0.169383  
    sky130_fd_sc_hd__lpflow_inputiso1n_1  0.169383  
    sky130_fd_sc_hd__lpflow_inputiso1p_1  0.164805  
    sky130_fd_sc_hd__lpflow_inputisolatch_1  0.162058  
    sky130_fd_sc_hd__lpflow_isobufsrc_1  0.082407  
    sky130_fd_sc_hd__lpflow_isobufsrc_2  0.142832  
    sky130_fd_sc_hd__lpflow_isobufsrc_4  0.254527  
    sky130_fd_sc_hd__lpflow_isobufsrc_8  0.420237  
    sky130_fd_sc_hd__lpflow_isobufsrc_16  0.576792  
    sky130_fd_sc_hd__lpflow_isobufsrckapwr_16  1.719370  
    sky130_fd_sc_hd__lpflow_lsbuf_lh_hl_isowell_tap_1  0.128184  
    sky130_fd_sc_hd__lpflow_lsbuf_lh_hl_isowell_tap_2  0.301218  
    sky130_fd_sc_hd__lpflow_lsbuf_lh_hl_isowell_tap_4  0.549326  
    sky130_fd_sc_hd__lpflow_lsbuf_lh_isowell_4  0.549326  
    sky130_fd_sc_hd__lpflow_lsbuf_lh_isowell_tap_1  0.128184  
    sky130_fd_sc_hd__lpflow_lsbuf_lh_isowell_tap_2  0.301218  
    sky130_fd_sc_hd__lpflow_lsbuf_lh_isowell_tap_4  0.549326  
    sky130_fd_sc_hd__macro_sparecell  1.894800  
    sky130_fd_sc_hd__maj3_1  0.155650  
    sky130_fd_sc_hd__maj3_2  0.304880  
    sky130_fd_sc_hd__maj3_4  0.534678  
    sky130_fd_sc_hd__mux2_1  0.173045  
    sky130_fd_sc_hd__mux2_2  0.297556  
    sky130_fd_sc_hd__mux2_4  0.536509  
    sky130_fd_sc_hd__mux2_8  0.931101  
    sky130_fd_sc_hd__mux2i_1  0.068675  
    sky130_fd_sc_hd__mux2i_2  0.108042  
    sky130_fd_sc_hd__mux2i_4  0.190440  
    sky130_fd_sc_hd__mux4_1  0.161143  
    sky130_fd_sc_hd__mux4_2  0.301218  
    sky130_fd_sc_hd__mux4_4  0.548411  
    sky130_fd_sc_hd__nand2_1  0.166636  
    sky130_fd_sc_hd__nand2_2  0.295725  
    sky130_fd_sc_hd__nand2_4  0.530100  
    sky130_fd_sc_hd__nand2_8  0.933848  
    sky130_fd_sc_hd__nand2b_1  0.150156  
    sky130_fd_sc_hd__nand2b_2  0.285654  
    sky130_fd_sc_hd__nand2b_4  0.521860  
    sky130_fd_sc_hd__nand3_1  0.146494  
    sky130_fd_sc_hd__nand3_2  0.260020  
    sky130_fd_sc_hd__nand3_4  0.469675  
    sky130_fd_sc_hd__nand3b_1  0.143748  
    sky130_fd_sc_hd__nand3b_2  0.263682  
    sky130_fd_sc_hd__nand3b_4  0.479746  
    sky130_fd_sc_hd__nand4_1  0.124522  
    sky130_fd_sc_hd__nand4_2  0.200510  
    sky130_fd_sc_hd__nand4_4  0.357981  
    sky130_fd_sc_hd__nand4b_1  0.124522  
    sky130_fd_sc_hd__nand4b_2  0.200510  
    sky130_fd_sc_hd__nand4b_4  0.364390  
    sky130_fd_sc_hd__nand4bb_1  0.123606  
    sky130_fd_sc_hd__nand4bb_2  0.200510  
    sky130_fd_sc_hd__nand4bb_4  0.356150  
    sky130_fd_sc_hd__nor2_1  0.086070  
    sky130_fd_sc_hd__nor2_2  0.141917  
    sky130_fd_sc_hd__nor2_4  0.251780  
    sky130_fd_sc_hd__nor2_8  0.433054  
    sky130_fd_sc_hd__nor2b_1  0.082407  
    sky130_fd_sc_hd__nor2b_2  0.142832  
    sky130_fd_sc_hd__nor2b_4  0.254527  
    sky130_fd_sc_hd__nor3_1  0.052195  
    sky130_fd_sc_hd__nor3_2  0.092478  
    sky130_fd_sc_hd__nor3_4  0.153819  
    sky130_fd_sc_hd__nor3b_1  0.049448  
    sky130_fd_sc_hd__nor3b_2  0.093394  
    sky130_fd_sc_hd__nor3b_4  0.146494  
    sky130_fd_sc_hd__nor4_1  0.036631  
    sky130_fd_sc_hd__nor4_2  0.064097  
    sky130_fd_sc_hd__nor4_4  0.112620  
    sky130_fd_sc_hd__nor4b_1  0.033884  
    sky130_fd_sc_hd__nor4b_2  0.065012  
    sky130_fd_sc_hd__nor4b_4  0.113535  
    sky130_fd_sc_hd__nor4bb_1  0.036631  
    sky130_fd_sc_hd__nor4bb_2  0.060435  
    sky130_fd_sc_hd__nor4bb_4  0.111704  
    sky130_fd_sc_hd__o2bb2a_1  0.156565  
    sky130_fd_sc_hd__o2bb2a_2  0.294810  
    sky130_fd_sc_hd__o2bb2a_4  0.497141  
    sky130_fd_sc_hd__o2bb2ai_1  0.075999  
    sky130_fd_sc_hd__o2bb2ai_2  0.134592  
    sky130_fd_sc_hd__o2bb2ai_4  0.246287  
    sky130_fd_sc_hd__o21a_1  0.162974  
    sky130_fd_sc_hd__o21a_2  0.294810  
    sky130_fd_sc_hd__o21a_4  0.509959  
    sky130_fd_sc_hd__o21ai_0  0.050364  
    sky130_fd_sc_hd__o21ai_1  0.080576  
    sky130_fd_sc_hd__o21ai_2  0.139170  
    sky130_fd_sc_hd__o21ai_4  0.224314  
    sky130_fd_sc_hd__o21ba_1  0.156565  
    sky130_fd_sc_hd__o21ba_2  0.264597  
    sky130_fd_sc_hd__o21ba_4  0.452280  
    sky130_fd_sc_hd__o21bai_1  0.077830  
    sky130_fd_sc_hd__o21bai_2  0.140086  
    sky130_fd_sc_hd__o21bai_4  0.245371  
    sky130_fd_sc_hd__o22a_1  0.162058  
    sky130_fd_sc_hd__o22a_2  0.304880  
    sky130_fd_sc_hd__o22a_4  0.530100  
    sky130_fd_sc_hd__o22ai_1  0.073252  
    sky130_fd_sc_hd__o22ai_2  0.137339  
    sky130_fd_sc_hd__o22ai_4  0.216990  
    sky130_fd_sc_hd__o31a_1  0.149241  
    sky130_fd_sc_hd__o31a_2  0.285654  
    sky130_fd_sc_hd__o31a_4  0.544749  
    sky130_fd_sc_hd__o31ai_1  0.047617  
    sky130_fd_sc_hd__o31ai_2  0.080576  
    sky130_fd_sc_hd__o31ai_4  0.144663  
    sky130_fd_sc_hd__o32a_1  0.150156  
    sky130_fd_sc_hd__o32a_2  0.300303  
    sky130_fd_sc_hd__o32a_4  0.556650  
    sky130_fd_sc_hd__o32ai_1  0.046702  
    sky130_fd_sc_hd__o32ai_2  0.088816  
    sky130_fd_sc_hd__o32ai_4  0.153819  
    sky130_fd_sc_hd__o41a_1  0.147410  
    sky130_fd_sc_hd__o41a_2  0.305796  
    sky130_fd_sc_hd__o41a_4  0.544749  
    sky130_fd_sc_hd__o41ai_1  0.033884  
    sky130_fd_sc_hd__o41ai_2  0.062266  
    sky130_fd_sc_hd__o41ai_4  0.108958  
    sky130_fd_sc_hd__o211a_1  0.183115  
    sky130_fd_sc_hd__o211a_2  0.268259  
    sky130_fd_sc_hd__o211a_4  0.509043  
    sky130_fd_sc_hd__o211ai_1  0.074168  
    sky130_fd_sc_hd__o211ai_2  0.133677  
    sky130_fd_sc_hd__o211ai_4  0.215159  
    sky130_fd_sc_hd__o221a_1  0.152903  
    sky130_fd_sc_hd__o221a_2  0.281077  
    sky130_fd_sc_hd__o221a_4  0.487986  
    sky130_fd_sc_hd__o221ai_1  0.070506  
    sky130_fd_sc_hd__o221ai_2  0.128184  
    sky130_fd_sc_hd__o221ai_4  0.216074  
    sky130_fd_sc_hd__o311a_1  0.155650  
    sky130_fd_sc_hd__o311a_2  0.293894  
    sky130_fd_sc_hd__o311a_4  0.539255  
    sky130_fd_sc_hd__o311ai_0  0.029307  
    sky130_fd_sc_hd__o311ai_1  0.045786  
    sky130_fd_sc_hd__o311ai_2  0.082407  
    sky130_fd_sc_hd__o311ai_4  0.142832  
    sky130_fd_sc_hd__o2111a_1  0.161143  
    sky130_fd_sc_hd__o2111a_2  0.299387  
    sky130_fd_sc_hd__o2111a_4  0.551157  
    sky130_fd_sc_hd__o2111ai_1  0.071421  
    sky130_fd_sc_hd__o2111ai_2  0.129099  
    sky130_fd_sc_hd__o2111ai_4  0.215159  
    sky130_fd_sc_hd__or2_0  0.100718  
    sky130_fd_sc_hd__or2_1  0.164805  
    sky130_fd_sc_hd__or2_2  0.299387  
    sky130_fd_sc_hd__or2_4  0.514536  
    sky130_fd_sc_hd__or2b_1  0.169383  
    sky130_fd_sc_hd__or2b_2  0.312205  
    sky130_fd_sc_hd__or2b_4  0.515452  
    sky130_fd_sc_hd__or3_1  0.167551  
    sky130_fd_sc_hd__or3_2  0.310374  
    sky130_fd_sc_hd__or3_4  0.531931  
    sky130_fd_sc_hd__or3b_1  0.167551  
    sky130_fd_sc_hd__or3b_2  0.269175  
    sky130_fd_sc_hd__or3b_4  0.469675  
    sky130_fd_sc_hd__or4_1  0.167551  
    sky130_fd_sc_hd__or4_2  0.310374  
    sky130_fd_sc_hd__or4_4  0.534678  
    sky130_fd_sc_hd__or4b_1  0.167551  
    sky130_fd_sc_hd__or4b_2  0.265513  
    sky130_fd_sc_hd__or4b_4  0.533762  
    sky130_fd_sc_hd__or4bb_1  0.167551  
    sky130_fd_sc_hd__or4bb_2  0.312205  
    sky130_fd_sc_hd__or4bb_4  0.532847  
    sky130_fd_sc_hd__probe_p_8  0.954905  
    sky130_fd_sc_hd__probec_p_8  0.952158  
    sky130_fd_sc_hd__sdfbbn_1  0.153819  
    sky130_fd_sc_hd__sdfbbn_2  0.291148  
    sky130_fd_sc_hd__sdfbbp_1  0.153819  
    sky130_fd_sc_hd__sdfrbp_1  0.130015  
    sky130_fd_sc_hd__sdfrbp_2  0.288401  
    sky130_fd_sc_hd__sdfrtn_1  0.182200  
    sky130_fd_sc_hd__sdfrtp_1  0.183115  
    sky130_fd_sc_hd__sdfrtp_2  0.328684  
    sky130_fd_sc_hd__sdfrtp_4  0.581370  
    sky130_fd_sc_hd__sdfsbp_1  0.180369  
    sky130_fd_sc_hd__sdfsbp_2  0.314036  
    sky130_fd_sc_hd__sdfstp_1  0.167551  
    sky130_fd_sc_hd__sdfstp_2  0.315867  
    sky130_fd_sc_hd__sdfstp_4  0.554819  
    sky130_fd_sc_hd__sdfxbp_1  0.173045  
    sky130_fd_sc_hd__sdfxbp_2  0.316782  
    sky130_fd_sc_hd__sdfxtp_1  0.162974  
    sky130_fd_sc_hd__sdfxtp_2  0.308543  
    sky130_fd_sc_hd__sdfxtp_4  0.539255  
    sky130_fd_sc_hd__sdlclkp_1  0.154734  
    sky130_fd_sc_hd__sdlclkp_2  0.301218  
    sky130_fd_sc_hd__sdlclkp_4  0.532847  
    sky130_fd_sc_hd__sedfxbp_1  0.168467  
    sky130_fd_sc_hd__sedfxbp_2  0.301218  
    sky130_fd_sc_hd__sedfxtp_1  0.171214  
    sky130_fd_sc_hd__sedfxtp_2  0.315867  
    sky130_fd_sc_hd__sedfxtp_4  0.560313  
    sky130_fd_sc_hd__xnor2_1  0.069590  
    sky130_fd_sc_hd__xnor2_2  0.121775  
    sky130_fd_sc_hd__xnor2_4  0.211497  
    sky130_fd_sc_hd__xnor3_1  0.154734  
    sky130_fd_sc_hd__xnor3_2  0.301218  
    sky130_fd_sc_hd__xnor3_4  0.554819  
    sky130_fd_sc_hd__xor2_1  0.076914  
    sky130_fd_sc_hd__xor2_2  0.130015  
    sky130_fd_sc_hd__xor2_4  0.219736  
    sky130_fd_sc_hd__xor3_1  0.151072  
    sky130_fd_sc_hd__xor3_2  0.285654  
    sky130_fd_sc_hd__xor3_4  0.506296  416  
# Cells in .lib with max_fanout: 0  
SDC max_cap: N/A  
SDC max_tran: N/A  
SDC max_fanout: N/A  
Default Ext. Scale Factor: 1.000  
Detail Ext. Scale Factor: 1.000  

==============================
Floorplan/Placement Information
==============================
Total area of Standard cells: 50128.077 um^2  
Total area of Standard cells(Subtracting Physical Cells): 50128.077 um^2  
Total area of Macros: 0.000 um^2  
Total area of Blockages: 0.000 um^2  
Total area of Pad cells: 0.000 um^2  
Total area of Core: 94520.966 um^2  
Total area of Chip: 107204.693 um^2  
Effective Utilization: 5.3152e-01  
Number of Cell Rows: 112  
% Pure Gate Density #1 (Subtracting BLOCKAGES): 53.034%  
% Pure Gate Density #2 (Subtracting BLOCKAGES and Physical Cells): 53.034%  
% Pure Gate Density #3 (Subtracting MACROS): 53.034%  
% Pure Gate Density #4 (Subtracting MACROS and Physical Cells): 53.034%  
% Pure Gate Density #5 (Subtracting MACROS and BLOCKAGES): 53.034%  
% Pure Gate Density #6 ((Unpreplaced Standard Inst + Unpreplaced Block Inst + Unpreplaced Black Blob Inst + Fixed Clock Inst Area) / (Free Site Area + Fixed Clock Inst Area) for insts are placed): 53.152%  
% Core Density (Counting Std Cells and MACROs): 53.034%  
% Core Density #2(Subtracting Physical Cells): 53.034%  
% Chip Density (Counting Std Cells and MACROs and IOs): 46.759%  
% Chip Density #2(Subtracting Physical Cells): 46.759%  
# Macros within 5 sites of IO pad: No  
Macro halo defined?: No  

==============================
Wire Length Distribution
==============================
Total li1 wire length: 10832.6400 um  
Total met1 wire length: 75182.2400 um  
Total met2 wire length: 88053.8050 um  
Total met3 wire length: 37797.9550 um  
Total met4 wire length: 38601.1000 um  
Total met5 wire length: 4405.9600 um  
Total wire length: 254873.7000 um  
Average wire length/net: 34.3218 um  
Area of Power Net Distribution: 
    ------------------------------
    Area of Power Net Distribution
    ------------------------------
    Layer Name  Area of Power Net  Routable Area  Percentage  
    li1  0.0000  94520.9656  0.0000%  
    met1  0.0000  94520.9656  0.0000%  
    met2  0.0000  94520.9656  0.0000%  
    met3  0.0000  94520.9656  0.0000%  
    met4  0.0000  94520.9656  0.0000%  
    met5  0.0000  94520.9656  0.0000%  For more information click here  
