###############################################################
#  Generated by:      Cadence Innovus 21.15-s110_1
#  OS:                Linux x86_64(Host ID vlsiece24.iitr.ac.in)
#  Generated on:      Thu Sep 24 16:23:18 2026
#  Design:            coprocessor
#  Command:           report_timing -path_type full_clock -late  -max_paths 10 > ./$RUN/timing_setup.rpt
###############################################################
Path 1: VIOLATED Setup Check with Pin result_r_reg[13]/CLK 
Endpoint:   result_r_reg[13]/D (v) checked with  leading edge of 'clk'
Beginpoint: in2_r_reg[2]/Q     (v) triggered by  leading edge of 'clk'
Path Groups: {clk}
Analysis View: VIEW_TYP
Other End Arrival Time          0.539
- Setup                         0.111
+ Phase Shift                   9.091
+ CPPR Adjustment               0.000
= Required Time                 9.518
- Arrival Time                  9.630
= Slack Time                   -0.112
     Clock Rise Edge                      0.000
     + Source Insertion Delay            -0.184
     = Beginpoint Arrival Time           -0.184
     Timing Path:
     +------------------------------------------------------------------------------------------------------------------------+ 
     |                   Instance                    |     Arc      |            Cell            | Delay | Arrival | Required | 
     |                                               |              |                            |       |  Time   |   Time   | 
     |-----------------------------------------------+--------------+----------------------------+-------+---------+----------| 
     |                                               | clk ^        |                            |       |  -0.184 |   -0.296 | 
     | CTS_ccl_a_inv_00003                           | A ^ -> Y v   | sky130_fd_sc_hd__clkinv_16 | 0.380 |   0.196 |    0.084 | 
     | CTS_ccl_a_inv_00001                           | A v -> Y ^   | sky130_fd_sc_hd__clkinv_16 | 0.155 |   0.351 |    0.239 | 
     | in2_r_reg[2]                                  | CLK ^ -> Q v | sky130_fd_sc_hd__sdfrtp_2  | 0.452 |   0.803 |    0.691 | 
     | g123467                                       | B v -> Y ^   | sky130_fd_sc_hd__nor2_2    | 0.121 |   0.924 |    0.812 | 
     | FE_RC_2110_0                                  | A ^ -> Y v   | sky130_fd_sc_hd__nand4_1   | 0.105 |   1.029 |    0.917 | 
     | g123393                                       | B v -> Y ^   | sky130_fd_sc_hd__nor2_2    | 0.153 |   1.182 |    1.070 | 
     | FE_RC_376_0                                   | A2 ^ -> Y v  | sky130_fd_sc_hd__o21ai_2   | 0.117 |   1.299 |    1.187 | 
     | FE_RC_310_0                                   | B v -> Y ^   | sky130_fd_sc_hd__nand2_4   | 0.144 |   1.443 |    1.331 | 
     | FE_OCPC1126_n_2798                            | A ^ -> X ^   | sky130_fd_sc_hd__buf_6     | 0.127 |   1.570 |    1.458 | 
     | g123246                                       | A1 ^ -> Y v  | sky130_fd_sc_hd__mux2i_1   | 0.061 |   1.631 |    1.519 | 
     | g123161                                       | B1 v -> Y ^  | sky130_fd_sc_hd__a21oi_1   | 0.116 |   1.747 |    1.635 | 
     | g123129                                       | B ^ -> Y v   | sky130_fd_sc_hd__nand2_1   | 0.086 |   1.833 |    1.721 | 
     | g123115                                       | A v -> Y ^   | sky130_fd_sc_hd__nand4_2   | 0.077 |   1.910 |    1.798 | 
     | g123111                                       | A ^ -> Y v   | sky130_fd_sc_hd__nand3_2   | 0.087 |   1.997 |    1.885 | 
     | FE_OFC25_n_2943                               | A v -> X v   | sky130_fd_sc_hd__buf_12    | 0.183 |   2.180 |    2.068 | 
     | FE_OFC472_FE_DBTN9_n_2943                     | A v -> Y ^   | sky130_fd_sc_hd__inv_12    | 0.086 |   2.266 |    2.153 | 
     | g123012                                       | A ^ -> Y v   | sky130_fd_sc_hd__nand2_2   | 0.062 |   2.327 |    2.215 | 
     | g123005                                       | A v -> Y ^   | sky130_fd_sc_hd__nand2_4   | 0.117 |   2.444 |    2.332 | 
     | g122972                                       | A ^ -> Y v   | sky130_fd_sc_hd__nand2_8   | 0.094 |   2.539 |    2.427 | 
     | FE_OCPC161_n_3009                             | A v -> X v   | sky130_fd_sc_hd__buf_12    | 0.184 |   2.723 |    2.611 | 
     | g122680                                       | B v -> Y ^   | sky130_fd_sc_hd__nand2_4   | 0.089 |   2.812 |    2.700 | 
     | FE_OFC1631_n_2304                             | A ^ -> X ^   | sky130_fd_sc_hd__buf_6     | 0.116 |   2.928 |    2.816 | 
     | FE_PSC2092_FE_OFN29661_n_2304                 | A ^ -> X ^   | sky130_fd_sc_hd__buf_6     | 0.783 |   3.711 |    3.599 | 
     | FE_PDC2090_FE_OFN29661_n_2304                 | A ^ -> X ^   | sky130_fd_sc_hd__buf_6     | 0.147 |   3.858 |    3.746 | 
     | FE_RC_545_0                                   | A1 ^ -> Y v  | sky130_fd_sc_hd__o21ai_4   | 0.115 |   3.973 |    3.860 | 
     | FE_RC_5_0                                     | C v -> Y ^   | sky130_fd_sc_hd__nor3_2    | 0.139 |   4.112 |    3.999 | 
     | FE_OFC1877_n_5007                             | A ^ -> Y v   | sky130_fd_sc_hd__inv_2     | 0.091 |   4.202 |    4.090 | 
     | FE_RC_127_0                                   | B v -> Y ^   | sky130_fd_sc_hd__nor2_2    | 0.096 |   4.298 |    4.186 | 
     | FE_RC_126_0                                   | C ^ -> Y v   | sky130_fd_sc_hd__nand3_2   | 0.098 |   4.396 |    4.283 | 
     | g118809__6260                                 | A v -> Y ^   | sky130_fd_sc_hd__nor2_4    | 0.128 |   4.523 |    4.411 | 
     | FE_RC_107_0                                   | A ^ -> Y v   | sky130_fd_sc_hd__nand3_2   | 0.149 |   4.672 |    4.560 | 
     | FE_PSBC2093_n_5119                            | A v -> Y ^   | sky130_fd_sc_hd__inv_2     | 0.068 |   4.740 |    4.628 | 
     | FE_PSBC2092_n_5119                            | A ^ -> Y v   | sky130_fd_sc_hd__inv_2     | 0.158 |   4.898 |    4.786 | 
     | g118779__8428                                 | A v -> Y ^   | sky130_fd_sc_hd__nand2_4   | 0.072 |   4.971 |    4.859 | 
     | FE_RC_16_0                                    | A ^ -> Y v   | sky130_fd_sc_hd__nand2_4   | 0.084 |   5.055 |    4.943 | 
     | FE_OCPC1058_alu_inst_n_29624                  | A v -> Y ^   | sky130_fd_sc_hd__inv_2     | 0.054 |   5.109 |    4.997 | 
     | alu_inst_muldiv_inst_mul_349_24_g5401         | A ^ -> X ^   | sky130_fd_sc_hd__and2_4    | 0.212 |   5.321 |    5.209 | 
     | alu_inst_muldiv_inst_mul_349_24_g5213         | A ^ -> Y v   | sky130_fd_sc_hd__nand2_4   | 0.061 |   5.382 |    5.269 | 
     | alu_inst_muldiv_inst_mul_349_24_g5184         | A v -> Y ^   | sky130_fd_sc_hd__nand2_2   | 0.065 |   5.447 |    5.334 | 
     | alu_inst_muldiv_inst_mul_349_24_cdnfadd_005_0 | B ^ -> SUM v | sky130_fd_sc_hd__fah_1     | 0.245 |   5.691 |    5.579 | 
     | alu_inst_muldiv_inst_mul_349_24_g5607         | A v -> X v   | sky130_fd_sc_hd__and2_1    | 0.152 |   5.843 |    5.731 | 
     | alu_inst_muldiv_inst_mul_349_24_g5006         | B1 v -> Y ^  | sky130_fd_sc_hd__a21oi_2   | 0.117 |   5.961 |    5.848 | 
     | FE_RC_903_0                                   | B ^ -> Y v   | sky130_fd_sc_hd__nor2_2    | 0.042 |   6.003 |    5.891 | 
     | FE_RC_902_0                                   | A v -> Y ^   | sky130_fd_sc_hd__nand2_1   | 0.064 |   6.066 |    5.954 | 
     | alu_inst_muldiv_inst_mul_349_24_g4978         | B ^ -> Y v   | sky130_fd_sc_hd__nand3_2   | 0.097 |   6.164 |    6.051 | 
     | FE_RC_125_0                                   | A v -> Y ^   | sky130_fd_sc_hd__nand3_4   | 0.099 |   6.262 |    6.150 | 
     | alu_inst_muldiv_inst_mul_349_24_g5618         | A_N ^ -> Y ^ | sky130_fd_sc_hd__nand2b_4  | 0.130 |   6.392 |    6.280 | 
     | alu_inst_muldiv_inst_mul_349_24_g4932         | A ^ -> Y v   | sky130_fd_sc_hd__nand2_2   | 0.054 |   6.446 |    6.334 | 
     | alu_inst_muldiv_inst_mul_349_24_g4918         | B v -> Y ^   | sky130_fd_sc_hd__nor2_4    | 0.121 |   6.567 |    6.455 | 
     | alu_inst_muldiv_inst_mul_349_24_g4832         | B ^ -> Y v   | sky130_fd_sc_hd__nor2_4    | 0.048 |   6.615 |    6.503 | 
     | FE_RC_2103_0                                  | A v -> Y ^   | sky130_fd_sc_hd__nand3_2   | 0.062 |   6.677 |    6.565 | 
     | FE_RC_1649_0                                  | A ^ -> Y v   | sky130_fd_sc_hd__nand4_2   | 0.076 |   6.754 |    6.641 | 
     | FE_RC_23_0                                    | A v -> Y ^   | sky130_fd_sc_hd__inv_2     | 0.082 |   6.835 |    6.723 | 
     | alu_inst_muldiv_inst_mul_349_24_g4797         | A ^ -> Y v   | sky130_fd_sc_hd__nand2_4   | 0.079 |   6.915 |    6.802 | 
     | FE_RC_12_0                                    | A v -> Y ^   | sky130_fd_sc_hd__nand2_2   | 0.069 |   6.983 |    6.871 | 
     | FE_RC_11_0                                    | B1 ^ -> Y v  | sky130_fd_sc_hd__o21ai_2   | 0.063 |   7.046 |    6.934 | 
     | FE_RC_2001_0                                  | A v -> Y ^   | sky130_fd_sc_hd__nand2_1   | 0.073 |   7.119 |    7.007 | 
     | FE_RC_2000_0                                  | A ^ -> Y v   | sky130_fd_sc_hd__nand2_2   | 0.054 |   7.173 |    7.061 | 
     | g95984_dup                                    | A v -> Y ^   | sky130_fd_sc_hd__nand2_2   | 0.055 |   7.228 |    7.116 | 
     | g95980                                        | A ^ -> Y v   | sky130_fd_sc_hd__nand2_2   | 0.048 |   7.276 |    7.164 | 
     | g95835                                        | A v -> Y ^   | sky130_fd_sc_hd__nand2_2   | 0.072 |   7.347 |    7.235 | 
     | g95817                                        | A ^ -> Y v   | sky130_fd_sc_hd__nand2_4   | 0.068 |   7.415 |    7.303 | 
     | g95721                                        | A v -> Y ^   | sky130_fd_sc_hd__nand2_4   | 0.074 |   7.489 |    7.376 | 
     | FE_RC_952_0                                   | A ^ -> Y v   | sky130_fd_sc_hd__nand2_4   | 0.047 |   7.536 |    7.424 | 
     | FE_OCPC83_n_949                               | A v -> X v   | sky130_fd_sc_hd__clkbuf_1  | 0.113 |   7.648 |    7.536 | 
     | FE_RC_2062_0                                  | A2 v -> Y ^  | sky130_fd_sc_hd__o21ai_4   | 0.164 |   7.813 |    7.701 | 
     | FE_OFC1818_n_1038                             | A ^ -> Y v   | sky130_fd_sc_hd__inv_2     | 0.055 |   7.868 |    7.755 | 
     | g95537                                        | A v -> Y ^   | sky130_fd_sc_hd__nand2_2   | 0.069 |   7.936 |    7.824 | 
     | g95529                                        | A ^ -> Y v   | sky130_fd_sc_hd__nand2_4   | 0.110 |   8.046 |    7.934 | 
     | g95475                                        | A v -> Y ^   | sky130_fd_sc_hd__inv_12    | 0.132 |   8.178 |    8.066 | 
     | g97023                                        | B_N ^ -> X v | sky130_fd_sc_hd__or2b_1    | 0.245 |   8.423 |    8.310 | 
     | FE_RC_964_0                                   | A v -> Y ^   | sky130_fd_sc_hd__nand2_1   | 0.073 |   8.496 |    8.384 | 
     | FE_RC_963_0                                   | A ^ -> Y v   | sky130_fd_sc_hd__nand2_1   | 0.065 |   8.561 |    8.449 | 
     | FE_RC_1653_0                                  | B v -> Y ^   | sky130_fd_sc_hd__nand2_2   | 0.109 |   8.670 |    8.558 | 
     | FE_RC_20_0                                    | B ^ -> Y v   | sky130_fd_sc_hd__nor2_4    | 0.043 |   8.713 |    8.601 | 
     | FE_RC_2086_0                                  | A v -> Y ^   | sky130_fd_sc_hd__nand3_2   | 0.049 |   8.762 |    8.650 | 
     | FE_OFC1802_FE_RN_1031_0                       | A ^ -> Y v   | sky130_fd_sc_hd__clkinv_1  | 0.064 |   8.826 |    8.714 | 
     | FE_RC_2046_0                                  | A v -> Y ^   | sky130_fd_sc_hd__nand3_2   | 0.081 |   8.907 |    8.795 | 
     | FE_OFC1797_FE_RN_100_0                        | A ^ -> Y v   | sky130_fd_sc_hd__clkinv_4  | 0.088 |   8.994 |    8.882 | 
     | FE_RC_1705_0                                  | A v -> Y ^   | sky130_fd_sc_hd__nand3_2   | 0.085 |   9.080 |    8.967 | 
     | FE_OFC1795_FE_RN_16                           | A ^ -> Y v   | sky130_fd_sc_hd__clkinv_2  | 0.054 |   9.133 |    9.021 | 
     | FE_RC_2085_0                                  | A v -> Y ^   | sky130_fd_sc_hd__nand3_2   | 0.064 |   9.198 |    9.085 | 
     | FE_OFC1792_n_1620                             | A ^ -> Y v   | sky130_fd_sc_hd__inv_2     | 0.038 |   9.235 |    9.123 | 
     | g94884                                        | A1 v -> Y ^  | sky130_fd_sc_hd__a21oi_2   | 0.116 |   9.352 |    9.240 | 
     | g94874                                        | A2 ^ -> Y v  | sky130_fd_sc_hd__o21ai_2   | 0.099 |   9.451 |    9.338 | 
     | g94372                                        | A v -> Y ^   | sky130_fd_sc_hd__nor2_2    | 0.119 |   9.570 |    9.458 | 
     | FE_RC_1290_0                                  | A2 ^ -> Y v  | sky130_fd_sc_hd__o21ai_1   | 0.060 |   9.630 |    9.518 | 
     | result_r_reg[13]                              | D v          | sky130_fd_sc_hd__dfrtp_1   | 0.000 |   9.630 |    9.518 | 
     +------------------------------------------------------------------------------------------------------------------------+ 
     Clock Rise Edge                      0.000
     = Beginpoint Arrival Time            0.000
     Other End Path:
     +--------------------------------------------------------------------------------------------+ 
     |      Instance       |    Arc     |            Cell            | Delay | Arrival | Required | 
     |                     |            |                            |       |  Time   |   Time   | 
     |---------------------+------------+----------------------------+-------+---------+----------| 
     |                     | clk ^      |                            |       |   0.000 |    0.112 | 
     | CTS_ccl_a_inv_00003 | A ^ -> Y v | sky130_fd_sc_hd__clkinv_16 | 0.380 |   0.380 |    0.492 | 
     | CTS_ccl_a_inv_00002 | A v -> Y ^ | sky130_fd_sc_hd__clkinv_16 | 0.156 |   0.535 |    0.648 | 
     | result_r_reg[13]    | CLK ^      | sky130_fd_sc_hd__dfrtp_1   | 0.003 |   0.539 |    0.651 | 
     +--------------------------------------------------------------------------------------------+ 
Path 2: VIOLATED Setup Check with Pin result_r_reg[10]/CLK 
Endpoint:   result_r_reg[10]/D (v) checked with  leading edge of 'clk'
Beginpoint: in2_r_reg[2]/Q     (v) triggered by  leading edge of 'clk'
Path Groups: {clk}
Analysis View: VIEW_TYP
Other End Arrival Time          0.539
- Setup                         0.105
+ Phase Shift                   9.091
+ CPPR Adjustment               0.000
= Required Time                 9.525
- Arrival Time                  9.636
= Slack Time                   -0.112
     Clock Rise Edge                      0.000
     + Source Insertion Delay            -0.184
     = Beginpoint Arrival Time           -0.184
     Timing Path:
     +------------------------------------------------------------------------------------------------------------------------+ 
     |                   Instance                    |     Arc      |            Cell            | Delay | Arrival | Required | 
     |                                               |              |                            |       |  Time   |   Time   | 
     |-----------------------------------------------+--------------+----------------------------+-------+---------+----------| 
     |                                               | clk ^        |                            |       |  -0.184 |   -0.295 | 
     | CTS_ccl_a_inv_00003                           | A ^ -> Y v   | sky130_fd_sc_hd__clkinv_16 | 0.380 |   0.196 |    0.084 | 
     | CTS_ccl_a_inv_00001                           | A v -> Y ^   | sky130_fd_sc_hd__clkinv_16 | 0.155 |   0.351 |    0.240 | 
     | in2_r_reg[2]                                  | CLK ^ -> Q v | sky130_fd_sc_hd__sdfrtp_2  | 0.452 |   0.803 |    0.692 | 
     | g123467                                       | B v -> Y ^   | sky130_fd_sc_hd__nor2_2    | 0.121 |   0.924 |    0.813 | 
     | FE_RC_2110_0                                  | A ^ -> Y v   | sky130_fd_sc_hd__nand4_1   | 0.105 |   1.029 |    0.918 | 
     | g123393                                       | B v -> Y ^   | sky130_fd_sc_hd__nor2_2    | 0.153 |   1.182 |    1.070 | 
     | FE_RC_376_0                                   | A2 ^ -> Y v  | sky130_fd_sc_hd__o21ai_2   | 0.117 |   1.299 |    1.188 | 
     | FE_RC_310_0                                   | B v -> Y ^   | sky130_fd_sc_hd__nand2_4   | 0.144 |   1.443 |    1.332 | 
     | FE_OCPC1126_n_2798                            | A ^ -> X ^   | sky130_fd_sc_hd__buf_6     | 0.127 |   1.570 |    1.459 | 
     | g123246                                       | A1 ^ -> Y v  | sky130_fd_sc_hd__mux2i_1   | 0.061 |   1.631 |    1.519 | 
     | g123161                                       | B1 v -> Y ^  | sky130_fd_sc_hd__a21oi_1   | 0.116 |   1.747 |    1.636 | 
     | g123129                                       | B ^ -> Y v   | sky130_fd_sc_hd__nand2_1   | 0.086 |   1.833 |    1.721 | 
     | g123115                                       | A v -> Y ^   | sky130_fd_sc_hd__nand4_2   | 0.077 |   1.910 |    1.799 | 
     | g123111                                       | A ^ -> Y v   | sky130_fd_sc_hd__nand3_2   | 0.087 |   1.997 |    1.886 | 
     | FE_OFC25_n_2943                               | A v -> X v   | sky130_fd_sc_hd__buf_12    | 0.183 |   2.180 |    2.068 | 
     | FE_OFC472_FE_DBTN9_n_2943                     | A v -> Y ^   | sky130_fd_sc_hd__inv_12    | 0.086 |   2.266 |    2.154 | 
     | g123012                                       | A ^ -> Y v   | sky130_fd_sc_hd__nand2_2   | 0.062 |   2.327 |    2.216 | 
     | g123005                                       | A v -> Y ^   | sky130_fd_sc_hd__nand2_4   | 0.117 |   2.444 |    2.333 | 
     | g122972                                       | A ^ -> Y v   | sky130_fd_sc_hd__nand2_8   | 0.094 |   2.539 |    2.427 | 
     | FE_OCPC161_n_3009                             | A v -> X v   | sky130_fd_sc_hd__buf_12    | 0.184 |   2.723 |    2.612 | 
     | g122680                                       | B v -> Y ^   | sky130_fd_sc_hd__nand2_4   | 0.089 |   2.812 |    2.701 | 
     | FE_OFC1631_n_2304                             | A ^ -> X ^   | sky130_fd_sc_hd__buf_6     | 0.116 |   2.928 |    2.817 | 
     | FE_PSC2092_FE_OFN29661_n_2304                 | A ^ -> X ^   | sky130_fd_sc_hd__buf_6     | 0.783 |   3.711 |    3.600 | 
     | FE_PDC2090_FE_OFN29661_n_2304                 | A ^ -> X ^   | sky130_fd_sc_hd__buf_6     | 0.147 |   3.858 |    3.746 | 
     | FE_RC_545_0                                   | A1 ^ -> Y v  | sky130_fd_sc_hd__o21ai_4   | 0.115 |   3.973 |    3.861 | 
     | FE_RC_5_0                                     | C v -> Y ^   | sky130_fd_sc_hd__nor3_2    | 0.139 |   4.112 |    4.000 | 
     | FE_OFC1877_n_5007                             | A ^ -> Y v   | sky130_fd_sc_hd__inv_2     | 0.091 |   4.202 |    4.091 | 
     | FE_RC_127_0                                   | B v -> Y ^   | sky130_fd_sc_hd__nor2_2    | 0.096 |   4.298 |    4.186 | 
     | FE_RC_126_0                                   | C ^ -> Y v   | sky130_fd_sc_hd__nand3_2   | 0.098 |   4.396 |    4.284 | 
     | g118809__6260                                 | A v -> Y ^   | sky130_fd_sc_hd__nor2_4    | 0.128 |   4.523 |    4.412 | 
     | FE_RC_107_0                                   | A ^ -> Y v   | sky130_fd_sc_hd__nand3_2   | 0.149 |   4.672 |    4.561 | 
     | FE_PSBC2093_n_5119                            | A v -> Y ^   | sky130_fd_sc_hd__inv_2     | 0.068 |   4.740 |    4.629 | 
     | FE_PSBC2092_n_5119                            | A ^ -> Y v   | sky130_fd_sc_hd__inv_2     | 0.158 |   4.898 |    4.787 | 
     | g118779__8428                                 | A v -> Y ^   | sky130_fd_sc_hd__nand2_4   | 0.072 |   4.971 |    4.859 | 
     | FE_RC_16_0                                    | A ^ -> Y v   | sky130_fd_sc_hd__nand2_4   | 0.084 |   5.055 |    4.943 | 
     | FE_OCPC1058_alu_inst_n_29624                  | A v -> Y ^   | sky130_fd_sc_hd__inv_2     | 0.054 |   5.109 |    4.997 | 
     | alu_inst_muldiv_inst_mul_349_24_g5401         | A ^ -> X ^   | sky130_fd_sc_hd__and2_4    | 0.212 |   5.321 |    5.209 | 
     | alu_inst_muldiv_inst_mul_349_24_g5213         | A ^ -> Y v   | sky130_fd_sc_hd__nand2_4   | 0.061 |   5.382 |    5.270 | 
     | alu_inst_muldiv_inst_mul_349_24_g5184         | A v -> Y ^   | sky130_fd_sc_hd__nand2_2   | 0.065 |   5.447 |    5.335 | 
     | alu_inst_muldiv_inst_mul_349_24_cdnfadd_005_0 | B ^ -> SUM v | sky130_fd_sc_hd__fah_1     | 0.245 |   5.691 |    5.580 | 
     | alu_inst_muldiv_inst_mul_349_24_g5607         | A v -> X v   | sky130_fd_sc_hd__and2_1    | 0.152 |   5.843 |    5.732 | 
     | alu_inst_muldiv_inst_mul_349_24_g5006         | B1 v -> Y ^  | sky130_fd_sc_hd__a21oi_2   | 0.117 |   5.961 |    5.849 | 
     | FE_RC_903_0                                   | B ^ -> Y v   | sky130_fd_sc_hd__nor2_2    | 0.042 |   6.003 |    5.891 | 
     | FE_RC_902_0                                   | A v -> Y ^   | sky130_fd_sc_hd__nand2_1   | 0.064 |   6.066 |    5.955 | 
     | alu_inst_muldiv_inst_mul_349_24_g4978         | B ^ -> Y v   | sky130_fd_sc_hd__nand3_2   | 0.097 |   6.164 |    6.052 | 
     | FE_RC_125_0                                   | A v -> Y ^   | sky130_fd_sc_hd__nand3_4   | 0.099 |   6.262 |    6.151 | 
     | alu_inst_muldiv_inst_mul_349_24_g5618         | A_N ^ -> Y ^ | sky130_fd_sc_hd__nand2b_4  | 0.130 |   6.392 |    6.281 | 
     | alu_inst_muldiv_inst_mul_349_24_g4932         | A ^ -> Y v   | sky130_fd_sc_hd__nand2_2   | 0.054 |   6.446 |    6.335 | 
     | alu_inst_muldiv_inst_mul_349_24_g4918         | B v -> Y ^   | sky130_fd_sc_hd__nor2_4    | 0.121 |   6.567 |    6.456 | 
     | alu_inst_muldiv_inst_mul_349_24_g4832         | B ^ -> Y v   | sky130_fd_sc_hd__nor2_4    | 0.048 |   6.615 |    6.503 | 
     | FE_RC_2103_0                                  | A v -> Y ^   | sky130_fd_sc_hd__nand3_2   | 0.062 |   6.677 |    6.566 | 
     | FE_RC_1649_0                                  | A ^ -> Y v   | sky130_fd_sc_hd__nand4_2   | 0.076 |   6.754 |    6.642 | 
     | FE_RC_23_0                                    | A v -> Y ^   | sky130_fd_sc_hd__inv_2     | 0.082 |   6.835 |    6.724 | 
     | alu_inst_muldiv_inst_mul_349_24_g4797         | A ^ -> Y v   | sky130_fd_sc_hd__nand2_4   | 0.079 |   6.915 |    6.803 | 
     | FE_RC_12_0                                    | A v -> Y ^   | sky130_fd_sc_hd__nand2_2   | 0.069 |   6.983 |    6.872 | 
     | FE_RC_11_0                                    | B1 ^ -> Y v  | sky130_fd_sc_hd__o21ai_2   | 0.063 |   7.046 |    6.935 | 
     | FE_RC_2001_0                                  | A v -> Y ^   | sky130_fd_sc_hd__nand2_1   | 0.073 |   7.119 |    7.007 | 
     | FE_RC_2000_0                                  | A ^ -> Y v   | sky130_fd_sc_hd__nand2_2   | 0.054 |   7.173 |    7.061 | 
     | g95984_dup                                    | A v -> Y ^   | sky130_fd_sc_hd__nand2_2   | 0.055 |   7.228 |    7.117 | 
     | g95980                                        | A ^ -> Y v   | sky130_fd_sc_hd__nand2_2   | 0.048 |   7.276 |    7.164 | 
     | g95835                                        | A v -> Y ^   | sky130_fd_sc_hd__nand2_2   | 0.072 |   7.347 |    7.236 | 
     | g95817                                        | A ^ -> Y v   | sky130_fd_sc_hd__nand2_4   | 0.068 |   7.415 |    7.303 | 
     | g95721                                        | A v -> Y ^   | sky130_fd_sc_hd__nand2_4   | 0.074 |   7.489 |    7.377 | 
     | FE_RC_952_0                                   | A ^ -> Y v   | sky130_fd_sc_hd__nand2_4   | 0.047 |   7.536 |    7.424 | 
     | FE_OCPC83_n_949                               | A v -> X v   | sky130_fd_sc_hd__clkbuf_1  | 0.113 |   7.648 |    7.537 | 
     | FE_RC_2062_0                                  | A2 v -> Y ^  | sky130_fd_sc_hd__o21ai_4   | 0.164 |   7.813 |    7.701 | 
     | FE_OFC1818_n_1038                             | A ^ -> Y v   | sky130_fd_sc_hd__inv_2     | 0.055 |   7.868 |    7.756 | 
     | g95537                                        | A v -> Y ^   | sky130_fd_sc_hd__nand2_2   | 0.069 |   7.936 |    7.825 | 
     | g95529                                        | A ^ -> Y v   | sky130_fd_sc_hd__nand2_4   | 0.110 |   8.046 |    7.934 | 
     | g95475                                        | A v -> Y ^   | sky130_fd_sc_hd__inv_12    | 0.132 |   8.178 |    8.066 | 
     | g97023                                        | B_N ^ -> X v | sky130_fd_sc_hd__or2b_1    | 0.245 |   8.423 |    8.311 | 
     | FE_RC_964_0                                   | A v -> Y ^   | sky130_fd_sc_hd__nand2_1   | 0.073 |   8.496 |    8.385 | 
     | FE_RC_963_0                                   | A ^ -> Y v   | sky130_fd_sc_hd__nand2_1   | 0.065 |   8.561 |    8.450 | 
     | FE_RC_1653_0                                  | B v -> Y ^   | sky130_fd_sc_hd__nand2_2   | 0.109 |   8.670 |    8.559 | 
     | FE_RC_20_0                                    | B ^ -> Y v   | sky130_fd_sc_hd__nor2_4    | 0.043 |   8.713 |    8.602 | 
     | FE_RC_2086_0                                  | A v -> Y ^   | sky130_fd_sc_hd__nand3_2   | 0.049 |   8.762 |    8.650 | 
     | FE_OFC1802_FE_RN_1031_0                       | A ^ -> Y v   | sky130_fd_sc_hd__clkinv_1  | 0.064 |   8.826 |    8.715 | 
     | FE_RC_2046_0                                  | A v -> Y ^   | sky130_fd_sc_hd__nand3_2   | 0.081 |   8.907 |    8.795 | 
     | FE_OFC1797_FE_RN_100_0                        | A ^ -> Y v   | sky130_fd_sc_hd__clkinv_4  | 0.088 |   8.994 |    8.883 | 
     | g95108                                        | A v -> Y ^   | sky130_fd_sc_hd__nand2_4   | 0.074 |   9.068 |    8.957 | 
     | g95005                                        | B ^ -> Y v   | sky130_fd_sc_hd__nor2_2    | 0.039 |   9.107 |    8.996 | 
     | FE_RC_1908_0                                  | A1 v -> Y ^  | sky130_fd_sc_hd__a21oi_1   | 0.146 |   9.254 |    9.142 | 
     | FE_RC_2054_0                                  | A2 ^ -> Y v  | sky130_fd_sc_hd__o211ai_2  | 0.162 |   9.415 |    9.304 | 
     | FE_RC_1906_0                                  | B1 v -> Y ^  | sky130_fd_sc_hd__a21oi_4   | 0.163 |   9.578 |    9.467 | 
     | FE_RC_1905_0                                  | A2 ^ -> Y v  | sky130_fd_sc_hd__o21ai_2   | 0.058 |   9.636 |    9.525 | 
     | result_r_reg[10]                              | D v          | sky130_fd_sc_hd__dfrtp_1   | 0.000 |   9.636 |    9.525 | 
     +------------------------------------------------------------------------------------------------------------------------+ 
     Clock Rise Edge                      0.000
     = Beginpoint Arrival Time            0.000
     Other End Path:
     +--------------------------------------------------------------------------------------------+ 
     |      Instance       |    Arc     |            Cell            | Delay | Arrival | Required | 
     |                     |            |                            |       |  Time   |   Time   | 
     |---------------------+------------+----------------------------+-------+---------+----------| 
     |                     | clk ^      |                            |       |   0.000 |    0.112 | 
     | CTS_ccl_a_inv_00003 | A ^ -> Y v | sky130_fd_sc_hd__clkinv_16 | 0.380 |   0.380 |    0.491 | 
     | CTS_ccl_a_inv_00002 | A v -> Y ^ | sky130_fd_sc_hd__clkinv_16 | 0.156 |   0.535 |    0.647 | 
     | result_r_reg[10]    | CLK ^      | sky130_fd_sc_hd__dfrtp_1   | 0.003 |   0.539 |    0.650 | 
     +--------------------------------------------------------------------------------------------+ 
Path 3: VIOLATED Setup Check with Pin result_r_reg[12]/CLK 
Endpoint:   result_r_reg[12]/D (v) checked with  leading edge of 'clk'
Beginpoint: in2_r_reg[2]/Q     (v) triggered by  leading edge of 'clk'
Path Groups: {clk}
Analysis View: VIEW_TYP
Other End Arrival Time          0.538
- Setup                         0.105
+ Phase Shift                   9.091
+ CPPR Adjustment               0.000
= Required Time                 9.524
- Arrival Time                  9.625
= Slack Time                   -0.101
     Clock Rise Edge                      0.000
     + Source Insertion Delay            -0.184
     = Beginpoint Arrival Time           -0.184
     Timing Path:
     +------------------------------------------------------------------------------------------------------------------------+ 
     |                   Instance                    |     Arc      |            Cell            | Delay | Arrival | Required | 
     |                                               |              |                            |       |  Time   |   Time   | 
     |-----------------------------------------------+--------------+----------------------------+-------+---------+----------| 
     |                                               | clk ^        |                            |       |  -0.184 |   -0.284 | 
     | CTS_ccl_a_inv_00003                           | A ^ -> Y v   | sky130_fd_sc_hd__clkinv_16 | 0.380 |   0.196 |    0.095 | 
     | CTS_ccl_a_inv_00001                           | A v -> Y ^   | sky130_fd_sc_hd__clkinv_16 | 0.155 |   0.351 |    0.251 | 
     | in2_r_reg[2]                                  | CLK ^ -> Q v | sky130_fd_sc_hd__sdfrtp_2  | 0.452 |   0.803 |    0.703 | 
     | g123467                                       | B v -> Y ^   | sky130_fd_sc_hd__nor2_2    | 0.121 |   0.924 |    0.824 | 
     | FE_RC_2110_0                                  | A ^ -> Y v   | sky130_fd_sc_hd__nand4_1   | 0.105 |   1.029 |    0.929 | 
     | g123393                                       | B v -> Y ^   | sky130_fd_sc_hd__nor2_2    | 0.153 |   1.182 |    1.081 | 
     | FE_RC_376_0                                   | A2 ^ -> Y v  | sky130_fd_sc_hd__o21ai_2   | 0.117 |   1.299 |    1.198 | 
     | FE_RC_310_0                                   | B v -> Y ^   | sky130_fd_sc_hd__nand2_4   | 0.144 |   1.443 |    1.343 | 
     | FE_OCPC1126_n_2798                            | A ^ -> X ^   | sky130_fd_sc_hd__buf_6     | 0.127 |   1.570 |    1.470 | 
     | g123246                                       | A1 ^ -> Y v  | sky130_fd_sc_hd__mux2i_1   | 0.061 |   1.631 |    1.530 | 
     | g123161                                       | B1 v -> Y ^  | sky130_fd_sc_hd__a21oi_1   | 0.116 |   1.747 |    1.646 | 
     | g123129                                       | B ^ -> Y v   | sky130_fd_sc_hd__nand2_1   | 0.086 |   1.833 |    1.732 | 
     | g123115                                       | A v -> Y ^   | sky130_fd_sc_hd__nand4_2   | 0.077 |   1.910 |    1.809 | 
     | g123111                                       | A ^ -> Y v   | sky130_fd_sc_hd__nand3_2   | 0.087 |   1.997 |    1.896 | 
     | FE_OFC25_n_2943                               | A v -> X v   | sky130_fd_sc_hd__buf_12    | 0.183 |   2.180 |    2.079 | 
     | FE_OFC472_FE_DBTN9_n_2943                     | A v -> Y ^   | sky130_fd_sc_hd__inv_12    | 0.086 |   2.266 |    2.165 | 
     | g123012                                       | A ^ -> Y v   | sky130_fd_sc_hd__nand2_2   | 0.062 |   2.327 |    2.227 | 
     | g123005                                       | A v -> Y ^   | sky130_fd_sc_hd__nand2_4   | 0.117 |   2.444 |    2.344 | 
     | g122972                                       | A ^ -> Y v   | sky130_fd_sc_hd__nand2_8   | 0.094 |   2.539 |    2.438 | 
     | FE_OCPC161_n_3009                             | A v -> X v   | sky130_fd_sc_hd__buf_12    | 0.184 |   2.723 |    2.622 | 
     | g122680                                       | B v -> Y ^   | sky130_fd_sc_hd__nand2_4   | 0.089 |   2.812 |    2.711 | 
     | FE_OFC1631_n_2304                             | A ^ -> X ^   | sky130_fd_sc_hd__buf_6     | 0.116 |   2.928 |    2.827 | 
     | FE_PSC2092_FE_OFN29661_n_2304                 | A ^ -> X ^   | sky130_fd_sc_hd__buf_6     | 0.783 |   3.711 |    3.610 | 
     | FE_PDC2090_FE_OFN29661_n_2304                 | A ^ -> X ^   | sky130_fd_sc_hd__buf_6     | 0.147 |   3.858 |    3.757 | 
     | FE_RC_545_0                                   | A1 ^ -> Y v  | sky130_fd_sc_hd__o21ai_4   | 0.115 |   3.973 |    3.872 | 
     | FE_RC_5_0                                     | C v -> Y ^   | sky130_fd_sc_hd__nor3_2    | 0.139 |   4.112 |    4.011 | 
     | FE_OFC1877_n_5007                             | A ^ -> Y v   | sky130_fd_sc_hd__inv_2     | 0.091 |   4.202 |    4.102 | 
     | FE_RC_127_0                                   | B v -> Y ^   | sky130_fd_sc_hd__nor2_2    | 0.096 |   4.298 |    4.197 | 
     | FE_RC_126_0                                   | C ^ -> Y v   | sky130_fd_sc_hd__nand3_2   | 0.098 |   4.396 |    4.295 | 
     | g118809__6260                                 | A v -> Y ^   | sky130_fd_sc_hd__nor2_4    | 0.128 |   4.523 |    4.423 | 
     | FE_RC_107_0                                   | A ^ -> Y v   | sky130_fd_sc_hd__nand3_2   | 0.149 |   4.672 |    4.572 | 
     | FE_PSBC2093_n_5119                            | A v -> Y ^   | sky130_fd_sc_hd__inv_2     | 0.068 |   4.740 |    4.640 | 
     | FE_PSBC2092_n_5119                            | A ^ -> Y v   | sky130_fd_sc_hd__inv_2     | 0.158 |   4.898 |    4.798 | 
     | g118779__8428                                 | A v -> Y ^   | sky130_fd_sc_hd__nand2_4   | 0.072 |   4.971 |    4.870 | 
     | FE_RC_16_0                                    | A ^ -> Y v   | sky130_fd_sc_hd__nand2_4   | 0.084 |   5.055 |    4.954 | 
     | FE_OCPC1058_alu_inst_n_29624                  | A v -> Y ^   | sky130_fd_sc_hd__inv_2     | 0.054 |   5.109 |    5.008 | 
     | alu_inst_muldiv_inst_mul_349_24_g5401         | A ^ -> X ^   | sky130_fd_sc_hd__and2_4    | 0.212 |   5.321 |    5.220 | 
     | alu_inst_muldiv_inst_mul_349_24_g5213         | A ^ -> Y v   | sky130_fd_sc_hd__nand2_4   | 0.061 |   5.382 |    5.281 | 
     | alu_inst_muldiv_inst_mul_349_24_g5184         | A v -> Y ^   | sky130_fd_sc_hd__nand2_2   | 0.065 |   5.447 |    5.346 | 
     | alu_inst_muldiv_inst_mul_349_24_cdnfadd_005_0 | B ^ -> SUM v | sky130_fd_sc_hd__fah_1     | 0.245 |   5.691 |    5.591 | 
     | alu_inst_muldiv_inst_mul_349_24_g5607         | A v -> X v   | sky130_fd_sc_hd__and2_1    | 0.152 |   5.843 |    5.743 | 
     | alu_inst_muldiv_inst_mul_349_24_g5006         | B1 v -> Y ^  | sky130_fd_sc_hd__a21oi_2   | 0.117 |   5.961 |    5.860 | 
     | FE_RC_903_0                                   | B ^ -> Y v   | sky130_fd_sc_hd__nor2_2    | 0.042 |   6.003 |    5.902 | 
     | FE_RC_902_0                                   | A v -> Y ^   | sky130_fd_sc_hd__nand2_1   | 0.064 |   6.066 |    5.966 | 
     | alu_inst_muldiv_inst_mul_349_24_g4978         | B ^ -> Y v   | sky130_fd_sc_hd__nand3_2   | 0.097 |   6.164 |    6.063 | 
     | FE_RC_125_0                                   | A v -> Y ^   | sky130_fd_sc_hd__nand3_4   | 0.099 |   6.262 |    6.162 | 
     | alu_inst_muldiv_inst_mul_349_24_g5618         | A_N ^ -> Y ^ | sky130_fd_sc_hd__nand2b_4  | 0.130 |   6.392 |    6.292 | 
     | alu_inst_muldiv_inst_mul_349_24_g4932         | A ^ -> Y v   | sky130_fd_sc_hd__nand2_2   | 0.054 |   6.446 |    6.346 | 
     | alu_inst_muldiv_inst_mul_349_24_g4918         | B v -> Y ^   | sky130_fd_sc_hd__nor2_4    | 0.121 |   6.567 |    6.467 | 
     | alu_inst_muldiv_inst_mul_349_24_g4832         | B ^ -> Y v   | sky130_fd_sc_hd__nor2_4    | 0.048 |   6.615 |    6.514 | 
     | FE_RC_2103_0                                  | A v -> Y ^   | sky130_fd_sc_hd__nand3_2   | 0.062 |   6.677 |    6.576 | 
     | FE_RC_1649_0                                  | A ^ -> Y v   | sky130_fd_sc_hd__nand4_2   | 0.076 |   6.754 |    6.653 | 
     | FE_RC_23_0                                    | A v -> Y ^   | sky130_fd_sc_hd__inv_2     | 0.082 |   6.835 |    6.735 | 
     | alu_inst_muldiv_inst_mul_349_24_g4797         | A ^ -> Y v   | sky130_fd_sc_hd__nand2_4   | 0.079 |   6.915 |    6.814 | 
     | FE_RC_12_0                                    | A v -> Y ^   | sky130_fd_sc_hd__nand2_2   | 0.069 |   6.983 |    6.882 | 
     | FE_RC_11_0                                    | B1 ^ -> Y v  | sky130_fd_sc_hd__o21ai_2   | 0.063 |   7.046 |    6.946 | 
     | FE_RC_2001_0                                  | A v -> Y ^   | sky130_fd_sc_hd__nand2_1   | 0.073 |   7.119 |    7.018 | 
     | FE_RC_2000_0                                  | A ^ -> Y v   | sky130_fd_sc_hd__nand2_2   | 0.054 |   7.173 |    7.072 | 
     | g95984_dup                                    | A v -> Y ^   | sky130_fd_sc_hd__nand2_2   | 0.055 |   7.228 |    7.127 | 
     | g95980                                        | A ^ -> Y v   | sky130_fd_sc_hd__nand2_2   | 0.048 |   7.276 |    7.175 | 
     | g95835                                        | A v -> Y ^   | sky130_fd_sc_hd__nand2_2   | 0.072 |   7.347 |    7.247 | 
     | g95817                                        | A ^ -> Y v   | sky130_fd_sc_hd__nand2_4   | 0.068 |   7.415 |    7.314 | 
     | g95721                                        | A v -> Y ^   | sky130_fd_sc_hd__nand2_4   | 0.074 |   7.489 |    7.388 | 
     | FE_RC_952_0                                   | A ^ -> Y v   | sky130_fd_sc_hd__nand2_4   | 0.047 |   7.536 |    7.435 | 
     | FE_OCPC83_n_949                               | A v -> X v   | sky130_fd_sc_hd__clkbuf_1  | 0.113 |   7.648 |    7.548 | 
     | FE_RC_2062_0                                  | A2 v -> Y ^  | sky130_fd_sc_hd__o21ai_4   | 0.164 |   7.813 |    7.712 | 
     | FE_OFC1818_n_1038                             | A ^ -> Y v   | sky130_fd_sc_hd__inv_2     | 0.055 |   7.868 |    7.767 | 
     | g95537                                        | A v -> Y ^   | sky130_fd_sc_hd__nand2_2   | 0.069 |   7.936 |    7.836 | 
     | g95529                                        | A ^ -> Y v   | sky130_fd_sc_hd__nand2_4   | 0.110 |   8.046 |    7.945 | 
     | g95475                                        | A v -> Y ^   | sky130_fd_sc_hd__inv_12    | 0.132 |   8.178 |    8.077 | 
     | g97023                                        | B_N ^ -> X v | sky130_fd_sc_hd__or2b_1    | 0.245 |   8.423 |    8.322 | 
     | FE_RC_964_0                                   | A v -> Y ^   | sky130_fd_sc_hd__nand2_1   | 0.073 |   8.496 |    8.395 | 
     | FE_RC_963_0                                   | A ^ -> Y v   | sky130_fd_sc_hd__nand2_1   | 0.065 |   8.561 |    8.460 | 
     | FE_RC_1653_0                                  | B v -> Y ^   | sky130_fd_sc_hd__nand2_2   | 0.109 |   8.670 |    8.570 | 
     | FE_RC_20_0                                    | B ^ -> Y v   | sky130_fd_sc_hd__nor2_4    | 0.043 |   8.713 |    8.612 | 
     | FE_RC_2086_0                                  | A v -> Y ^   | sky130_fd_sc_hd__nand3_2   | 0.049 |   8.762 |    8.661 | 
     | FE_OFC1802_FE_RN_1031_0                       | A ^ -> Y v   | sky130_fd_sc_hd__clkinv_1  | 0.064 |   8.826 |    8.726 | 
     | FE_RC_2046_0                                  | A v -> Y ^   | sky130_fd_sc_hd__nand3_2   | 0.081 |   8.907 |    8.806 | 
     | FE_OFC1797_FE_RN_100_0                        | A ^ -> Y v   | sky130_fd_sc_hd__clkinv_4  | 0.088 |   8.994 |    8.894 | 
     | FE_RC_1696_0                                  | A v -> Y ^   | sky130_fd_sc_hd__nand3_4   | 0.077 |   9.071 |    8.970 | 
     | FE_OFC1796_n_1574                             | A ^ -> Y v   | sky130_fd_sc_hd__inv_2     | 0.039 |   9.110 |    9.009 | 
     | g94936                                        | A v -> Y ^   | sky130_fd_sc_hd__nand2_2   | 0.060 |   9.170 |    9.069 | 
     | FE_OFC1793_n_1609                             | A ^ -> Y v   | sky130_fd_sc_hd__inv_2     | 0.037 |   9.207 |    9.106 | 
     | FE_RC_1353_0                                  | A1 v -> Y ^  | sky130_fd_sc_hd__a21boi_2  | 0.122 |   9.329 |    9.229 | 
     | g94877                                        | A2 ^ -> Y v  | sky130_fd_sc_hd__o21ai_2   | 0.112 |   9.441 |    9.340 | 
     | g94390                                        | B v -> Y ^   | sky130_fd_sc_hd__nor2_2    | 0.126 |   9.567 |    9.466 | 
     | FE_RC_1336_0                                  | A2 ^ -> Y v  | sky130_fd_sc_hd__o21ai_2   | 0.058 |   9.625 |    9.524 | 
     | result_r_reg[12]                              | D v          | sky130_fd_sc_hd__dfrtp_1   | 0.000 |   9.625 |    9.524 | 
     +------------------------------------------------------------------------------------------------------------------------+ 
     Clock Rise Edge                      0.000
     = Beginpoint Arrival Time            0.000
     Other End Path:
     +--------------------------------------------------------------------------------------------+ 
     |      Instance       |    Arc     |            Cell            | Delay | Arrival | Required | 
     |                     |            |                            |       |  Time   |   Time   | 
     |---------------------+------------+----------------------------+-------+---------+----------| 
     |                     | clk ^      |                            |       |   0.000 |    0.101 | 
     | CTS_ccl_a_inv_00003 | A ^ -> Y v | sky130_fd_sc_hd__clkinv_16 | 0.380 |   0.380 |    0.480 | 
     | CTS_ccl_a_inv_00002 | A v -> Y ^ | sky130_fd_sc_hd__clkinv_16 | 0.156 |   0.535 |    0.636 | 
     | result_r_reg[12]    | CLK ^      | sky130_fd_sc_hd__dfrtp_1   | 0.003 |   0.538 |    0.639 | 
     +--------------------------------------------------------------------------------------------+ 
Path 4: VIOLATED Setup Check with Pin result_r_reg[14]/CLK 
Endpoint:   result_r_reg[14]/D (v) checked with  leading edge of 'clk'
Beginpoint: in2_r_reg[2]/Q     (v) triggered by  leading edge of 'clk'
Path Groups: {clk}
Analysis View: VIEW_TYP
Other End Arrival Time          0.539
- Setup                         0.090
+ Phase Shift                   9.091
+ CPPR Adjustment               0.000
= Required Time                 9.539
- Arrival Time                  9.634
= Slack Time                   -0.095
     Clock Rise Edge                      0.000
     + Source Insertion Delay            -0.184
     = Beginpoint Arrival Time           -0.184
     Timing Path:
     +------------------------------------------------------------------------------------------------------------------------+ 
     |                   Instance                    |     Arc      |            Cell            | Delay | Arrival | Required | 
     |                                               |              |                            |       |  Time   |   Time   | 
     |-----------------------------------------------+--------------+----------------------------+-------+---------+----------| 
     |                                               | clk ^        |                            |       |  -0.184 |   -0.279 | 
     | CTS_ccl_a_inv_00003                           | A ^ -> Y v   | sky130_fd_sc_hd__clkinv_16 | 0.380 |   0.196 |    0.101 | 
     | CTS_ccl_a_inv_00001                           | A v -> Y ^   | sky130_fd_sc_hd__clkinv_16 | 0.155 |   0.351 |    0.256 | 
     | in2_r_reg[2]                                  | CLK ^ -> Q v | sky130_fd_sc_hd__sdfrtp_2  | 0.452 |   0.803 |    0.708 | 
     | g123467                                       | B v -> Y ^   | sky130_fd_sc_hd__nor2_2    | 0.121 |   0.924 |    0.829 | 
     | FE_RC_2110_0                                  | A ^ -> Y v   | sky130_fd_sc_hd__nand4_1   | 0.105 |   1.029 |    0.934 | 
     | g123393                                       | B v -> Y ^   | sky130_fd_sc_hd__nor2_2    | 0.153 |   1.182 |    1.087 | 
     | FE_RC_376_0                                   | A2 ^ -> Y v  | sky130_fd_sc_hd__o21ai_2   | 0.117 |   1.299 |    1.204 | 
     | FE_RC_310_0                                   | B v -> Y ^   | sky130_fd_sc_hd__nand2_4   | 0.144 |   1.443 |    1.348 | 
     | FE_OCPC1126_n_2798                            | A ^ -> X ^   | sky130_fd_sc_hd__buf_6     | 0.127 |   1.570 |    1.475 | 
     | g123246                                       | A1 ^ -> Y v  | sky130_fd_sc_hd__mux2i_1   | 0.061 |   1.631 |    1.536 | 
     | g123161                                       | B1 v -> Y ^  | sky130_fd_sc_hd__a21oi_1   | 0.116 |   1.747 |    1.652 | 
     | g123129                                       | B ^ -> Y v   | sky130_fd_sc_hd__nand2_1   | 0.086 |   1.833 |    1.738 | 
     | g123115                                       | A v -> Y ^   | sky130_fd_sc_hd__nand4_2   | 0.077 |   1.910 |    1.815 | 
     | g123111                                       | A ^ -> Y v   | sky130_fd_sc_hd__nand3_2   | 0.087 |   1.997 |    1.902 | 
     | FE_OFC25_n_2943                               | A v -> X v   | sky130_fd_sc_hd__buf_12    | 0.183 |   2.180 |    2.085 | 
     | FE_OFC472_FE_DBTN9_n_2943                     | A v -> Y ^   | sky130_fd_sc_hd__inv_12    | 0.086 |   2.266 |    2.170 | 
     | g123012                                       | A ^ -> Y v   | sky130_fd_sc_hd__nand2_2   | 0.062 |   2.327 |    2.232 | 
     | g123005                                       | A v -> Y ^   | sky130_fd_sc_hd__nand2_4   | 0.117 |   2.444 |    2.349 | 
     | g122972                                       | A ^ -> Y v   | sky130_fd_sc_hd__nand2_8   | 0.094 |   2.539 |    2.444 | 
     | FE_OCPC161_n_3009                             | A v -> X v   | sky130_fd_sc_hd__buf_12    | 0.184 |   2.723 |    2.628 | 
     | g122680                                       | B v -> Y ^   | sky130_fd_sc_hd__nand2_4   | 0.089 |   2.812 |    2.717 | 
     | FE_OFC1631_n_2304                             | A ^ -> X ^   | sky130_fd_sc_hd__buf_6     | 0.116 |   2.928 |    2.833 | 
     | FE_PSC2092_FE_OFN29661_n_2304                 | A ^ -> X ^   | sky130_fd_sc_hd__buf_6     | 0.783 |   3.711 |    3.616 | 
     | FE_PDC2090_FE_OFN29661_n_2304                 | A ^ -> X ^   | sky130_fd_sc_hd__buf_6     | 0.147 |   3.858 |    3.763 | 
     | FE_RC_545_0                                   | A1 ^ -> Y v  | sky130_fd_sc_hd__o21ai_4   | 0.115 |   3.973 |    3.877 | 
     | FE_RC_5_0                                     | C v -> Y ^   | sky130_fd_sc_hd__nor3_2    | 0.139 |   4.112 |    4.016 | 
     | FE_OFC1877_n_5007                             | A ^ -> Y v   | sky130_fd_sc_hd__inv_2     | 0.091 |   4.202 |    4.107 | 
     | FE_RC_127_0                                   | B v -> Y ^   | sky130_fd_sc_hd__nor2_2    | 0.096 |   4.298 |    4.203 | 
     | FE_RC_126_0                                   | C ^ -> Y v   | sky130_fd_sc_hd__nand3_2   | 0.098 |   4.396 |    4.300 | 
     | g118809__6260                                 | A v -> Y ^   | sky130_fd_sc_hd__nor2_4    | 0.128 |   4.523 |    4.428 | 
     | FE_RC_107_0                                   | A ^ -> Y v   | sky130_fd_sc_hd__nand3_2   | 0.149 |   4.672 |    4.577 | 
     | FE_PSBC2093_n_5119                            | A v -> Y ^   | sky130_fd_sc_hd__inv_2     | 0.068 |   4.740 |    4.645 | 
     | FE_PSBC2092_n_5119                            | A ^ -> Y v   | sky130_fd_sc_hd__inv_2     | 0.158 |   4.898 |    4.803 | 
     | g118779__8428                                 | A v -> Y ^   | sky130_fd_sc_hd__nand2_4   | 0.072 |   4.971 |    4.876 | 
     | FE_RC_16_0                                    | A ^ -> Y v   | sky130_fd_sc_hd__nand2_4   | 0.084 |   5.055 |    4.960 | 
     | FE_OCPC1058_alu_inst_n_29624                  | A v -> Y ^   | sky130_fd_sc_hd__inv_2     | 0.054 |   5.109 |    5.014 | 
     | alu_inst_muldiv_inst_mul_349_24_g5401         | A ^ -> X ^   | sky130_fd_sc_hd__and2_4    | 0.212 |   5.321 |    5.226 | 
     | alu_inst_muldiv_inst_mul_349_24_g5213         | A ^ -> Y v   | sky130_fd_sc_hd__nand2_4   | 0.061 |   5.382 |    5.286 | 
     | alu_inst_muldiv_inst_mul_349_24_g5184         | A v -> Y ^   | sky130_fd_sc_hd__nand2_2   | 0.065 |   5.447 |    5.351 | 
     | alu_inst_muldiv_inst_mul_349_24_cdnfadd_005_0 | B ^ -> SUM v | sky130_fd_sc_hd__fah_1     | 0.245 |   5.691 |    5.596 | 
     | alu_inst_muldiv_inst_mul_349_24_g5607         | A v -> X v   | sky130_fd_sc_hd__and2_1    | 0.152 |   5.843 |    5.748 | 
     | alu_inst_muldiv_inst_mul_349_24_g5006         | B1 v -> Y ^  | sky130_fd_sc_hd__a21oi_2   | 0.117 |   5.961 |    5.866 | 
     | FE_RC_903_0                                   | B ^ -> Y v   | sky130_fd_sc_hd__nor2_2    | 0.042 |   6.003 |    5.908 | 
     | FE_RC_902_0                                   | A v -> Y ^   | sky130_fd_sc_hd__nand2_1   | 0.064 |   6.066 |    5.971 | 
     | alu_inst_muldiv_inst_mul_349_24_g4978         | B ^ -> Y v   | sky130_fd_sc_hd__nand3_2   | 0.097 |   6.164 |    6.069 | 
     | FE_RC_125_0                                   | A v -> Y ^   | sky130_fd_sc_hd__nand3_4   | 0.099 |   6.262 |    6.167 | 
     | alu_inst_muldiv_inst_mul_349_24_g5618         | A_N ^ -> Y ^ | sky130_fd_sc_hd__nand2b_4  | 0.130 |   6.392 |    6.297 | 
     | alu_inst_muldiv_inst_mul_349_24_g4932         | A ^ -> Y v   | sky130_fd_sc_hd__nand2_2   | 0.054 |   6.446 |    6.351 | 
     | alu_inst_muldiv_inst_mul_349_24_g4918         | B v -> Y ^   | sky130_fd_sc_hd__nor2_4    | 0.121 |   6.567 |    6.472 | 
     | alu_inst_muldiv_inst_mul_349_24_g4832         | B ^ -> Y v   | sky130_fd_sc_hd__nor2_4    | 0.048 |   6.615 |    6.520 | 
     | FE_RC_2103_0                                  | A v -> Y ^   | sky130_fd_sc_hd__nand3_2   | 0.062 |   6.677 |    6.582 | 
     | FE_RC_1649_0                                  | A ^ -> Y v   | sky130_fd_sc_hd__nand4_2   | 0.076 |   6.754 |    6.659 | 
     | FE_RC_23_0                                    | A v -> Y ^   | sky130_fd_sc_hd__inv_2     | 0.082 |   6.835 |    6.740 | 
     | alu_inst_muldiv_inst_mul_349_24_g4797         | A ^ -> Y v   | sky130_fd_sc_hd__nand2_4   | 0.079 |   6.915 |    6.819 | 
     | FE_RC_12_0                                    | A v -> Y ^   | sky130_fd_sc_hd__nand2_2   | 0.069 |   6.983 |    6.888 | 
     | FE_RC_11_0                                    | B1 ^ -> Y v  | sky130_fd_sc_hd__o21ai_2   | 0.063 |   7.046 |    6.951 | 
     | FE_RC_2001_0                                  | A v -> Y ^   | sky130_fd_sc_hd__nand2_1   | 0.073 |   7.119 |    7.024 | 
     | FE_RC_2000_0                                  | A ^ -> Y v   | sky130_fd_sc_hd__nand2_2   | 0.054 |   7.173 |    7.078 | 
     | g95984_dup                                    | A v -> Y ^   | sky130_fd_sc_hd__nand2_2   | 0.055 |   7.228 |    7.133 | 
     | g95980                                        | A ^ -> Y v   | sky130_fd_sc_hd__nand2_2   | 0.048 |   7.276 |    7.181 | 
     | g95835                                        | A v -> Y ^   | sky130_fd_sc_hd__nand2_2   | 0.072 |   7.347 |    7.252 | 
     | g95817                                        | A ^ -> Y v   | sky130_fd_sc_hd__nand2_4   | 0.068 |   7.415 |    7.320 | 
     | g95721                                        | A v -> Y ^   | sky130_fd_sc_hd__nand2_4   | 0.074 |   7.489 |    7.393 | 
     | FE_RC_952_0                                   | A ^ -> Y v   | sky130_fd_sc_hd__nand2_4   | 0.047 |   7.536 |    7.441 | 
     | FE_OCPC83_n_949                               | A v -> X v   | sky130_fd_sc_hd__clkbuf_1  | 0.113 |   7.648 |    7.553 | 
     | FE_RC_2062_0                                  | A2 v -> Y ^  | sky130_fd_sc_hd__o21ai_4   | 0.164 |   7.813 |    7.718 | 
     | FE_OFC1818_n_1038                             | A ^ -> Y v   | sky130_fd_sc_hd__inv_2     | 0.055 |   7.868 |    7.772 | 
     | g95537                                        | A v -> Y ^   | sky130_fd_sc_hd__nand2_2   | 0.069 |   7.936 |    7.841 | 
     | g95529                                        | A ^ -> Y v   | sky130_fd_sc_hd__nand2_4   | 0.110 |   8.046 |    7.951 | 
     | g96981                                        | A v -> X v   | sky130_fd_sc_hd__and2_4    | 0.184 |   8.230 |    8.135 | 
     | g95320                                        | B1 v -> Y ^  | sky130_fd_sc_hd__a21oi_2   | 0.128 |   8.358 |    8.263 | 
     | FE_RC_1654_0                                  | A_N ^ -> Y ^ | sky130_fd_sc_hd__nand2b_2  | 0.138 |   8.496 |    8.401 | 
     | FE_RC_1653_0                                  | A ^ -> Y v   | sky130_fd_sc_hd__nand2_2   | 0.075 |   8.571 |    8.476 | 
     | FE_RC_20_0                                    | B v -> Y ^   | sky130_fd_sc_hd__nor2_4    | 0.094 |   8.665 |    8.570 | 
     | FE_RC_2086_0                                  | A ^ -> Y v   | sky130_fd_sc_hd__nand3_2   | 0.061 |   8.726 |    8.631 | 
     | FE_OFC1802_FE_RN_1031_0                       | A v -> Y ^   | sky130_fd_sc_hd__clkinv_1  | 0.052 |   8.778 |    8.683 | 
     | FE_RC_2046_0                                  | A ^ -> Y v   | sky130_fd_sc_hd__nand3_2   | 0.074 |   8.853 |    8.758 | 
     | FE_OFC1797_FE_RN_100_0                        | A v -> Y ^   | sky130_fd_sc_hd__clkinv_4  | 0.091 |   8.944 |    8.848 | 
     | FE_RC_1705_0                                  | A ^ -> Y v   | sky130_fd_sc_hd__nand3_2   | 0.081 |   9.024 |    8.929 | 
     | FE_RC_414_0                                   | B v -> Y ^   | sky130_fd_sc_hd__nor2_1    | 0.145 |   9.169 |    9.074 | 
     | g94880                                        | C ^ -> Y v   | sky130_fd_sc_hd__nor3_1    | 0.075 |   9.245 |    9.150 | 
     | g94875                                        | B v -> Y ^   | sky130_fd_sc_hd__nor2_2    | 0.154 |   9.399 |    9.304 | 
     | FE_RC_2106_0                                  | B ^ -> Y v   | sky130_fd_sc_hd__nand3_4   | 0.116 |   9.516 |    9.420 | 
     | FE_RC_1791_0                                  | A v -> Y ^   | sky130_fd_sc_hd__nand2_4   | 0.076 |   9.591 |    9.496 | 
     | FE_RC_1790_0                                  | A ^ -> Y v   | sky130_fd_sc_hd__nand2_2   | 0.043 |   9.634 |    9.539 | 
     | result_r_reg[14]                              | D v          | sky130_fd_sc_hd__dfrtp_1   | 0.000 |   9.634 |    9.539 | 
     +------------------------------------------------------------------------------------------------------------------------+ 
     Clock Rise Edge                      0.000
     = Beginpoint Arrival Time            0.000
     Other End Path:
     +--------------------------------------------------------------------------------------------+ 
     |      Instance       |    Arc     |            Cell            | Delay | Arrival | Required | 
     |                     |            |                            |       |  Time   |   Time   | 
     |---------------------+------------+----------------------------+-------+---------+----------| 
     |                     | clk ^      |                            |       |   0.000 |    0.095 | 
     | CTS_ccl_a_inv_00003 | A ^ -> Y v | sky130_fd_sc_hd__clkinv_16 | 0.380 |   0.380 |    0.475 | 
     | CTS_ccl_a_inv_00002 | A v -> Y ^ | sky130_fd_sc_hd__clkinv_16 | 0.156 |   0.535 |    0.631 | 
     | result_r_reg[14]    | CLK ^      | sky130_fd_sc_hd__dfrtp_1   | 0.003 |   0.539 |    0.634 | 
     +--------------------------------------------------------------------------------------------+ 
Path 5: VIOLATED Setup Check with Pin result_r_reg[8]/CLK 
Endpoint:   result_r_reg[8]/D (v) checked with  leading edge of 'clk'
Beginpoint: in2_r_reg[2]/Q    (v) triggered by  leading edge of 'clk'
Path Groups: {clk}
Analysis View: VIEW_TYP
Other End Arrival Time          0.538
- Setup                         0.111
+ Phase Shift                   9.091
+ CPPR Adjustment               0.000
= Required Time                 9.518
- Arrival Time                  9.604
= Slack Time                   -0.086
     Clock Rise Edge                      0.000
     + Source Insertion Delay            -0.184
     = Beginpoint Arrival Time           -0.184
     Timing Path:
     +------------------------------------------------------------------------------------------------------------------------+ 
     |                   Instance                    |     Arc      |            Cell            | Delay | Arrival | Required | 
     |                                               |              |                            |       |  Time   |   Time   | 
     |-----------------------------------------------+--------------+----------------------------+-------+---------+----------| 
     |                                               | clk ^        |                            |       |  -0.184 |   -0.270 | 
     | CTS_ccl_a_inv_00003                           | A ^ -> Y v   | sky130_fd_sc_hd__clkinv_16 | 0.380 |   0.196 |    0.110 | 
     | CTS_ccl_a_inv_00001                           | A v -> Y ^   | sky130_fd_sc_hd__clkinv_16 | 0.155 |   0.351 |    0.265 | 
     | in2_r_reg[2]                                  | CLK ^ -> Q v | sky130_fd_sc_hd__sdfrtp_2  | 0.452 |   0.803 |    0.717 | 
     | g123467                                       | B v -> Y ^   | sky130_fd_sc_hd__nor2_2    | 0.121 |   0.924 |    0.838 | 
     | FE_RC_2110_0                                  | A ^ -> Y v   | sky130_fd_sc_hd__nand4_1   | 0.105 |   1.029 |    0.943 | 
     | g123393                                       | B v -> Y ^   | sky130_fd_sc_hd__nor2_2    | 0.153 |   1.182 |    1.096 | 
     | FE_RC_376_0                                   | A2 ^ -> Y v  | sky130_fd_sc_hd__o21ai_2   | 0.117 |   1.299 |    1.213 | 
     | FE_RC_310_0                                   | B v -> Y ^   | sky130_fd_sc_hd__nand2_4   | 0.144 |   1.443 |    1.357 | 
     | FE_OCPC1126_n_2798                            | A ^ -> X ^   | sky130_fd_sc_hd__buf_6     | 0.127 |   1.570 |    1.484 | 
     | g123246                                       | A1 ^ -> Y v  | sky130_fd_sc_hd__mux2i_1   | 0.061 |   1.631 |    1.545 | 
     | g123161                                       | B1 v -> Y ^  | sky130_fd_sc_hd__a21oi_1   | 0.116 |   1.747 |    1.661 | 
     | g123129                                       | B ^ -> Y v   | sky130_fd_sc_hd__nand2_1   | 0.086 |   1.833 |    1.747 | 
     | g123115                                       | A v -> Y ^   | sky130_fd_sc_hd__nand4_2   | 0.077 |   1.910 |    1.824 | 
     | g123111                                       | A ^ -> Y v   | sky130_fd_sc_hd__nand3_2   | 0.087 |   1.997 |    1.911 | 
     | FE_OFC25_n_2943                               | A v -> X v   | sky130_fd_sc_hd__buf_12    | 0.183 |   2.180 |    2.094 | 
     | FE_OFC472_FE_DBTN9_n_2943                     | A v -> Y ^   | sky130_fd_sc_hd__inv_12    | 0.086 |   2.266 |    2.180 | 
     | g123012                                       | A ^ -> Y v   | sky130_fd_sc_hd__nand2_2   | 0.062 |   2.327 |    2.241 | 
     | g123005                                       | A v -> Y ^   | sky130_fd_sc_hd__nand2_4   | 0.117 |   2.444 |    2.358 | 
     | g122972                                       | A ^ -> Y v   | sky130_fd_sc_hd__nand2_8   | 0.094 |   2.539 |    2.453 | 
     | FE_OCPC161_n_3009                             | A v -> X v   | sky130_fd_sc_hd__buf_12    | 0.184 |   2.723 |    2.637 | 
     | g122680                                       | B v -> Y ^   | sky130_fd_sc_hd__nand2_4   | 0.089 |   2.812 |    2.726 | 
     | FE_OFC1631_n_2304                             | A ^ -> X ^   | sky130_fd_sc_hd__buf_6     | 0.116 |   2.928 |    2.842 | 
     | FE_PSC2092_FE_OFN29661_n_2304                 | A ^ -> X ^   | sky130_fd_sc_hd__buf_6     | 0.783 |   3.711 |    3.625 | 
     | FE_PDC2090_FE_OFN29661_n_2304                 | A ^ -> X ^   | sky130_fd_sc_hd__buf_6     | 0.147 |   3.858 |    3.772 | 
     | FE_RC_545_0                                   | A1 ^ -> Y v  | sky130_fd_sc_hd__o21ai_4   | 0.115 |   3.973 |    3.887 | 
     | FE_RC_5_0                                     | C v -> Y ^   | sky130_fd_sc_hd__nor3_2    | 0.139 |   4.112 |    4.026 | 
     | FE_OFC1877_n_5007                             | A ^ -> Y v   | sky130_fd_sc_hd__inv_2     | 0.091 |   4.202 |    4.116 | 
     | FE_RC_127_0                                   | B v -> Y ^   | sky130_fd_sc_hd__nor2_2    | 0.096 |   4.298 |    4.212 | 
     | FE_RC_126_0                                   | C ^ -> Y v   | sky130_fd_sc_hd__nand3_2   | 0.098 |   4.396 |    4.310 | 
     | g118809__6260                                 | A v -> Y ^   | sky130_fd_sc_hd__nor2_4    | 0.128 |   4.523 |    4.437 | 
     | FE_RC_107_0                                   | A ^ -> Y v   | sky130_fd_sc_hd__nand3_2   | 0.149 |   4.672 |    4.586 | 
     | FE_PSBC2093_n_5119                            | A v -> Y ^   | sky130_fd_sc_hd__inv_2     | 0.068 |   4.740 |    4.654 | 
     | FE_PSBC2092_n_5119                            | A ^ -> Y v   | sky130_fd_sc_hd__inv_2     | 0.158 |   4.898 |    4.812 | 
     | g118779__8428                                 | A v -> Y ^   | sky130_fd_sc_hd__nand2_4   | 0.072 |   4.971 |    4.885 | 
     | FE_RC_16_0                                    | A ^ -> Y v   | sky130_fd_sc_hd__nand2_4   | 0.084 |   5.055 |    4.969 | 
     | FE_OCPC1058_alu_inst_n_29624                  | A v -> Y ^   | sky130_fd_sc_hd__inv_2     | 0.054 |   5.109 |    5.023 | 
     | alu_inst_muldiv_inst_mul_349_24_g5401         | A ^ -> X ^   | sky130_fd_sc_hd__and2_4    | 0.212 |   5.321 |    5.235 | 
     | alu_inst_muldiv_inst_mul_349_24_g5213         | A ^ -> Y v   | sky130_fd_sc_hd__nand2_4   | 0.061 |   5.382 |    5.296 | 
     | alu_inst_muldiv_inst_mul_349_24_g5184         | A v -> Y ^   | sky130_fd_sc_hd__nand2_2   | 0.065 |   5.447 |    5.361 | 
     | alu_inst_muldiv_inst_mul_349_24_cdnfadd_005_0 | B ^ -> SUM v | sky130_fd_sc_hd__fah_1     | 0.245 |   5.691 |    5.605 | 
     | alu_inst_muldiv_inst_mul_349_24_g5607         | A v -> X v   | sky130_fd_sc_hd__and2_1    | 0.152 |   5.843 |    5.757 | 
     | alu_inst_muldiv_inst_mul_349_24_g5006         | B1 v -> Y ^  | sky130_fd_sc_hd__a21oi_2   | 0.117 |   5.961 |    5.875 | 
     | FE_RC_903_0                                   | B ^ -> Y v   | sky130_fd_sc_hd__nor2_2    | 0.042 |   6.003 |    5.917 | 
     | FE_RC_902_0                                   | A v -> Y ^   | sky130_fd_sc_hd__nand2_1   | 0.064 |   6.066 |    5.980 | 
     | alu_inst_muldiv_inst_mul_349_24_g4978         | B ^ -> Y v   | sky130_fd_sc_hd__nand3_2   | 0.097 |   6.164 |    6.078 | 
     | FE_RC_125_0                                   | A v -> Y ^   | sky130_fd_sc_hd__nand3_4   | 0.099 |   6.262 |    6.176 | 
     | alu_inst_muldiv_inst_mul_349_24_g5618         | A_N ^ -> Y ^ | sky130_fd_sc_hd__nand2b_4  | 0.130 |   6.392 |    6.306 | 
     | alu_inst_muldiv_inst_mul_349_24_g4932         | A ^ -> Y v   | sky130_fd_sc_hd__nand2_2   | 0.054 |   6.446 |    6.360 | 
     | alu_inst_muldiv_inst_mul_349_24_g4918         | B v -> Y ^   | sky130_fd_sc_hd__nor2_4    | 0.121 |   6.567 |    6.481 | 
     | alu_inst_muldiv_inst_mul_349_24_g4832         | B ^ -> Y v   | sky130_fd_sc_hd__nor2_4    | 0.048 |   6.615 |    6.529 | 
     | FE_RC_2103_0                                  | A v -> Y ^   | sky130_fd_sc_hd__nand3_2   | 0.062 |   6.677 |    6.591 | 
     | FE_RC_1649_0                                  | A ^ -> Y v   | sky130_fd_sc_hd__nand4_2   | 0.076 |   6.754 |    6.668 | 
     | FE_RC_23_0                                    | A v -> Y ^   | sky130_fd_sc_hd__inv_2     | 0.082 |   6.835 |    6.749 | 
     | alu_inst_muldiv_inst_mul_349_24_g4797         | A ^ -> Y v   | sky130_fd_sc_hd__nand2_4   | 0.079 |   6.915 |    6.829 | 
     | FE_RC_12_0                                    | A v -> Y ^   | sky130_fd_sc_hd__nand2_2   | 0.069 |   6.983 |    6.897 | 
     | FE_RC_11_0                                    | B1 ^ -> Y v  | sky130_fd_sc_hd__o21ai_2   | 0.063 |   7.046 |    6.960 | 
     | FE_RC_2001_0                                  | A v -> Y ^   | sky130_fd_sc_hd__nand2_1   | 0.073 |   7.119 |    7.033 | 
     | FE_RC_2000_0                                  | A ^ -> Y v   | sky130_fd_sc_hd__nand2_2   | 0.054 |   7.173 |    7.087 | 
     | g95984_dup                                    | A v -> Y ^   | sky130_fd_sc_hd__nand2_2   | 0.055 |   7.228 |    7.142 | 
     | g95980                                        | A ^ -> Y v   | sky130_fd_sc_hd__nand2_2   | 0.048 |   7.276 |    7.190 | 
     | g95835                                        | A v -> Y ^   | sky130_fd_sc_hd__nand2_2   | 0.072 |   7.347 |    7.261 | 
     | g95817                                        | A ^ -> Y v   | sky130_fd_sc_hd__nand2_4   | 0.068 |   7.415 |    7.329 | 
     | g95721                                        | A v -> Y ^   | sky130_fd_sc_hd__nand2_4   | 0.074 |   7.489 |    7.403 | 
     | FE_RC_952_0                                   | A ^ -> Y v   | sky130_fd_sc_hd__nand2_4   | 0.047 |   7.536 |    7.450 | 
     | FE_OCPC83_n_949                               | A v -> X v   | sky130_fd_sc_hd__clkbuf_1  | 0.113 |   7.648 |    7.562 | 
     | FE_RC_2062_0                                  | A2 v -> Y ^  | sky130_fd_sc_hd__o21ai_4   | 0.164 |   7.813 |    7.727 | 
     | FE_OFC1818_n_1038                             | A ^ -> Y v   | sky130_fd_sc_hd__inv_2     | 0.055 |   7.868 |    7.782 | 
     | g95537                                        | A v -> Y ^   | sky130_fd_sc_hd__nand2_2   | 0.069 |   7.936 |    7.850 | 
     | g95529                                        | A ^ -> Y v   | sky130_fd_sc_hd__nand2_4   | 0.110 |   8.046 |    7.960 | 
     | g95475                                        | A v -> Y ^   | sky130_fd_sc_hd__inv_12    | 0.132 |   8.178 |    8.092 | 
     | g97023                                        | B_N ^ -> X v | sky130_fd_sc_hd__or2b_1    | 0.245 |   8.423 |    8.337 | 
     | FE_RC_964_0                                   | A v -> Y ^   | sky130_fd_sc_hd__nand2_1   | 0.073 |   8.496 |    8.410 | 
     | FE_RC_963_0                                   | A ^ -> Y v   | sky130_fd_sc_hd__nand2_1   | 0.065 |   8.561 |    8.475 | 
     | FE_RC_1653_0                                  | B v -> Y ^   | sky130_fd_sc_hd__nand2_2   | 0.109 |   8.670 |    8.584 | 
     | FE_RC_20_0                                    | B ^ -> Y v   | sky130_fd_sc_hd__nor2_4    | 0.043 |   8.713 |    8.627 | 
     | FE_RC_2086_0                                  | A v -> Y ^   | sky130_fd_sc_hd__nand3_2   | 0.049 |   8.762 |    8.676 | 
     | FE_OFC1802_FE_RN_1031_0                       | A ^ -> Y v   | sky130_fd_sc_hd__clkinv_1  | 0.064 |   8.826 |    8.740 | 
     | FE_RC_2046_0                                  | A v -> Y ^   | sky130_fd_sc_hd__nand3_2   | 0.081 |   8.907 |    8.821 | 
     | FE_OFC1797_FE_RN_100_0                        | A ^ -> Y v   | sky130_fd_sc_hd__clkinv_4  | 0.088 |   8.994 |    8.908 | 
     | FE_OFC1798_FE_RN_100_0                        | A v -> Y ^   | sky130_fd_sc_hd__clkinv_1  | 0.066 |   9.061 |    8.975 | 
     | FE_RC_609_0                                   | A ^ -> Y v   | sky130_fd_sc_hd__nand2_1   | 0.044 |   9.105 |    9.019 | 
     | FE_RC_607_0                                   | B1 v -> Y ^  | sky130_fd_sc_hd__o21ai_1   | 0.084 |   9.189 |    9.103 | 
     | g125087                                       | A2 ^ -> Y v  | sky130_fd_sc_hd__o221ai_2  | 0.151 |   9.341 |    9.255 | 
     | g94413                                        | B1 v -> Y ^  | sky130_fd_sc_hd__a21oi_1   | 0.186 |   9.527 |    9.441 | 
     | g94399                                        | B2 ^ -> Y v  | sky130_fd_sc_hd__o2bb2ai_1 | 0.077 |   9.604 |    9.518 | 
     | result_r_reg[8]                               | D v          | sky130_fd_sc_hd__dfrtp_1   | 0.000 |   9.604 |    9.518 | 
     +------------------------------------------------------------------------------------------------------------------------+ 
     Clock Rise Edge                      0.000
     = Beginpoint Arrival Time            0.000
     Other End Path:
     +--------------------------------------------------------------------------------------------+ 
     |      Instance       |    Arc     |            Cell            | Delay | Arrival | Required | 
     |                     |            |                            |       |  Time   |   Time   | 
     |---------------------+------------+----------------------------+-------+---------+----------| 
     |                     | clk ^      |                            |       |   0.000 |    0.086 | 
     | CTS_ccl_a_inv_00003 | A ^ -> Y v | sky130_fd_sc_hd__clkinv_16 | 0.380 |   0.380 |    0.466 | 
     | CTS_ccl_a_inv_00002 | A v -> Y ^ | sky130_fd_sc_hd__clkinv_16 | 0.156 |   0.535 |    0.622 | 
     | result_r_reg[8]     | CLK ^      | sky130_fd_sc_hd__dfrtp_1   | 0.002 |   0.538 |    0.624 | 
     +--------------------------------------------------------------------------------------------+ 
Path 6: VIOLATED Setup Check with Pin result_r_reg[3]/CLK 
Endpoint:   result_r_reg[3]/D (v) checked with  leading edge of 'clk'
Beginpoint: in2_r_reg[2]/Q    (v) triggered by  leading edge of 'clk'
Path Groups: {clk}
Analysis View: VIEW_TYP
Other End Arrival Time          0.539
- Setup                         0.104
+ Phase Shift                   9.091
+ CPPR Adjustment               0.000
= Required Time                 9.525
- Arrival Time                  9.609
= Slack Time                   -0.084
     Clock Rise Edge                      0.000
     + Source Insertion Delay            -0.184
     = Beginpoint Arrival Time           -0.184
     Timing Path:
     +------------------------------------------------------------------------------------------------------------------------+ 
     |                   Instance                    |     Arc      |            Cell            | Delay | Arrival | Required | 
     |                                               |              |                            |       |  Time   |   Time   | 
     |-----------------------------------------------+--------------+----------------------------+-------+---------+----------| 
     |                                               | clk ^        |                            |       |  -0.184 |   -0.268 | 
     | CTS_ccl_a_inv_00003                           | A ^ -> Y v   | sky130_fd_sc_hd__clkinv_16 | 0.380 |   0.196 |    0.112 | 
     | CTS_ccl_a_inv_00001                           | A v -> Y ^   | sky130_fd_sc_hd__clkinv_16 | 0.155 |   0.351 |    0.267 | 
     | in2_r_reg[2]                                  | CLK ^ -> Q v | sky130_fd_sc_hd__sdfrtp_2  | 0.452 |   0.803 |    0.719 | 
     | g123467                                       | B v -> Y ^   | sky130_fd_sc_hd__nor2_2    | 0.121 |   0.924 |    0.840 | 
     | FE_RC_2110_0                                  | A ^ -> Y v   | sky130_fd_sc_hd__nand4_1   | 0.105 |   1.029 |    0.945 | 
     | g123393                                       | B v -> Y ^   | sky130_fd_sc_hd__nor2_2    | 0.153 |   1.182 |    1.097 | 
     | FE_RC_376_0                                   | A2 ^ -> Y v  | sky130_fd_sc_hd__o21ai_2   | 0.117 |   1.299 |    1.215 | 
     | FE_RC_310_0                                   | B v -> Y ^   | sky130_fd_sc_hd__nand2_4   | 0.144 |   1.443 |    1.359 | 
     | FE_OCPC1126_n_2798                            | A ^ -> X ^   | sky130_fd_sc_hd__buf_6     | 0.127 |   1.570 |    1.486 | 
     | g123246                                       | A1 ^ -> Y v  | sky130_fd_sc_hd__mux2i_1   | 0.061 |   1.631 |    1.547 | 
     | g123161                                       | B1 v -> Y ^  | sky130_fd_sc_hd__a21oi_1   | 0.116 |   1.747 |    1.663 | 
     | g123129                                       | B ^ -> Y v   | sky130_fd_sc_hd__nand2_1   | 0.086 |   1.833 |    1.749 | 
     | g123115                                       | A v -> Y ^   | sky130_fd_sc_hd__nand4_2   | 0.077 |   1.910 |    1.826 | 
     | g123111                                       | A ^ -> Y v   | sky130_fd_sc_hd__nand3_2   | 0.087 |   1.997 |    1.913 | 
     | FE_OFC25_n_2943                               | A v -> X v   | sky130_fd_sc_hd__buf_12    | 0.183 |   2.180 |    2.096 | 
     | FE_OFC472_FE_DBTN9_n_2943                     | A v -> Y ^   | sky130_fd_sc_hd__inv_12    | 0.086 |   2.266 |    2.181 | 
     | g123012                                       | A ^ -> Y v   | sky130_fd_sc_hd__nand2_2   | 0.062 |   2.327 |    2.243 | 
     | g123005                                       | A v -> Y ^   | sky130_fd_sc_hd__nand2_4   | 0.117 |   2.444 |    2.360 | 
     | g122972                                       | A ^ -> Y v   | sky130_fd_sc_hd__nand2_8   | 0.094 |   2.539 |    2.454 | 
     | FE_OCPC161_n_3009                             | A v -> X v   | sky130_fd_sc_hd__buf_12    | 0.184 |   2.723 |    2.639 | 
     | g122680                                       | B v -> Y ^   | sky130_fd_sc_hd__nand2_4   | 0.089 |   2.812 |    2.728 | 
     | FE_OFC1631_n_2304                             | A ^ -> X ^   | sky130_fd_sc_hd__buf_6     | 0.116 |   2.928 |    2.844 | 
     | FE_PSC2092_FE_OFN29661_n_2304                 | A ^ -> X ^   | sky130_fd_sc_hd__buf_6     | 0.783 |   3.711 |    3.627 | 
     | FE_PDC2090_FE_OFN29661_n_2304                 | A ^ -> X ^   | sky130_fd_sc_hd__buf_6     | 0.147 |   3.858 |    3.774 | 
     | FE_RC_545_0                                   | A1 ^ -> Y v  | sky130_fd_sc_hd__o21ai_4   | 0.115 |   3.973 |    3.888 | 
     | FE_RC_5_0                                     | C v -> Y ^   | sky130_fd_sc_hd__nor3_2    | 0.139 |   4.112 |    4.027 | 
     | FE_OFC1877_n_5007                             | A ^ -> Y v   | sky130_fd_sc_hd__inv_2     | 0.091 |   4.202 |    4.118 | 
     | FE_RC_127_0                                   | B v -> Y ^   | sky130_fd_sc_hd__nor2_2    | 0.096 |   4.298 |    4.214 | 
     | FE_RC_126_0                                   | C ^ -> Y v   | sky130_fd_sc_hd__nand3_2   | 0.098 |   4.396 |    4.311 | 
     | g118809__6260                                 | A v -> Y ^   | sky130_fd_sc_hd__nor2_4    | 0.128 |   4.523 |    4.439 | 
     | FE_RC_107_0                                   | A ^ -> Y v   | sky130_fd_sc_hd__nand3_2   | 0.149 |   4.672 |    4.588 | 
     | FE_PSBC2093_n_5119                            | A v -> Y ^   | sky130_fd_sc_hd__inv_2     | 0.068 |   4.740 |    4.656 | 
     | FE_PSBC2092_n_5119                            | A ^ -> Y v   | sky130_fd_sc_hd__inv_2     | 0.158 |   4.898 |    4.814 | 
     | g118779__8428                                 | A v -> Y ^   | sky130_fd_sc_hd__nand2_4   | 0.072 |   4.971 |    4.887 | 
     | FE_RC_16_0                                    | A ^ -> Y v   | sky130_fd_sc_hd__nand2_4   | 0.084 |   5.055 |    4.971 | 
     | FE_OCPC1058_alu_inst_n_29624                  | A v -> Y ^   | sky130_fd_sc_hd__inv_2     | 0.054 |   5.109 |    5.024 | 
     | alu_inst_muldiv_inst_mul_349_24_g5401         | A ^ -> X ^   | sky130_fd_sc_hd__and2_4    | 0.212 |   5.321 |    5.237 | 
     | alu_inst_muldiv_inst_mul_349_24_g5213         | A ^ -> Y v   | sky130_fd_sc_hd__nand2_4   | 0.061 |   5.382 |    5.297 | 
     | alu_inst_muldiv_inst_mul_349_24_g5184         | A v -> Y ^   | sky130_fd_sc_hd__nand2_2   | 0.065 |   5.447 |    5.362 | 
     | alu_inst_muldiv_inst_mul_349_24_cdnfadd_005_0 | B ^ -> SUM v | sky130_fd_sc_hd__fah_1     | 0.245 |   5.691 |    5.607 | 
     | alu_inst_muldiv_inst_mul_349_24_g5607         | A v -> X v   | sky130_fd_sc_hd__and2_1    | 0.152 |   5.843 |    5.759 | 
     | alu_inst_muldiv_inst_mul_349_24_g5006         | B1 v -> Y ^  | sky130_fd_sc_hd__a21oi_2   | 0.117 |   5.961 |    5.876 | 
     | FE_RC_903_0                                   | B ^ -> Y v   | sky130_fd_sc_hd__nor2_2    | 0.042 |   6.003 |    5.918 | 
     | FE_RC_902_0                                   | A v -> Y ^   | sky130_fd_sc_hd__nand2_1   | 0.064 |   6.066 |    5.982 | 
     | alu_inst_muldiv_inst_mul_349_24_g4978         | B ^ -> Y v   | sky130_fd_sc_hd__nand3_2   | 0.097 |   6.164 |    6.079 | 
     | FE_RC_125_0                                   | A v -> Y ^   | sky130_fd_sc_hd__nand3_4   | 0.099 |   6.262 |    6.178 | 
     | alu_inst_muldiv_inst_mul_349_24_g5618         | A_N ^ -> Y ^ | sky130_fd_sc_hd__nand2b_4  | 0.130 |   6.392 |    6.308 | 
     | alu_inst_muldiv_inst_mul_349_24_g4932         | A ^ -> Y v   | sky130_fd_sc_hd__nand2_2   | 0.054 |   6.446 |    6.362 | 
     | alu_inst_muldiv_inst_mul_349_24_g4918         | B v -> Y ^   | sky130_fd_sc_hd__nor2_4    | 0.121 |   6.567 |    6.483 | 
     | alu_inst_muldiv_inst_mul_349_24_g4832         | B ^ -> Y v   | sky130_fd_sc_hd__nor2_4    | 0.048 |   6.615 |    6.531 | 
     | FE_RC_2103_0                                  | A v -> Y ^   | sky130_fd_sc_hd__nand3_2   | 0.062 |   6.677 |    6.593 | 
     | FE_RC_1649_0                                  | A ^ -> Y v   | sky130_fd_sc_hd__nand4_2   | 0.076 |   6.754 |    6.669 | 
     | FE_RC_23_0                                    | A v -> Y ^   | sky130_fd_sc_hd__inv_2     | 0.082 |   6.835 |    6.751 | 
     | alu_inst_muldiv_inst_mul_349_24_g4797         | A ^ -> Y v   | sky130_fd_sc_hd__nand2_4   | 0.079 |   6.915 |    6.830 | 
     | FE_RC_11_0                                    | A2 v -> Y ^  | sky130_fd_sc_hd__o21ai_2   | 0.156 |   7.070 |    6.986 | 
     | FE_RC_2001_0                                  | A ^ -> Y v   | sky130_fd_sc_hd__nand2_1   | 0.087 |   7.157 |    7.073 | 
     | FE_RC_2000_0                                  | A v -> Y ^   | sky130_fd_sc_hd__nand2_2   | 0.068 |   7.225 |    7.140 | 
     | g95984_dup                                    | A ^ -> Y v   | sky130_fd_sc_hd__nand2_2   | 0.048 |   7.272 |    7.188 | 
     | g95980                                        | A v -> Y ^   | sky130_fd_sc_hd__nand2_2   | 0.055 |   7.327 |    7.243 | 
     | g95835                                        | A ^ -> Y v   | sky130_fd_sc_hd__nand2_2   | 0.061 |   7.388 |    7.304 | 
     | g95817                                        | A v -> Y ^   | sky130_fd_sc_hd__nand2_4   | 0.083 |   7.471 |    7.387 | 
     | g95721                                        | A ^ -> Y v   | sky130_fd_sc_hd__nand2_4   | 0.061 |   7.532 |    7.448 | 
     | FE_RC_952_0                                   | A v -> Y ^   | sky130_fd_sc_hd__nand2_4   | 0.056 |   7.589 |    7.504 | 
     | g95616                                        | A ^ -> Y v   | sky130_fd_sc_hd__nand2_2   | 0.055 |   7.644 |    7.559 | 
     | FE_RC_740_0                                   | A v -> Y ^   | sky130_fd_sc_hd__nand2_1   | 0.053 |   7.697 |    7.612 | 
     | FE_RC_739_0                                   | A ^ -> Y v   | sky130_fd_sc_hd__nand2_1   | 0.046 |   7.743 |    7.658 | 
     | FE_RC_441_0                                   | A v -> Y ^   | sky130_fd_sc_hd__nand2_1   | 0.067 |   7.809 |    7.725 | 
     | FE_RC_114_0                                   | A ^ -> Y v   | sky130_fd_sc_hd__nand2_2   | 0.063 |   7.872 |    7.787 | 
     | FE_RC_134_0                                   | A v -> Y ^   | sky130_fd_sc_hd__nand2_4   | 0.097 |   7.969 |    7.884 | 
     | FE_RC_1472_0                                  | A ^ -> Y v   | sky130_fd_sc_hd__nand2_2   | 0.058 |   8.027 |    7.942 | 
     | FE_RC_1471_0                                  | B1 v -> Y ^  | sky130_fd_sc_hd__o21ai_2   | 0.074 |   8.101 |    8.017 | 
     | FE_RC_46_0                                    | A ^ -> Y v   | sky130_fd_sc_hd__nand2_2   | 0.093 |   8.194 |    8.109 | 
     | FE_RC_45_0                                    | A v -> Y ^   | sky130_fd_sc_hd__nand2_4   | 0.080 |   8.274 |    8.190 | 
     | g95335                                        | A ^ -> Y v   | sky130_fd_sc_hd__nand2_2   | 0.053 |   8.327 |    8.243 | 
     | FE_RC_1690_0                                  | B1 v -> Y ^  | sky130_fd_sc_hd__o21ai_2   | 0.082 |   8.409 |    8.325 | 
     | fopt124020                                    | A ^ -> Y v   | sky130_fd_sc_hd__inv_2     | 0.051 |   8.460 |    8.375 | 
     | g95295                                        | A2 v -> Y ^  | sky130_fd_sc_hd__o21ai_2   | 0.131 |   8.591 |    8.507 | 
     | FE_OFC1179_n_1295                             | A ^ -> Y v   | sky130_fd_sc_hd__inv_2     | 0.055 |   8.646 |    8.561 | 
     | FE_RC_1969_0                                  | C v -> Y ^   | sky130_fd_sc_hd__nand4_2   | 0.087 |   8.733 |    8.649 | 
     | FE_OFC1803_n_1368                             | A ^ -> Y v   | sky130_fd_sc_hd__inv_2     | 0.065 |   8.799 |    8.714 | 
     | FE_OFC1805_n_1368                             | A v -> X v   | sky130_fd_sc_hd__clkbuf_1  | 0.107 |   8.906 |    8.821 | 
     | g95196                                        | A v -> Y ^   | sky130_fd_sc_hd__nand2_1   | 0.057 |   8.963 |    8.879 | 
     | g95191                                        | A ^ -> Y v   | sky130_fd_sc_hd__nand2_1   | 0.056 |   9.019 |    8.934 | 
     | g95159                                        | A v -> Y ^   | sky130_fd_sc_hd__nand2_1   | 0.066 |   9.084 |    9.000 | 
     | g95153                                        | C1 ^ -> Y v  | sky130_fd_sc_hd__o311ai_1  | 0.098 |   9.183 |    9.099 | 
     | FE_PSC2083_n_1415                             | A v -> X v   | sky130_fd_sc_hd__buf_2     | 0.184 |   9.366 |    9.282 | 
     | FE_RC_2090_0                                  | B1 v -> Y ^  | sky130_fd_sc_hd__a21oi_2   | 0.178 |   9.545 |    9.460 | 
     | g94388                                        | B2 ^ -> Y v  | sky130_fd_sc_hd__o2bb2ai_2 | 0.065 |   9.609 |    9.525 | 
     | result_r_reg[3]                               | D v          | sky130_fd_sc_hd__dfrtp_1   | 0.000 |   9.609 |    9.525 | 
     +------------------------------------------------------------------------------------------------------------------------+ 
     Clock Rise Edge                      0.000
     = Beginpoint Arrival Time            0.000
     Other End Path:
     +--------------------------------------------------------------------------------------------+ 
     |      Instance       |    Arc     |            Cell            | Delay | Arrival | Required | 
     |                     |            |                            |       |  Time   |   Time   | 
     |---------------------+------------+----------------------------+-------+---------+----------| 
     |                     | clk ^      |                            |       |   0.000 |    0.084 | 
     | CTS_ccl_a_inv_00003 | A ^ -> Y v | sky130_fd_sc_hd__clkinv_16 | 0.380 |   0.380 |    0.464 | 
     | CTS_ccl_a_inv_00002 | A v -> Y ^ | sky130_fd_sc_hd__clkinv_16 | 0.156 |   0.535 |    0.620 | 
     | result_r_reg[3]     | CLK ^      | sky130_fd_sc_hd__dfrtp_1   | 0.003 |   0.539 |    0.623 | 
     +--------------------------------------------------------------------------------------------+ 
Path 7: VIOLATED Setup Check with Pin result_r_reg[2]/CLK 
Endpoint:   result_r_reg[2]/D (v) checked with  leading edge of 'clk'
Beginpoint: in2_r_reg[2]/Q    (v) triggered by  leading edge of 'clk'
Path Groups: {clk}
Analysis View: VIEW_TYP
Other End Arrival Time          0.539
- Setup                         0.110
+ Phase Shift                   9.091
+ CPPR Adjustment               0.000
= Required Time                 9.520
- Arrival Time                  9.601
= Slack Time                   -0.081
     Clock Rise Edge                      0.000
     + Source Insertion Delay            -0.184
     = Beginpoint Arrival Time           -0.184
     Timing Path:
     +-------------------------------------------------------------------------------------------------------------------------+ 
     |                   Instance                    |      Arc      |            Cell            | Delay | Arrival | Required | 
     |                                               |               |                            |       |  Time   |   Time   | 
     |-----------------------------------------------+---------------+----------------------------+-------+---------+----------| 
     |                                               | clk ^         |                            |       |  -0.184 |   -0.264 | 
     | CTS_ccl_a_inv_00003                           | A ^ -> Y v    | sky130_fd_sc_hd__clkinv_16 | 0.380 |   0.196 |    0.115 | 
     | CTS_ccl_a_inv_00001                           | A v -> Y ^    | sky130_fd_sc_hd__clkinv_16 | 0.155 |   0.351 |    0.271 | 
     | in2_r_reg[2]                                  | CLK ^ -> Q v  | sky130_fd_sc_hd__sdfrtp_2  | 0.452 |   0.803 |    0.722 | 
     | g123467                                       | B v -> Y ^    | sky130_fd_sc_hd__nor2_2    | 0.121 |   0.924 |    0.843 | 
     | FE_RC_2110_0                                  | A ^ -> Y v    | sky130_fd_sc_hd__nand4_1   | 0.105 |   1.029 |    0.948 | 
     | g123393                                       | B v -> Y ^    | sky130_fd_sc_hd__nor2_2    | 0.153 |   1.182 |    1.101 | 
     | FE_RC_376_0                                   | A2 ^ -> Y v   | sky130_fd_sc_hd__o21ai_2   | 0.117 |   1.299 |    1.218 | 
     | FE_RC_310_0                                   | B v -> Y ^    | sky130_fd_sc_hd__nand2_4   | 0.144 |   1.443 |    1.362 | 
     | FE_OCPC1126_n_2798                            | A ^ -> X ^    | sky130_fd_sc_hd__buf_6     | 0.127 |   1.570 |    1.489 | 
     | g123246                                       | A1 ^ -> Y v   | sky130_fd_sc_hd__mux2i_1   | 0.061 |   1.631 |    1.550 | 
     | g123161                                       | B1 v -> Y ^   | sky130_fd_sc_hd__a21oi_1   | 0.116 |   1.747 |    1.666 | 
     | g123129                                       | B ^ -> Y v    | sky130_fd_sc_hd__nand2_1   | 0.086 |   1.833 |    1.752 | 
     | g123115                                       | A v -> Y ^    | sky130_fd_sc_hd__nand4_2   | 0.077 |   1.910 |    1.829 | 
     | g123111                                       | A ^ -> Y v    | sky130_fd_sc_hd__nand3_2   | 0.087 |   1.997 |    1.916 | 
     | FE_OFC25_n_2943                               | A v -> X v    | sky130_fd_sc_hd__buf_12    | 0.183 |   2.180 |    2.099 | 
     | FE_OFC472_FE_DBTN9_n_2943                     | A v -> Y ^    | sky130_fd_sc_hd__inv_12    | 0.086 |   2.266 |    2.185 | 
     | g123012                                       | A ^ -> Y v    | sky130_fd_sc_hd__nand2_2   | 0.062 |   2.327 |    2.246 | 
     | g123005                                       | A v -> Y ^    | sky130_fd_sc_hd__nand2_4   | 0.117 |   2.444 |    2.363 | 
     | g122972                                       | A ^ -> Y v    | sky130_fd_sc_hd__nand2_8   | 0.094 |   2.539 |    2.458 | 
     | FE_OCPC161_n_3009                             | A v -> X v    | sky130_fd_sc_hd__buf_12    | 0.184 |   2.723 |    2.642 | 
     | g122680                                       | B v -> Y ^    | sky130_fd_sc_hd__nand2_4   | 0.089 |   2.812 |    2.731 | 
     | FE_OFC1631_n_2304                             | A ^ -> X ^    | sky130_fd_sc_hd__buf_6     | 0.116 |   2.928 |    2.847 | 
     | FE_PSC2092_FE_OFN29661_n_2304                 | A ^ -> X ^    | sky130_fd_sc_hd__buf_6     | 0.783 |   3.711 |    3.630 | 
     | FE_PDC2090_FE_OFN29661_n_2304                 | A ^ -> X ^    | sky130_fd_sc_hd__buf_6     | 0.147 |   3.858 |    3.777 | 
     | FE_RC_545_0                                   | A1 ^ -> Y v   | sky130_fd_sc_hd__o21ai_4   | 0.115 |   3.973 |    3.892 | 
     | FE_RC_5_0                                     | C v -> Y ^    | sky130_fd_sc_hd__nor3_2    | 0.139 |   4.112 |    4.031 | 
     | FE_OFC1877_n_5007                             | A ^ -> Y v    | sky130_fd_sc_hd__inv_2     | 0.091 |   4.202 |    4.121 | 
     | FE_RC_127_0                                   | B v -> Y ^    | sky130_fd_sc_hd__nor2_2    | 0.096 |   4.298 |    4.217 | 
     | FE_RC_126_0                                   | C ^ -> Y v    | sky130_fd_sc_hd__nand3_2   | 0.098 |   4.396 |    4.315 | 
     | g118809__6260                                 | A v -> Y ^    | sky130_fd_sc_hd__nor2_4    | 0.128 |   4.523 |    4.442 | 
     | FE_RC_107_0                                   | A ^ -> Y v    | sky130_fd_sc_hd__nand3_2   | 0.149 |   4.672 |    4.592 | 
     | FE_PSBC2093_n_5119                            | A v -> Y ^    | sky130_fd_sc_hd__inv_2     | 0.068 |   4.740 |    4.660 | 
     | FE_PSBC2092_n_5119                            | A ^ -> Y v    | sky130_fd_sc_hd__inv_2     | 0.158 |   4.898 |    4.818 | 
     | g118779__8428                                 | A v -> Y ^    | sky130_fd_sc_hd__nand2_4   | 0.072 |   4.971 |    4.890 | 
     | FE_RC_16_0                                    | A ^ -> Y v    | sky130_fd_sc_hd__nand2_4   | 0.084 |   5.055 |    4.974 | 
     | FE_OCPC1058_alu_inst_n_29624                  | A v -> Y ^    | sky130_fd_sc_hd__inv_2     | 0.054 |   5.109 |    5.028 | 
     | alu_inst_muldiv_inst_mul_349_24_g5401         | A ^ -> X ^    | sky130_fd_sc_hd__and2_4    | 0.212 |   5.321 |    5.240 | 
     | alu_inst_muldiv_inst_mul_349_24_g5213         | A ^ -> Y v    | sky130_fd_sc_hd__nand2_4   | 0.061 |   5.382 |    5.301 | 
     | alu_inst_muldiv_inst_mul_349_24_g5184         | A v -> Y ^    | sky130_fd_sc_hd__nand2_2   | 0.065 |   5.447 |    5.366 | 
     | alu_inst_muldiv_inst_mul_349_24_cdnfadd_005_0 | B ^ -> SUM v  | sky130_fd_sc_hd__fah_1     | 0.245 |   5.691 |    5.610 | 
     | alu_inst_muldiv_inst_mul_349_24_g5607         | A v -> X v    | sky130_fd_sc_hd__and2_1    | 0.152 |   5.843 |    5.763 | 
     | alu_inst_muldiv_inst_mul_349_24_g5006         | B1 v -> Y ^   | sky130_fd_sc_hd__a21oi_2   | 0.117 |   5.961 |    5.880 | 
     | FE_RC_903_0                                   | B ^ -> Y v    | sky130_fd_sc_hd__nor2_2    | 0.042 |   6.003 |    5.922 | 
     | FE_RC_902_0                                   | A v -> Y ^    | sky130_fd_sc_hd__nand2_1   | 0.064 |   6.066 |    5.985 | 
     | alu_inst_muldiv_inst_mul_349_24_g4978         | B ^ -> Y v    | sky130_fd_sc_hd__nand3_2   | 0.097 |   6.164 |    6.083 | 
     | FE_RC_125_0                                   | A v -> Y ^    | sky130_fd_sc_hd__nand3_4   | 0.099 |   6.262 |    6.181 | 
     | alu_inst_muldiv_inst_mul_349_24_g5618         | A_N ^ -> Y ^  | sky130_fd_sc_hd__nand2b_4  | 0.130 |   6.392 |    6.311 | 
     | alu_inst_muldiv_inst_mul_349_24_g4932         | A ^ -> Y v    | sky130_fd_sc_hd__nand2_2   | 0.054 |   6.446 |    6.365 | 
     | alu_inst_muldiv_inst_mul_349_24_g4918         | B v -> Y ^    | sky130_fd_sc_hd__nor2_4    | 0.121 |   6.567 |    6.486 | 
     | alu_inst_muldiv_inst_mul_349_24_g4832         | B ^ -> Y v    | sky130_fd_sc_hd__nor2_4    | 0.048 |   6.615 |    6.534 | 
     | FE_RC_2103_0                                  | A v -> Y ^    | sky130_fd_sc_hd__nand3_2   | 0.062 |   6.677 |    6.596 | 
     | FE_RC_1649_0                                  | A ^ -> Y v    | sky130_fd_sc_hd__nand4_2   | 0.076 |   6.754 |    6.673 | 
     | FE_RC_23_0                                    | A v -> Y ^    | sky130_fd_sc_hd__inv_2     | 0.082 |   6.835 |    6.754 | 
     | alu_inst_muldiv_inst_mul_349_24_g4797         | A ^ -> Y v    | sky130_fd_sc_hd__nand2_4   | 0.079 |   6.915 |    6.834 | 
     | FE_RC_11_0                                    | A2 v -> Y ^   | sky130_fd_sc_hd__o21ai_2   | 0.156 |   7.070 |    6.989 | 
     | FE_RC_2001_0                                  | A ^ -> Y v    | sky130_fd_sc_hd__nand2_1   | 0.087 |   7.157 |    7.076 | 
     | FE_RC_2000_0                                  | A v -> Y ^    | sky130_fd_sc_hd__nand2_2   | 0.068 |   7.225 |    7.144 | 
     | g95984_dup                                    | A ^ -> Y v    | sky130_fd_sc_hd__nand2_2   | 0.048 |   7.272 |    7.191 | 
     | g95980                                        | A v -> Y ^    | sky130_fd_sc_hd__nand2_2   | 0.055 |   7.327 |    7.247 | 
     | g95835                                        | A ^ -> Y v    | sky130_fd_sc_hd__nand2_2   | 0.061 |   7.388 |    7.307 | 
     | g95817                                        | A v -> Y ^    | sky130_fd_sc_hd__nand2_4   | 0.083 |   7.471 |    7.390 | 
     | g95715                                        | A2_N ^ -> Y ^ | sky130_fd_sc_hd__o2bb2ai_2 | 0.154 |   7.625 |    7.544 | 
     | FE_RC_1134_0                                  | A ^ -> Y v    | sky130_fd_sc_hd__inv_2     | 0.073 |   7.698 |    7.617 | 
     | FE_RC_1133_0                                  | A v -> Y ^    | sky130_fd_sc_hd__nand2_4   | 0.085 |   7.783 |    7.702 | 
     | FE_RC_169_0                                   | B ^ -> Y v    | sky130_fd_sc_hd__nand2_8   | 0.106 |   7.889 |    7.808 | 
     | FE_OCPC391_n_1035                             | A v -> X v    | sky130_fd_sc_hd__clkbuf_2  | 0.151 |   8.040 |    7.959 | 
     | g95534                                        | A v -> Y ^    | sky130_fd_sc_hd__nand2_1   | 0.071 |   8.110 |    8.029 | 
     | FE_RC_1300_0                                  | B1 ^ -> Y v   | sky130_fd_sc_hd__o31ai_2   | 0.069 |   8.179 |    8.099 | 
     | g95453                                        | B v -> Y ^    | sky130_fd_sc_hd__nand2_1   | 0.091 |   8.270 |    8.189 | 
     | g95428                                        | B1 ^ -> Y v   | sky130_fd_sc_hd__o21ai_2   | 0.064 |   8.335 |    8.254 | 
     | g95407                                        | A v -> Y ^    | sky130_fd_sc_hd__nand2_1   | 0.081 |   8.416 |    8.335 | 
     | g95295                                        | B1 ^ -> Y v   | sky130_fd_sc_hd__o21ai_2   | 0.062 |   8.478 |    8.397 | 
     | FE_OFC1179_n_1295                             | A v -> Y ^    | sky130_fd_sc_hd__inv_2     | 0.059 |   8.536 |    8.456 | 
     | FE_PSC2095_n_1296                             | A ^ -> X ^    | sky130_fd_sc_hd__buf_2     | 0.118 |   8.654 |    8.573 | 
     | FE_OFC1809_n_1296                             | A ^ -> Y v    | sky130_fd_sc_hd__clkinv_1  | 0.058 |   8.712 |    8.631 | 
     | g95239                                        | B v -> Y ^    | sky130_fd_sc_hd__nor2_1    | 0.158 |   8.870 |    8.789 | 
     | g95228                                        | A ^ -> Y v    | sky130_fd_sc_hd__nand2_1   | 0.098 |   8.968 |    8.887 | 
     | fopt124707                                    | A v -> Y ^    | sky130_fd_sc_hd__inv_2     | 0.059 |   9.027 |    8.947 | 
     | g125048                                       | A_N ^ -> Y ^  | sky130_fd_sc_hd__nand3b_1  | 0.095 |   9.122 |    9.041 | 
     | g95161                                        | C1 ^ -> Y v   | sky130_fd_sc_hd__o211ai_1  | 0.168 |   9.290 |    9.210 | 
     | g94437                                        | B1 v -> Y ^   | sky130_fd_sc_hd__a21oi_2   | 0.232 |   9.523 |    9.442 | 
     | g94414                                        | B2 ^ -> Y v   | sky130_fd_sc_hd__o2bb2ai_1 | 0.078 |   9.601 |    9.520 | 
     | result_r_reg[2]                               | D v           | sky130_fd_sc_hd__dfrtp_1   | 0.000 |   9.601 |    9.520 | 
     +-------------------------------------------------------------------------------------------------------------------------+ 
     Clock Rise Edge                      0.000
     = Beginpoint Arrival Time            0.000
     Other End Path:
     +--------------------------------------------------------------------------------------------+ 
     |      Instance       |    Arc     |            Cell            | Delay | Arrival | Required | 
     |                     |            |                            |       |  Time   |   Time   | 
     |---------------------+------------+----------------------------+-------+---------+----------| 
     |                     | clk ^      |                            |       |   0.000 |    0.081 | 
     | CTS_ccl_a_inv_00003 | A ^ -> Y v | sky130_fd_sc_hd__clkinv_16 | 0.380 |   0.380 |    0.460 | 
     | CTS_ccl_a_inv_00002 | A v -> Y ^ | sky130_fd_sc_hd__clkinv_16 | 0.156 |   0.535 |    0.616 | 
     | result_r_reg[2]     | CLK ^      | sky130_fd_sc_hd__dfrtp_1   | 0.003 |   0.539 |    0.620 | 
     +--------------------------------------------------------------------------------------------+ 
Path 8: VIOLATED Setup Check with Pin result_r_reg[9]/CLK 
Endpoint:   result_r_reg[9]/D (v) checked with  leading edge of 'clk'
Beginpoint: in2_r_reg[2]/Q    (v) triggered by  leading edge of 'clk'
Path Groups: {clk}
Analysis View: VIEW_TYP
Other End Arrival Time          0.538
- Setup                         0.110
+ Phase Shift                   9.091
+ CPPR Adjustment               0.000
= Required Time                 9.519
- Arrival Time                  9.576
= Slack Time                   -0.058
     Clock Rise Edge                      0.000
     + Source Insertion Delay            -0.184
     = Beginpoint Arrival Time           -0.184
     Timing Path:
     +------------------------------------------------------------------------------------------------------------------------+ 
     |                   Instance                    |     Arc      |            Cell            | Delay | Arrival | Required | 
     |                                               |              |                            |       |  Time   |   Time   | 
     |-----------------------------------------------+--------------+----------------------------+-------+---------+----------| 
     |                                               | clk ^        |                            |       |  -0.184 |   -0.241 | 
     | CTS_ccl_a_inv_00003                           | A ^ -> Y v   | sky130_fd_sc_hd__clkinv_16 | 0.380 |   0.196 |    0.138 | 
     | CTS_ccl_a_inv_00001                           | A v -> Y ^   | sky130_fd_sc_hd__clkinv_16 | 0.155 |   0.351 |    0.294 | 
     | in2_r_reg[2]                                  | CLK ^ -> Q v | sky130_fd_sc_hd__sdfrtp_2  | 0.452 |   0.803 |    0.746 | 
     | g123467                                       | B v -> Y ^   | sky130_fd_sc_hd__nor2_2    | 0.121 |   0.924 |    0.867 | 
     | FE_RC_2110_0                                  | A ^ -> Y v   | sky130_fd_sc_hd__nand4_1   | 0.105 |   1.029 |    0.972 | 
     | g123393                                       | B v -> Y ^   | sky130_fd_sc_hd__nor2_2    | 0.153 |   1.182 |    1.124 | 
     | FE_RC_376_0                                   | A2 ^ -> Y v  | sky130_fd_sc_hd__o21ai_2   | 0.117 |   1.299 |    1.242 | 
     | FE_RC_310_0                                   | B v -> Y ^   | sky130_fd_sc_hd__nand2_4   | 0.144 |   1.443 |    1.386 | 
     | FE_OCPC1126_n_2798                            | A ^ -> X ^   | sky130_fd_sc_hd__buf_6     | 0.127 |   1.570 |    1.513 | 
     | g123246                                       | A1 ^ -> Y v  | sky130_fd_sc_hd__mux2i_1   | 0.061 |   1.631 |    1.573 | 
     | g123161                                       | B1 v -> Y ^  | sky130_fd_sc_hd__a21oi_1   | 0.116 |   1.747 |    1.690 | 
     | g123129                                       | B ^ -> Y v   | sky130_fd_sc_hd__nand2_1   | 0.086 |   1.833 |    1.775 | 
     | g123115                                       | A v -> Y ^   | sky130_fd_sc_hd__nand4_2   | 0.077 |   1.910 |    1.853 | 
     | g123111                                       | A ^ -> Y v   | sky130_fd_sc_hd__nand3_2   | 0.087 |   1.997 |    1.940 | 
     | FE_OFC25_n_2943                               | A v -> X v   | sky130_fd_sc_hd__buf_12    | 0.183 |   2.180 |    2.122 | 
     | FE_OFC472_FE_DBTN9_n_2943                     | A v -> Y ^   | sky130_fd_sc_hd__inv_12    | 0.086 |   2.266 |    2.208 | 
     | g123012                                       | A ^ -> Y v   | sky130_fd_sc_hd__nand2_2   | 0.062 |   2.327 |    2.270 | 
     | g123005                                       | A v -> Y ^   | sky130_fd_sc_hd__nand2_4   | 0.117 |   2.444 |    2.387 | 
     | g122972                                       | A ^ -> Y v   | sky130_fd_sc_hd__nand2_8   | 0.094 |   2.539 |    2.481 | 
     | FE_OCPC161_n_3009                             | A v -> X v   | sky130_fd_sc_hd__buf_12    | 0.184 |   2.723 |    2.666 | 
     | g122680                                       | B v -> Y ^   | sky130_fd_sc_hd__nand2_4   | 0.089 |   2.812 |    2.755 | 
     | FE_OFC1631_n_2304                             | A ^ -> X ^   | sky130_fd_sc_hd__buf_6     | 0.116 |   2.928 |    2.871 | 
     | FE_PSC2092_FE_OFN29661_n_2304                 | A ^ -> X ^   | sky130_fd_sc_hd__buf_6     | 0.783 |   3.711 |    3.654 | 
     | FE_PDC2090_FE_OFN29661_n_2304                 | A ^ -> X ^   | sky130_fd_sc_hd__buf_6     | 0.147 |   3.858 |    3.800 | 
     | FE_RC_545_0                                   | A1 ^ -> Y v  | sky130_fd_sc_hd__o21ai_4   | 0.115 |   3.973 |    3.915 | 
     | FE_RC_5_0                                     | C v -> Y ^   | sky130_fd_sc_hd__nor3_2    | 0.139 |   4.112 |    4.054 | 
     | FE_OFC1877_n_5007                             | A ^ -> Y v   | sky130_fd_sc_hd__inv_2     | 0.091 |   4.202 |    4.145 | 
     | FE_RC_127_0                                   | B v -> Y ^   | sky130_fd_sc_hd__nor2_2    | 0.096 |   4.298 |    4.240 | 
     | FE_RC_126_0                                   | C ^ -> Y v   | sky130_fd_sc_hd__nand3_2   | 0.098 |   4.396 |    4.338 | 
     | g118809__6260                                 | A v -> Y ^   | sky130_fd_sc_hd__nor2_4    | 0.128 |   4.523 |    4.466 | 
     | FE_RC_107_0                                   | A ^ -> Y v   | sky130_fd_sc_hd__nand3_2   | 0.149 |   4.672 |    4.615 | 
     | FE_PSBC2093_n_5119                            | A v -> Y ^   | sky130_fd_sc_hd__inv_2     | 0.068 |   4.740 |    4.683 | 
     | FE_PSBC2092_n_5119                            | A ^ -> Y v   | sky130_fd_sc_hd__inv_2     | 0.158 |   4.898 |    4.841 | 
     | g118779__8428                                 | A v -> Y ^   | sky130_fd_sc_hd__nand2_4   | 0.072 |   4.971 |    4.913 | 
     | FE_RC_16_0                                    | A ^ -> Y v   | sky130_fd_sc_hd__nand2_4   | 0.084 |   5.055 |    4.997 | 
     | FE_OCPC1058_alu_inst_n_29624                  | A v -> Y ^   | sky130_fd_sc_hd__inv_2     | 0.054 |   5.109 |    5.051 | 
     | alu_inst_muldiv_inst_mul_349_24_g5401         | A ^ -> X ^   | sky130_fd_sc_hd__and2_4    | 0.212 |   5.321 |    5.263 | 
     | alu_inst_muldiv_inst_mul_349_24_g5213         | A ^ -> Y v   | sky130_fd_sc_hd__nand2_4   | 0.061 |   5.382 |    5.324 | 
     | alu_inst_muldiv_inst_mul_349_24_g5184         | A v -> Y ^   | sky130_fd_sc_hd__nand2_2   | 0.065 |   5.447 |    5.389 | 
     | alu_inst_muldiv_inst_mul_349_24_cdnfadd_005_0 | B ^ -> SUM v | sky130_fd_sc_hd__fah_1     | 0.245 |   5.691 |    5.634 | 
     | alu_inst_muldiv_inst_mul_349_24_g5607         | A v -> X v   | sky130_fd_sc_hd__and2_1    | 0.152 |   5.843 |    5.786 | 
     | alu_inst_muldiv_inst_mul_349_24_g5006         | B1 v -> Y ^  | sky130_fd_sc_hd__a21oi_2   | 0.117 |   5.961 |    5.903 | 
     | FE_RC_903_0                                   | B ^ -> Y v   | sky130_fd_sc_hd__nor2_2    | 0.042 |   6.003 |    5.945 | 
     | FE_RC_902_0                                   | A v -> Y ^   | sky130_fd_sc_hd__nand2_1   | 0.064 |   6.066 |    6.009 | 
     | alu_inst_muldiv_inst_mul_349_24_g4978         | B ^ -> Y v   | sky130_fd_sc_hd__nand3_2   | 0.097 |   6.164 |    6.106 | 
     | FE_RC_125_0                                   | A v -> Y ^   | sky130_fd_sc_hd__nand3_4   | 0.099 |   6.262 |    6.205 | 
     | alu_inst_muldiv_inst_mul_349_24_g5618         | A_N ^ -> Y ^ | sky130_fd_sc_hd__nand2b_4  | 0.130 |   6.392 |    6.335 | 
     | alu_inst_muldiv_inst_mul_349_24_g4932         | A ^ -> Y v   | sky130_fd_sc_hd__nand2_2   | 0.054 |   6.446 |    6.389 | 
     | alu_inst_muldiv_inst_mul_349_24_g4918         | B v -> Y ^   | sky130_fd_sc_hd__nor2_4    | 0.121 |   6.567 |    6.510 | 
     | alu_inst_muldiv_inst_mul_349_24_g4832         | B ^ -> Y v   | sky130_fd_sc_hd__nor2_4    | 0.048 |   6.615 |    6.557 | 
     | FE_RC_2103_0                                  | A v -> Y ^   | sky130_fd_sc_hd__nand3_2   | 0.062 |   6.677 |    6.620 | 
     | FE_RC_1649_0                                  | A ^ -> Y v   | sky130_fd_sc_hd__nand4_2   | 0.076 |   6.754 |    6.696 | 
     | FE_RC_23_0                                    | A v -> Y ^   | sky130_fd_sc_hd__inv_2     | 0.082 |   6.835 |    6.778 | 
     | alu_inst_muldiv_inst_mul_349_24_g4797         | A ^ -> Y v   | sky130_fd_sc_hd__nand2_4   | 0.079 |   6.915 |    6.857 | 
     | FE_RC_12_0                                    | A v -> Y ^   | sky130_fd_sc_hd__nand2_2   | 0.069 |   6.983 |    6.926 | 
     | FE_RC_11_0                                    | B1 ^ -> Y v  | sky130_fd_sc_hd__o21ai_2   | 0.063 |   7.046 |    6.989 | 
     | FE_RC_2001_0                                  | A v -> Y ^   | sky130_fd_sc_hd__nand2_1   | 0.073 |   7.119 |    7.061 | 
     | FE_RC_2000_0                                  | A ^ -> Y v   | sky130_fd_sc_hd__nand2_2   | 0.054 |   7.173 |    7.115 | 
     | g95984_dup                                    | A v -> Y ^   | sky130_fd_sc_hd__nand2_2   | 0.055 |   7.228 |    7.171 | 
     | g95980                                        | A ^ -> Y v   | sky130_fd_sc_hd__nand2_2   | 0.048 |   7.276 |    7.218 | 
     | g95835                                        | A v -> Y ^   | sky130_fd_sc_hd__nand2_2   | 0.072 |   7.347 |    7.290 | 
     | g95817                                        | A ^ -> Y v   | sky130_fd_sc_hd__nand2_4   | 0.068 |   7.415 |    7.357 | 
     | g95721                                        | A v -> Y ^   | sky130_fd_sc_hd__nand2_4   | 0.074 |   7.489 |    7.431 | 
     | FE_RC_952_0                                   | A ^ -> Y v   | sky130_fd_sc_hd__nand2_4   | 0.047 |   7.536 |    7.478 | 
     | FE_OCPC83_n_949                               | A v -> X v   | sky130_fd_sc_hd__clkbuf_1  | 0.113 |   7.648 |    7.591 | 
     | FE_RC_2062_0                                  | A2 v -> Y ^  | sky130_fd_sc_hd__o21ai_4   | 0.164 |   7.813 |    7.755 | 
     | FE_OFC1818_n_1038                             | A ^ -> Y v   | sky130_fd_sc_hd__inv_2     | 0.055 |   7.868 |    7.810 | 
     | g95537                                        | A v -> Y ^   | sky130_fd_sc_hd__nand2_2   | 0.069 |   7.936 |    7.879 | 
     | g95529                                        | A ^ -> Y v   | sky130_fd_sc_hd__nand2_4   | 0.110 |   8.046 |    7.988 | 
     | g95475                                        | A v -> Y ^   | sky130_fd_sc_hd__inv_12    | 0.132 |   8.178 |    8.120 | 
     | g97023                                        | B_N ^ -> X v | sky130_fd_sc_hd__or2b_1    | 0.245 |   8.423 |    8.365 | 
     | FE_RC_964_0                                   | A v -> Y ^   | sky130_fd_sc_hd__nand2_1   | 0.073 |   8.496 |    8.439 | 
     | FE_RC_963_0                                   | A ^ -> Y v   | sky130_fd_sc_hd__nand2_1   | 0.065 |   8.561 |    8.504 | 
     | FE_RC_1653_0                                  | B v -> Y ^   | sky130_fd_sc_hd__nand2_2   | 0.109 |   8.670 |    8.613 | 
     | FE_RC_20_0                                    | B ^ -> Y v   | sky130_fd_sc_hd__nor2_4    | 0.043 |   8.713 |    8.656 | 
     | FE_RC_2086_0                                  | A v -> Y ^   | sky130_fd_sc_hd__nand3_2   | 0.049 |   8.762 |    8.704 | 
     | FE_OFC1802_FE_RN_1031_0                       | A ^ -> Y v   | sky130_fd_sc_hd__clkinv_1  | 0.064 |   8.826 |    8.769 | 
     | FE_RC_2046_0                                  | A v -> Y ^   | sky130_fd_sc_hd__nand3_2   | 0.081 |   8.907 |    8.849 | 
     | FE_OFC1797_FE_RN_100_0                        | A ^ -> Y v   | sky130_fd_sc_hd__clkinv_4  | 0.088 |   8.994 |    8.937 | 
     | g95108                                        | A v -> Y ^   | sky130_fd_sc_hd__nand2_4   | 0.074 |   9.068 |    9.011 | 
     | g94996                                        | B ^ -> Y v   | sky130_fd_sc_hd__nor2_1    | 0.040 |   9.108 |    9.050 | 
     | g94972                                        | B v -> Y ^   | sky130_fd_sc_hd__nor2_1    | 0.106 |   9.214 |    9.156 | 
     | g94912                                        | A2 ^ -> Y v  | sky130_fd_sc_hd__o21ai_1   | 0.109 |   9.323 |    9.266 | 
     | FE_RC_1670_0                                  | B1 v -> Y ^  | sky130_fd_sc_hd__a21oi_1   | 0.177 |   9.500 |    9.443 | 
     | g94374                                        | B2 ^ -> Y v  | sky130_fd_sc_hd__o2bb2ai_1 | 0.076 |   9.576 |    9.519 | 
     | result_r_reg[9]                               | D v          | sky130_fd_sc_hd__dfrtp_1   | 0.000 |   9.576 |    9.519 | 
     +------------------------------------------------------------------------------------------------------------------------+ 
     Clock Rise Edge                      0.000
     = Beginpoint Arrival Time            0.000
     Other End Path:
     +--------------------------------------------------------------------------------------------+ 
     |      Instance       |    Arc     |            Cell            | Delay | Arrival | Required | 
     |                     |            |                            |       |  Time   |   Time   | 
     |---------------------+------------+----------------------------+-------+---------+----------| 
     |                     | clk ^      |                            |       |   0.000 |    0.058 | 
     | CTS_ccl_a_inv_00003 | A ^ -> Y v | sky130_fd_sc_hd__clkinv_16 | 0.380 |   0.380 |    0.437 | 
     | CTS_ccl_a_inv_00002 | A v -> Y ^ | sky130_fd_sc_hd__clkinv_16 | 0.156 |   0.535 |    0.593 | 
     | result_r_reg[9]     | CLK ^      | sky130_fd_sc_hd__dfrtp_1   | 0.002 |   0.538 |    0.595 | 
     +--------------------------------------------------------------------------------------------+ 
Path 9: VIOLATED Setup Check with Pin result_r_reg[7]/CLK 
Endpoint:   result_r_reg[7]/D (^) checked with  leading edge of 'clk'
Beginpoint: in2_r_reg[2]/Q    (v) triggered by  leading edge of 'clk'
Path Groups: {clk}
Analysis View: VIEW_TYP
Other End Arrival Time          0.539
- Setup                         0.059
+ Phase Shift                   9.091
+ CPPR Adjustment               0.000
= Required Time                 9.571
- Arrival Time                  9.627
= Slack Time                   -0.056
     Clock Rise Edge                      0.000
     + Source Insertion Delay            -0.184
     = Beginpoint Arrival Time           -0.184
     Timing Path:
     +------------------------------------------------------------------------------------------------------------------------+ 
     |                   Instance                    |     Arc      |            Cell            | Delay | Arrival | Required | 
     |                                               |              |                            |       |  Time   |   Time   | 
     |-----------------------------------------------+--------------+----------------------------+-------+---------+----------| 
     |                                               | clk ^        |                            |       |  -0.184 |   -0.239 | 
     | CTS_ccl_a_inv_00003                           | A ^ -> Y v   | sky130_fd_sc_hd__clkinv_16 | 0.380 |   0.196 |    0.140 | 
     | CTS_ccl_a_inv_00001                           | A v -> Y ^   | sky130_fd_sc_hd__clkinv_16 | 0.155 |   0.351 |    0.296 | 
     | in2_r_reg[2]                                  | CLK ^ -> Q v | sky130_fd_sc_hd__sdfrtp_2  | 0.452 |   0.803 |    0.748 | 
     | g123467                                       | B v -> Y ^   | sky130_fd_sc_hd__nor2_2    | 0.121 |   0.924 |    0.868 | 
     | FE_RC_2110_0                                  | A ^ -> Y v   | sky130_fd_sc_hd__nand4_1   | 0.105 |   1.029 |    0.973 | 
     | g123393                                       | B v -> Y ^   | sky130_fd_sc_hd__nor2_2    | 0.153 |   1.182 |    1.126 | 
     | FE_RC_376_0                                   | A2 ^ -> Y v  | sky130_fd_sc_hd__o21ai_2   | 0.117 |   1.299 |    1.243 | 
     | FE_RC_310_0                                   | B v -> Y ^   | sky130_fd_sc_hd__nand2_4   | 0.144 |   1.443 |    1.388 | 
     | FE_OCPC1126_n_2798                            | A ^ -> X ^   | sky130_fd_sc_hd__buf_6     | 0.127 |   1.570 |    1.514 | 
     | g123246                                       | A1 ^ -> Y v  | sky130_fd_sc_hd__mux2i_1   | 0.061 |   1.631 |    1.575 | 
     | g123161                                       | B1 v -> Y ^  | sky130_fd_sc_hd__a21oi_1   | 0.116 |   1.747 |    1.691 | 
     | g123129                                       | B ^ -> Y v   | sky130_fd_sc_hd__nand2_1   | 0.086 |   1.833 |    1.777 | 
     | g123115                                       | A v -> Y ^   | sky130_fd_sc_hd__nand4_2   | 0.077 |   1.910 |    1.854 | 
     | g123111                                       | A ^ -> Y v   | sky130_fd_sc_hd__nand3_2   | 0.087 |   1.997 |    1.941 | 
     | FE_OFC25_n_2943                               | A v -> X v   | sky130_fd_sc_hd__buf_12    | 0.183 |   2.180 |    2.124 | 
     | FE_OFC472_FE_DBTN9_n_2943                     | A v -> Y ^   | sky130_fd_sc_hd__inv_12    | 0.086 |   2.266 |    2.210 | 
     | g123012                                       | A ^ -> Y v   | sky130_fd_sc_hd__nand2_2   | 0.062 |   2.327 |    2.272 | 
     | g123005                                       | A v -> Y ^   | sky130_fd_sc_hd__nand2_4   | 0.117 |   2.444 |    2.389 | 
     | g122972                                       | A ^ -> Y v   | sky130_fd_sc_hd__nand2_8   | 0.094 |   2.539 |    2.483 | 
     | FE_OCPC161_n_3009                             | A v -> X v   | sky130_fd_sc_hd__buf_12    | 0.184 |   2.723 |    2.667 | 
     | g122680                                       | B v -> Y ^   | sky130_fd_sc_hd__nand2_4   | 0.089 |   2.812 |    2.756 | 
     | FE_OFC1631_n_2304                             | A ^ -> X ^   | sky130_fd_sc_hd__buf_6     | 0.116 |   2.928 |    2.872 | 
     | FE_PSC2092_FE_OFN29661_n_2304                 | A ^ -> X ^   | sky130_fd_sc_hd__buf_6     | 0.783 |   3.711 |    3.655 | 
     | FE_PDC2090_FE_OFN29661_n_2304                 | A ^ -> X ^   | sky130_fd_sc_hd__buf_6     | 0.147 |   3.858 |    3.802 | 
     | FE_RC_545_0                                   | A1 ^ -> Y v  | sky130_fd_sc_hd__o21ai_4   | 0.115 |   3.973 |    3.917 | 
     | FE_RC_5_0                                     | C v -> Y ^   | sky130_fd_sc_hd__nor3_2    | 0.139 |   4.112 |    4.056 | 
     | FE_OFC1877_n_5007                             | A ^ -> Y v   | sky130_fd_sc_hd__inv_2     | 0.091 |   4.202 |    4.146 | 
     | FE_RC_127_0                                   | B v -> Y ^   | sky130_fd_sc_hd__nor2_2    | 0.096 |   4.298 |    4.242 | 
     | FE_RC_126_0                                   | C ^ -> Y v   | sky130_fd_sc_hd__nand3_2   | 0.098 |   4.396 |    4.340 | 
     | g118809__6260                                 | A v -> Y ^   | sky130_fd_sc_hd__nor2_4    | 0.128 |   4.523 |    4.468 | 
     | FE_RC_107_0                                   | A ^ -> Y v   | sky130_fd_sc_hd__nand3_2   | 0.149 |   4.672 |    4.617 | 
     | FE_PSBC2093_n_5119                            | A v -> Y ^   | sky130_fd_sc_hd__inv_2     | 0.068 |   4.740 |    4.685 | 
     | FE_PSBC2092_n_5119                            | A ^ -> Y v   | sky130_fd_sc_hd__inv_2     | 0.158 |   4.898 |    4.843 | 
     | g118779__8428                                 | A v -> Y ^   | sky130_fd_sc_hd__nand2_4   | 0.072 |   4.971 |    4.915 | 
     | FE_RC_16_0                                    | A ^ -> Y v   | sky130_fd_sc_hd__nand2_4   | 0.084 |   5.055 |    4.999 | 
     | FE_OCPC1058_alu_inst_n_29624                  | A v -> Y ^   | sky130_fd_sc_hd__inv_2     | 0.054 |   5.109 |    5.053 | 
     | alu_inst_muldiv_inst_mul_349_24_g5401         | A ^ -> X ^   | sky130_fd_sc_hd__and2_4    | 0.212 |   5.321 |    5.265 | 
     | alu_inst_muldiv_inst_mul_349_24_g5213         | A ^ -> Y v   | sky130_fd_sc_hd__nand2_4   | 0.061 |   5.382 |    5.326 | 
     | alu_inst_muldiv_inst_mul_349_24_g5184         | A v -> Y ^   | sky130_fd_sc_hd__nand2_2   | 0.065 |   5.447 |    5.391 | 
     | alu_inst_muldiv_inst_mul_349_24_cdnfadd_005_0 | B ^ -> SUM v | sky130_fd_sc_hd__fah_1     | 0.245 |   5.691 |    5.635 | 
     | alu_inst_muldiv_inst_mul_349_24_g5607         | A v -> X v   | sky130_fd_sc_hd__and2_1    | 0.152 |   5.843 |    5.788 | 
     | alu_inst_muldiv_inst_mul_349_24_g5006         | B1 v -> Y ^  | sky130_fd_sc_hd__a21oi_2   | 0.117 |   5.961 |    5.905 | 
     | FE_RC_903_0                                   | B ^ -> Y v   | sky130_fd_sc_hd__nor2_2    | 0.042 |   6.003 |    5.947 | 
     | FE_RC_902_0                                   | A v -> Y ^   | sky130_fd_sc_hd__nand2_1   | 0.064 |   6.066 |    6.011 | 
     | alu_inst_muldiv_inst_mul_349_24_g4978         | B ^ -> Y v   | sky130_fd_sc_hd__nand3_2   | 0.097 |   6.164 |    6.108 | 
     | FE_RC_125_0                                   | A v -> Y ^   | sky130_fd_sc_hd__nand3_4   | 0.099 |   6.262 |    6.207 | 
     | alu_inst_muldiv_inst_mul_349_24_g5618         | A_N ^ -> Y ^ | sky130_fd_sc_hd__nand2b_4  | 0.130 |   6.392 |    6.336 | 
     | alu_inst_muldiv_inst_mul_349_24_g4932         | A ^ -> Y v   | sky130_fd_sc_hd__nand2_2   | 0.054 |   6.446 |    6.391 | 
     | alu_inst_muldiv_inst_mul_349_24_g4918         | B v -> Y ^   | sky130_fd_sc_hd__nor2_4    | 0.121 |   6.567 |    6.512 | 
     | alu_inst_muldiv_inst_mul_349_24_g4832         | B ^ -> Y v   | sky130_fd_sc_hd__nor2_4    | 0.048 |   6.615 |    6.559 | 
     | FE_RC_2103_0                                  | A v -> Y ^   | sky130_fd_sc_hd__nand3_2   | 0.062 |   6.677 |    6.621 | 
     | FE_RC_1649_0                                  | A ^ -> Y v   | sky130_fd_sc_hd__nand4_2   | 0.076 |   6.754 |    6.698 | 
     | FE_RC_23_0                                    | A v -> Y ^   | sky130_fd_sc_hd__inv_2     | 0.082 |   6.835 |    6.779 | 
     | alu_inst_muldiv_inst_mul_349_24_g4797         | A ^ -> Y v   | sky130_fd_sc_hd__nand2_4   | 0.079 |   6.915 |    6.859 | 
     | FE_RC_11_0                                    | A2 v -> Y ^  | sky130_fd_sc_hd__o21ai_2   | 0.156 |   7.070 |    7.014 | 
     | FE_RC_2001_0                                  | A ^ -> Y v   | sky130_fd_sc_hd__nand2_1   | 0.087 |   7.157 |    7.101 | 
     | FE_RC_2000_0                                  | A v -> Y ^   | sky130_fd_sc_hd__nand2_2   | 0.068 |   7.225 |    7.169 | 
     | g95984_dup                                    | A ^ -> Y v   | sky130_fd_sc_hd__nand2_2   | 0.048 |   7.272 |    7.217 | 
     | g95980                                        | A v -> Y ^   | sky130_fd_sc_hd__nand2_2   | 0.055 |   7.327 |    7.272 | 
     | g95835                                        | A ^ -> Y v   | sky130_fd_sc_hd__nand2_2   | 0.061 |   7.388 |    7.333 | 
     | g95817                                        | A v -> Y ^   | sky130_fd_sc_hd__nand2_4   | 0.083 |   7.471 |    7.415 | 
     | g95721                                        | A ^ -> Y v   | sky130_fd_sc_hd__nand2_4   | 0.061 |   7.532 |    7.476 | 
     | FE_RC_952_0                                   | A v -> Y ^   | sky130_fd_sc_hd__nand2_4   | 0.056 |   7.589 |    7.533 | 
     | g95616                                        | A ^ -> Y v   | sky130_fd_sc_hd__nand2_2   | 0.055 |   7.644 |    7.588 | 
     | FE_RC_741_0                                   | A v -> Y ^   | sky130_fd_sc_hd__nand2_2   | 0.080 |   7.724 |    7.668 | 
     | FE_RC_443_0                                   | A ^ -> Y v   | sky130_fd_sc_hd__nand2_2   | 0.054 |   7.777 |    7.722 | 
     | FE_RC_455_0                                   | A v -> Y ^   | sky130_fd_sc_hd__nand3_2   | 0.072 |   7.849 |    7.794 | 
     | FE_RC_134_0                                   | B ^ -> Y v   | sky130_fd_sc_hd__nand2_4   | 0.077 |   7.927 |    7.871 | 
     | FE_OFC1192_n_1171                             | A v -> Y ^   | sky130_fd_sc_hd__inv_4     | 0.084 |   8.011 |    7.955 | 
     | FE_RC_509_0                                   | A2 ^ -> Y v  | sky130_fd_sc_hd__o21bai_4  | 0.065 |   8.076 |    8.020 | 
     | FE_RC_1130_0                                  | B v -> Y ^   | sky130_fd_sc_hd__nand2_2   | 0.071 |   8.146 |    8.091 | 
     | FE_RC_1129_0                                  | A ^ -> Y v   | sky130_fd_sc_hd__nand2_2   | 0.065 |   8.212 |    8.156 | 
     | g95312                                        | A1 v -> Y ^  | sky130_fd_sc_hd__a21oi_2   | 0.183 |   8.394 |    8.338 | 
     | FE_RC_115_0                                   | A2 ^ -> Y v  | sky130_fd_sc_hd__o21ai_2   | 0.098 |   8.492 |    8.436 | 
     | FE_RC_154_0                                   | A v -> Y ^   | sky130_fd_sc_hd__inv_2     | 0.057 |   8.549 |    8.493 | 
     | FE_RC_1969_0                                  | B ^ -> Y v   | sky130_fd_sc_hd__nand4_2   | 0.086 |   8.635 |    8.579 | 
     | FE_OFC1803_n_1368                             | A v -> Y ^   | sky130_fd_sc_hd__inv_2     | 0.106 |   8.741 |    8.685 | 
     | FE_RC_333_0                                   | A ^ -> Y v   | sky130_fd_sc_hd__nand2_1   | 0.085 |   8.826 |    8.770 | 
     | FE_OFC1171_n_1396                             | A v -> Y ^   | sky130_fd_sc_hd__inv_2     | 0.068 |   8.894 |    8.839 | 
     | FE_RC_892_0                                   | A ^ -> Y v   | sky130_fd_sc_hd__nand2_2   | 0.066 |   8.960 |    8.904 | 
     | FE_RC_821_0                                   | B v -> Y ^   | sky130_fd_sc_hd__nand2_1   | 0.071 |   9.031 |    8.975 | 
     | FE_RC_818_0                                   | C1 ^ -> Y v  | sky130_fd_sc_hd__o211ai_1  | 0.082 |   9.113 |    9.057 | 
     | FE_RC_1458_0                                  | A2 v -> Y ^  | sky130_fd_sc_hd__o21ai_1   | 0.315 |   9.428 |    9.372 | 
     | g94347                                        | B1 ^ -> Y v  | sky130_fd_sc_hd__a21oi_2   | 0.078 |   9.506 |    9.450 | 
     | FE_RC_1769_0                                  | A2 v -> Y ^  | sky130_fd_sc_hd__o21ai_2   | 0.121 |   9.627 |    9.571 | 
     | result_r_reg[7]                               | D ^          | sky130_fd_sc_hd__dfrtp_1   | 0.000 |   9.627 |    9.571 | 
     +------------------------------------------------------------------------------------------------------------------------+ 
     Clock Rise Edge                      0.000
     = Beginpoint Arrival Time            0.000
     Other End Path:
     +--------------------------------------------------------------------------------------------+ 
     |      Instance       |    Arc     |            Cell            | Delay | Arrival | Required | 
     |                     |            |                            |       |  Time   |   Time   | 
     |---------------------+------------+----------------------------+-------+---------+----------| 
     |                     | clk ^      |                            |       |   0.000 |    0.056 | 
     | CTS_ccl_a_inv_00003 | A ^ -> Y v | sky130_fd_sc_hd__clkinv_16 | 0.380 |   0.380 |    0.435 | 
     | CTS_ccl_a_inv_00002 | A v -> Y ^ | sky130_fd_sc_hd__clkinv_16 | 0.156 |   0.535 |    0.591 | 
     | result_r_reg[7]     | CLK ^      | sky130_fd_sc_hd__dfrtp_1   | 0.003 |   0.539 |    0.594 | 
     +--------------------------------------------------------------------------------------------+ 
Path 10: VIOLATED Setup Check with Pin status_r_reg[1]/CLK 
Endpoint:   status_r_reg[1]/D (^) checked with  leading edge of 'clk'
Beginpoint: in2_r_reg[2]/Q    (v) triggered by  leading edge of 'clk'
Path Groups: {clk}
Analysis View: VIEW_TYP
Other End Arrival Time          0.538
- Setup                         0.063
+ Phase Shift                   9.091
+ CPPR Adjustment               0.000
= Required Time                 9.566
- Arrival Time                  9.609
= Slack Time                   -0.043
     Clock Rise Edge                      0.000
     + Source Insertion Delay            -0.184
     = Beginpoint Arrival Time           -0.184
     Timing Path:
     +----------------------------------------------------------------------------------------------+ 
     |      Instance       |     Arc      |            Cell            | Delay | Arrival | Required | 
     |                     |              |                            |       |  Time   |   Time   | 
     |---------------------+--------------+----------------------------+-------+---------+----------| 
     |                     | clk ^        |                            |       |  -0.184 |   -0.227 | 
     | CTS_ccl_a_inv_00003 | A ^ -> Y v   | sky130_fd_sc_hd__clkinv_16 | 0.380 |   0.196 |    0.153 | 
     | CTS_ccl_a_inv_00001 | A v -> Y ^   | sky130_fd_sc_hd__clkinv_16 | 0.155 |   0.351 |    0.308 | 
     | in2_r_reg[2]        | CLK ^ -> Q v | sky130_fd_sc_hd__sdfrtp_2  | 0.452 |   0.803 |    0.760 | 
     | g123467             | B v -> Y ^   | sky130_fd_sc_hd__nor2_2    | 0.121 |   0.924 |    0.881 | 
     | FE_RC_2110_0        | A ^ -> Y v   | sky130_fd_sc_hd__nand4_1   | 0.105 |   1.029 |    0.986 | 
     | g123393             | B v -> Y ^   | sky130_fd_sc_hd__nor2_2    | 0.153 |   1.182 |    1.139 | 
     | FE_RC_366_0         | C ^ -> Y v   | sky130_fd_sc_hd__nor3_2    | 0.075 |   1.257 |    1.214 | 
     | FE_RC_311_0         | A v -> Y ^   | sky130_fd_sc_hd__clkinv_4  | 0.068 |   1.325 |    1.282 | 
     | FE_RC_310_0         | A ^ -> Y v   | sky130_fd_sc_hd__nand2_4   | 0.085 |   1.410 |    1.367 | 
     | FE_RC_199_0         | A v -> Y ^   | sky130_fd_sc_hd__nand2_2   | 0.084 |   1.494 |    1.451 | 
     | FE_RC_198_0         | B1 ^ -> Y v  | sky130_fd_sc_hd__o21ai_2   | 0.061 |   1.554 |    1.511 | 
     | g123201             | B v -> Y ^   | sky130_fd_sc_hd__nand2_1   | 0.079 |   1.634 |    1.591 | 
     | FE_RC_2094_0        | C ^ -> Y v   | sky130_fd_sc_hd__nand4_2   | 0.098 |   1.732 |    1.689 | 
     | g123129             | A v -> Y ^   | sky130_fd_sc_hd__nand2_1   | 0.090 |   1.822 |    1.779 | 
     | g123115             | A ^ -> Y v   | sky130_fd_sc_hd__nand4_2   | 0.087 |   1.909 |    1.866 | 
     | g123111             | A v -> Y ^   | sky130_fd_sc_hd__nand3_2   | 0.097 |   2.006 |    1.963 | 
     | FE_OFC25_n_2943     | A ^ -> X ^   | sky130_fd_sc_hd__buf_12    | 0.185 |   2.191 |    2.148 | 
     | g122983             | A ^ -> Y v   | sky130_fd_sc_hd__nand3_1   | 0.112 |   2.303 |    2.260 | 
     | FE_RC_382_0         | C v -> Y ^   | sky130_fd_sc_hd__nand3_2   | 0.173 |   2.476 |    2.433 | 
     | g122727             | A ^ -> Y v   | sky130_fd_sc_hd__nand2_2   | 0.111 |   2.587 |    2.544 | 
     | g122678             | B v -> Y ^   | sky130_fd_sc_hd__nand2_8   | 0.189 |   2.776 |    2.733 | 
     | FE_PSBC2099_n_3121  | A ^ -> Y v   | sky130_fd_sc_hd__inv_4     | 0.053 |   2.830 |    2.787 | 
     | FE_PSBC2096_n_3121  | A v -> Y ^   | sky130_fd_sc_hd__inv_4     | 0.052 |   2.882 |    2.839 | 
     | g96686              | A ^ -> Y v   | sky130_fd_sc_hd__nand2_2   | 0.180 |   3.062 |    3.019 | 
     | g96567              | A v -> Y ^   | sky130_fd_sc_hd__nand2_2   | 0.064 |   3.126 |    3.083 | 
     | g96553              | B ^ -> Y v   | sky130_fd_sc_hd__nor2_1    | 0.039 |   3.165 |    3.122 | 
     | FE_RC_1727_0        | C v -> Y ^   | sky130_fd_sc_hd__nand3_1   | 0.075 |   3.240 |    3.197 | 
     | FE_RC_541_0         | A ^ -> Y v   | sky130_fd_sc_hd__nand4_1   | 0.092 |   3.332 |    3.289 | 
     | FE_RC_1988_0        | A v -> Y ^   | sky130_fd_sc_hd__nand2_1   | 0.091 |   3.423 |    3.380 | 
     | FE_RC_1987_0        | A ^ -> Y v   | sky130_fd_sc_hd__nand2_2   | 0.073 |   3.495 |    3.452 | 
     | FE_RC_1374_0        | A v -> Y ^   | sky130_fd_sc_hd__nand2_2   | 0.078 |   3.574 |    3.531 | 
     | FE_RC_1229_0        | A ^ -> Y v   | sky130_fd_sc_hd__nand2_4   | 0.073 |   3.646 |    3.603 | 
     | FE_RC_251_0         | A2 v -> Y ^  | sky130_fd_sc_hd__o21ai_2   | 0.127 |   3.773 |    3.730 | 
     | FE_RC_424_0         | B ^ -> Y v   | sky130_fd_sc_hd__nand2_2   | 0.081 |   3.855 |    3.812 | 
     | FE_RC_423_0         | A v -> Y ^   | sky130_fd_sc_hd__nand2_4   | 0.103 |   3.957 |    3.914 | 
     | FE_DBTC40_n_897     | A ^ -> Y v   | sky130_fd_sc_hd__inv_4     | 0.057 |   4.015 |    3.972 | 
     | g95752              | A v -> X v   | sky130_fd_sc_hd__and2_4    | 0.153 |   4.167 |    4.124 | 
     | g95684              | A v -> Y ^   | sky130_fd_sc_hd__nand2_1   | 0.069 |   4.236 |    4.193 | 
     | FE_RC_2095_0        | A ^ -> Y v   | sky130_fd_sc_hd__nand4_2   | 0.106 |   4.343 |    4.300 | 
     | FE_OFC1864_n_186    | A v -> Y ^   | sky130_fd_sc_hd__inv_2     | 0.084 |   4.426 |    4.383 | 
     | g95579              | A2 ^ -> Y v  | sky130_fd_sc_hd__o21ai_2   | 0.053 |   4.480 |    4.437 | 
     | FE_RC_886_0         | A v -> Y ^   | sky130_fd_sc_hd__nor2_2    | 0.148 |   4.628 |    4.585 | 
     | g95478              | A ^ -> Y v   | sky130_fd_sc_hd__nand2_2   | 0.083 |   4.711 |    4.668 | 
     | g95434              | A v -> Y ^   | sky130_fd_sc_hd__nor2_4    | 0.123 |   4.834 |    4.791 | 
     | FE_RC_1658_0        | A ^ -> Y v   | sky130_fd_sc_hd__nand2_2   | 0.058 |   4.892 |    4.849 | 
     | g95395              | A v -> Y ^   | sky130_fd_sc_hd__nand2_2   | 0.074 |   4.966 |    4.923 | 
     | g95376              | A ^ -> Y v   | sky130_fd_sc_hd__nand2_2   | 0.054 |   5.020 |    4.977 | 
     | g95364              | A v -> Y ^   | sky130_fd_sc_hd__nand2_1   | 0.066 |   5.086 |    5.043 | 
     | g95356              | A ^ -> Y v   | sky130_fd_sc_hd__nand2_2   | 0.064 |   5.150 |    5.107 | 
     | FE_RC_2087_0        | B v -> Y ^   | sky130_fd_sc_hd__nand3_2   | 0.087 |   5.237 |    5.194 | 
     | g95299              | A ^ -> Y v   | sky130_fd_sc_hd__nand2_2   | 0.074 |   5.312 |    5.269 | 
     | FE_RC_826_0         | A v -> Y ^   | sky130_fd_sc_hd__nand2_4   | 0.083 |   5.394 |    5.351 | 
     | FE_RC_409_0         | A ^ -> Y v   | sky130_fd_sc_hd__nand2_2   | 0.068 |   5.463 |    5.420 | 
     | g95241_dup          | A v -> Y ^   | sky130_fd_sc_hd__nand2_4   | 0.078 |   5.541 |    5.498 | 
     | FE_RC_1173_0        | A1 ^ -> Y v  | sky130_fd_sc_hd__a21oi_4   | 0.062 |   5.603 |    5.560 | 
     | FE_RC_472_0         | A2 v -> Y ^  | sky130_fd_sc_hd__o21ai_2   | 0.197 |   5.800 |    5.757 | 
     | fopt123935          | A ^ -> Y v   | sky130_fd_sc_hd__inv_2     | 0.067 |   5.867 |    5.824 | 
     | FE_RC_949_0         | A v -> Y ^   | sky130_fd_sc_hd__nand2_2   | 0.066 |   5.934 |    5.891 | 
     | FE_RC_948_0         | A1 ^ -> Y v  | sky130_fd_sc_hd__a21oi_2   | 0.061 |   5.995 |    5.952 | 
     | g95113              | B v -> Y ^   | sky130_fd_sc_hd__nor2_4    | 0.141 |   6.136 |    6.093 | 
     | g95109              | B ^ -> Y v   | sky130_fd_sc_hd__nand2_8   | 0.112 |   6.248 |    6.205 | 
     | g95051              | A2 v -> Y ^  | sky130_fd_sc_hd__o21ai_2   | 0.202 |   6.450 |    6.407 | 
     | g94961              | A1 ^ -> X ^  | sky130_fd_sc_hd__a21o_2    | 0.173 |   6.623 |    6.580 | 
     | g94935              | A ^ -> Y v   | sky130_fd_sc_hd__nand2_2   | 0.062 |   6.685 |    6.642 | 
     | fopt124423          | A v -> Y ^   | sky130_fd_sc_hd__clkinv_2  | 0.060 |   6.745 |    6.702 | 
     | FE_RC_1821_0        | B ^ -> Y v   | sky130_fd_sc_hd__nand2_2   | 0.058 |   6.803 |    6.760 | 
     | FE_RC_861_0         | B v -> Y ^   | sky130_fd_sc_hd__nor2_2    | 0.106 |   6.909 |    6.866 | 
     | g94844              | A ^ -> Y v   | sky130_fd_sc_hd__nand2_2   | 0.083 |   6.992 |    6.949 | 
     | FE_OFC1834_n_1678   | A v -> Y ^   | sky130_fd_sc_hd__clkinv_2  | 0.064 |   7.056 |    7.013 | 
     | g94808              | A ^ -> Y v   | sky130_fd_sc_hd__nand2_4   | 0.049 |   7.105 |    7.062 | 
     | FE_RC_484_0         | A v -> Y ^   | sky130_fd_sc_hd__nand2_2   | 0.059 |   7.164 |    7.121 | 
     | FE_RC_483_0         | B1 ^ -> Y v  | sky130_fd_sc_hd__o21ai_2   | 0.069 |   7.233 |    7.190 | 
     | g94742              | A v -> Y ^   | sky130_fd_sc_hd__nand2_2   | 0.063 |   7.296 |    7.253 | 
     | g94727              | B1 ^ -> Y v  | sky130_fd_sc_hd__o21ai_2   | 0.074 |   7.370 |    7.327 | 
     | g94722              | B v -> Y ^   | sky130_fd_sc_hd__nand2_1   | 0.071 |   7.441 |    7.398 | 
     | FE_RC_212_0         | B1 ^ -> Y v  | sky130_fd_sc_hd__o21ai_1   | 0.062 |   7.503 |    7.460 | 
     | FE_RC_213_0         | A v -> Y ^   | sky130_fd_sc_hd__clkinv_1  | 0.063 |   7.566 |    7.523 | 
     | FE_RC_1410_0        | A ^ -> Y v   | sky130_fd_sc_hd__nand2_2   | 0.052 |   7.618 |    7.575 | 
     | FE_RC_1409_0        | A v -> Y ^   | sky130_fd_sc_hd__nand2_2   | 0.059 |   7.678 |    7.635 | 
     | FE_RC_1408_0        | B1 ^ -> Y v  | sky130_fd_sc_hd__o21ai_2   | 0.067 |   7.744 |    7.701 | 
     | FE_RC_185_0         | B v -> Y ^   | sky130_fd_sc_hd__nor2_2    | 0.083 |   7.828 |    7.785 | 
     | FE_RC_184_0         | A ^ -> Y v   | sky130_fd_sc_hd__nand3_1   | 0.081 |   7.909 |    7.866 | 
     | g94633              | B v -> Y ^   | sky130_fd_sc_hd__nor2_2    | 0.100 |   8.008 |    7.965 | 
     | FE_RC_2050_0        | A ^ -> Y v   | sky130_fd_sc_hd__nand3_2   | 0.092 |   8.101 |    8.058 | 
     | g94605              | B v -> Y ^   | sky130_fd_sc_hd__nor2_2    | 0.132 |   8.233 |    8.190 | 
     | g94594              | A ^ -> Y v   | sky130_fd_sc_hd__nand2_2   | 0.080 |   8.313 |    8.270 | 
     | FE_DBTC36_n_1897    | A v -> Y ^   | sky130_fd_sc_hd__clkinv_2  | 0.073 |   8.386 |    8.343 | 
     | g94583              | A ^ -> X ^   | sky130_fd_sc_hd__and2_4    | 0.143 |   8.529 |    8.486 | 
     | g94559              | A ^ -> Y v   | sky130_fd_sc_hd__nand2_4   | 0.047 |   8.575 |    8.532 | 
     | FE_OFC1172_n_1923   | A v -> Y ^   | sky130_fd_sc_hd__clkinv_4  | 0.060 |   8.635 |    8.592 | 
     | g94535              | A ^ -> Y v   | sky130_fd_sc_hd__nand2_2   | 0.043 |   8.678 |    8.635 | 
     | g94528              | A v -> Y ^   | sky130_fd_sc_hd__nand2_1   | 0.052 |   8.730 |    8.687 | 
     | g94501              | A ^ -> Y v   | sky130_fd_sc_hd__nand2_1   | 0.069 |   8.799 |    8.756 | 
     | g94497              | A v -> Y ^   | sky130_fd_sc_hd__nand2_2   | 0.102 |   8.901 |    8.858 | 
     | g94471              | A ^ -> X ^   | sky130_fd_sc_hd__and2_4    | 0.178 |   9.079 |    9.036 | 
     | FE_RC_1775_0        | B ^ -> Y v   | sky130_fd_sc_hd__nand2_2   | 0.108 |   9.186 |    9.143 | 
     | FE_OFC1789_n_2045   | A v -> Y ^   | sky130_fd_sc_hd__clkinv_1  | 0.057 |   9.243 |    9.200 | 
     | FE_RC_1015_0        | B ^ -> Y v   | sky130_fd_sc_hd__nor2_1    | 0.032 |   9.275 |    9.232 | 
     | FE_RC_1014_0        | B v -> Y ^   | sky130_fd_sc_hd__nor2_1    | 0.077 |   9.352 |    9.309 | 
     | FE_RC_2097_0        | C ^ -> Y v   | sky130_fd_sc_hd__nand4_1   | 0.117 |   9.470 |    9.427 | 
     | g94357              | A2 v -> Y ^  | sky130_fd_sc_hd__o21ai_1   | 0.140 |   9.609 |    9.566 | 
     | status_r_reg[1]     | D ^          | sky130_fd_sc_hd__dfrtp_1   | 0.000 |   9.609 |    9.566 | 
     +----------------------------------------------------------------------------------------------+ 
     Clock Rise Edge                      0.000
     = Beginpoint Arrival Time            0.000
     Other End Path:
     +--------------------------------------------------------------------------------------------+ 
     |      Instance       |    Arc     |            Cell            | Delay | Arrival | Required | 
     |                     |            |                            |       |  Time   |   Time   | 
     |---------------------+------------+----------------------------+-------+---------+----------| 
     |                     | clk ^      |                            |       |   0.000 |    0.043 | 
     | CTS_ccl_a_inv_00003 | A ^ -> Y v | sky130_fd_sc_hd__clkinv_16 | 0.380 |   0.380 |    0.423 | 
     | CTS_ccl_a_inv_00002 | A v -> Y ^ | sky130_fd_sc_hd__clkinv_16 | 0.156 |   0.535 |    0.579 | 
     | status_r_reg[1]     | CLK ^      | sky130_fd_sc_hd__dfrtp_1   | 0.002 |   0.538 |    0.581 | 
     +--------------------------------------------------------------------------------------------+ 

