###############################################################
#  Generated by:      Cadence Innovus 21.15-s110_1
#  OS:                Linux x86_64(Host ID vlsiece24.iitr.ac.in)
#  Generated on:      Thu Sep 24 16:21:12 2026
#  Design:            coprocessor
#  Command:           report_timing -path_type full_clock -late -max_paths 10 > ./$RUN/timing_setup_preopt.rpt
###############################################################
Path 1: VIOLATED Setup Check with Pin result_r_reg[13]/CLK 
Endpoint:   result_r_reg[13]/D (v) checked with  leading edge of 'clk'
Beginpoint: in2_r_reg[4]/Q     (v) triggered by  leading edge of 'clk'
Path Groups: {clk}
Analysis View: VIEW_TYP
Other End Arrival Time         -0.003
- Setup                         0.111
+ Phase Shift                   9.091
= Required Time                 8.977
- Arrival Time                  9.154
= Slack Time                   -0.177
     Clock Rise Edge                      0.000
     + Source Insertion Delay            -0.184
     = Beginpoint Arrival Time           -0.184
     Timing Path:
     +----------------------------------------------------------------------------------------------------------------------------+ 
     |                     Instance                     |      Arc      |            Cell            | Delay | Arrival | Required | 
     |                                                  |               |                            |       |  Time   |   Time   | 
     |--------------------------------------------------+---------------+----------------------------+-------+---------+----------| 
     |                                                  | clk ^         |                            |       |  -0.184 |   -0.360 | 
     | CTS_ccl_a_inv_00003                              | A ^ -> Y v    | sky130_fd_sc_hd__clkinv_16 | 0.060 |  -0.123 |   -0.300 | 
     | CTS_ccl_a_inv_00001                              | A v -> Y ^    | sky130_fd_sc_hd__clkinv_16 | 0.117 |  -0.006 |   -0.183 | 
     | in2_r_reg[4]                                     | CLK ^ -> Q v  | sky130_fd_sc_hd__sdfrtp_1  | 0.405 |   0.399 |    0.222 | 
     | FE_OFC1588_in2_r_4                               | A v -> Y ^    | sky130_fd_sc_hd__inv_2     | 0.111 |   0.511 |    0.334 | 
     | FE_RC_2021_0                                     | A ^ -> Y v    | sky130_fd_sc_hd__nand4_1   | 0.112 |   0.622 |    0.446 | 
     | FE_OFC2078_n_2709                                | A v -> Y ^    | sky130_fd_sc_hd__inv_2     | 0.118 |   0.740 |    0.564 | 
     | FE_RC_882_0                                      | A ^ -> Y v    | sky130_fd_sc_hd__nand4_1   | 0.079 |   0.819 |    0.642 | 
     | g123332                                          | A v -> Y ^    | sky130_fd_sc_hd__nand2_1   | 0.081 |   0.901 |    0.724 | 
     | FE_RC_58_0                                       | A ^ -> Y v    | sky130_fd_sc_hd__nand2_1   | 0.062 |   0.962 |    0.785 | 
     | FE_RC_54_0                                       | B v -> Y ^    | sky130_fd_sc_hd__nand2_2   | 0.123 |   1.086 |    0.909 | 
     | g125022                                          | A ^ -> Y v    | sky130_fd_sc_hd__nor2b_1   | 0.071 |   1.157 |    0.980 | 
     | FE_RC_1774_0                                     | B1 v -> Y ^   | sky130_fd_sc_hd__a21oi_2   | 0.100 |   1.256 |    1.080 | 
     | FE_RC_1970_0                                     | A ^ -> Y v    | sky130_fd_sc_hd__nand3_1   | 0.085 |   1.342 |    1.165 | 
     | FE_DBTC30_n_2900                                 | A v -> Y ^    | sky130_fd_sc_hd__inv_2     | 0.085 |   1.427 |    1.250 | 
     | FE_RC_79_0                                       | B ^ -> Y v    | sky130_fd_sc_hd__nand3_2   | 0.074 |   1.501 |    1.324 | 
     | g123110                                          | A v -> Y ^    | sky130_fd_sc_hd__nand3_2   | 0.079 |   1.580 |    1.403 | 
     | FE_OFC286_n_2950                                 | A ^ -> Y v    | sky130_fd_sc_hd__inv_2     | 0.065 |   1.645 |    1.468 | 
     | FE_OFC287_n_2950                                 | A v -> Y ^    | sky130_fd_sc_hd__inv_8     | 0.090 |   1.735 |    1.558 | 
     | FE_OCPC936_FE_OFN166_n_2950                      | A ^ -> Y v    | sky130_fd_sc_hd__inv_4     | 0.046 |   1.781 |    1.604 | 
     | FE_OFC2071_FE_OCPN29674_FE_OFN166_n_2950         | A v -> Y ^    | sky130_fd_sc_hd__inv_6     | 0.083 |   1.864 |    1.687 | 
     | g122986                                          | A ^ -> Y v    | sky130_fd_sc_hd__nand3_2   | 0.073 |   1.937 |    1.760 | 
     | FE_RC_382_0                                      | B v -> Y ^    | sky130_fd_sc_hd__nand3_2   | 0.126 |   2.063 |    1.886 | 
     | g122872                                          | A ^ -> Y v    | sky130_fd_sc_hd__inv_1     | 0.071 |   2.134 |    1.957 | 
     | g123695                                          | A_N v -> Y v  | sky130_fd_sc_hd__nand2b_4  | 0.216 |   2.350 |    2.174 | 
     | g122532                                          | B v -> Y ^    | sky130_fd_sc_hd__nand2_2   | 0.143 |   2.494 |    2.317 | 
     | FE_OFC1539_n_3137                                | A ^ -> Y v    | sky130_fd_sc_hd__inv_2     | 0.093 |   2.587 |    2.410 | 
     | g121879                                          | A v -> Y ^    | sky130_fd_sc_hd__nand2_8   | 0.192 |   2.779 |    2.603 | 
     | g121745                                          | A ^ -> Y v    | sky130_fd_sc_hd__inv_2     | 0.201 |   2.981 |    2.804 | 
     | g121469                                          | A v -> Y ^    | sky130_fd_sc_hd__nand2_1   | 0.151 |   3.132 |    2.955 | 
     | g120203                                          | B ^ -> Y v    | sky130_fd_sc_hd__nand2_1   | 0.105 |   3.237 |    3.061 | 
     | g119794__6783                                    | B v -> Y ^    | sky130_fd_sc_hd__nand2_4   | 0.156 |   3.394 |    3.217 | 
     | g118950__4319                                    | C ^ -> Y v    | sky130_fd_sc_hd__nand3_1   | 0.141 |   3.535 |    3.358 | 
     | g118902__5122                                    | B v -> Y ^    | sky130_fd_sc_hd__nor2_4    | 0.363 |   3.898 |    3.721 | 
     | g118832__7410                                    | C ^ -> Y v    | sky130_fd_sc_hd__nand4_1   | 0.192 |   4.091 |    3.914 | 
     | g118802__2346                                    | A v -> Y ^    | sky130_fd_sc_hd__nand2_1   | 0.093 |   4.183 |    4.007 | 
     | FE_RC_402_0                                      | A ^ -> Y v    | sky130_fd_sc_hd__nand4_1   | 0.101 |   4.284 |    4.107 | 
     | FE_OFC1874_n_5123                                | A v -> Y ^    | sky130_fd_sc_hd__inv_2     | 0.085 |   4.369 |    4.192 | 
     | g118775__5107                                    | A ^ -> Y v    | sky130_fd_sc_hd__nand2_4   | 0.076 |   4.445 |    4.268 | 
     | FE_OFC1865_alu_inst_n_29622                      | A v -> Y ^    | sky130_fd_sc_hd__inv_2     | 0.085 |   4.530 |    4.353 | 
     | alu_inst_muldiv_inst_mul_349_24_g5299            | A ^ -> Y v    | sky130_fd_sc_hd__nand3_2   | 0.079 |   4.609 |    4.433 | 
     | alu_inst_muldiv_inst_mul_349_24_g5272            | B v -> Y ^    | sky130_fd_sc_hd__nand2_4   | 0.162 |   4.772 |    4.595 | 
     | alu_inst_muldiv_inst_mul_349_24_g5148            | A ^ -> Y v    | sky130_fd_sc_hd__nand2_2   | 0.073 |   4.844 |    4.667 | 
     | alu_inst_muldiv_inst_mul_349_24_g5122            | A v -> Y ^    | sky130_fd_sc_hd__nand2_1   | 0.059 |   4.903 |    4.727 | 
     | alu_inst_muldiv_inst_mul_349_24_g5043            | A ^ -> Y v    | sky130_fd_sc_hd__nand2_1   | 0.052 |   4.955 |    4.779 | 
     | alu_inst_muldiv_inst_mul_349_24_g5608            | A v -> X v    | sky130_fd_sc_hd__and2_1    | 0.130 |   5.085 |    4.908 | 
     | alu_inst_muldiv_inst_mul_349_24_cdnfadd_005_0    | CI v -> SUM ^ | sky130_fd_sc_hd__fah_1     | 0.293 |   5.378 |    5.201 | 
     | alu_inst_muldiv_inst_mul_349_24_g5012            | A ^ -> Y v    | sky130_fd_sc_hd__inv_1     | 0.052 |   5.429 |    5.252 | 
     | alu_inst_muldiv_inst_mul_349_24_g5011            | A v -> Y ^    | sky130_fd_sc_hd__nand2_2   | 0.049 |   5.479 |    5.302 | 
     | alu_inst_muldiv_inst_mul_349_24_g5621            | B_N ^ -> Y ^  | sky130_fd_sc_hd__nor2b_2   | 0.120 |   5.598 |    5.421 | 
     | FE_RC_1355_0                                     | A ^ -> Y v    | sky130_fd_sc_hd__nand3_1   | 0.078 |   5.676 |    5.499 | 
     | alu_inst_muldiv_inst_mul_349_24_g4978            | A v -> Y ^    | sky130_fd_sc_hd__nand3_2   | 0.087 |   5.763 |    5.586 | 
     | FE_RC_125_0                                      | A ^ -> Y v    | sky130_fd_sc_hd__nand3_4   | 0.086 |   5.849 |    5.672 | 
     | alu_inst_muldiv_inst_mul_349_24_g4944            | A v -> Y ^    | sky130_fd_sc_hd__nand2_1   | 0.081 |   5.930 |    5.753 | 
     | alu_inst_muldiv_inst_mul_349_24_g4931            | B ^ -> Y v    | sky130_fd_sc_hd__nand2_2   | 0.061 |   5.991 |    5.814 | 
     | alu_inst_muldiv_inst_mul_349_24_g4917            | A v -> Y ^    | sky130_fd_sc_hd__nand3_2   | 0.063 |   6.054 |    5.877 | 
     | FE_RC_1691_0                                     | A ^ -> Y v    | sky130_fd_sc_hd__nand3_2   | 0.079 |   6.133 |    5.956 | 
     | alu_inst_muldiv_inst_mul_349_24_g4831            | A v -> Y ^    | sky130_fd_sc_hd__nand2_4   | 0.086 |   6.219 |    6.042 | 
     | alu_inst_muldiv_inst_mul_349_24_g4821            | A ^ -> Y v    | sky130_fd_sc_hd__nand2_2   | 0.054 |   6.272 |    6.096 | 
     | FE_RC_124_0                                      | A v -> Y ^    | sky130_fd_sc_hd__nand3_2   | 0.057 |   6.329 |    6.153 | 
     | alu_inst_muldiv_inst_mul_349_24_g4803            | A ^ -> Y v    | sky130_fd_sc_hd__nand2_2   | 0.049 |   6.378 |    6.201 | 
     | FE_OFC1210_alu_inst_muldiv_inst_mul_349_24_n_628 | A v -> Y ^    | sky130_fd_sc_hd__inv_2     | 0.058 |   6.436 |    6.260 | 
     | alu_inst_muldiv_inst_mul_349_24_g4797            | A ^ -> Y v    | sky130_fd_sc_hd__nand2_4   | 0.074 |   6.510 |    6.333 | 
     | FE_RC_11_0                                       | A2 v -> Y ^   | sky130_fd_sc_hd__o21ai_2   | 0.150 |   6.660 |    6.483 | 
     | FE_RC_2001_0                                     | B ^ -> Y v    | sky130_fd_sc_hd__nand2_1   | 0.083 |   6.743 |    6.566 | 
     | FE_RC_2000_0                                     | A v -> Y ^    | sky130_fd_sc_hd__nand2_2   | 0.063 |   6.805 |    6.629 | 
     | g95984_dup                                       | A ^ -> Y v    | sky130_fd_sc_hd__nand2_2   | 0.048 |   6.854 |    6.677 | 
     | g95980                                           | A v -> Y ^    | sky130_fd_sc_hd__nand2_2   | 0.053 |   6.907 |    6.730 | 
     | g95835                                           | A ^ -> Y v    | sky130_fd_sc_hd__nand2_2   | 0.058 |   6.964 |    6.787 | 
     | g95817                                           | A v -> Y ^    | sky130_fd_sc_hd__nand2_4   | 0.082 |   7.047 |    6.870 | 
     | g95721                                           | A ^ -> Y v    | sky130_fd_sc_hd__nand2_4   | 0.061 |   7.108 |    6.931 | 
     | FE_RC_952_0                                      | A v -> Y ^    | sky130_fd_sc_hd__nand2_4   | 0.056 |   7.164 |    6.987 | 
     | g95616                                           | A ^ -> Y v    | sky130_fd_sc_hd__nand2_2   | 0.054 |   7.218 |    7.042 | 
     | FE_RC_741_0                                      | A v -> Y ^    | sky130_fd_sc_hd__nand2_2   | 0.079 |   7.297 |    7.121 | 
     | FE_RC_443_0                                      | A ^ -> Y v    | sky130_fd_sc_hd__nand2_2   | 0.053 |   7.350 |    7.173 | 
     | FE_RC_455_0                                      | A v -> Y ^    | sky130_fd_sc_hd__nand3_2   | 0.071 |   7.421 |    7.244 | 
     | FE_RC_134_0                                      | B ^ -> Y v    | sky130_fd_sc_hd__nand2_4   | 0.076 |   7.497 |    7.321 | 
     | FE_RC_1472_0                                     | A v -> Y ^    | sky130_fd_sc_hd__nand2_2   | 0.061 |   7.558 |    7.382 | 
     | FE_RC_1471_0                                     | B1 ^ -> Y v   | sky130_fd_sc_hd__o21ai_2   | 0.057 |   7.615 |    7.439 | 
     | FE_RC_46_0                                       | A v -> Y ^    | sky130_fd_sc_hd__nand2_1   | 0.073 |   7.689 |    7.512 | 
     | FE_RC_45_0                                       | A ^ -> Y v    | sky130_fd_sc_hd__nand2_2   | 0.074 |   7.762 |    7.585 | 
     | g95320                                           | A1 v -> Y ^   | sky130_fd_sc_hd__a21oi_4   | 0.120 |   7.882 |    7.706 | 
     | FE_RC_1654_0                                     | A_N ^ -> Y ^  | sky130_fd_sc_hd__nand2b_1  | 0.126 |   8.009 |    7.832 | 
     | FE_RC_1653_0                                     | B ^ -> Y v    | sky130_fd_sc_hd__nand2_2   | 0.079 |   8.088 |    7.911 | 
     | FE_RC_20_0                                       | A v -> Y ^    | sky130_fd_sc_hd__nor2_4    | 0.115 |   8.203 |    8.027 | 
     | FE_RC_2086_0                                     | B ^ -> Y v    | sky130_fd_sc_hd__nand3_2   | 0.072 |   8.275 |    8.098 | 
     | FE_OFC1802_FE_RN_1031_0                          | A v -> Y ^    | sky130_fd_sc_hd__clkinv_1  | 0.051 |   8.326 |    8.149 | 
     | FE_RC_2046_0                                     | A ^ -> Y v    | sky130_fd_sc_hd__nand3_2   | 0.053 |   8.379 |    8.202 | 
     | FE_OFC1797_FE_RN_100_0                           | A v -> Y ^    | sky130_fd_sc_hd__inv_2     | 0.087 |   8.465 |    8.289 | 
     | FE_RC_1705_0                                     | A ^ -> Y v    | sky130_fd_sc_hd__nand3_1   | 0.110 |   8.575 |    8.399 | 
     | FE_OFC1795_FE_RN_16                              | A v -> Y ^    | sky130_fd_sc_hd__inv_2     | 0.075 |   8.650 |    8.474 | 
     | FE_RC_2085_0                                     | A ^ -> Y v    | sky130_fd_sc_hd__nand3_2   | 0.068 |   8.719 |    8.542 | 
     | FE_RC_1299_0                                     | A1 v -> Y ^   | sky130_fd_sc_hd__a31oi_1   | 0.166 |   8.884 |    8.708 | 
     | g94874                                           | B1 ^ -> Y v   | sky130_fd_sc_hd__o21ai_2   | 0.115 |   9.000 |    8.823 | 
     | g94372                                           | B v -> Y ^    | sky130_fd_sc_hd__nor2_2    | 0.094 |   9.094 |    8.917 | 
     | FE_RC_1290_0                                     | A2 ^ -> Y v   | sky130_fd_sc_hd__o21ai_1   | 0.060 |   9.154 |    8.977 | 
     | result_r_reg[13]                                 | D v           | sky130_fd_sc_hd__dfrtp_1   | 0.000 |   9.154 |    8.977 | 
     +----------------------------------------------------------------------------------------------------------------------------+ 
     Clock Rise Edge                      0.000
     + Source Insertion Delay            -0.184
     = Beginpoint Arrival Time           -0.184
     Other End Path:
     +--------------------------------------------------------------------------------------------+ 
     |      Instance       |    Arc     |            Cell            | Delay | Arrival | Required | 
     |                     |            |                            |       |  Time   |   Time   | 
     |---------------------+------------+----------------------------+-------+---------+----------| 
     |                     | clk ^      |                            |       |  -0.184 |   -0.007 | 
     | CTS_ccl_a_inv_00003 | A ^ -> Y v | sky130_fd_sc_hd__clkinv_16 | 0.060 |  -0.123 |    0.054 | 
     | CTS_ccl_a_inv_00002 | A v -> Y ^ | sky130_fd_sc_hd__clkinv_16 | 0.117 |  -0.006 |    0.171 | 
     | result_r_reg[13]    | CLK ^      | sky130_fd_sc_hd__dfrtp_1   | 0.003 |  -0.003 |    0.174 | 
     +--------------------------------------------------------------------------------------------+ 
Path 2: VIOLATED Setup Check with Pin result_r_reg[10]/CLK 
Endpoint:   result_r_reg[10]/D (v) checked with  leading edge of 'clk'
Beginpoint: in2_r_reg[4]/Q     (v) triggered by  leading edge of 'clk'
Path Groups: {clk}
Analysis View: VIEW_TYP
Other End Arrival Time         -0.003
- Setup                         0.110
+ Phase Shift                   9.091
= Required Time                 8.978
- Arrival Time                  9.148
= Slack Time                   -0.170
     Clock Rise Edge                      0.000
     + Source Insertion Delay            -0.184
     = Beginpoint Arrival Time           -0.184
     Timing Path:
     +----------------------------------------------------------------------------------------------------------------------------+ 
     |                     Instance                     |      Arc      |            Cell            | Delay | Arrival | Required | 
     |                                                  |               |                            |       |  Time   |   Time   | 
     |--------------------------------------------------+---------------+----------------------------+-------+---------+----------| 
     |                                                  | clk ^         |                            |       |  -0.184 |   -0.354 | 
     | CTS_ccl_a_inv_00003                              | A ^ -> Y v    | sky130_fd_sc_hd__clkinv_16 | 0.060 |  -0.123 |   -0.294 | 
     | CTS_ccl_a_inv_00001                              | A v -> Y ^    | sky130_fd_sc_hd__clkinv_16 | 0.117 |  -0.006 |   -0.176 | 
     | in2_r_reg[4]                                     | CLK ^ -> Q v  | sky130_fd_sc_hd__sdfrtp_1  | 0.405 |   0.399 |    0.229 | 
     | FE_OFC1588_in2_r_4                               | A v -> Y ^    | sky130_fd_sc_hd__inv_2     | 0.111 |   0.511 |    0.340 | 
     | FE_RC_2021_0                                     | A ^ -> Y v    | sky130_fd_sc_hd__nand4_1   | 0.112 |   0.622 |    0.452 | 
     | FE_OFC2078_n_2709                                | A v -> Y ^    | sky130_fd_sc_hd__inv_2     | 0.118 |   0.740 |    0.570 | 
     | FE_RC_882_0                                      | A ^ -> Y v    | sky130_fd_sc_hd__nand4_1   | 0.079 |   0.819 |    0.649 | 
     | g123332                                          | A v -> Y ^    | sky130_fd_sc_hd__nand2_1   | 0.081 |   0.901 |    0.730 | 
     | FE_RC_58_0                                       | A ^ -> Y v    | sky130_fd_sc_hd__nand2_1   | 0.062 |   0.962 |    0.792 | 
     | FE_RC_54_0                                       | B v -> Y ^    | sky130_fd_sc_hd__nand2_2   | 0.123 |   1.086 |    0.915 | 
     | g125022                                          | A ^ -> Y v    | sky130_fd_sc_hd__nor2b_1   | 0.071 |   1.157 |    0.986 | 
     | FE_RC_1774_0                                     | B1 v -> Y ^   | sky130_fd_sc_hd__a21oi_2   | 0.100 |   1.256 |    1.086 | 
     | FE_RC_1970_0                                     | A ^ -> Y v    | sky130_fd_sc_hd__nand3_1   | 0.085 |   1.342 |    1.172 | 
     | FE_DBTC30_n_2900                                 | A v -> Y ^    | sky130_fd_sc_hd__inv_2     | 0.085 |   1.427 |    1.256 | 
     | FE_RC_79_0                                       | B ^ -> Y v    | sky130_fd_sc_hd__nand3_2   | 0.074 |   1.501 |    1.331 | 
     | g123110                                          | A v -> Y ^    | sky130_fd_sc_hd__nand3_2   | 0.079 |   1.580 |    1.410 | 
     | FE_OFC286_n_2950                                 | A ^ -> Y v    | sky130_fd_sc_hd__inv_2     | 0.065 |   1.645 |    1.475 | 
     | FE_OFC287_n_2950                                 | A v -> Y ^    | sky130_fd_sc_hd__inv_8     | 0.090 |   1.735 |    1.565 | 
     | FE_OCPC936_FE_OFN166_n_2950                      | A ^ -> Y v    | sky130_fd_sc_hd__inv_4     | 0.046 |   1.781 |    1.610 | 
     | FE_OFC2071_FE_OCPN29674_FE_OFN166_n_2950         | A v -> Y ^    | sky130_fd_sc_hd__inv_6     | 0.083 |   1.864 |    1.694 | 
     | g122986                                          | A ^ -> Y v    | sky130_fd_sc_hd__nand3_2   | 0.073 |   1.937 |    1.767 | 
     | FE_RC_382_0                                      | B v -> Y ^    | sky130_fd_sc_hd__nand3_2   | 0.126 |   2.063 |    1.893 | 
     | g122872                                          | A ^ -> Y v    | sky130_fd_sc_hd__inv_1     | 0.071 |   2.134 |    1.964 | 
     | g123695                                          | A_N v -> Y v  | sky130_fd_sc_hd__nand2b_4  | 0.216 |   2.350 |    2.180 | 
     | g122532                                          | B v -> Y ^    | sky130_fd_sc_hd__nand2_2   | 0.143 |   2.494 |    2.324 | 
     | FE_OFC1539_n_3137                                | A ^ -> Y v    | sky130_fd_sc_hd__inv_2     | 0.093 |   2.587 |    2.417 | 
     | g121879                                          | A v -> Y ^    | sky130_fd_sc_hd__nand2_8   | 0.192 |   2.779 |    2.609 | 
     | g121745                                          | A ^ -> Y v    | sky130_fd_sc_hd__inv_2     | 0.201 |   2.981 |    2.810 | 
     | g121469                                          | A v -> Y ^    | sky130_fd_sc_hd__nand2_1   | 0.151 |   3.132 |    2.962 | 
     | g120203                                          | B ^ -> Y v    | sky130_fd_sc_hd__nand2_1   | 0.105 |   3.237 |    3.067 | 
     | g119794__6783                                    | B v -> Y ^    | sky130_fd_sc_hd__nand2_4   | 0.156 |   3.394 |    3.224 | 
     | g118950__4319                                    | C ^ -> Y v    | sky130_fd_sc_hd__nand3_1   | 0.141 |   3.535 |    3.365 | 
     | g118902__5122                                    | B v -> Y ^    | sky130_fd_sc_hd__nor2_4    | 0.363 |   3.898 |    3.728 | 
     | g118832__7410                                    | C ^ -> Y v    | sky130_fd_sc_hd__nand4_1   | 0.192 |   4.091 |    3.920 | 
     | g118802__2346                                    | A v -> Y ^    | sky130_fd_sc_hd__nand2_1   | 0.093 |   4.183 |    4.013 | 
     | FE_RC_402_0                                      | A ^ -> Y v    | sky130_fd_sc_hd__nand4_1   | 0.101 |   4.284 |    4.114 | 
     | FE_OFC1874_n_5123                                | A v -> Y ^    | sky130_fd_sc_hd__inv_2     | 0.085 |   4.369 |    4.198 | 
     | g118775__5107                                    | A ^ -> Y v    | sky130_fd_sc_hd__nand2_4   | 0.076 |   4.445 |    4.275 | 
     | FE_OFC1865_alu_inst_n_29622                      | A v -> Y ^    | sky130_fd_sc_hd__inv_2     | 0.085 |   4.530 |    4.360 | 
     | alu_inst_muldiv_inst_mul_349_24_g5299            | A ^ -> Y v    | sky130_fd_sc_hd__nand3_2   | 0.079 |   4.609 |    4.439 | 
     | alu_inst_muldiv_inst_mul_349_24_g5272            | B v -> Y ^    | sky130_fd_sc_hd__nand2_4   | 0.162 |   4.772 |    4.602 | 
     | alu_inst_muldiv_inst_mul_349_24_g5148            | A ^ -> Y v    | sky130_fd_sc_hd__nand2_2   | 0.073 |   4.844 |    4.674 | 
     | alu_inst_muldiv_inst_mul_349_24_g5122            | A v -> Y ^    | sky130_fd_sc_hd__nand2_1   | 0.059 |   4.903 |    4.733 | 
     | alu_inst_muldiv_inst_mul_349_24_g5043            | A ^ -> Y v    | sky130_fd_sc_hd__nand2_1   | 0.052 |   4.955 |    4.785 | 
     | alu_inst_muldiv_inst_mul_349_24_g5608            | A v -> X v    | sky130_fd_sc_hd__and2_1    | 0.130 |   5.085 |    4.915 | 
     | alu_inst_muldiv_inst_mul_349_24_cdnfadd_005_0    | CI v -> SUM ^ | sky130_fd_sc_hd__fah_1     | 0.293 |   5.378 |    5.207 | 
     | alu_inst_muldiv_inst_mul_349_24_g5012            | A ^ -> Y v    | sky130_fd_sc_hd__inv_1     | 0.052 |   5.429 |    5.259 | 
     | alu_inst_muldiv_inst_mul_349_24_g5011            | A v -> Y ^    | sky130_fd_sc_hd__nand2_2   | 0.049 |   5.479 |    5.308 | 
     | alu_inst_muldiv_inst_mul_349_24_g5621            | B_N ^ -> Y ^  | sky130_fd_sc_hd__nor2b_2   | 0.120 |   5.598 |    5.428 | 
     | FE_RC_1355_0                                     | A ^ -> Y v    | sky130_fd_sc_hd__nand3_1   | 0.078 |   5.676 |    5.506 | 
     | alu_inst_muldiv_inst_mul_349_24_g4978            | A v -> Y ^    | sky130_fd_sc_hd__nand3_2   | 0.087 |   5.763 |    5.593 | 
     | FE_RC_125_0                                      | A ^ -> Y v    | sky130_fd_sc_hd__nand3_4   | 0.086 |   5.849 |    5.679 | 
     | alu_inst_muldiv_inst_mul_349_24_g4944            | A v -> Y ^    | sky130_fd_sc_hd__nand2_1   | 0.081 |   5.930 |    5.760 | 
     | alu_inst_muldiv_inst_mul_349_24_g4931            | B ^ -> Y v    | sky130_fd_sc_hd__nand2_2   | 0.061 |   5.991 |    5.821 | 
     | alu_inst_muldiv_inst_mul_349_24_g4917            | A v -> Y ^    | sky130_fd_sc_hd__nand3_2   | 0.063 |   6.054 |    5.884 | 
     | FE_RC_1691_0                                     | A ^ -> Y v    | sky130_fd_sc_hd__nand3_2   | 0.079 |   6.133 |    5.963 | 
     | alu_inst_muldiv_inst_mul_349_24_g4831            | A v -> Y ^    | sky130_fd_sc_hd__nand2_4   | 0.086 |   6.219 |    6.049 | 
     | alu_inst_muldiv_inst_mul_349_24_g4821            | A ^ -> Y v    | sky130_fd_sc_hd__nand2_2   | 0.054 |   6.272 |    6.102 | 
     | FE_RC_124_0                                      | A v -> Y ^    | sky130_fd_sc_hd__nand3_2   | 0.057 |   6.329 |    6.159 | 
     | alu_inst_muldiv_inst_mul_349_24_g4803            | A ^ -> Y v    | sky130_fd_sc_hd__nand2_2   | 0.049 |   6.378 |    6.208 | 
     | FE_OFC1210_alu_inst_muldiv_inst_mul_349_24_n_628 | A v -> Y ^    | sky130_fd_sc_hd__inv_2     | 0.058 |   6.436 |    6.266 | 
     | alu_inst_muldiv_inst_mul_349_24_g4797            | A ^ -> Y v    | sky130_fd_sc_hd__nand2_4   | 0.074 |   6.510 |    6.340 | 
     | FE_RC_11_0                                       | A2 v -> Y ^   | sky130_fd_sc_hd__o21ai_2   | 0.150 |   6.660 |    6.489 | 
     | FE_RC_2001_0                                     | B ^ -> Y v    | sky130_fd_sc_hd__nand2_1   | 0.083 |   6.743 |    6.572 | 
     | FE_RC_2000_0                                     | A v -> Y ^    | sky130_fd_sc_hd__nand2_2   | 0.063 |   6.805 |    6.635 | 
     | g95984_dup                                       | A ^ -> Y v    | sky130_fd_sc_hd__nand2_2   | 0.048 |   6.854 |    6.683 | 
     | g95980                                           | A v -> Y ^    | sky130_fd_sc_hd__nand2_2   | 0.053 |   6.907 |    6.736 | 
     | g95835                                           | A ^ -> Y v    | sky130_fd_sc_hd__nand2_2   | 0.058 |   6.964 |    6.794 | 
     | g95817                                           | A v -> Y ^    | sky130_fd_sc_hd__nand2_4   | 0.082 |   7.047 |    6.876 | 
     | g95721                                           | A ^ -> Y v    | sky130_fd_sc_hd__nand2_4   | 0.061 |   7.108 |    6.938 | 
     | FE_RC_952_0                                      | A v -> Y ^    | sky130_fd_sc_hd__nand2_4   | 0.056 |   7.164 |    6.994 | 
     | g95616                                           | A ^ -> Y v    | sky130_fd_sc_hd__nand2_2   | 0.054 |   7.218 |    7.048 | 
     | FE_RC_740_0                                      | A v -> Y ^    | sky130_fd_sc_hd__nand2_1   | 0.052 |   7.270 |    7.100 | 
     | FE_RC_739_0                                      | A ^ -> Y v    | sky130_fd_sc_hd__nand2_1   | 0.044 |   7.314 |    7.144 | 
     | FE_RC_441_0                                      | A v -> Y ^    | sky130_fd_sc_hd__nand2_1   | 0.065 |   7.379 |    7.209 | 
     | FE_RC_114_0                                      | A ^ -> Y v    | sky130_fd_sc_hd__nand2_2   | 0.063 |   7.442 |    7.272 | 
     | FE_RC_134_0                                      | A v -> Y ^    | sky130_fd_sc_hd__nand2_4   | 0.096 |   7.538 |    7.367 | 
     | FE_OFC1192_n_1171                                | A ^ -> Y v    | sky130_fd_sc_hd__inv_4     | 0.055 |   7.593 |    7.422 | 
     | FE_RC_509_0                                      | A2 v -> Y ^   | sky130_fd_sc_hd__o21bai_2  | 0.149 |   7.741 |    7.571 | 
     | FE_OFC1813_FE_RN_41_0                            | A ^ -> Y v    | sky130_fd_sc_hd__inv_2     | 0.053 |   7.794 |    7.624 | 
     | g95342                                           | A2 v -> Y ^   | sky130_fd_sc_hd__o21ai_2   | 0.147 |   7.942 |    7.771 | 
     | g95314                                           | A1 ^ -> Y v   | sky130_fd_sc_hd__a21oi_2   | 0.086 |   8.028 |    7.858 | 
     | FE_RC_50_0                                       | A2 v -> Y ^   | sky130_fd_sc_hd__o21ai_1   | 0.145 |   8.173 |    8.003 | 
     | FE_OFC1811_FE_RN_24_0                            | A ^ -> Y v    | sky130_fd_sc_hd__inv_2     | 0.080 |   8.253 |    8.083 | 
     | FE_RC_1969_0                                     | A v -> Y ^    | sky130_fd_sc_hd__nand4_2   | 0.072 |   8.325 |    8.154 | 
     | FE_OFC1803_n_1368                                | A ^ -> Y v    | sky130_fd_sc_hd__inv_2     | 0.061 |   8.385 |    8.215 | 
     | FE_RC_2046_0                                     | B v -> Y ^    | sky130_fd_sc_hd__nand3_2   | 0.068 |   8.454 |    8.283 | 
     | FE_OFC1797_FE_RN_100_0                           | A ^ -> Y v    | sky130_fd_sc_hd__inv_2     | 0.055 |   8.508 |    8.338 | 
     | g95108                                           | A v -> Y ^    | sky130_fd_sc_hd__nand2_1   | 0.112 |   8.620 |    8.450 | 
     | g95005                                           | B ^ -> Y v    | sky130_fd_sc_hd__nor2_2    | 0.050 |   8.671 |    8.501 | 
     | FE_RC_1908_0                                     | A1 v -> Y ^   | sky130_fd_sc_hd__a21oi_1   | 0.148 |   8.818 |    8.648 | 
     | FE_RC_2054_0                                     | A2 ^ -> Y v   | sky130_fd_sc_hd__o211ai_2  | 0.119 |   8.937 |    8.767 | 
     | FE_RC_1906_0                                     | B1 v -> Y ^   | sky130_fd_sc_hd__a21oi_2   | 0.142 |   9.079 |    8.909 | 
     | FE_RC_1905_0                                     | A2 ^ -> Y v   | sky130_fd_sc_hd__o21ai_1   | 0.069 |   9.148 |    8.978 | 
     | result_r_reg[10]                                 | D v           | sky130_fd_sc_hd__dfrtp_1   | 0.000 |   9.148 |    8.978 | 
     +----------------------------------------------------------------------------------------------------------------------------+ 
     Clock Rise Edge                      0.000
     + Source Insertion Delay            -0.184
     = Beginpoint Arrival Time           -0.184
     Other End Path:
     +--------------------------------------------------------------------------------------------+ 
     |      Instance       |    Arc     |            Cell            | Delay | Arrival | Required | 
     |                     |            |                            |       |  Time   |   Time   | 
     |---------------------+------------+----------------------------+-------+---------+----------| 
     |                     | clk ^      |                            |       |  -0.184 |   -0.013 | 
     | CTS_ccl_a_inv_00003 | A ^ -> Y v | sky130_fd_sc_hd__clkinv_16 | 0.060 |  -0.123 |    0.047 | 
     | CTS_ccl_a_inv_00002 | A v -> Y ^ | sky130_fd_sc_hd__clkinv_16 | 0.117 |  -0.006 |    0.164 | 
     | result_r_reg[10]    | CLK ^      | sky130_fd_sc_hd__dfrtp_1   | 0.003 |  -0.003 |    0.167 | 
     +--------------------------------------------------------------------------------------------+ 
Path 3: VIOLATED Setup Check with Pin result_r_reg[14]/CLK 
Endpoint:   result_r_reg[14]/D (v) checked with  leading edge of 'clk'
Beginpoint: in2_r_reg[4]/Q     (v) triggered by  leading edge of 'clk'
Path Groups: {clk}
Analysis View: VIEW_TYP
Other End Arrival Time         -0.003
- Setup                         0.092
+ Phase Shift                   9.091
= Required Time                 8.996
- Arrival Time                  9.161
= Slack Time                   -0.165
     Clock Rise Edge                      0.000
     + Source Insertion Delay            -0.184
     = Beginpoint Arrival Time           -0.184
     Timing Path:
     +----------------------------------------------------------------------------------------------------------------------------+ 
     |                     Instance                     |      Arc      |            Cell            | Delay | Arrival | Required | 
     |                                                  |               |                            |       |  Time   |   Time   | 
     |--------------------------------------------------+---------------+----------------------------+-------+---------+----------| 
     |                                                  | clk ^         |                            |       |  -0.184 |   -0.349 | 
     | CTS_ccl_a_inv_00003                              | A ^ -> Y v    | sky130_fd_sc_hd__clkinv_16 | 0.060 |  -0.123 |   -0.289 | 
     | CTS_ccl_a_inv_00001                              | A v -> Y ^    | sky130_fd_sc_hd__clkinv_16 | 0.117 |  -0.006 |   -0.171 | 
     | in2_r_reg[4]                                     | CLK ^ -> Q v  | sky130_fd_sc_hd__sdfrtp_1  | 0.405 |   0.399 |    0.234 | 
     | FE_OFC1588_in2_r_4                               | A v -> Y ^    | sky130_fd_sc_hd__inv_2     | 0.111 |   0.511 |    0.345 | 
     | FE_RC_2021_0                                     | A ^ -> Y v    | sky130_fd_sc_hd__nand4_1   | 0.112 |   0.622 |    0.457 | 
     | FE_OFC2078_n_2709                                | A v -> Y ^    | sky130_fd_sc_hd__inv_2     | 0.118 |   0.740 |    0.575 | 
     | FE_RC_882_0                                      | A ^ -> Y v    | sky130_fd_sc_hd__nand4_1   | 0.079 |   0.819 |    0.654 | 
     | g123332                                          | A v -> Y ^    | sky130_fd_sc_hd__nand2_1   | 0.081 |   0.901 |    0.735 | 
     | FE_RC_58_0                                       | A ^ -> Y v    | sky130_fd_sc_hd__nand2_1   | 0.062 |   0.962 |    0.797 | 
     | FE_RC_54_0                                       | B v -> Y ^    | sky130_fd_sc_hd__nand2_2   | 0.123 |   1.086 |    0.920 | 
     | g125022                                          | A ^ -> Y v    | sky130_fd_sc_hd__nor2b_1   | 0.071 |   1.157 |    0.991 | 
     | FE_RC_1774_0                                     | B1 v -> Y ^   | sky130_fd_sc_hd__a21oi_2   | 0.100 |   1.256 |    1.091 | 
     | FE_RC_1970_0                                     | A ^ -> Y v    | sky130_fd_sc_hd__nand3_1   | 0.085 |   1.342 |    1.176 | 
     | FE_DBTC30_n_2900                                 | A v -> Y ^    | sky130_fd_sc_hd__inv_2     | 0.085 |   1.427 |    1.261 | 
     | FE_RC_79_0                                       | B ^ -> Y v    | sky130_fd_sc_hd__nand3_2   | 0.074 |   1.501 |    1.336 | 
     | g123110                                          | A v -> Y ^    | sky130_fd_sc_hd__nand3_2   | 0.079 |   1.580 |    1.415 | 
     | FE_OFC286_n_2950                                 | A ^ -> Y v    | sky130_fd_sc_hd__inv_2     | 0.065 |   1.645 |    1.480 | 
     | FE_OFC287_n_2950                                 | A v -> Y ^    | sky130_fd_sc_hd__inv_8     | 0.090 |   1.735 |    1.570 | 
     | FE_OCPC936_FE_OFN166_n_2950                      | A ^ -> Y v    | sky130_fd_sc_hd__inv_4     | 0.046 |   1.781 |    1.615 | 
     | FE_OFC2071_FE_OCPN29674_FE_OFN166_n_2950         | A v -> Y ^    | sky130_fd_sc_hd__inv_6     | 0.083 |   1.864 |    1.699 | 
     | g122986                                          | A ^ -> Y v    | sky130_fd_sc_hd__nand3_2   | 0.073 |   1.937 |    1.772 | 
     | FE_RC_382_0                                      | B v -> Y ^    | sky130_fd_sc_hd__nand3_2   | 0.126 |   2.063 |    1.898 | 
     | g122872                                          | A ^ -> Y v    | sky130_fd_sc_hd__inv_1     | 0.071 |   2.134 |    1.969 | 
     | g123695                                          | A_N v -> Y v  | sky130_fd_sc_hd__nand2b_4  | 0.216 |   2.350 |    2.185 | 
     | g122532                                          | B v -> Y ^    | sky130_fd_sc_hd__nand2_2   | 0.143 |   2.494 |    2.329 | 
     | FE_OFC1539_n_3137                                | A ^ -> Y v    | sky130_fd_sc_hd__inv_2     | 0.093 |   2.587 |    2.422 | 
     | g121879                                          | A v -> Y ^    | sky130_fd_sc_hd__nand2_8   | 0.192 |   2.779 |    2.614 | 
     | g121745                                          | A ^ -> Y v    | sky130_fd_sc_hd__inv_2     | 0.201 |   2.981 |    2.815 | 
     | g121469                                          | A v -> Y ^    | sky130_fd_sc_hd__nand2_1   | 0.151 |   3.132 |    2.967 | 
     | g120203                                          | B ^ -> Y v    | sky130_fd_sc_hd__nand2_1   | 0.105 |   3.237 |    3.072 | 
     | g119794__6783                                    | B v -> Y ^    | sky130_fd_sc_hd__nand2_4   | 0.156 |   3.394 |    3.228 | 
     | g118950__4319                                    | C ^ -> Y v    | sky130_fd_sc_hd__nand3_1   | 0.141 |   3.535 |    3.370 | 
     | g118902__5122                                    | B v -> Y ^    | sky130_fd_sc_hd__nor2_4    | 0.363 |   3.898 |    3.733 | 
     | g118832__7410                                    | C ^ -> Y v    | sky130_fd_sc_hd__nand4_1   | 0.192 |   4.091 |    3.925 | 
     | g118802__2346                                    | A v -> Y ^    | sky130_fd_sc_hd__nand2_1   | 0.093 |   4.183 |    4.018 | 
     | FE_RC_402_0                                      | A ^ -> Y v    | sky130_fd_sc_hd__nand4_1   | 0.101 |   4.284 |    4.119 | 
     | FE_OFC1874_n_5123                                | A v -> Y ^    | sky130_fd_sc_hd__inv_2     | 0.085 |   4.369 |    4.203 | 
     | g118775__5107                                    | A ^ -> Y v    | sky130_fd_sc_hd__nand2_4   | 0.076 |   4.445 |    4.280 | 
     | FE_OFC1865_alu_inst_n_29622                      | A v -> Y ^    | sky130_fd_sc_hd__inv_2     | 0.085 |   4.530 |    4.365 | 
     | alu_inst_muldiv_inst_mul_349_24_g5299            | A ^ -> Y v    | sky130_fd_sc_hd__nand3_2   | 0.079 |   4.609 |    4.444 | 
     | alu_inst_muldiv_inst_mul_349_24_g5272            | B v -> Y ^    | sky130_fd_sc_hd__nand2_4   | 0.162 |   4.772 |    4.606 | 
     | alu_inst_muldiv_inst_mul_349_24_g5148            | A ^ -> Y v    | sky130_fd_sc_hd__nand2_2   | 0.073 |   4.844 |    4.679 | 
     | alu_inst_muldiv_inst_mul_349_24_g5122            | A v -> Y ^    | sky130_fd_sc_hd__nand2_1   | 0.059 |   4.903 |    4.738 | 
     | alu_inst_muldiv_inst_mul_349_24_g5043            | A ^ -> Y v    | sky130_fd_sc_hd__nand2_1   | 0.052 |   4.955 |    4.790 | 
     | alu_inst_muldiv_inst_mul_349_24_g5608            | A v -> X v    | sky130_fd_sc_hd__and2_1    | 0.130 |   5.085 |    4.920 | 
     | alu_inst_muldiv_inst_mul_349_24_cdnfadd_005_0    | CI v -> SUM ^ | sky130_fd_sc_hd__fah_1     | 0.293 |   5.378 |    5.212 | 
     | alu_inst_muldiv_inst_mul_349_24_g5012            | A ^ -> Y v    | sky130_fd_sc_hd__inv_1     | 0.052 |   5.429 |    5.264 | 
     | alu_inst_muldiv_inst_mul_349_24_g5011            | A v -> Y ^    | sky130_fd_sc_hd__nand2_2   | 0.049 |   5.479 |    5.313 | 
     | alu_inst_muldiv_inst_mul_349_24_g5621            | B_N ^ -> Y ^  | sky130_fd_sc_hd__nor2b_2   | 0.120 |   5.598 |    5.433 | 
     | FE_RC_1355_0                                     | A ^ -> Y v    | sky130_fd_sc_hd__nand3_1   | 0.078 |   5.676 |    5.511 | 
     | alu_inst_muldiv_inst_mul_349_24_g4978            | A v -> Y ^    | sky130_fd_sc_hd__nand3_2   | 0.087 |   5.763 |    5.598 | 
     | FE_RC_125_0                                      | A ^ -> Y v    | sky130_fd_sc_hd__nand3_4   | 0.086 |   5.849 |    5.684 | 
     | alu_inst_muldiv_inst_mul_349_24_g4944            | A v -> Y ^    | sky130_fd_sc_hd__nand2_1   | 0.081 |   5.930 |    5.765 | 
     | alu_inst_muldiv_inst_mul_349_24_g4931            | B ^ -> Y v    | sky130_fd_sc_hd__nand2_2   | 0.061 |   5.991 |    5.826 | 
     | alu_inst_muldiv_inst_mul_349_24_g4917            | A v -> Y ^    | sky130_fd_sc_hd__nand3_2   | 0.063 |   6.054 |    5.889 | 
     | FE_RC_1691_0                                     | A ^ -> Y v    | sky130_fd_sc_hd__nand3_2   | 0.079 |   6.133 |    5.968 | 
     | alu_inst_muldiv_inst_mul_349_24_g4831            | A v -> Y ^    | sky130_fd_sc_hd__nand2_4   | 0.086 |   6.219 |    6.054 | 
     | alu_inst_muldiv_inst_mul_349_24_g4821            | A ^ -> Y v    | sky130_fd_sc_hd__nand2_2   | 0.054 |   6.272 |    6.107 | 
     | FE_RC_124_0                                      | A v -> Y ^    | sky130_fd_sc_hd__nand3_2   | 0.057 |   6.329 |    6.164 | 
     | alu_inst_muldiv_inst_mul_349_24_g4803            | A ^ -> Y v    | sky130_fd_sc_hd__nand2_2   | 0.049 |   6.378 |    6.213 | 
     | FE_OFC1210_alu_inst_muldiv_inst_mul_349_24_n_628 | A v -> Y ^    | sky130_fd_sc_hd__inv_2     | 0.058 |   6.436 |    6.271 | 
     | alu_inst_muldiv_inst_mul_349_24_g4797            | A ^ -> Y v    | sky130_fd_sc_hd__nand2_4   | 0.074 |   6.510 |    6.345 | 
     | FE_RC_11_0                                       | A2 v -> Y ^   | sky130_fd_sc_hd__o21ai_2   | 0.150 |   6.660 |    6.494 | 
     | FE_RC_2001_0                                     | B ^ -> Y v    | sky130_fd_sc_hd__nand2_1   | 0.083 |   6.743 |    6.577 | 
     | FE_RC_2000_0                                     | A v -> Y ^    | sky130_fd_sc_hd__nand2_2   | 0.063 |   6.805 |    6.640 | 
     | g95984_dup                                       | A ^ -> Y v    | sky130_fd_sc_hd__nand2_2   | 0.048 |   6.854 |    6.688 | 
     | g95980                                           | A v -> Y ^    | sky130_fd_sc_hd__nand2_2   | 0.053 |   6.907 |    6.741 | 
     | g95835                                           | A ^ -> Y v    | sky130_fd_sc_hd__nand2_2   | 0.058 |   6.964 |    6.799 | 
     | g95817                                           | A v -> Y ^    | sky130_fd_sc_hd__nand2_4   | 0.082 |   7.047 |    6.881 | 
     | g95721                                           | A ^ -> Y v    | sky130_fd_sc_hd__nand2_4   | 0.061 |   7.108 |    6.943 | 
     | FE_RC_952_0                                      | A v -> Y ^    | sky130_fd_sc_hd__nand2_4   | 0.056 |   7.164 |    6.999 | 
     | g95616                                           | A ^ -> Y v    | sky130_fd_sc_hd__nand2_2   | 0.054 |   7.218 |    7.053 | 
     | FE_RC_741_0                                      | A v -> Y ^    | sky130_fd_sc_hd__nand2_2   | 0.079 |   7.297 |    7.132 | 
     | FE_RC_443_0                                      | A ^ -> Y v    | sky130_fd_sc_hd__nand2_2   | 0.053 |   7.350 |    7.185 | 
     | FE_RC_455_0                                      | A v -> Y ^    | sky130_fd_sc_hd__nand3_2   | 0.071 |   7.421 |    7.256 | 
     | FE_RC_134_0                                      | B ^ -> Y v    | sky130_fd_sc_hd__nand2_4   | 0.076 |   7.497 |    7.332 | 
     | FE_RC_1472_0                                     | A v -> Y ^    | sky130_fd_sc_hd__nand2_2   | 0.061 |   7.558 |    7.393 | 
     | FE_RC_1471_0                                     | B1 ^ -> Y v   | sky130_fd_sc_hd__o21ai_2   | 0.057 |   7.615 |    7.450 | 
     | FE_RC_46_0                                       | A v -> Y ^    | sky130_fd_sc_hd__nand2_1   | 0.073 |   7.689 |    7.523 | 
     | FE_RC_45_0                                       | A ^ -> Y v    | sky130_fd_sc_hd__nand2_2   | 0.074 |   7.762 |    7.597 | 
     | g95320                                           | A1 v -> Y ^   | sky130_fd_sc_hd__a21oi_4   | 0.120 |   7.882 |    7.717 | 
     | FE_RC_1654_0                                     | A_N ^ -> Y ^  | sky130_fd_sc_hd__nand2b_1  | 0.126 |   8.009 |    7.844 | 
     | FE_RC_1653_0                                     | B ^ -> Y v    | sky130_fd_sc_hd__nand2_2   | 0.079 |   8.088 |    7.923 | 
     | FE_RC_20_0                                       | A v -> Y ^    | sky130_fd_sc_hd__nor2_4    | 0.115 |   8.203 |    8.038 | 
     | FE_RC_2086_0                                     | B ^ -> Y v    | sky130_fd_sc_hd__nand3_2   | 0.072 |   8.275 |    8.110 | 
     | FE_OFC1802_FE_RN_1031_0                          | A v -> Y ^    | sky130_fd_sc_hd__clkinv_1  | 0.051 |   8.326 |    8.161 | 
     | FE_RC_2046_0                                     | A ^ -> Y v    | sky130_fd_sc_hd__nand3_2   | 0.053 |   8.379 |    8.213 | 
     | FE_OFC1797_FE_RN_100_0                           | A v -> Y ^    | sky130_fd_sc_hd__inv_2     | 0.087 |   8.465 |    8.300 | 
     | FE_RC_1705_0                                     | A ^ -> Y v    | sky130_fd_sc_hd__nand3_1   | 0.110 |   8.575 |    8.410 | 
     | FE_RC_414_0                                      | A v -> Y ^    | sky130_fd_sc_hd__nor2_1    | 0.169 |   8.744 |    8.579 | 
     | g94880                                           | C ^ -> Y v    | sky130_fd_sc_hd__nor3_1    | 0.073 |   8.817 |    8.652 | 
     | g94875                                           | B v -> Y ^    | sky130_fd_sc_hd__nor2_2    | 0.118 |   8.935 |    8.770 | 
     | FE_RC_2106_0                                     | A ^ -> Y v    | sky130_fd_sc_hd__nand3_2   | 0.096 |   9.031 |    8.866 | 
     | FE_RC_1791_0                                     | A v -> Y ^    | sky130_fd_sc_hd__nand2_2   | 0.085 |   9.116 |    8.950 | 
     | FE_RC_1790_0                                     | A ^ -> Y v    | sky130_fd_sc_hd__nand2_2   | 0.046 |   9.161 |    8.996 | 
     | result_r_reg[14]                                 | D v           | sky130_fd_sc_hd__dfrtp_1   | 0.000 |   9.161 |    8.996 | 
     +----------------------------------------------------------------------------------------------------------------------------+ 
     Clock Rise Edge                      0.000
     + Source Insertion Delay            -0.184
     = Beginpoint Arrival Time           -0.184
     Other End Path:
     +--------------------------------------------------------------------------------------------+ 
     |      Instance       |    Arc     |            Cell            | Delay | Arrival | Required | 
     |                     |            |                            |       |  Time   |   Time   | 
     |---------------------+------------+----------------------------+-------+---------+----------| 
     |                     | clk ^      |                            |       |  -0.184 |   -0.018 | 
     | CTS_ccl_a_inv_00003 | A ^ -> Y v | sky130_fd_sc_hd__clkinv_16 | 0.060 |  -0.123 |    0.042 | 
     | CTS_ccl_a_inv_00002 | A v -> Y ^ | sky130_fd_sc_hd__clkinv_16 | 0.117 |  -0.006 |    0.160 | 
     | result_r_reg[14]    | CLK ^      | sky130_fd_sc_hd__dfrtp_1   | 0.003 |  -0.003 |    0.162 | 
     +--------------------------------------------------------------------------------------------+ 
Path 4: VIOLATED Setup Check with Pin result_r_reg[3]/CLK 
Endpoint:   result_r_reg[3]/D (^) checked with  leading edge of 'clk'
Beginpoint: in2_r_reg[4]/Q    (v) triggered by  leading edge of 'clk'
Path Groups: {clk}
Analysis View: VIEW_TYP
Other End Arrival Time         -0.003
- Setup                         0.062
+ Phase Shift                   9.091
= Required Time                 9.026
- Arrival Time                  9.178
= Slack Time                   -0.152
     Clock Rise Edge                      0.000
     + Source Insertion Delay            -0.184
     = Beginpoint Arrival Time           -0.184
     Timing Path:
     +----------------------------------------------------------------------------------------------------------------------------+ 
     |                     Instance                     |      Arc      |            Cell            | Delay | Arrival | Required | 
     |                                                  |               |                            |       |  Time   |   Time   | 
     |--------------------------------------------------+---------------+----------------------------+-------+---------+----------| 
     |                                                  | clk ^         |                            |       |  -0.184 |   -0.336 | 
     | CTS_ccl_a_inv_00003                              | A ^ -> Y v    | sky130_fd_sc_hd__clkinv_16 | 0.060 |  -0.123 |   -0.275 | 
     | CTS_ccl_a_inv_00001                              | A v -> Y ^    | sky130_fd_sc_hd__clkinv_16 | 0.117 |  -0.006 |   -0.158 | 
     | in2_r_reg[4]                                     | CLK ^ -> Q v  | sky130_fd_sc_hd__sdfrtp_1  | 0.405 |   0.399 |    0.247 | 
     | FE_OFC1588_in2_r_4                               | A v -> Y ^    | sky130_fd_sc_hd__inv_2     | 0.111 |   0.511 |    0.359 | 
     | FE_RC_2021_0                                     | A ^ -> Y v    | sky130_fd_sc_hd__nand4_1   | 0.112 |   0.622 |    0.470 | 
     | FE_OFC2078_n_2709                                | A v -> Y ^    | sky130_fd_sc_hd__inv_2     | 0.118 |   0.740 |    0.588 | 
     | FE_RC_882_0                                      | A ^ -> Y v    | sky130_fd_sc_hd__nand4_1   | 0.079 |   0.819 |    0.667 | 
     | g123332                                          | A v -> Y ^    | sky130_fd_sc_hd__nand2_1   | 0.081 |   0.901 |    0.749 | 
     | FE_RC_58_0                                       | A ^ -> Y v    | sky130_fd_sc_hd__nand2_1   | 0.062 |   0.962 |    0.810 | 
     | FE_RC_54_0                                       | B v -> Y ^    | sky130_fd_sc_hd__nand2_2   | 0.123 |   1.086 |    0.934 | 
     | g125022                                          | A ^ -> Y v    | sky130_fd_sc_hd__nor2b_1   | 0.071 |   1.157 |    1.005 | 
     | FE_RC_1774_0                                     | B1 v -> Y ^   | sky130_fd_sc_hd__a21oi_2   | 0.100 |   1.256 |    1.104 | 
     | FE_RC_1970_0                                     | A ^ -> Y v    | sky130_fd_sc_hd__nand3_1   | 0.085 |   1.342 |    1.190 | 
     | FE_DBTC30_n_2900                                 | A v -> Y ^    | sky130_fd_sc_hd__inv_2     | 0.085 |   1.427 |    1.275 | 
     | FE_RC_79_0                                       | B ^ -> Y v    | sky130_fd_sc_hd__nand3_2   | 0.074 |   1.501 |    1.349 | 
     | g123110                                          | A v -> Y ^    | sky130_fd_sc_hd__nand3_2   | 0.079 |   1.580 |    1.428 | 
     | FE_OFC286_n_2950                                 | A ^ -> Y v    | sky130_fd_sc_hd__inv_2     | 0.065 |   1.645 |    1.493 | 
     | FE_OFC287_n_2950                                 | A v -> Y ^    | sky130_fd_sc_hd__inv_8     | 0.090 |   1.735 |    1.583 | 
     | FE_OCPC936_FE_OFN166_n_2950                      | A ^ -> Y v    | sky130_fd_sc_hd__inv_4     | 0.046 |   1.781 |    1.629 | 
     | FE_OFC2071_FE_OCPN29674_FE_OFN166_n_2950         | A v -> Y ^    | sky130_fd_sc_hd__inv_6     | 0.083 |   1.864 |    1.712 | 
     | g122986                                          | A ^ -> Y v    | sky130_fd_sc_hd__nand3_2   | 0.073 |   1.937 |    1.785 | 
     | FE_RC_382_0                                      | B v -> Y ^    | sky130_fd_sc_hd__nand3_2   | 0.126 |   2.063 |    1.911 | 
     | g122872                                          | A ^ -> Y v    | sky130_fd_sc_hd__inv_1     | 0.071 |   2.134 |    1.982 | 
     | g123695                                          | A_N v -> Y v  | sky130_fd_sc_hd__nand2b_4  | 0.216 |   2.350 |    2.198 | 
     | g122532                                          | B v -> Y ^    | sky130_fd_sc_hd__nand2_2   | 0.143 |   2.494 |    2.342 | 
     | FE_OFC1539_n_3137                                | A ^ -> Y v    | sky130_fd_sc_hd__inv_2     | 0.093 |   2.587 |    2.435 | 
     | g121879                                          | A v -> Y ^    | sky130_fd_sc_hd__nand2_8   | 0.192 |   2.779 |    2.627 | 
     | g121745                                          | A ^ -> Y v    | sky130_fd_sc_hd__inv_2     | 0.201 |   2.981 |    2.829 | 
     | g121469                                          | A v -> Y ^    | sky130_fd_sc_hd__nand2_1   | 0.151 |   3.132 |    2.980 | 
     | g120203                                          | B ^ -> Y v    | sky130_fd_sc_hd__nand2_1   | 0.105 |   3.237 |    3.085 | 
     | g119794__6783                                    | B v -> Y ^    | sky130_fd_sc_hd__nand2_4   | 0.156 |   3.394 |    3.242 | 
     | g118950__4319                                    | C ^ -> Y v    | sky130_fd_sc_hd__nand3_1   | 0.141 |   3.535 |    3.383 | 
     | g118902__5122                                    | B v -> Y ^    | sky130_fd_sc_hd__nor2_4    | 0.363 |   3.898 |    3.746 | 
     | g118832__7410                                    | C ^ -> Y v    | sky130_fd_sc_hd__nand4_1   | 0.192 |   4.091 |    3.939 | 
     | g118802__2346                                    | A v -> Y ^    | sky130_fd_sc_hd__nand2_1   | 0.093 |   4.183 |    4.031 | 
     | FE_RC_402_0                                      | A ^ -> Y v    | sky130_fd_sc_hd__nand4_1   | 0.101 |   4.284 |    4.132 | 
     | FE_OFC1874_n_5123                                | A v -> Y ^    | sky130_fd_sc_hd__inv_2     | 0.085 |   4.369 |    4.217 | 
     | g118775__5107                                    | A ^ -> Y v    | sky130_fd_sc_hd__nand2_4   | 0.076 |   4.445 |    4.293 | 
     | FE_OFC1865_alu_inst_n_29622                      | A v -> Y ^    | sky130_fd_sc_hd__inv_2     | 0.085 |   4.530 |    4.378 | 
     | alu_inst_muldiv_inst_mul_349_24_g5299            | A ^ -> Y v    | sky130_fd_sc_hd__nand3_2   | 0.079 |   4.609 |    4.457 | 
     | alu_inst_muldiv_inst_mul_349_24_g5272            | B v -> Y ^    | sky130_fd_sc_hd__nand2_4   | 0.162 |   4.772 |    4.620 | 
     | alu_inst_muldiv_inst_mul_349_24_g5148            | A ^ -> Y v    | sky130_fd_sc_hd__nand2_2   | 0.073 |   4.844 |    4.692 | 
     | alu_inst_muldiv_inst_mul_349_24_g5122            | A v -> Y ^    | sky130_fd_sc_hd__nand2_1   | 0.059 |   4.903 |    4.751 | 
     | alu_inst_muldiv_inst_mul_349_24_g5043            | A ^ -> Y v    | sky130_fd_sc_hd__nand2_1   | 0.052 |   4.955 |    4.803 | 
     | alu_inst_muldiv_inst_mul_349_24_g5608            | A v -> X v    | sky130_fd_sc_hd__and2_1    | 0.130 |   5.085 |    4.933 | 
     | alu_inst_muldiv_inst_mul_349_24_cdnfadd_005_0    | CI v -> SUM ^ | sky130_fd_sc_hd__fah_1     | 0.293 |   5.378 |    5.226 | 
     | alu_inst_muldiv_inst_mul_349_24_g5012            | A ^ -> Y v    | sky130_fd_sc_hd__inv_1     | 0.052 |   5.429 |    5.277 | 
     | alu_inst_muldiv_inst_mul_349_24_g5011            | A v -> Y ^    | sky130_fd_sc_hd__nand2_2   | 0.049 |   5.479 |    5.327 | 
     | alu_inst_muldiv_inst_mul_349_24_g5621            | B_N ^ -> Y ^  | sky130_fd_sc_hd__nor2b_2   | 0.120 |   5.598 |    5.446 | 
     | FE_RC_1355_0                                     | A ^ -> Y v    | sky130_fd_sc_hd__nand3_1   | 0.078 |   5.676 |    5.524 | 
     | alu_inst_muldiv_inst_mul_349_24_g4978            | A v -> Y ^    | sky130_fd_sc_hd__nand3_2   | 0.087 |   5.763 |    5.611 | 
     | FE_RC_125_0                                      | A ^ -> Y v    | sky130_fd_sc_hd__nand3_4   | 0.086 |   5.849 |    5.697 | 
     | alu_inst_muldiv_inst_mul_349_24_g4944            | A v -> Y ^    | sky130_fd_sc_hd__nand2_1   | 0.081 |   5.930 |    5.778 | 
     | alu_inst_muldiv_inst_mul_349_24_g4931            | B ^ -> Y v    | sky130_fd_sc_hd__nand2_2   | 0.061 |   5.991 |    5.839 | 
     | alu_inst_muldiv_inst_mul_349_24_g4917            | A v -> Y ^    | sky130_fd_sc_hd__nand3_2   | 0.063 |   6.054 |    5.902 | 
     | FE_RC_1691_0                                     | A ^ -> Y v    | sky130_fd_sc_hd__nand3_2   | 0.079 |   6.133 |    5.981 | 
     | alu_inst_muldiv_inst_mul_349_24_g4831            | A v -> Y ^    | sky130_fd_sc_hd__nand2_4   | 0.086 |   6.219 |    6.067 | 
     | alu_inst_muldiv_inst_mul_349_24_g4821            | A ^ -> Y v    | sky130_fd_sc_hd__nand2_2   | 0.054 |   6.272 |    6.120 | 
     | FE_RC_124_0                                      | A v -> Y ^    | sky130_fd_sc_hd__nand3_2   | 0.057 |   6.329 |    6.177 | 
     | alu_inst_muldiv_inst_mul_349_24_g4803            | A ^ -> Y v    | sky130_fd_sc_hd__nand2_2   | 0.049 |   6.378 |    6.226 | 
     | FE_OFC1210_alu_inst_muldiv_inst_mul_349_24_n_628 | A v -> Y ^    | sky130_fd_sc_hd__inv_2     | 0.058 |   6.436 |    6.284 | 
     | alu_inst_muldiv_inst_mul_349_24_g4797            | A ^ -> Y v    | sky130_fd_sc_hd__nand2_4   | 0.074 |   6.510 |    6.358 | 
     | FE_RC_11_0                                       | A2 v -> Y ^   | sky130_fd_sc_hd__o21ai_2   | 0.150 |   6.660 |    6.508 | 
     | FE_RC_2001_0                                     | B ^ -> Y v    | sky130_fd_sc_hd__nand2_1   | 0.083 |   6.743 |    6.591 | 
     | FE_RC_2000_0                                     | A v -> Y ^    | sky130_fd_sc_hd__nand2_2   | 0.063 |   6.805 |    6.653 | 
     | g95984_dup                                       | A ^ -> Y v    | sky130_fd_sc_hd__nand2_2   | 0.048 |   6.854 |    6.702 | 
     | g95980                                           | A v -> Y ^    | sky130_fd_sc_hd__nand2_2   | 0.053 |   6.907 |    6.755 | 
     | g95835                                           | A ^ -> Y v    | sky130_fd_sc_hd__nand2_2   | 0.058 |   6.964 |    6.812 | 
     | g95817                                           | A v -> Y ^    | sky130_fd_sc_hd__nand2_4   | 0.082 |   7.047 |    6.895 | 
     | g95721                                           | A ^ -> Y v    | sky130_fd_sc_hd__nand2_4   | 0.061 |   7.108 |    6.956 | 
     | FE_RC_952_0                                      | A v -> Y ^    | sky130_fd_sc_hd__nand2_4   | 0.056 |   7.164 |    7.012 | 
     | g95616                                           | A ^ -> Y v    | sky130_fd_sc_hd__nand2_2   | 0.054 |   7.218 |    7.066 | 
     | FE_RC_740_0                                      | A v -> Y ^    | sky130_fd_sc_hd__nand2_1   | 0.052 |   7.270 |    7.118 | 
     | FE_RC_739_0                                      | A ^ -> Y v    | sky130_fd_sc_hd__nand2_1   | 0.044 |   7.314 |    7.162 | 
     | FE_RC_441_0                                      | A v -> Y ^    | sky130_fd_sc_hd__nand2_1   | 0.065 |   7.379 |    7.227 | 
     | FE_RC_114_0                                      | A ^ -> Y v    | sky130_fd_sc_hd__nand2_2   | 0.063 |   7.442 |    7.290 | 
     | FE_RC_134_0                                      | A v -> Y ^    | sky130_fd_sc_hd__nand2_4   | 0.096 |   7.538 |    7.386 | 
     | FE_OFC1192_n_1171                                | A ^ -> Y v    | sky130_fd_sc_hd__inv_4     | 0.055 |   7.593 |    7.441 | 
     | FE_RC_509_0                                      | A2 v -> Y ^   | sky130_fd_sc_hd__o21bai_2  | 0.149 |   7.741 |    7.589 | 
     | FE_OFC1813_FE_RN_41_0                            | A ^ -> Y v    | sky130_fd_sc_hd__inv_2     | 0.053 |   7.794 |    7.642 | 
     | g95342                                           | A2 v -> Y ^   | sky130_fd_sc_hd__o21ai_2   | 0.147 |   7.942 |    7.790 | 
     | g95314                                           | A1 ^ -> Y v   | sky130_fd_sc_hd__a21oi_2   | 0.086 |   8.028 |    7.876 | 
     | FE_RC_50_0                                       | A2 v -> Y ^   | sky130_fd_sc_hd__o21ai_1   | 0.145 |   8.173 |    8.021 | 
     | FE_OFC1811_FE_RN_24_0                            | A ^ -> Y v    | sky130_fd_sc_hd__inv_2     | 0.080 |   8.253 |    8.101 | 
     | FE_RC_1969_0                                     | A v -> Y ^    | sky130_fd_sc_hd__nand4_2   | 0.072 |   8.325 |    8.173 | 
     | FE_OFC1803_n_1368                                | A ^ -> Y v    | sky130_fd_sc_hd__inv_2     | 0.061 |   8.385 |    8.233 | 
     | FE_OFC1805_n_1368                                | A v -> X v    | sky130_fd_sc_hd__clkbuf_1  | 0.099 |   8.484 |    8.332 | 
     | g95153                                           | A3 v -> Y ^   | sky130_fd_sc_hd__o311ai_1  | 0.450 |   8.934 |    8.782 | 
     | FE_RC_2090_0                                     | B1 ^ -> Y v   | sky130_fd_sc_hd__a21oi_2   | 0.099 |   9.034 |    8.882 | 
     | g94388                                           | B2 v -> Y ^   | sky130_fd_sc_hd__o2bb2ai_1 | 0.144 |   9.178 |    9.026 | 
     | result_r_reg[3]                                  | D ^           | sky130_fd_sc_hd__dfrtp_1   | 0.000 |   9.178 |    9.026 | 
     +----------------------------------------------------------------------------------------------------------------------------+ 
     Clock Rise Edge                      0.000
     + Source Insertion Delay            -0.184
     = Beginpoint Arrival Time           -0.184
     Other End Path:
     +--------------------------------------------------------------------------------------------+ 
     |      Instance       |    Arc     |            Cell            | Delay | Arrival | Required | 
     |                     |            |                            |       |  Time   |   Time   | 
     |---------------------+------------+----------------------------+-------+---------+----------| 
     |                     | clk ^      |                            |       |  -0.184 |   -0.032 | 
     | CTS_ccl_a_inv_00003 | A ^ -> Y v | sky130_fd_sc_hd__clkinv_16 | 0.060 |  -0.123 |    0.029 | 
     | CTS_ccl_a_inv_00002 | A v -> Y ^ | sky130_fd_sc_hd__clkinv_16 | 0.117 |  -0.006 |    0.146 | 
     | result_r_reg[3]     | CLK ^      | sky130_fd_sc_hd__dfrtp_1   | 0.003 |  -0.003 |    0.149 | 
     +--------------------------------------------------------------------------------------------+ 
Path 5: VIOLATED Setup Check with Pin result_r_reg[12]/CLK 
Endpoint:   result_r_reg[12]/D (v) checked with  leading edge of 'clk'
Beginpoint: in2_r_reg[4]/Q     (v) triggered by  leading edge of 'clk'
Path Groups: {clk}
Analysis View: VIEW_TYP
Other End Arrival Time         -0.003
- Setup                         0.110
+ Phase Shift                   9.091
= Required Time                 8.978
- Arrival Time                  9.126
= Slack Time                   -0.148
     Clock Rise Edge                      0.000
     + Source Insertion Delay            -0.184
     = Beginpoint Arrival Time           -0.184
     Timing Path:
     +----------------------------------------------------------------------------------------------------------------------------+ 
     |                     Instance                     |      Arc      |            Cell            | Delay | Arrival | Required | 
     |                                                  |               |                            |       |  Time   |   Time   | 
     |--------------------------------------------------+---------------+----------------------------+-------+---------+----------| 
     |                                                  | clk ^         |                            |       |  -0.184 |   -0.331 | 
     | CTS_ccl_a_inv_00003                              | A ^ -> Y v    | sky130_fd_sc_hd__clkinv_16 | 0.060 |  -0.123 |   -0.271 | 
     | CTS_ccl_a_inv_00001                              | A v -> Y ^    | sky130_fd_sc_hd__clkinv_16 | 0.117 |  -0.006 |   -0.154 | 
     | in2_r_reg[4]                                     | CLK ^ -> Q v  | sky130_fd_sc_hd__sdfrtp_1  | 0.405 |   0.399 |    0.251 | 
     | FE_OFC1588_in2_r_4                               | A v -> Y ^    | sky130_fd_sc_hd__inv_2     | 0.111 |   0.511 |    0.363 | 
     | FE_RC_2021_0                                     | A ^ -> Y v    | sky130_fd_sc_hd__nand4_1   | 0.112 |   0.622 |    0.475 | 
     | FE_OFC2078_n_2709                                | A v -> Y ^    | sky130_fd_sc_hd__inv_2     | 0.118 |   0.740 |    0.593 | 
     | FE_RC_882_0                                      | A ^ -> Y v    | sky130_fd_sc_hd__nand4_1   | 0.079 |   0.819 |    0.671 | 
     | g123332                                          | A v -> Y ^    | sky130_fd_sc_hd__nand2_1   | 0.081 |   0.901 |    0.753 | 
     | FE_RC_58_0                                       | A ^ -> Y v    | sky130_fd_sc_hd__nand2_1   | 0.062 |   0.962 |    0.814 | 
     | FE_RC_54_0                                       | B v -> Y ^    | sky130_fd_sc_hd__nand2_2   | 0.123 |   1.086 |    0.938 | 
     | g125022                                          | A ^ -> Y v    | sky130_fd_sc_hd__nor2b_1   | 0.071 |   1.157 |    1.009 | 
     | FE_RC_1774_0                                     | B1 v -> Y ^   | sky130_fd_sc_hd__a21oi_2   | 0.100 |   1.256 |    1.109 | 
     | FE_RC_1970_0                                     | A ^ -> Y v    | sky130_fd_sc_hd__nand3_1   | 0.085 |   1.342 |    1.194 | 
     | FE_DBTC30_n_2900                                 | A v -> Y ^    | sky130_fd_sc_hd__inv_2     | 0.085 |   1.427 |    1.279 | 
     | FE_RC_79_0                                       | B ^ -> Y v    | sky130_fd_sc_hd__nand3_2   | 0.074 |   1.501 |    1.353 | 
     | g123110                                          | A v -> Y ^    | sky130_fd_sc_hd__nand3_2   | 0.079 |   1.580 |    1.432 | 
     | FE_OFC286_n_2950                                 | A ^ -> Y v    | sky130_fd_sc_hd__inv_2     | 0.065 |   1.645 |    1.497 | 
     | FE_OFC287_n_2950                                 | A v -> Y ^    | sky130_fd_sc_hd__inv_8     | 0.090 |   1.735 |    1.587 | 
     | FE_OCPC936_FE_OFN166_n_2950                      | A ^ -> Y v    | sky130_fd_sc_hd__inv_4     | 0.046 |   1.781 |    1.633 | 
     | FE_OFC2071_FE_OCPN29674_FE_OFN166_n_2950         | A v -> Y ^    | sky130_fd_sc_hd__inv_6     | 0.083 |   1.864 |    1.716 | 
     | g122986                                          | A ^ -> Y v    | sky130_fd_sc_hd__nand3_2   | 0.073 |   1.937 |    1.789 | 
     | FE_RC_382_0                                      | B v -> Y ^    | sky130_fd_sc_hd__nand3_2   | 0.126 |   2.063 |    1.915 | 
     | g122872                                          | A ^ -> Y v    | sky130_fd_sc_hd__inv_1     | 0.071 |   2.134 |    1.986 | 
     | g123695                                          | A_N v -> Y v  | sky130_fd_sc_hd__nand2b_4  | 0.216 |   2.350 |    2.203 | 
     | g122532                                          | B v -> Y ^    | sky130_fd_sc_hd__nand2_2   | 0.143 |   2.494 |    2.346 | 
     | FE_OFC1539_n_3137                                | A ^ -> Y v    | sky130_fd_sc_hd__inv_2     | 0.093 |   2.587 |    2.439 | 
     | g121879                                          | A v -> Y ^    | sky130_fd_sc_hd__nand2_8   | 0.192 |   2.779 |    2.632 | 
     | g121745                                          | A ^ -> Y v    | sky130_fd_sc_hd__inv_2     | 0.201 |   2.981 |    2.833 | 
     | g121469                                          | A v -> Y ^    | sky130_fd_sc_hd__nand2_1   | 0.151 |   3.132 |    2.984 | 
     | g120203                                          | B ^ -> Y v    | sky130_fd_sc_hd__nand2_1   | 0.105 |   3.237 |    3.090 | 
     | g119794__6783                                    | B v -> Y ^    | sky130_fd_sc_hd__nand2_4   | 0.156 |   3.394 |    3.246 | 
     | g118950__4319                                    | C ^ -> Y v    | sky130_fd_sc_hd__nand3_1   | 0.141 |   3.535 |    3.387 | 
     | g118902__5122                                    | B v -> Y ^    | sky130_fd_sc_hd__nor2_4    | 0.363 |   3.898 |    3.750 | 
     | g118832__7410                                    | C ^ -> Y v    | sky130_fd_sc_hd__nand4_1   | 0.192 |   4.091 |    3.943 | 
     | g118802__2346                                    | A v -> Y ^    | sky130_fd_sc_hd__nand2_1   | 0.093 |   4.183 |    4.036 | 
     | FE_RC_402_0                                      | A ^ -> Y v    | sky130_fd_sc_hd__nand4_1   | 0.101 |   4.284 |    4.136 | 
     | FE_OFC1874_n_5123                                | A v -> Y ^    | sky130_fd_sc_hd__inv_2     | 0.085 |   4.369 |    4.221 | 
     | g118775__5107                                    | A ^ -> Y v    | sky130_fd_sc_hd__nand2_4   | 0.076 |   4.445 |    4.297 | 
     | FE_OFC1865_alu_inst_n_29622                      | A v -> Y ^    | sky130_fd_sc_hd__inv_2     | 0.085 |   4.530 |    4.382 | 
     | alu_inst_muldiv_inst_mul_349_24_g5299            | A ^ -> Y v    | sky130_fd_sc_hd__nand3_2   | 0.079 |   4.609 |    4.462 | 
     | alu_inst_muldiv_inst_mul_349_24_g5272            | B v -> Y ^    | sky130_fd_sc_hd__nand2_4   | 0.162 |   4.772 |    4.624 | 
     | alu_inst_muldiv_inst_mul_349_24_g5148            | A ^ -> Y v    | sky130_fd_sc_hd__nand2_2   | 0.073 |   4.844 |    4.696 | 
     | alu_inst_muldiv_inst_mul_349_24_g5122            | A v -> Y ^    | sky130_fd_sc_hd__nand2_1   | 0.059 |   4.903 |    4.756 | 
     | alu_inst_muldiv_inst_mul_349_24_g5043            | A ^ -> Y v    | sky130_fd_sc_hd__nand2_1   | 0.052 |   4.955 |    4.808 | 
     | alu_inst_muldiv_inst_mul_349_24_g5608            | A v -> X v    | sky130_fd_sc_hd__and2_1    | 0.130 |   5.085 |    4.937 | 
     | alu_inst_muldiv_inst_mul_349_24_cdnfadd_005_0    | CI v -> SUM ^ | sky130_fd_sc_hd__fah_1     | 0.293 |   5.378 |    5.230 | 
     | alu_inst_muldiv_inst_mul_349_24_g5012            | A ^ -> Y v    | sky130_fd_sc_hd__inv_1     | 0.052 |   5.429 |    5.281 | 
     | alu_inst_muldiv_inst_mul_349_24_g5011            | A v -> Y ^    | sky130_fd_sc_hd__nand2_2   | 0.049 |   5.479 |    5.331 | 
     | alu_inst_muldiv_inst_mul_349_24_g5621            | B_N ^ -> Y ^  | sky130_fd_sc_hd__nor2b_2   | 0.120 |   5.598 |    5.450 | 
     | FE_RC_1355_0                                     | A ^ -> Y v    | sky130_fd_sc_hd__nand3_1   | 0.078 |   5.676 |    5.528 | 
     | alu_inst_muldiv_inst_mul_349_24_g4978            | A v -> Y ^    | sky130_fd_sc_hd__nand3_2   | 0.087 |   5.763 |    5.615 | 
     | FE_RC_125_0                                      | A ^ -> Y v    | sky130_fd_sc_hd__nand3_4   | 0.086 |   5.849 |    5.701 | 
     | alu_inst_muldiv_inst_mul_349_24_g4944            | A v -> Y ^    | sky130_fd_sc_hd__nand2_1   | 0.081 |   5.930 |    5.782 | 
     | alu_inst_muldiv_inst_mul_349_24_g4931            | B ^ -> Y v    | sky130_fd_sc_hd__nand2_2   | 0.061 |   5.991 |    5.843 | 
     | alu_inst_muldiv_inst_mul_349_24_g4917            | A v -> Y ^    | sky130_fd_sc_hd__nand3_2   | 0.063 |   6.054 |    5.906 | 
     | FE_RC_1691_0                                     | A ^ -> Y v    | sky130_fd_sc_hd__nand3_2   | 0.079 |   6.133 |    5.985 | 
     | alu_inst_muldiv_inst_mul_349_24_g4831            | A v -> Y ^    | sky130_fd_sc_hd__nand2_4   | 0.086 |   6.219 |    6.071 | 
     | alu_inst_muldiv_inst_mul_349_24_g4821            | A ^ -> Y v    | sky130_fd_sc_hd__nand2_2   | 0.054 |   6.272 |    6.125 | 
     | FE_RC_124_0                                      | A v -> Y ^    | sky130_fd_sc_hd__nand3_2   | 0.057 |   6.329 |    6.182 | 
     | alu_inst_muldiv_inst_mul_349_24_g4803            | A ^ -> Y v    | sky130_fd_sc_hd__nand2_2   | 0.049 |   6.378 |    6.230 | 
     | FE_OFC1210_alu_inst_muldiv_inst_mul_349_24_n_628 | A v -> Y ^    | sky130_fd_sc_hd__inv_2     | 0.058 |   6.436 |    6.289 | 
     | alu_inst_muldiv_inst_mul_349_24_g4797            | A ^ -> Y v    | sky130_fd_sc_hd__nand2_4   | 0.074 |   6.510 |    6.362 | 
     | FE_RC_11_0                                       | A2 v -> Y ^   | sky130_fd_sc_hd__o21ai_2   | 0.150 |   6.660 |    6.512 | 
     | FE_RC_2001_0                                     | B ^ -> Y v    | sky130_fd_sc_hd__nand2_1   | 0.083 |   6.743 |    6.595 | 
     | FE_RC_2000_0                                     | A v -> Y ^    | sky130_fd_sc_hd__nand2_2   | 0.063 |   6.805 |    6.658 | 
     | g95984_dup                                       | A ^ -> Y v    | sky130_fd_sc_hd__nand2_2   | 0.048 |   6.854 |    6.706 | 
     | g95980                                           | A v -> Y ^    | sky130_fd_sc_hd__nand2_2   | 0.053 |   6.907 |    6.759 | 
     | g95835                                           | A ^ -> Y v    | sky130_fd_sc_hd__nand2_2   | 0.058 |   6.964 |    6.816 | 
     | g95817                                           | A v -> Y ^    | sky130_fd_sc_hd__nand2_4   | 0.082 |   7.047 |    6.899 | 
     | g95721                                           | A ^ -> Y v    | sky130_fd_sc_hd__nand2_4   | 0.061 |   7.108 |    6.960 | 
     | FE_RC_952_0                                      | A v -> Y ^    | sky130_fd_sc_hd__nand2_4   | 0.056 |   7.164 |    7.016 | 
     | g95616                                           | A ^ -> Y v    | sky130_fd_sc_hd__nand2_2   | 0.054 |   7.218 |    7.071 | 
     | FE_RC_741_0                                      | A v -> Y ^    | sky130_fd_sc_hd__nand2_2   | 0.079 |   7.297 |    7.150 | 
     | FE_RC_443_0                                      | A ^ -> Y v    | sky130_fd_sc_hd__nand2_2   | 0.053 |   7.350 |    7.202 | 
     | FE_RC_455_0                                      | A v -> Y ^    | sky130_fd_sc_hd__nand3_2   | 0.071 |   7.421 |    7.273 | 
     | FE_RC_134_0                                      | B ^ -> Y v    | sky130_fd_sc_hd__nand2_4   | 0.076 |   7.497 |    7.350 | 
     | FE_RC_1472_0                                     | A v -> Y ^    | sky130_fd_sc_hd__nand2_2   | 0.061 |   7.558 |    7.411 | 
     | FE_RC_1471_0                                     | B1 ^ -> Y v   | sky130_fd_sc_hd__o21ai_2   | 0.057 |   7.615 |    7.468 | 
     | FE_RC_46_0                                       | A v -> Y ^    | sky130_fd_sc_hd__nand2_1   | 0.073 |   7.689 |    7.541 | 
     | FE_RC_45_0                                       | A ^ -> Y v    | sky130_fd_sc_hd__nand2_2   | 0.074 |   7.762 |    7.614 | 
     | g95320                                           | A1 v -> Y ^   | sky130_fd_sc_hd__a21oi_4   | 0.120 |   7.882 |    7.735 | 
     | FE_RC_1654_0                                     | A_N ^ -> Y ^  | sky130_fd_sc_hd__nand2b_1  | 0.126 |   8.009 |    7.861 | 
     | FE_RC_1653_0                                     | B ^ -> Y v    | sky130_fd_sc_hd__nand2_2   | 0.079 |   8.088 |    7.940 | 
     | FE_RC_20_0                                       | A v -> Y ^    | sky130_fd_sc_hd__nor2_4    | 0.115 |   8.203 |    8.056 | 
     | FE_RC_2086_0                                     | B ^ -> Y v    | sky130_fd_sc_hd__nand3_2   | 0.072 |   8.275 |    8.127 | 
     | FE_OFC1802_FE_RN_1031_0                          | A v -> Y ^    | sky130_fd_sc_hd__clkinv_1  | 0.051 |   8.326 |    8.178 | 
     | FE_RC_2046_0                                     | A ^ -> Y v    | sky130_fd_sc_hd__nand3_2   | 0.053 |   8.379 |    8.231 | 
     | FE_OFC1797_FE_RN_100_0                           | A v -> Y ^    | sky130_fd_sc_hd__inv_2     | 0.087 |   8.465 |    8.318 | 
     | FE_RC_1696_0                                     | A ^ -> Y v    | sky130_fd_sc_hd__nand3_2   | 0.097 |   8.562 |    8.414 | 
     | FE_OFC1796_n_1574                                | A v -> Y ^    | sky130_fd_sc_hd__inv_2     | 0.072 |   8.634 |    8.486 | 
     | g94936                                           | A ^ -> Y v    | sky130_fd_sc_hd__nand2_2   | 0.052 |   8.685 |    8.538 | 
     | g94901                                           | A1 v -> Y ^   | sky130_fd_sc_hd__a31oi_1   | 0.153 |   8.838 |    8.690 | 
     | g94877                                           | B1 ^ -> Y v   | sky130_fd_sc_hd__o21ai_2   | 0.118 |   8.956 |    8.809 | 
     | g94390                                           | B v -> Y ^    | sky130_fd_sc_hd__nor2_2    | 0.108 |   9.064 |    8.917 | 
     | FE_RC_1336_0                                     | A2 ^ -> Y v   | sky130_fd_sc_hd__o21ai_1   | 0.062 |   9.126 |    8.978 | 
     | result_r_reg[12]                                 | D v           | sky130_fd_sc_hd__dfrtp_1   | 0.000 |   9.126 |    8.978 | 
     +----------------------------------------------------------------------------------------------------------------------------+ 
     Clock Rise Edge                      0.000
     + Source Insertion Delay            -0.184
     = Beginpoint Arrival Time           -0.184
     Other End Path:
     +--------------------------------------------------------------------------------------------+ 
     |      Instance       |    Arc     |            Cell            | Delay | Arrival | Required | 
     |                     |            |                            |       |  Time   |   Time   | 
     |---------------------+------------+----------------------------+-------+---------+----------| 
     |                     | clk ^      |                            |       |  -0.184 |   -0.036 | 
     | CTS_ccl_a_inv_00003 | A ^ -> Y v | sky130_fd_sc_hd__clkinv_16 | 0.060 |  -0.123 |    0.025 | 
     | CTS_ccl_a_inv_00002 | A v -> Y ^ | sky130_fd_sc_hd__clkinv_16 | 0.117 |  -0.006 |    0.142 | 
     | result_r_reg[12]    | CLK ^      | sky130_fd_sc_hd__dfrtp_1   | 0.003 |  -0.003 |    0.145 | 
     +--------------------------------------------------------------------------------------------+ 
Path 6: VIOLATED Setup Check with Pin result_r_reg[6]/CLK 
Endpoint:   result_r_reg[6]/D (v) checked with  leading edge of 'clk'
Beginpoint: in2_r_reg[4]/Q    (v) triggered by  leading edge of 'clk'
Path Groups: {clk}
Analysis View: VIEW_TYP
Other End Arrival Time         -0.003
- Setup                         0.111
+ Phase Shift                   9.091
= Required Time                 8.977
- Arrival Time                  9.123
= Slack Time                   -0.146
     Clock Rise Edge                      0.000
     + Source Insertion Delay            -0.184
     = Beginpoint Arrival Time           -0.184
     Timing Path:
     +----------------------------------------------------------------------------------------------------------------------------+ 
     |                     Instance                     |      Arc      |            Cell            | Delay | Arrival | Required | 
     |                                                  |               |                            |       |  Time   |   Time   | 
     |--------------------------------------------------+---------------+----------------------------+-------+---------+----------| 
     |                                                  | clk ^         |                            |       |  -0.184 |   -0.329 | 
     | CTS_ccl_a_inv_00003                              | A ^ -> Y v    | sky130_fd_sc_hd__clkinv_16 | 0.060 |  -0.123 |   -0.269 | 
     | CTS_ccl_a_inv_00001                              | A v -> Y ^    | sky130_fd_sc_hd__clkinv_16 | 0.117 |  -0.006 |   -0.152 | 
     | in2_r_reg[4]                                     | CLK ^ -> Q v  | sky130_fd_sc_hd__sdfrtp_1  | 0.405 |   0.399 |    0.253 | 
     | FE_OFC1588_in2_r_4                               | A v -> Y ^    | sky130_fd_sc_hd__inv_2     | 0.111 |   0.511 |    0.365 | 
     | FE_RC_2021_0                                     | A ^ -> Y v    | sky130_fd_sc_hd__nand4_1   | 0.112 |   0.622 |    0.477 | 
     | FE_OFC2078_n_2709                                | A v -> Y ^    | sky130_fd_sc_hd__inv_2     | 0.118 |   0.740 |    0.595 | 
     | FE_RC_882_0                                      | A ^ -> Y v    | sky130_fd_sc_hd__nand4_1   | 0.079 |   0.819 |    0.673 | 
     | g123332                                          | A v -> Y ^    | sky130_fd_sc_hd__nand2_1   | 0.081 |   0.901 |    0.755 | 
     | FE_RC_58_0                                       | A ^ -> Y v    | sky130_fd_sc_hd__nand2_1   | 0.062 |   0.962 |    0.816 | 
     | FE_RC_54_0                                       | B v -> Y ^    | sky130_fd_sc_hd__nand2_2   | 0.123 |   1.086 |    0.940 | 
     | g125022                                          | A ^ -> Y v    | sky130_fd_sc_hd__nor2b_1   | 0.071 |   1.157 |    1.011 | 
     | FE_RC_1774_0                                     | B1 v -> Y ^   | sky130_fd_sc_hd__a21oi_2   | 0.100 |   1.256 |    1.111 | 
     | FE_RC_1970_0                                     | A ^ -> Y v    | sky130_fd_sc_hd__nand3_1   | 0.085 |   1.342 |    1.196 | 
     | FE_DBTC30_n_2900                                 | A v -> Y ^    | sky130_fd_sc_hd__inv_2     | 0.085 |   1.427 |    1.281 | 
     | FE_RC_79_0                                       | B ^ -> Y v    | sky130_fd_sc_hd__nand3_2   | 0.074 |   1.501 |    1.355 | 
     | g123110                                          | A v -> Y ^    | sky130_fd_sc_hd__nand3_2   | 0.079 |   1.580 |    1.434 | 
     | FE_OFC286_n_2950                                 | A ^ -> Y v    | sky130_fd_sc_hd__inv_2     | 0.065 |   1.645 |    1.499 | 
     | FE_OFC287_n_2950                                 | A v -> Y ^    | sky130_fd_sc_hd__inv_8     | 0.090 |   1.735 |    1.589 | 
     | FE_OCPC936_FE_OFN166_n_2950                      | A ^ -> Y v    | sky130_fd_sc_hd__inv_4     | 0.046 |   1.781 |    1.635 | 
     | FE_OFC2071_FE_OCPN29674_FE_OFN166_n_2950         | A v -> Y ^    | sky130_fd_sc_hd__inv_6     | 0.083 |   1.864 |    1.718 | 
     | g122986                                          | A ^ -> Y v    | sky130_fd_sc_hd__nand3_2   | 0.073 |   1.937 |    1.791 | 
     | FE_RC_382_0                                      | B v -> Y ^    | sky130_fd_sc_hd__nand3_2   | 0.126 |   2.063 |    1.917 | 
     | g122872                                          | A ^ -> Y v    | sky130_fd_sc_hd__inv_1     | 0.071 |   2.134 |    1.988 | 
     | g123695                                          | A_N v -> Y v  | sky130_fd_sc_hd__nand2b_4  | 0.216 |   2.350 |    2.205 | 
     | g122532                                          | B v -> Y ^    | sky130_fd_sc_hd__nand2_2   | 0.143 |   2.494 |    2.348 | 
     | FE_OFC1539_n_3137                                | A ^ -> Y v    | sky130_fd_sc_hd__inv_2     | 0.093 |   2.587 |    2.441 | 
     | g121879                                          | A v -> Y ^    | sky130_fd_sc_hd__nand2_8   | 0.192 |   2.779 |    2.634 | 
     | g121745                                          | A ^ -> Y v    | sky130_fd_sc_hd__inv_2     | 0.201 |   2.981 |    2.835 | 
     | g121469                                          | A v -> Y ^    | sky130_fd_sc_hd__nand2_1   | 0.151 |   3.132 |    2.986 | 
     | g120203                                          | B ^ -> Y v    | sky130_fd_sc_hd__nand2_1   | 0.105 |   3.237 |    3.092 | 
     | g119794__6783                                    | B v -> Y ^    | sky130_fd_sc_hd__nand2_4   | 0.156 |   3.394 |    3.248 | 
     | g118950__4319                                    | C ^ -> Y v    | sky130_fd_sc_hd__nand3_1   | 0.141 |   3.535 |    3.389 | 
     | g118902__5122                                    | B v -> Y ^    | sky130_fd_sc_hd__nor2_4    | 0.363 |   3.898 |    3.753 | 
     | g118832__7410                                    | C ^ -> Y v    | sky130_fd_sc_hd__nand4_1   | 0.192 |   4.091 |    3.945 | 
     | g118802__2346                                    | A v -> Y ^    | sky130_fd_sc_hd__nand2_1   | 0.093 |   4.183 |    4.038 | 
     | FE_RC_402_0                                      | A ^ -> Y v    | sky130_fd_sc_hd__nand4_1   | 0.101 |   4.284 |    4.138 | 
     | FE_OFC1874_n_5123                                | A v -> Y ^    | sky130_fd_sc_hd__inv_2     | 0.085 |   4.369 |    4.223 | 
     | g118775__5107                                    | A ^ -> Y v    | sky130_fd_sc_hd__nand2_4   | 0.076 |   4.445 |    4.299 | 
     | FE_OFC1865_alu_inst_n_29622                      | A v -> Y ^    | sky130_fd_sc_hd__inv_2     | 0.085 |   4.530 |    4.384 | 
     | alu_inst_muldiv_inst_mul_349_24_g5299            | A ^ -> Y v    | sky130_fd_sc_hd__nand3_2   | 0.079 |   4.609 |    4.464 | 
     | alu_inst_muldiv_inst_mul_349_24_g5272            | B v -> Y ^    | sky130_fd_sc_hd__nand2_4   | 0.162 |   4.772 |    4.626 | 
     | alu_inst_muldiv_inst_mul_349_24_g5148            | A ^ -> Y v    | sky130_fd_sc_hd__nand2_2   | 0.073 |   4.844 |    4.699 | 
     | alu_inst_muldiv_inst_mul_349_24_g5122            | A v -> Y ^    | sky130_fd_sc_hd__nand2_1   | 0.059 |   4.903 |    4.758 | 
     | alu_inst_muldiv_inst_mul_349_24_g5043            | A ^ -> Y v    | sky130_fd_sc_hd__nand2_1   | 0.052 |   4.955 |    4.810 | 
     | alu_inst_muldiv_inst_mul_349_24_g5608            | A v -> X v    | sky130_fd_sc_hd__and2_1    | 0.130 |   5.085 |    4.939 | 
     | alu_inst_muldiv_inst_mul_349_24_cdnfadd_005_0    | CI v -> SUM ^ | sky130_fd_sc_hd__fah_1     | 0.293 |   5.378 |    5.232 | 
     | alu_inst_muldiv_inst_mul_349_24_g5012            | A ^ -> Y v    | sky130_fd_sc_hd__inv_1     | 0.052 |   5.429 |    5.284 | 
     | alu_inst_muldiv_inst_mul_349_24_g5011            | A v -> Y ^    | sky130_fd_sc_hd__nand2_2   | 0.049 |   5.479 |    5.333 | 
     | alu_inst_muldiv_inst_mul_349_24_g5621            | B_N ^ -> Y ^  | sky130_fd_sc_hd__nor2b_2   | 0.120 |   5.598 |    5.452 | 
     | FE_RC_1355_0                                     | A ^ -> Y v    | sky130_fd_sc_hd__nand3_1   | 0.078 |   5.676 |    5.531 | 
     | alu_inst_muldiv_inst_mul_349_24_g4978            | A v -> Y ^    | sky130_fd_sc_hd__nand3_2   | 0.087 |   5.763 |    5.618 | 
     | FE_RC_125_0                                      | A ^ -> Y v    | sky130_fd_sc_hd__nand3_4   | 0.086 |   5.849 |    5.703 | 
     | alu_inst_muldiv_inst_mul_349_24_g4944            | A v -> Y ^    | sky130_fd_sc_hd__nand2_1   | 0.081 |   5.930 |    5.784 | 
     | alu_inst_muldiv_inst_mul_349_24_g4931            | B ^ -> Y v    | sky130_fd_sc_hd__nand2_2   | 0.061 |   5.991 |    5.845 | 
     | alu_inst_muldiv_inst_mul_349_24_g4917            | A v -> Y ^    | sky130_fd_sc_hd__nand3_2   | 0.063 |   6.054 |    5.909 | 
     | FE_RC_1691_0                                     | A ^ -> Y v    | sky130_fd_sc_hd__nand3_2   | 0.079 |   6.133 |    5.987 | 
     | alu_inst_muldiv_inst_mul_349_24_g4831            | A v -> Y ^    | sky130_fd_sc_hd__nand2_4   | 0.086 |   6.219 |    6.073 | 
     | alu_inst_muldiv_inst_mul_349_24_g4821            | A ^ -> Y v    | sky130_fd_sc_hd__nand2_2   | 0.054 |   6.272 |    6.127 | 
     | FE_RC_124_0                                      | A v -> Y ^    | sky130_fd_sc_hd__nand3_2   | 0.057 |   6.329 |    6.184 | 
     | alu_inst_muldiv_inst_mul_349_24_g4803            | A ^ -> Y v    | sky130_fd_sc_hd__nand2_2   | 0.049 |   6.378 |    6.232 | 
     | FE_OFC1210_alu_inst_muldiv_inst_mul_349_24_n_628 | A v -> Y ^    | sky130_fd_sc_hd__inv_2     | 0.058 |   6.436 |    6.291 | 
     | alu_inst_muldiv_inst_mul_349_24_g4797            | A ^ -> Y v    | sky130_fd_sc_hd__nand2_4   | 0.074 |   6.510 |    6.364 | 
     | FE_RC_11_0                                       | A2 v -> Y ^   | sky130_fd_sc_hd__o21ai_2   | 0.150 |   6.660 |    6.514 | 
     | FE_RC_2001_0                                     | B ^ -> Y v    | sky130_fd_sc_hd__nand2_1   | 0.083 |   6.743 |    6.597 | 
     | FE_RC_2000_0                                     | A v -> Y ^    | sky130_fd_sc_hd__nand2_2   | 0.063 |   6.805 |    6.660 | 
     | g95984_dup                                       | A ^ -> Y v    | sky130_fd_sc_hd__nand2_2   | 0.048 |   6.854 |    6.708 | 
     | g95980                                           | A v -> Y ^    | sky130_fd_sc_hd__nand2_2   | 0.053 |   6.907 |    6.761 | 
     | g95835                                           | A ^ -> Y v    | sky130_fd_sc_hd__nand2_2   | 0.058 |   6.964 |    6.819 | 
     | g95817                                           | A v -> Y ^    | sky130_fd_sc_hd__nand2_4   | 0.082 |   7.047 |    6.901 | 
     | g95721                                           | A ^ -> Y v    | sky130_fd_sc_hd__nand2_4   | 0.061 |   7.108 |    6.962 | 
     | FE_RC_952_0                                      | A v -> Y ^    | sky130_fd_sc_hd__nand2_4   | 0.056 |   7.164 |    7.019 | 
     | g95616                                           | A ^ -> Y v    | sky130_fd_sc_hd__nand2_2   | 0.054 |   7.218 |    7.073 | 
     | FE_RC_740_0                                      | A v -> Y ^    | sky130_fd_sc_hd__nand2_1   | 0.052 |   7.270 |    7.125 | 
     | FE_RC_739_0                                      | A ^ -> Y v    | sky130_fd_sc_hd__nand2_1   | 0.044 |   7.314 |    7.169 | 
     | FE_RC_441_0                                      | A v -> Y ^    | sky130_fd_sc_hd__nand2_1   | 0.065 |   7.379 |    7.233 | 
     | FE_RC_114_0                                      | A ^ -> Y v    | sky130_fd_sc_hd__nand2_2   | 0.063 |   7.442 |    7.296 | 
     | FE_RC_134_0                                      | A v -> Y ^    | sky130_fd_sc_hd__nand2_4   | 0.096 |   7.538 |    7.392 | 
     | FE_OFC1192_n_1171                                | A ^ -> Y v    | sky130_fd_sc_hd__inv_4     | 0.055 |   7.593 |    7.447 | 
     | FE_RC_509_0                                      | A2 v -> Y ^   | sky130_fd_sc_hd__o21bai_2  | 0.149 |   7.741 |    7.596 | 
     | FE_OFC1813_FE_RN_41_0                            | A ^ -> Y v    | sky130_fd_sc_hd__inv_2     | 0.053 |   7.794 |    7.649 | 
     | g95342                                           | A2 v -> Y ^   | sky130_fd_sc_hd__o21ai_2   | 0.147 |   7.942 |    7.796 | 
     | g95314                                           | A1 ^ -> Y v   | sky130_fd_sc_hd__a21oi_2   | 0.086 |   8.028 |    7.882 | 
     | FE_RC_50_0                                       | A2 v -> Y ^   | sky130_fd_sc_hd__o21ai_1   | 0.145 |   8.173 |    8.027 | 
     | FE_OFC1811_FE_RN_24_0                            | A ^ -> Y v    | sky130_fd_sc_hd__inv_2     | 0.080 |   8.253 |    8.107 | 
     | FE_RC_1969_0                                     | A v -> Y ^    | sky130_fd_sc_hd__nand4_2   | 0.072 |   8.325 |    8.179 | 
     | FE_OFC1803_n_1368                                | A ^ -> Y v    | sky130_fd_sc_hd__inv_2     | 0.061 |   8.385 |    8.239 | 
     | FE_RC_333_0                                      | A v -> Y ^    | sky130_fd_sc_hd__nand2_1   | 0.084 |   8.469 |    8.324 | 
     | FE_OFC1171_n_1396                                | A ^ -> Y v    | sky130_fd_sc_hd__inv_2     | 0.050 |   8.519 |    8.373 | 
     | FE_RC_892_0                                      | A v -> Y ^    | sky130_fd_sc_hd__nand2_2   | 0.077 |   8.596 |    8.450 | 
     | g95146                                           | B ^ -> Y v    | sky130_fd_sc_hd__nor2_1    | 0.047 |   8.643 |    8.497 | 
     | g95139                                           | B v -> Y ^    | sky130_fd_sc_hd__nor2_1    | 0.099 |   8.742 |    8.596 | 
     | FE_RC_1467_0                                     | A2 ^ -> Y v   | sky130_fd_sc_hd__o21ai_1   | 0.131 |   8.873 |    8.727 | 
     | g94350                                           | B1 v -> Y ^   | sky130_fd_sc_hd__a21oi_2   | 0.174 |   9.047 |    8.901 | 
     | g94348                                           | B2 ^ -> Y v   | sky130_fd_sc_hd__o2bb2ai_1 | 0.076 |   9.123 |    8.977 | 
     | result_r_reg[6]                                  | D v           | sky130_fd_sc_hd__dfrtp_1   | 0.000 |   9.123 |    8.977 | 
     +----------------------------------------------------------------------------------------------------------------------------+ 
     Clock Rise Edge                      0.000
     + Source Insertion Delay            -0.184
     = Beginpoint Arrival Time           -0.184
     Other End Path:
     +--------------------------------------------------------------------------------------------+ 
     |      Instance       |    Arc     |            Cell            | Delay | Arrival | Required | 
     |                     |            |                            |       |  Time   |   Time   | 
     |---------------------+------------+----------------------------+-------+---------+----------| 
     |                     | clk ^      |                            |       |  -0.184 |   -0.038 | 
     | CTS_ccl_a_inv_00003 | A ^ -> Y v | sky130_fd_sc_hd__clkinv_16 | 0.060 |  -0.123 |    0.022 | 
     | CTS_ccl_a_inv_00002 | A v -> Y ^ | sky130_fd_sc_hd__clkinv_16 | 0.117 |  -0.006 |    0.140 | 
     | result_r_reg[6]     | CLK ^      | sky130_fd_sc_hd__dfrtp_1   | 0.003 |  -0.003 |    0.143 | 
     +--------------------------------------------------------------------------------------------+ 
Path 7: VIOLATED Setup Check with Pin result_r_reg[7]/CLK 
Endpoint:   result_r_reg[7]/D (v) checked with  leading edge of 'clk'
Beginpoint: in2_r_reg[4]/Q    (v) triggered by  leading edge of 'clk'
Path Groups: {clk}
Analysis View: VIEW_TYP
Other End Arrival Time         -0.003
- Setup                         0.111
+ Phase Shift                   9.091
= Required Time                 8.977
- Arrival Time                  9.106
= Slack Time                   -0.129
     Clock Rise Edge                      0.000
     + Source Insertion Delay            -0.184
     = Beginpoint Arrival Time           -0.184
     Timing Path:
     +----------------------------------------------------------------------------------------------------------------------------+ 
     |                     Instance                     |      Arc      |            Cell            | Delay | Arrival | Required | 
     |                                                  |               |                            |       |  Time   |   Time   | 
     |--------------------------------------------------+---------------+----------------------------+-------+---------+----------| 
     |                                                  | clk ^         |                            |       |  -0.184 |   -0.312 | 
     | CTS_ccl_a_inv_00003                              | A ^ -> Y v    | sky130_fd_sc_hd__clkinv_16 | 0.060 |  -0.123 |   -0.252 | 
     | CTS_ccl_a_inv_00001                              | A v -> Y ^    | sky130_fd_sc_hd__clkinv_16 | 0.117 |  -0.006 |   -0.135 | 
     | in2_r_reg[4]                                     | CLK ^ -> Q v  | sky130_fd_sc_hd__sdfrtp_1  | 0.405 |   0.399 |    0.270 | 
     | FE_OFC1588_in2_r_4                               | A v -> Y ^    | sky130_fd_sc_hd__inv_2     | 0.111 |   0.511 |    0.382 | 
     | FE_RC_2021_0                                     | A ^ -> Y v    | sky130_fd_sc_hd__nand4_1   | 0.112 |   0.622 |    0.494 | 
     | FE_OFC2078_n_2709                                | A v -> Y ^    | sky130_fd_sc_hd__inv_2     | 0.118 |   0.740 |    0.612 | 
     | FE_RC_882_0                                      | A ^ -> Y v    | sky130_fd_sc_hd__nand4_1   | 0.079 |   0.819 |    0.690 | 
     | g123332                                          | A v -> Y ^    | sky130_fd_sc_hd__nand2_1   | 0.081 |   0.901 |    0.772 | 
     | FE_RC_58_0                                       | A ^ -> Y v    | sky130_fd_sc_hd__nand2_1   | 0.062 |   0.962 |    0.833 | 
     | FE_RC_54_0                                       | B v -> Y ^    | sky130_fd_sc_hd__nand2_2   | 0.123 |   1.086 |    0.957 | 
     | g125022                                          | A ^ -> Y v    | sky130_fd_sc_hd__nor2b_1   | 0.071 |   1.157 |    1.028 | 
     | FE_RC_1774_0                                     | B1 v -> Y ^   | sky130_fd_sc_hd__a21oi_2   | 0.100 |   1.256 |    1.128 | 
     | FE_RC_1970_0                                     | A ^ -> Y v    | sky130_fd_sc_hd__nand3_1   | 0.085 |   1.342 |    1.213 | 
     | FE_DBTC30_n_2900                                 | A v -> Y ^    | sky130_fd_sc_hd__inv_2     | 0.085 |   1.427 |    1.298 | 
     | FE_RC_79_0                                       | B ^ -> Y v    | sky130_fd_sc_hd__nand3_2   | 0.074 |   1.501 |    1.372 | 
     | g123110                                          | A v -> Y ^    | sky130_fd_sc_hd__nand3_2   | 0.079 |   1.580 |    1.451 | 
     | FE_OFC286_n_2950                                 | A ^ -> Y v    | sky130_fd_sc_hd__inv_2     | 0.065 |   1.645 |    1.516 | 
     | FE_OFC287_n_2950                                 | A v -> Y ^    | sky130_fd_sc_hd__inv_8     | 0.090 |   1.735 |    1.606 | 
     | FE_OCPC936_FE_OFN166_n_2950                      | A ^ -> Y v    | sky130_fd_sc_hd__inv_4     | 0.046 |   1.781 |    1.652 | 
     | FE_OFC2071_FE_OCPN29674_FE_OFN166_n_2950         | A v -> Y ^    | sky130_fd_sc_hd__inv_6     | 0.083 |   1.864 |    1.735 | 
     | g122986                                          | A ^ -> Y v    | sky130_fd_sc_hd__nand3_2   | 0.073 |   1.937 |    1.808 | 
     | FE_RC_382_0                                      | B v -> Y ^    | sky130_fd_sc_hd__nand3_2   | 0.126 |   2.063 |    1.934 | 
     | g122872                                          | A ^ -> Y v    | sky130_fd_sc_hd__inv_1     | 0.071 |   2.134 |    2.005 | 
     | g123695                                          | A_N v -> Y v  | sky130_fd_sc_hd__nand2b_4  | 0.216 |   2.350 |    2.222 | 
     | g122532                                          | B v -> Y ^    | sky130_fd_sc_hd__nand2_2   | 0.143 |   2.494 |    2.365 | 
     | FE_OFC1539_n_3137                                | A ^ -> Y v    | sky130_fd_sc_hd__inv_2     | 0.093 |   2.587 |    2.458 | 
     | g121879                                          | A v -> Y ^    | sky130_fd_sc_hd__nand2_8   | 0.192 |   2.779 |    2.651 | 
     | g121745                                          | A ^ -> Y v    | sky130_fd_sc_hd__inv_2     | 0.201 |   2.981 |    2.852 | 
     | g121469                                          | A v -> Y ^    | sky130_fd_sc_hd__nand2_1   | 0.151 |   3.132 |    3.003 | 
     | g120203                                          | B ^ -> Y v    | sky130_fd_sc_hd__nand2_1   | 0.105 |   3.237 |    3.109 | 
     | g119794__6783                                    | B v -> Y ^    | sky130_fd_sc_hd__nand2_4   | 0.156 |   3.394 |    3.265 | 
     | g118950__4319                                    | C ^ -> Y v    | sky130_fd_sc_hd__nand3_1   | 0.141 |   3.535 |    3.406 | 
     | g118902__5122                                    | B v -> Y ^    | sky130_fd_sc_hd__nor2_4    | 0.363 |   3.898 |    3.770 | 
     | g118832__7410                                    | C ^ -> Y v    | sky130_fd_sc_hd__nand4_1   | 0.192 |   4.091 |    3.962 | 
     | g118802__2346                                    | A v -> Y ^    | sky130_fd_sc_hd__nand2_1   | 0.093 |   4.183 |    4.055 | 
     | FE_RC_402_0                                      | A ^ -> Y v    | sky130_fd_sc_hd__nand4_1   | 0.101 |   4.284 |    4.155 | 
     | FE_OFC1874_n_5123                                | A v -> Y ^    | sky130_fd_sc_hd__inv_2     | 0.085 |   4.369 |    4.240 | 
     | g118775__5107                                    | A ^ -> Y v    | sky130_fd_sc_hd__nand2_4   | 0.076 |   4.445 |    4.316 | 
     | FE_OFC1865_alu_inst_n_29622                      | A v -> Y ^    | sky130_fd_sc_hd__inv_2     | 0.085 |   4.530 |    4.401 | 
     | alu_inst_muldiv_inst_mul_349_24_g5299            | A ^ -> Y v    | sky130_fd_sc_hd__nand3_2   | 0.079 |   4.609 |    4.481 | 
     | alu_inst_muldiv_inst_mul_349_24_g5272            | B v -> Y ^    | sky130_fd_sc_hd__nand2_4   | 0.162 |   4.772 |    4.643 | 
     | alu_inst_muldiv_inst_mul_349_24_g5148            | A ^ -> Y v    | sky130_fd_sc_hd__nand2_2   | 0.073 |   4.844 |    4.716 | 
     | alu_inst_muldiv_inst_mul_349_24_g5122            | A v -> Y ^    | sky130_fd_sc_hd__nand2_1   | 0.059 |   4.903 |    4.775 | 
     | alu_inst_muldiv_inst_mul_349_24_g5043            | A ^ -> Y v    | sky130_fd_sc_hd__nand2_1   | 0.052 |   4.955 |    4.827 | 
     | alu_inst_muldiv_inst_mul_349_24_g5608            | A v -> X v    | sky130_fd_sc_hd__and2_1    | 0.130 |   5.085 |    4.956 | 
     | alu_inst_muldiv_inst_mul_349_24_cdnfadd_005_0    | CI v -> SUM ^ | sky130_fd_sc_hd__fah_1     | 0.293 |   5.378 |    5.249 | 
     | alu_inst_muldiv_inst_mul_349_24_g5012            | A ^ -> Y v    | sky130_fd_sc_hd__inv_1     | 0.052 |   5.429 |    5.301 | 
     | alu_inst_muldiv_inst_mul_349_24_g5011            | A v -> Y ^    | sky130_fd_sc_hd__nand2_2   | 0.049 |   5.479 |    5.350 | 
     | alu_inst_muldiv_inst_mul_349_24_g5621            | B_N ^ -> Y ^  | sky130_fd_sc_hd__nor2b_2   | 0.120 |   5.598 |    5.469 | 
     | FE_RC_1355_0                                     | A ^ -> Y v    | sky130_fd_sc_hd__nand3_1   | 0.078 |   5.676 |    5.548 | 
     | alu_inst_muldiv_inst_mul_349_24_g4978            | A v -> Y ^    | sky130_fd_sc_hd__nand3_2   | 0.087 |   5.763 |    5.635 | 
     | FE_RC_125_0                                      | A ^ -> Y v    | sky130_fd_sc_hd__nand3_4   | 0.086 |   5.849 |    5.720 | 
     | alu_inst_muldiv_inst_mul_349_24_g4944            | A v -> Y ^    | sky130_fd_sc_hd__nand2_1   | 0.081 |   5.930 |    5.801 | 
     | alu_inst_muldiv_inst_mul_349_24_g4931            | B ^ -> Y v    | sky130_fd_sc_hd__nand2_2   | 0.061 |   5.991 |    5.862 | 
     | alu_inst_muldiv_inst_mul_349_24_g4917            | A v -> Y ^    | sky130_fd_sc_hd__nand3_2   | 0.063 |   6.054 |    5.926 | 
     | FE_RC_1691_0                                     | A ^ -> Y v    | sky130_fd_sc_hd__nand3_2   | 0.079 |   6.133 |    6.004 | 
     | alu_inst_muldiv_inst_mul_349_24_g4831            | A v -> Y ^    | sky130_fd_sc_hd__nand2_4   | 0.086 |   6.219 |    6.090 | 
     | alu_inst_muldiv_inst_mul_349_24_g4821            | A ^ -> Y v    | sky130_fd_sc_hd__nand2_2   | 0.054 |   6.272 |    6.144 | 
     | FE_RC_124_0                                      | A v -> Y ^    | sky130_fd_sc_hd__nand3_2   | 0.057 |   6.329 |    6.201 | 
     | alu_inst_muldiv_inst_mul_349_24_g4803            | A ^ -> Y v    | sky130_fd_sc_hd__nand2_2   | 0.049 |   6.378 |    6.249 | 
     | FE_OFC1210_alu_inst_muldiv_inst_mul_349_24_n_628 | A v -> Y ^    | sky130_fd_sc_hd__inv_2     | 0.058 |   6.436 |    6.308 | 
     | alu_inst_muldiv_inst_mul_349_24_g4797            | A ^ -> Y v    | sky130_fd_sc_hd__nand2_4   | 0.074 |   6.510 |    6.381 | 
     | FE_RC_11_0                                       | A2 v -> Y ^   | sky130_fd_sc_hd__o21ai_2   | 0.150 |   6.660 |    6.531 | 
     | FE_RC_2001_0                                     | B ^ -> Y v    | sky130_fd_sc_hd__nand2_1   | 0.083 |   6.743 |    6.614 | 
     | FE_RC_2000_0                                     | A v -> Y ^    | sky130_fd_sc_hd__nand2_2   | 0.063 |   6.805 |    6.677 | 
     | g95984_dup                                       | A ^ -> Y v    | sky130_fd_sc_hd__nand2_2   | 0.048 |   6.854 |    6.725 | 
     | g95980                                           | A v -> Y ^    | sky130_fd_sc_hd__nand2_2   | 0.053 |   6.907 |    6.778 | 
     | g95835                                           | A ^ -> Y v    | sky130_fd_sc_hd__nand2_2   | 0.058 |   6.964 |    6.836 | 
     | g95817                                           | A v -> Y ^    | sky130_fd_sc_hd__nand2_4   | 0.082 |   7.047 |    6.918 | 
     | g95721                                           | A ^ -> Y v    | sky130_fd_sc_hd__nand2_4   | 0.061 |   7.108 |    6.979 | 
     | FE_RC_952_0                                      | A v -> Y ^    | sky130_fd_sc_hd__nand2_4   | 0.056 |   7.164 |    7.036 | 
     | g95616                                           | A ^ -> Y v    | sky130_fd_sc_hd__nand2_2   | 0.054 |   7.218 |    7.090 | 
     | FE_RC_740_0                                      | A v -> Y ^    | sky130_fd_sc_hd__nand2_1   | 0.052 |   7.270 |    7.142 | 
     | FE_RC_739_0                                      | A ^ -> Y v    | sky130_fd_sc_hd__nand2_1   | 0.044 |   7.314 |    7.186 | 
     | FE_RC_441_0                                      | A v -> Y ^    | sky130_fd_sc_hd__nand2_1   | 0.065 |   7.379 |    7.250 | 
     | FE_RC_114_0                                      | A ^ -> Y v    | sky130_fd_sc_hd__nand2_2   | 0.063 |   7.442 |    7.313 | 
     | FE_RC_134_0                                      | A v -> Y ^    | sky130_fd_sc_hd__nand2_4   | 0.096 |   7.538 |    7.409 | 
     | FE_OFC1192_n_1171                                | A ^ -> Y v    | sky130_fd_sc_hd__inv_4     | 0.055 |   7.593 |    7.464 | 
     | FE_RC_509_0                                      | A2 v -> Y ^   | sky130_fd_sc_hd__o21bai_2  | 0.149 |   7.741 |    7.613 | 
     | FE_OFC1813_FE_RN_41_0                            | A ^ -> Y v    | sky130_fd_sc_hd__inv_2     | 0.053 |   7.794 |    7.666 | 
     | g95342                                           | A2 v -> Y ^   | sky130_fd_sc_hd__o21ai_2   | 0.147 |   7.942 |    7.813 | 
     | g95314                                           | A1 ^ -> Y v   | sky130_fd_sc_hd__a21oi_2   | 0.086 |   8.028 |    7.899 | 
     | FE_RC_50_0                                       | A2 v -> Y ^   | sky130_fd_sc_hd__o21ai_1   | 0.145 |   8.173 |    8.044 | 
     | FE_OFC1811_FE_RN_24_0                            | A ^ -> Y v    | sky130_fd_sc_hd__inv_2     | 0.080 |   8.253 |    8.124 | 
     | FE_RC_1969_0                                     | A v -> Y ^    | sky130_fd_sc_hd__nand4_2   | 0.072 |   8.325 |    8.196 | 
     | FE_OFC1803_n_1368                                | A ^ -> Y v    | sky130_fd_sc_hd__inv_2     | 0.061 |   8.385 |    8.256 | 
     | FE_RC_333_0                                      | A v -> Y ^    | sky130_fd_sc_hd__nand2_1   | 0.084 |   8.469 |    8.341 | 
     | FE_OFC1171_n_1396                                | A ^ -> Y v    | sky130_fd_sc_hd__inv_2     | 0.050 |   8.519 |    8.390 | 
     | FE_RC_892_0                                      | A v -> Y ^    | sky130_fd_sc_hd__nand2_2   | 0.077 |   8.596 |    8.467 | 
     | FE_RC_821_0                                      | B ^ -> Y v    | sky130_fd_sc_hd__nand2_1   | 0.058 |   8.653 |    8.525 | 
     | FE_RC_818_0                                      | C1 v -> Y ^   | sky130_fd_sc_hd__o211ai_1  | 0.083 |   8.736 |    8.607 | 
     | FE_RC_1458_0                                     | A2 ^ -> Y v   | sky130_fd_sc_hd__o21ai_1   | 0.140 |   8.877 |    8.748 | 
     | g94347                                           | B1 v -> Y ^   | sky130_fd_sc_hd__a21oi_2   | 0.160 |   9.036 |    8.908 | 
     | FE_RC_1769_0                                     | A2 ^ -> Y v   | sky130_fd_sc_hd__o21ai_1   | 0.069 |   9.105 |    8.977 | 
     | result_r_reg[7]                                  | D v           | sky130_fd_sc_hd__dfrtp_1   | 0.000 |   9.106 |    8.977 | 
     +----------------------------------------------------------------------------------------------------------------------------+ 
     Clock Rise Edge                      0.000
     + Source Insertion Delay            -0.184
     = Beginpoint Arrival Time           -0.184
     Other End Path:
     +--------------------------------------------------------------------------------------------+ 
     |      Instance       |    Arc     |            Cell            | Delay | Arrival | Required | 
     |                     |            |                            |       |  Time   |   Time   | 
     |---------------------+------------+----------------------------+-------+---------+----------| 
     |                     | clk ^      |                            |       |  -0.184 |   -0.055 | 
     | CTS_ccl_a_inv_00003 | A ^ -> Y v | sky130_fd_sc_hd__clkinv_16 | 0.060 |  -0.123 |    0.005 | 
     | CTS_ccl_a_inv_00002 | A v -> Y ^ | sky130_fd_sc_hd__clkinv_16 | 0.117 |  -0.006 |    0.123 | 
     | result_r_reg[7]     | CLK ^      | sky130_fd_sc_hd__dfrtp_1   | 0.003 |  -0.003 |    0.126 | 
     +--------------------------------------------------------------------------------------------+ 
Path 8: VIOLATED Setup Check with Pin result_r_reg[9]/CLK 
Endpoint:   result_r_reg[9]/D (v) checked with  leading edge of 'clk'
Beginpoint: in2_r_reg[4]/Q    (v) triggered by  leading edge of 'clk'
Path Groups: {clk}
Analysis View: VIEW_TYP
Other End Arrival Time         -0.004
- Setup                         0.110
+ Phase Shift                   9.091
= Required Time                 8.977
- Arrival Time                  9.102
= Slack Time                   -0.124
     Clock Rise Edge                      0.000
     + Source Insertion Delay            -0.184
     = Beginpoint Arrival Time           -0.184
     Timing Path:
     +----------------------------------------------------------------------------------------------------------------------------+ 
     |                     Instance                     |      Arc      |            Cell            | Delay | Arrival | Required | 
     |                                                  |               |                            |       |  Time   |   Time   | 
     |--------------------------------------------------+---------------+----------------------------+-------+---------+----------| 
     |                                                  | clk ^         |                            |       |  -0.184 |   -0.308 | 
     | CTS_ccl_a_inv_00003                              | A ^ -> Y v    | sky130_fd_sc_hd__clkinv_16 | 0.060 |  -0.123 |   -0.248 | 
     | CTS_ccl_a_inv_00001                              | A v -> Y ^    | sky130_fd_sc_hd__clkinv_16 | 0.117 |  -0.006 |   -0.130 | 
     | in2_r_reg[4]                                     | CLK ^ -> Q v  | sky130_fd_sc_hd__sdfrtp_1  | 0.405 |   0.399 |    0.275 | 
     | FE_OFC1588_in2_r_4                               | A v -> Y ^    | sky130_fd_sc_hd__inv_2     | 0.111 |   0.511 |    0.386 | 
     | FE_RC_2021_0                                     | A ^ -> Y v    | sky130_fd_sc_hd__nand4_1   | 0.112 |   0.622 |    0.498 | 
     | FE_OFC2078_n_2709                                | A v -> Y ^    | sky130_fd_sc_hd__inv_2     | 0.118 |   0.740 |    0.616 | 
     | FE_RC_882_0                                      | A ^ -> Y v    | sky130_fd_sc_hd__nand4_1   | 0.079 |   0.819 |    0.695 | 
     | g123332                                          | A v -> Y ^    | sky130_fd_sc_hd__nand2_1   | 0.081 |   0.901 |    0.776 | 
     | FE_RC_58_0                                       | A ^ -> Y v    | sky130_fd_sc_hd__nand2_1   | 0.062 |   0.962 |    0.838 | 
     | FE_RC_54_0                                       | B v -> Y ^    | sky130_fd_sc_hd__nand2_2   | 0.123 |   1.086 |    0.961 | 
     | g125022                                          | A ^ -> Y v    | sky130_fd_sc_hd__nor2b_1   | 0.071 |   1.157 |    1.032 | 
     | FE_RC_1774_0                                     | B1 v -> Y ^   | sky130_fd_sc_hd__a21oi_2   | 0.100 |   1.256 |    1.132 | 
     | FE_RC_1970_0                                     | A ^ -> Y v    | sky130_fd_sc_hd__nand3_1   | 0.085 |   1.342 |    1.218 | 
     | FE_DBTC30_n_2900                                 | A v -> Y ^    | sky130_fd_sc_hd__inv_2     | 0.085 |   1.427 |    1.302 | 
     | FE_RC_79_0                                       | B ^ -> Y v    | sky130_fd_sc_hd__nand3_2   | 0.074 |   1.501 |    1.377 | 
     | g123110                                          | A v -> Y ^    | sky130_fd_sc_hd__nand3_2   | 0.079 |   1.580 |    1.456 | 
     | FE_OFC286_n_2950                                 | A ^ -> Y v    | sky130_fd_sc_hd__inv_2     | 0.065 |   1.645 |    1.521 | 
     | FE_OFC287_n_2950                                 | A v -> Y ^    | sky130_fd_sc_hd__inv_8     | 0.090 |   1.735 |    1.611 | 
     | FE_OCPC936_FE_OFN166_n_2950                      | A ^ -> Y v    | sky130_fd_sc_hd__inv_4     | 0.046 |   1.781 |    1.656 | 
     | FE_OFC2071_FE_OCPN29674_FE_OFN166_n_2950         | A v -> Y ^    | sky130_fd_sc_hd__inv_6     | 0.083 |   1.864 |    1.740 | 
     | g122986                                          | A ^ -> Y v    | sky130_fd_sc_hd__nand3_2   | 0.073 |   1.937 |    1.813 | 
     | FE_RC_382_0                                      | B v -> Y ^    | sky130_fd_sc_hd__nand3_2   | 0.126 |   2.063 |    1.939 | 
     | g122872                                          | A ^ -> Y v    | sky130_fd_sc_hd__inv_1     | 0.071 |   2.134 |    2.010 | 
     | g123695                                          | A_N v -> Y v  | sky130_fd_sc_hd__nand2b_4  | 0.216 |   2.350 |    2.226 | 
     | g122532                                          | B v -> Y ^    | sky130_fd_sc_hd__nand2_2   | 0.143 |   2.494 |    2.370 | 
     | FE_OFC1539_n_3137                                | A ^ -> Y v    | sky130_fd_sc_hd__inv_2     | 0.093 |   2.587 |    2.463 | 
     | g121879                                          | A v -> Y ^    | sky130_fd_sc_hd__nand2_8   | 0.192 |   2.779 |    2.655 | 
     | g121745                                          | A ^ -> Y v    | sky130_fd_sc_hd__inv_2     | 0.201 |   2.981 |    2.856 | 
     | g121469                                          | A v -> Y ^    | sky130_fd_sc_hd__nand2_1   | 0.151 |   3.132 |    3.008 | 
     | g120203                                          | B ^ -> Y v    | sky130_fd_sc_hd__nand2_1   | 0.105 |   3.237 |    3.113 | 
     | g119794__6783                                    | B v -> Y ^    | sky130_fd_sc_hd__nand2_4   | 0.156 |   3.394 |    3.270 | 
     | g118950__4319                                    | C ^ -> Y v    | sky130_fd_sc_hd__nand3_1   | 0.141 |   3.535 |    3.411 | 
     | g118902__5122                                    | B v -> Y ^    | sky130_fd_sc_hd__nor2_4    | 0.363 |   3.898 |    3.774 | 
     | g118832__7410                                    | C ^ -> Y v    | sky130_fd_sc_hd__nand4_1   | 0.192 |   4.091 |    3.966 | 
     | g118802__2346                                    | A v -> Y ^    | sky130_fd_sc_hd__nand2_1   | 0.093 |   4.183 |    4.059 | 
     | FE_RC_402_0                                      | A ^ -> Y v    | sky130_fd_sc_hd__nand4_1   | 0.101 |   4.284 |    4.160 | 
     | FE_OFC1874_n_5123                                | A v -> Y ^    | sky130_fd_sc_hd__inv_2     | 0.085 |   4.369 |    4.244 | 
     | g118775__5107                                    | A ^ -> Y v    | sky130_fd_sc_hd__nand2_4   | 0.076 |   4.445 |    4.321 | 
     | FE_OFC1865_alu_inst_n_29622                      | A v -> Y ^    | sky130_fd_sc_hd__inv_2     | 0.085 |   4.530 |    4.406 | 
     | alu_inst_muldiv_inst_mul_349_24_g5299            | A ^ -> Y v    | sky130_fd_sc_hd__nand3_2   | 0.079 |   4.609 |    4.485 | 
     | alu_inst_muldiv_inst_mul_349_24_g5272            | B v -> Y ^    | sky130_fd_sc_hd__nand2_4   | 0.162 |   4.772 |    4.648 | 
     | alu_inst_muldiv_inst_mul_349_24_g5148            | A ^ -> Y v    | sky130_fd_sc_hd__nand2_2   | 0.073 |   4.844 |    4.720 | 
     | alu_inst_muldiv_inst_mul_349_24_g5122            | A v -> Y ^    | sky130_fd_sc_hd__nand2_1   | 0.059 |   4.903 |    4.779 | 
     | alu_inst_muldiv_inst_mul_349_24_g5043            | A ^ -> Y v    | sky130_fd_sc_hd__nand2_1   | 0.052 |   4.955 |    4.831 | 
     | alu_inst_muldiv_inst_mul_349_24_g5608            | A v -> X v    | sky130_fd_sc_hd__and2_1    | 0.130 |   5.085 |    4.961 | 
     | alu_inst_muldiv_inst_mul_349_24_cdnfadd_005_0    | CI v -> SUM ^ | sky130_fd_sc_hd__fah_1     | 0.293 |   5.378 |    5.253 | 
     | alu_inst_muldiv_inst_mul_349_24_g5012            | A ^ -> Y v    | sky130_fd_sc_hd__inv_1     | 0.052 |   5.429 |    5.305 | 
     | alu_inst_muldiv_inst_mul_349_24_g5011            | A v -> Y ^    | sky130_fd_sc_hd__nand2_2   | 0.049 |   5.479 |    5.354 | 
     | alu_inst_muldiv_inst_mul_349_24_g5621            | B_N ^ -> Y ^  | sky130_fd_sc_hd__nor2b_2   | 0.120 |   5.598 |    5.474 | 
     | FE_RC_1355_0                                     | A ^ -> Y v    | sky130_fd_sc_hd__nand3_1   | 0.078 |   5.676 |    5.552 | 
     | alu_inst_muldiv_inst_mul_349_24_g4978            | A v -> Y ^    | sky130_fd_sc_hd__nand3_2   | 0.087 |   5.763 |    5.639 | 
     | FE_RC_125_0                                      | A ^ -> Y v    | sky130_fd_sc_hd__nand3_4   | 0.086 |   5.849 |    5.725 | 
     | alu_inst_muldiv_inst_mul_349_24_g4944            | A v -> Y ^    | sky130_fd_sc_hd__nand2_1   | 0.081 |   5.930 |    5.806 | 
     | alu_inst_muldiv_inst_mul_349_24_g4931            | B ^ -> Y v    | sky130_fd_sc_hd__nand2_2   | 0.061 |   5.991 |    5.867 | 
     | alu_inst_muldiv_inst_mul_349_24_g4917            | A v -> Y ^    | sky130_fd_sc_hd__nand3_2   | 0.063 |   6.054 |    5.930 | 
     | FE_RC_1691_0                                     | A ^ -> Y v    | sky130_fd_sc_hd__nand3_2   | 0.079 |   6.133 |    6.009 | 
     | alu_inst_muldiv_inst_mul_349_24_g4831            | A v -> Y ^    | sky130_fd_sc_hd__nand2_4   | 0.086 |   6.219 |    6.095 | 
     | alu_inst_muldiv_inst_mul_349_24_g4821            | A ^ -> Y v    | sky130_fd_sc_hd__nand2_2   | 0.054 |   6.272 |    6.148 | 
     | FE_RC_124_0                                      | A v -> Y ^    | sky130_fd_sc_hd__nand3_2   | 0.057 |   6.329 |    6.205 | 
     | alu_inst_muldiv_inst_mul_349_24_g4803            | A ^ -> Y v    | sky130_fd_sc_hd__nand2_2   | 0.049 |   6.378 |    6.254 | 
     | FE_OFC1210_alu_inst_muldiv_inst_mul_349_24_n_628 | A v -> Y ^    | sky130_fd_sc_hd__inv_2     | 0.058 |   6.436 |    6.312 | 
     | alu_inst_muldiv_inst_mul_349_24_g4797            | A ^ -> Y v    | sky130_fd_sc_hd__nand2_4   | 0.074 |   6.510 |    6.386 | 
     | FE_RC_11_0                                       | A2 v -> Y ^   | sky130_fd_sc_hd__o21ai_2   | 0.150 |   6.660 |    6.535 | 
     | FE_RC_2001_0                                     | B ^ -> Y v    | sky130_fd_sc_hd__nand2_1   | 0.083 |   6.743 |    6.618 | 
     | FE_RC_2000_0                                     | A v -> Y ^    | sky130_fd_sc_hd__nand2_2   | 0.063 |   6.805 |    6.681 | 
     | g95984_dup                                       | A ^ -> Y v    | sky130_fd_sc_hd__nand2_2   | 0.048 |   6.854 |    6.729 | 
     | g95980                                           | A v -> Y ^    | sky130_fd_sc_hd__nand2_2   | 0.053 |   6.907 |    6.782 | 
     | g95835                                           | A ^ -> Y v    | sky130_fd_sc_hd__nand2_2   | 0.058 |   6.964 |    6.840 | 
     | g95817                                           | A v -> Y ^    | sky130_fd_sc_hd__nand2_4   | 0.082 |   7.047 |    6.922 | 
     | g95721                                           | A ^ -> Y v    | sky130_fd_sc_hd__nand2_4   | 0.061 |   7.108 |    6.984 | 
     | FE_RC_952_0                                      | A v -> Y ^    | sky130_fd_sc_hd__nand2_4   | 0.056 |   7.164 |    7.040 | 
     | g95616                                           | A ^ -> Y v    | sky130_fd_sc_hd__nand2_2   | 0.054 |   7.218 |    7.094 | 
     | FE_RC_740_0                                      | A v -> Y ^    | sky130_fd_sc_hd__nand2_1   | 0.052 |   7.270 |    7.146 | 
     | FE_RC_739_0                                      | A ^ -> Y v    | sky130_fd_sc_hd__nand2_1   | 0.044 |   7.314 |    7.190 | 
     | FE_RC_441_0                                      | A v -> Y ^    | sky130_fd_sc_hd__nand2_1   | 0.065 |   7.379 |    7.255 | 
     | FE_RC_114_0                                      | A ^ -> Y v    | sky130_fd_sc_hd__nand2_2   | 0.063 |   7.442 |    7.318 | 
     | FE_RC_134_0                                      | A v -> Y ^    | sky130_fd_sc_hd__nand2_4   | 0.096 |   7.538 |    7.413 | 
     | FE_OFC1192_n_1171                                | A ^ -> Y v    | sky130_fd_sc_hd__inv_4     | 0.055 |   7.593 |    7.468 | 
     | FE_RC_509_0                                      | A2 v -> Y ^   | sky130_fd_sc_hd__o21bai_2  | 0.149 |   7.741 |    7.617 | 
     | FE_OFC1813_FE_RN_41_0                            | A ^ -> Y v    | sky130_fd_sc_hd__inv_2     | 0.053 |   7.794 |    7.670 | 
     | g95342                                           | A2 v -> Y ^   | sky130_fd_sc_hd__o21ai_2   | 0.147 |   7.942 |    7.817 | 
     | g95314                                           | A1 ^ -> Y v   | sky130_fd_sc_hd__a21oi_2   | 0.086 |   8.028 |    7.904 | 
     | FE_RC_50_0                                       | A2 v -> Y ^   | sky130_fd_sc_hd__o21ai_1   | 0.145 |   8.173 |    8.049 | 
     | FE_OFC1811_FE_RN_24_0                            | A ^ -> Y v    | sky130_fd_sc_hd__inv_2     | 0.080 |   8.253 |    8.129 | 
     | FE_RC_1969_0                                     | A v -> Y ^    | sky130_fd_sc_hd__nand4_2   | 0.072 |   8.325 |    8.200 | 
     | FE_OFC1803_n_1368                                | A ^ -> Y v    | sky130_fd_sc_hd__inv_2     | 0.061 |   8.385 |    8.261 | 
     | FE_RC_2046_0                                     | B v -> Y ^    | sky130_fd_sc_hd__nand3_2   | 0.068 |   8.454 |    8.329 | 
     | FE_OFC1797_FE_RN_100_0                           | A ^ -> Y v    | sky130_fd_sc_hd__inv_2     | 0.055 |   8.508 |    8.384 | 
     | g95108                                           | A v -> Y ^    | sky130_fd_sc_hd__nand2_1   | 0.112 |   8.620 |    8.496 | 
     | g94996                                           | B ^ -> Y v    | sky130_fd_sc_hd__nor2_1    | 0.054 |   8.675 |    8.551 | 
     | g94972                                           | B v -> Y ^    | sky130_fd_sc_hd__nor2_1    | 0.103 |   8.778 |    8.654 | 
     | g94912                                           | A2 ^ -> Y v   | sky130_fd_sc_hd__o21ai_1   | 0.097 |   8.875 |    8.751 | 
     | FE_RC_1670_0                                     | B1 v -> Y ^   | sky130_fd_sc_hd__a21oi_1   | 0.153 |   9.028 |    8.904 | 
     | g94374                                           | B2 ^ -> Y v   | sky130_fd_sc_hd__o2bb2ai_1 | 0.074 |   9.102 |    8.977 | 
     | result_r_reg[9]                                  | D v           | sky130_fd_sc_hd__dfrtp_1   | 0.000 |   9.102 |    8.977 | 
     +----------------------------------------------------------------------------------------------------------------------------+ 
     Clock Rise Edge                      0.000
     + Source Insertion Delay            -0.184
     = Beginpoint Arrival Time           -0.184
     Other End Path:
     +--------------------------------------------------------------------------------------------+ 
     |      Instance       |    Arc     |            Cell            | Delay | Arrival | Required | 
     |                     |            |                            |       |  Time   |   Time   | 
     |---------------------+------------+----------------------------+-------+---------+----------| 
     |                     | clk ^      |                            |       |  -0.184 |   -0.059 | 
     | CTS_ccl_a_inv_00003 | A ^ -> Y v | sky130_fd_sc_hd__clkinv_16 | 0.060 |  -0.123 |    0.001 | 
     | CTS_ccl_a_inv_00002 | A v -> Y ^ | sky130_fd_sc_hd__clkinv_16 | 0.117 |  -0.006 |    0.118 | 
     | result_r_reg[9]     | CLK ^      | sky130_fd_sc_hd__dfrtp_1   | 0.002 |  -0.004 |    0.121 | 
     +--------------------------------------------------------------------------------------------+ 
Path 9: VIOLATED Setup Check with Pin result_r_reg[8]/CLK 
Endpoint:   result_r_reg[8]/D (v) checked with  leading edge of 'clk'
Beginpoint: in2_r_reg[4]/Q    (v) triggered by  leading edge of 'clk'
Path Groups: {clk}
Analysis View: VIEW_TYP
Other End Arrival Time         -0.004
- Setup                         0.110
+ Phase Shift                   9.091
= Required Time                 8.977
- Arrival Time                  9.084
= Slack Time                   -0.107
     Clock Rise Edge                      0.000
     + Source Insertion Delay            -0.184
     = Beginpoint Arrival Time           -0.184
     Timing Path:
     +----------------------------------------------------------------------------------------------------------------------------+ 
     |                     Instance                     |      Arc      |            Cell            | Delay | Arrival | Required | 
     |                                                  |               |                            |       |  Time   |   Time   | 
     |--------------------------------------------------+---------------+----------------------------+-------+---------+----------| 
     |                                                  | clk ^         |                            |       |  -0.184 |   -0.290 | 
     | CTS_ccl_a_inv_00003                              | A ^ -> Y v    | sky130_fd_sc_hd__clkinv_16 | 0.060 |  -0.123 |   -0.230 | 
     | CTS_ccl_a_inv_00001                              | A v -> Y ^    | sky130_fd_sc_hd__clkinv_16 | 0.117 |  -0.006 |   -0.113 | 
     | in2_r_reg[4]                                     | CLK ^ -> Q v  | sky130_fd_sc_hd__sdfrtp_1  | 0.405 |   0.399 |    0.292 | 
     | FE_OFC1588_in2_r_4                               | A v -> Y ^    | sky130_fd_sc_hd__inv_2     | 0.111 |   0.511 |    0.404 | 
     | FE_RC_2021_0                                     | A ^ -> Y v    | sky130_fd_sc_hd__nand4_1   | 0.112 |   0.622 |    0.516 | 
     | FE_OFC2078_n_2709                                | A v -> Y ^    | sky130_fd_sc_hd__inv_2     | 0.118 |   0.740 |    0.634 | 
     | FE_RC_882_0                                      | A ^ -> Y v    | sky130_fd_sc_hd__nand4_1   | 0.079 |   0.819 |    0.712 | 
     | g123332                                          | A v -> Y ^    | sky130_fd_sc_hd__nand2_1   | 0.081 |   0.901 |    0.794 | 
     | FE_RC_58_0                                       | A ^ -> Y v    | sky130_fd_sc_hd__nand2_1   | 0.062 |   0.962 |    0.855 | 
     | FE_RC_54_0                                       | B v -> Y ^    | sky130_fd_sc_hd__nand2_2   | 0.123 |   1.086 |    0.979 | 
     | g125022                                          | A ^ -> Y v    | sky130_fd_sc_hd__nor2b_1   | 0.071 |   1.157 |    1.050 | 
     | FE_RC_1774_0                                     | B1 v -> Y ^   | sky130_fd_sc_hd__a21oi_2   | 0.100 |   1.256 |    1.150 | 
     | FE_RC_1970_0                                     | A ^ -> Y v    | sky130_fd_sc_hd__nand3_1   | 0.085 |   1.342 |    1.235 | 
     | FE_DBTC30_n_2900                                 | A v -> Y ^    | sky130_fd_sc_hd__inv_2     | 0.085 |   1.427 |    1.320 | 
     | FE_RC_79_0                                       | B ^ -> Y v    | sky130_fd_sc_hd__nand3_2   | 0.074 |   1.501 |    1.394 | 
     | g123110                                          | A v -> Y ^    | sky130_fd_sc_hd__nand3_2   | 0.079 |   1.580 |    1.473 | 
     | FE_OFC286_n_2950                                 | A ^ -> Y v    | sky130_fd_sc_hd__inv_2     | 0.065 |   1.645 |    1.538 | 
     | FE_OFC287_n_2950                                 | A v -> Y ^    | sky130_fd_sc_hd__inv_8     | 0.090 |   1.735 |    1.628 | 
     | FE_OCPC936_FE_OFN166_n_2950                      | A ^ -> Y v    | sky130_fd_sc_hd__inv_4     | 0.046 |   1.781 |    1.674 | 
     | FE_OFC2071_FE_OCPN29674_FE_OFN166_n_2950         | A v -> Y ^    | sky130_fd_sc_hd__inv_6     | 0.083 |   1.864 |    1.757 | 
     | g122986                                          | A ^ -> Y v    | sky130_fd_sc_hd__nand3_2   | 0.073 |   1.937 |    1.830 | 
     | FE_RC_382_0                                      | B v -> Y ^    | sky130_fd_sc_hd__nand3_2   | 0.126 |   2.063 |    1.956 | 
     | g122872                                          | A ^ -> Y v    | sky130_fd_sc_hd__inv_1     | 0.071 |   2.134 |    2.027 | 
     | g123695                                          | A_N v -> Y v  | sky130_fd_sc_hd__nand2b_4  | 0.216 |   2.350 |    2.244 | 
     | g122532                                          | B v -> Y ^    | sky130_fd_sc_hd__nand2_2   | 0.143 |   2.494 |    2.387 | 
     | FE_OFC1539_n_3137                                | A ^ -> Y v    | sky130_fd_sc_hd__inv_2     | 0.093 |   2.587 |    2.480 | 
     | g121879                                          | A v -> Y ^    | sky130_fd_sc_hd__nand2_8   | 0.192 |   2.779 |    2.673 | 
     | g121745                                          | A ^ -> Y v    | sky130_fd_sc_hd__inv_2     | 0.201 |   2.981 |    2.874 | 
     | g121469                                          | A v -> Y ^    | sky130_fd_sc_hd__nand2_1   | 0.151 |   3.132 |    3.025 | 
     | g120203                                          | B ^ -> Y v    | sky130_fd_sc_hd__nand2_1   | 0.105 |   3.237 |    3.131 | 
     | g119794__6783                                    | B v -> Y ^    | sky130_fd_sc_hd__nand2_4   | 0.156 |   3.394 |    3.287 | 
     | g118950__4319                                    | C ^ -> Y v    | sky130_fd_sc_hd__nand3_1   | 0.141 |   3.535 |    3.428 | 
     | g118902__5122                                    | B v -> Y ^    | sky130_fd_sc_hd__nor2_4    | 0.363 |   3.898 |    3.791 | 
     | g118832__7410                                    | C ^ -> Y v    | sky130_fd_sc_hd__nand4_1   | 0.192 |   4.091 |    3.984 | 
     | g118802__2346                                    | A v -> Y ^    | sky130_fd_sc_hd__nand2_1   | 0.093 |   4.183 |    4.077 | 
     | FE_RC_402_0                                      | A ^ -> Y v    | sky130_fd_sc_hd__nand4_1   | 0.101 |   4.284 |    4.177 | 
     | FE_OFC1874_n_5123                                | A v -> Y ^    | sky130_fd_sc_hd__inv_2     | 0.085 |   4.369 |    4.262 | 
     | g118775__5107                                    | A ^ -> Y v    | sky130_fd_sc_hd__nand2_4   | 0.076 |   4.445 |    4.338 | 
     | FE_OFC1865_alu_inst_n_29622                      | A v -> Y ^    | sky130_fd_sc_hd__inv_2     | 0.085 |   4.530 |    4.423 | 
     | alu_inst_muldiv_inst_mul_349_24_g5299            | A ^ -> Y v    | sky130_fd_sc_hd__nand3_2   | 0.079 |   4.609 |    4.503 | 
     | alu_inst_muldiv_inst_mul_349_24_g5272            | B v -> Y ^    | sky130_fd_sc_hd__nand2_4   | 0.162 |   4.772 |    4.665 | 
     | alu_inst_muldiv_inst_mul_349_24_g5148            | A ^ -> Y v    | sky130_fd_sc_hd__nand2_2   | 0.073 |   4.844 |    4.737 | 
     | alu_inst_muldiv_inst_mul_349_24_g5122            | A v -> Y ^    | sky130_fd_sc_hd__nand2_1   | 0.059 |   4.903 |    4.797 | 
     | alu_inst_muldiv_inst_mul_349_24_g5043            | A ^ -> Y v    | sky130_fd_sc_hd__nand2_1   | 0.052 |   4.955 |    4.849 | 
     | alu_inst_muldiv_inst_mul_349_24_g5608            | A v -> X v    | sky130_fd_sc_hd__and2_1    | 0.130 |   5.085 |    4.978 | 
     | alu_inst_muldiv_inst_mul_349_24_cdnfadd_005_0    | CI v -> SUM ^ | sky130_fd_sc_hd__fah_1     | 0.293 |   5.378 |    5.271 | 
     | alu_inst_muldiv_inst_mul_349_24_g5012            | A ^ -> Y v    | sky130_fd_sc_hd__inv_1     | 0.052 |   5.429 |    5.322 | 
     | alu_inst_muldiv_inst_mul_349_24_g5011            | A v -> Y ^    | sky130_fd_sc_hd__nand2_2   | 0.049 |   5.479 |    5.372 | 
     | alu_inst_muldiv_inst_mul_349_24_g5621            | B_N ^ -> Y ^  | sky130_fd_sc_hd__nor2b_2   | 0.120 |   5.598 |    5.491 | 
     | FE_RC_1355_0                                     | A ^ -> Y v    | sky130_fd_sc_hd__nand3_1   | 0.078 |   5.676 |    5.569 | 
     | alu_inst_muldiv_inst_mul_349_24_g4978            | A v -> Y ^    | sky130_fd_sc_hd__nand3_2   | 0.087 |   5.763 |    5.656 | 
     | FE_RC_125_0                                      | A ^ -> Y v    | sky130_fd_sc_hd__nand3_4   | 0.086 |   5.849 |    5.742 | 
     | alu_inst_muldiv_inst_mul_349_24_g4944            | A v -> Y ^    | sky130_fd_sc_hd__nand2_1   | 0.081 |   5.930 |    5.823 | 
     | alu_inst_muldiv_inst_mul_349_24_g4931            | B ^ -> Y v    | sky130_fd_sc_hd__nand2_2   | 0.061 |   5.991 |    5.884 | 
     | alu_inst_muldiv_inst_mul_349_24_g4917            | A v -> Y ^    | sky130_fd_sc_hd__nand3_2   | 0.063 |   6.054 |    5.947 | 
     | FE_RC_1691_0                                     | A ^ -> Y v    | sky130_fd_sc_hd__nand3_2   | 0.079 |   6.133 |    6.026 | 
     | alu_inst_muldiv_inst_mul_349_24_g4831            | A v -> Y ^    | sky130_fd_sc_hd__nand2_4   | 0.086 |   6.219 |    6.112 | 
     | alu_inst_muldiv_inst_mul_349_24_g4821            | A ^ -> Y v    | sky130_fd_sc_hd__nand2_2   | 0.054 |   6.272 |    6.166 | 
     | FE_RC_124_0                                      | A v -> Y ^    | sky130_fd_sc_hd__nand3_2   | 0.057 |   6.329 |    6.223 | 
     | alu_inst_muldiv_inst_mul_349_24_g4803            | A ^ -> Y v    | sky130_fd_sc_hd__nand2_2   | 0.049 |   6.378 |    6.271 | 
     | FE_OFC1210_alu_inst_muldiv_inst_mul_349_24_n_628 | A v -> Y ^    | sky130_fd_sc_hd__inv_2     | 0.058 |   6.436 |    6.330 | 
     | alu_inst_muldiv_inst_mul_349_24_g4797            | A ^ -> Y v    | sky130_fd_sc_hd__nand2_4   | 0.074 |   6.510 |    6.403 | 
     | FE_RC_11_0                                       | A2 v -> Y ^   | sky130_fd_sc_hd__o21ai_2   | 0.150 |   6.660 |    6.553 | 
     | FE_RC_2001_0                                     | B ^ -> Y v    | sky130_fd_sc_hd__nand2_1   | 0.083 |   6.743 |    6.636 | 
     | FE_RC_2000_0                                     | A v -> Y ^    | sky130_fd_sc_hd__nand2_2   | 0.063 |   6.805 |    6.699 | 
     | g95984_dup                                       | A ^ -> Y v    | sky130_fd_sc_hd__nand2_2   | 0.048 |   6.854 |    6.747 | 
     | g95980                                           | A v -> Y ^    | sky130_fd_sc_hd__nand2_2   | 0.053 |   6.907 |    6.800 | 
     | g95835                                           | A ^ -> Y v    | sky130_fd_sc_hd__nand2_2   | 0.058 |   6.964 |    6.857 | 
     | g95817                                           | A v -> Y ^    | sky130_fd_sc_hd__nand2_4   | 0.082 |   7.047 |    6.940 | 
     | g95721                                           | A ^ -> Y v    | sky130_fd_sc_hd__nand2_4   | 0.061 |   7.108 |    7.001 | 
     | FE_RC_952_0                                      | A v -> Y ^    | sky130_fd_sc_hd__nand2_4   | 0.056 |   7.164 |    7.057 | 
     | g95616                                           | A ^ -> Y v    | sky130_fd_sc_hd__nand2_2   | 0.054 |   7.218 |    7.112 | 
     | FE_RC_741_0                                      | A v -> Y ^    | sky130_fd_sc_hd__nand2_2   | 0.079 |   7.297 |    7.191 | 
     | FE_RC_443_0                                      | A ^ -> Y v    | sky130_fd_sc_hd__nand2_2   | 0.053 |   7.350 |    7.243 | 
     | FE_RC_455_0                                      | A v -> Y ^    | sky130_fd_sc_hd__nand3_2   | 0.071 |   7.421 |    7.314 | 
     | FE_RC_134_0                                      | B ^ -> Y v    | sky130_fd_sc_hd__nand2_4   | 0.076 |   7.497 |    7.391 | 
     | FE_RC_1472_0                                     | A v -> Y ^    | sky130_fd_sc_hd__nand2_2   | 0.061 |   7.558 |    7.452 | 
     | FE_RC_1471_0                                     | B1 ^ -> Y v   | sky130_fd_sc_hd__o21ai_2   | 0.057 |   7.615 |    7.509 | 
     | FE_RC_46_0                                       | A v -> Y ^    | sky130_fd_sc_hd__nand2_1   | 0.073 |   7.689 |    7.582 | 
     | FE_RC_45_0                                       | A ^ -> Y v    | sky130_fd_sc_hd__nand2_2   | 0.074 |   7.762 |    7.655 | 
     | g95320                                           | A1 v -> Y ^   | sky130_fd_sc_hd__a21oi_4   | 0.120 |   7.882 |    7.776 | 
     | FE_RC_1654_0                                     | A_N ^ -> Y ^  | sky130_fd_sc_hd__nand2b_1  | 0.126 |   8.009 |    7.902 | 
     | FE_RC_1653_0                                     | B ^ -> Y v    | sky130_fd_sc_hd__nand2_2   | 0.079 |   8.088 |    7.981 | 
     | FE_RC_20_0                                       | A v -> Y ^    | sky130_fd_sc_hd__nor2_4    | 0.115 |   8.203 |    8.097 | 
     | FE_RC_2086_0                                     | B ^ -> Y v    | sky130_fd_sc_hd__nand3_2   | 0.072 |   8.275 |    8.168 | 
     | FE_OFC1802_FE_RN_1031_0                          | A v -> Y ^    | sky130_fd_sc_hd__clkinv_1  | 0.051 |   8.326 |    8.219 | 
     | FE_RC_2046_0                                     | A ^ -> Y v    | sky130_fd_sc_hd__nand3_2   | 0.053 |   8.379 |    8.272 | 
     | FE_OFC1797_FE_RN_100_0                           | A v -> Y ^    | sky130_fd_sc_hd__inv_2     | 0.087 |   8.465 |    8.359 | 
     | FE_OFC1798_FE_RN_100_0                           | A ^ -> Y v    | sky130_fd_sc_hd__clkinv_1  | 0.080 |   8.546 |    8.439 | 
     | FE_RC_607_0                                      | A2 v -> Y ^   | sky130_fd_sc_hd__o21ai_1   | 0.148 |   8.693 |    8.587 | 
     | g125087                                          | A2 ^ -> Y v   | sky130_fd_sc_hd__o221ai_2  | 0.139 |   8.833 |    8.726 | 
     | g94413                                           | B1 v -> Y ^   | sky130_fd_sc_hd__a21oi_1   | 0.176 |   9.009 |    8.902 | 
     | g94399                                           | B2 ^ -> Y v   | sky130_fd_sc_hd__o2bb2ai_1 | 0.075 |   9.084 |    8.977 | 
     | result_r_reg[8]                                  | D v           | sky130_fd_sc_hd__dfrtp_1   | 0.000 |   9.084 |    8.977 | 
     +----------------------------------------------------------------------------------------------------------------------------+ 
     Clock Rise Edge                      0.000
     + Source Insertion Delay            -0.184
     = Beginpoint Arrival Time           -0.184
     Other End Path:
     +--------------------------------------------------------------------------------------------+ 
     |      Instance       |    Arc     |            Cell            | Delay | Arrival | Required | 
     |                     |            |                            |       |  Time   |   Time   | 
     |---------------------+------------+----------------------------+-------+---------+----------| 
     |                     | clk ^      |                            |       |  -0.184 |   -0.077 | 
     | CTS_ccl_a_inv_00003 | A ^ -> Y v | sky130_fd_sc_hd__clkinv_16 | 0.060 |  -0.123 |   -0.017 | 
     | CTS_ccl_a_inv_00002 | A v -> Y ^ | sky130_fd_sc_hd__clkinv_16 | 0.117 |  -0.006 |    0.101 | 
     | result_r_reg[8]     | CLK ^      | sky130_fd_sc_hd__dfrtp_1   | 0.002 |  -0.004 |    0.103 | 
     +--------------------------------------------------------------------------------------------+ 
Path 10: VIOLATED Setup Check with Pin result_r_reg[4]/CLK 
Endpoint:   result_r_reg[4]/D (^) checked with  leading edge of 'clk'
Beginpoint: in2_r_reg[4]/Q    (v) triggered by  leading edge of 'clk'
Path Groups: {clk}
Analysis View: VIEW_TYP
Other End Arrival Time         -0.004
- Setup                         0.062
+ Phase Shift                   9.091
= Required Time                 9.025
- Arrival Time                  9.129
= Slack Time                   -0.104
     Clock Rise Edge                      0.000
     + Source Insertion Delay            -0.184
     = Beginpoint Arrival Time           -0.184
     Timing Path:
     +----------------------------------------------------------------------------------------------------------------------------+ 
     |                     Instance                     |      Arc      |            Cell            | Delay | Arrival | Required | 
     |                                                  |               |                            |       |  Time   |   Time   | 
     |--------------------------------------------------+---------------+----------------------------+-------+---------+----------| 
     |                                                  | clk ^         |                            |       |  -0.184 |   -0.287 | 
     | CTS_ccl_a_inv_00003                              | A ^ -> Y v    | sky130_fd_sc_hd__clkinv_16 | 0.060 |  -0.123 |   -0.227 | 
     | CTS_ccl_a_inv_00001                              | A v -> Y ^    | sky130_fd_sc_hd__clkinv_16 | 0.117 |  -0.006 |   -0.110 | 
     | in2_r_reg[4]                                     | CLK ^ -> Q v  | sky130_fd_sc_hd__sdfrtp_1  | 0.405 |   0.399 |    0.295 | 
     | FE_OFC1588_in2_r_4                               | A v -> Y ^    | sky130_fd_sc_hd__inv_2     | 0.111 |   0.511 |    0.407 | 
     | FE_RC_2021_0                                     | A ^ -> Y v    | sky130_fd_sc_hd__nand4_1   | 0.112 |   0.622 |    0.519 | 
     | FE_OFC2078_n_2709                                | A v -> Y ^    | sky130_fd_sc_hd__inv_2     | 0.118 |   0.740 |    0.637 | 
     | FE_RC_882_0                                      | A ^ -> Y v    | sky130_fd_sc_hd__nand4_1   | 0.079 |   0.819 |    0.715 | 
     | g123332                                          | A v -> Y ^    | sky130_fd_sc_hd__nand2_1   | 0.081 |   0.901 |    0.797 | 
     | FE_RC_58_0                                       | A ^ -> Y v    | sky130_fd_sc_hd__nand2_1   | 0.062 |   0.962 |    0.858 | 
     | FE_RC_54_0                                       | B v -> Y ^    | sky130_fd_sc_hd__nand2_2   | 0.123 |   1.086 |    0.982 | 
     | g125022                                          | A ^ -> Y v    | sky130_fd_sc_hd__nor2b_1   | 0.071 |   1.157 |    1.053 | 
     | FE_RC_1774_0                                     | B1 v -> Y ^   | sky130_fd_sc_hd__a21oi_2   | 0.100 |   1.256 |    1.153 | 
     | FE_RC_1970_0                                     | A ^ -> Y v    | sky130_fd_sc_hd__nand3_1   | 0.085 |   1.342 |    1.238 | 
     | FE_DBTC30_n_2900                                 | A v -> Y ^    | sky130_fd_sc_hd__inv_2     | 0.085 |   1.427 |    1.323 | 
     | FE_RC_79_0                                       | B ^ -> Y v    | sky130_fd_sc_hd__nand3_2   | 0.074 |   1.501 |    1.397 | 
     | g123110                                          | A v -> Y ^    | sky130_fd_sc_hd__nand3_2   | 0.079 |   1.580 |    1.476 | 
     | FE_OFC286_n_2950                                 | A ^ -> Y v    | sky130_fd_sc_hd__inv_2     | 0.065 |   1.645 |    1.541 | 
     | FE_OFC287_n_2950                                 | A v -> Y ^    | sky130_fd_sc_hd__inv_8     | 0.090 |   1.735 |    1.631 | 
     | FE_OCPC936_FE_OFN166_n_2950                      | A ^ -> Y v    | sky130_fd_sc_hd__inv_4     | 0.046 |   1.781 |    1.677 | 
     | FE_OFC2071_FE_OCPN29674_FE_OFN166_n_2950         | A v -> Y ^    | sky130_fd_sc_hd__inv_6     | 0.083 |   1.864 |    1.760 | 
     | g122986                                          | A ^ -> Y v    | sky130_fd_sc_hd__nand3_2   | 0.073 |   1.937 |    1.833 | 
     | FE_RC_382_0                                      | B v -> Y ^    | sky130_fd_sc_hd__nand3_2   | 0.126 |   2.063 |    1.959 | 
     | g122872                                          | A ^ -> Y v    | sky130_fd_sc_hd__inv_1     | 0.071 |   2.134 |    2.031 | 
     | g123695                                          | A_N v -> Y v  | sky130_fd_sc_hd__nand2b_4  | 0.216 |   2.350 |    2.247 | 
     | g122532                                          | B v -> Y ^    | sky130_fd_sc_hd__nand2_2   | 0.143 |   2.494 |    2.390 | 
     | FE_OFC1539_n_3137                                | A ^ -> Y v    | sky130_fd_sc_hd__inv_2     | 0.093 |   2.587 |    2.483 | 
     | g121879                                          | A v -> Y ^    | sky130_fd_sc_hd__nand2_8   | 0.192 |   2.779 |    2.676 | 
     | g121745                                          | A ^ -> Y v    | sky130_fd_sc_hd__inv_2     | 0.201 |   2.981 |    2.877 | 
     | g121469                                          | A v -> Y ^    | sky130_fd_sc_hd__nand2_1   | 0.151 |   3.132 |    3.028 | 
     | g120203                                          | B ^ -> Y v    | sky130_fd_sc_hd__nand2_1   | 0.105 |   3.237 |    3.134 | 
     | g119794__6783                                    | B v -> Y ^    | sky130_fd_sc_hd__nand2_4   | 0.156 |   3.394 |    3.290 | 
     | g118950__4319                                    | C ^ -> Y v    | sky130_fd_sc_hd__nand3_1   | 0.141 |   3.535 |    3.431 | 
     | g118902__5122                                    | B v -> Y ^    | sky130_fd_sc_hd__nor2_4    | 0.363 |   3.898 |    3.795 | 
     | g118832__7410                                    | C ^ -> Y v    | sky130_fd_sc_hd__nand4_1   | 0.192 |   4.091 |    3.987 | 
     | g118802__2346                                    | A v -> Y ^    | sky130_fd_sc_hd__nand2_1   | 0.093 |   4.183 |    4.080 | 
     | FE_RC_402_0                                      | A ^ -> Y v    | sky130_fd_sc_hd__nand4_1   | 0.101 |   4.284 |    4.181 | 
     | FE_OFC1874_n_5123                                | A v -> Y ^    | sky130_fd_sc_hd__inv_2     | 0.085 |   4.369 |    4.265 | 
     | g118775__5107                                    | A ^ -> Y v    | sky130_fd_sc_hd__nand2_4   | 0.076 |   4.445 |    4.341 | 
     | FE_OFC1865_alu_inst_n_29622                      | A v -> Y ^    | sky130_fd_sc_hd__inv_2     | 0.085 |   4.530 |    4.426 | 
     | alu_inst_muldiv_inst_mul_349_24_g5299            | A ^ -> Y v    | sky130_fd_sc_hd__nand3_2   | 0.079 |   4.609 |    4.506 | 
     | alu_inst_muldiv_inst_mul_349_24_g5272            | B v -> Y ^    | sky130_fd_sc_hd__nand2_4   | 0.162 |   4.772 |    4.668 | 
     | alu_inst_muldiv_inst_mul_349_24_g5148            | A ^ -> Y v    | sky130_fd_sc_hd__nand2_2   | 0.073 |   4.844 |    4.741 | 
     | alu_inst_muldiv_inst_mul_349_24_g5122            | A v -> Y ^    | sky130_fd_sc_hd__nand2_1   | 0.059 |   4.903 |    4.800 | 
     | alu_inst_muldiv_inst_mul_349_24_g5043            | A ^ -> Y v    | sky130_fd_sc_hd__nand2_1   | 0.052 |   4.955 |    4.852 | 
     | alu_inst_muldiv_inst_mul_349_24_g5608            | A v -> X v    | sky130_fd_sc_hd__and2_1    | 0.130 |   5.085 |    4.981 | 
     | alu_inst_muldiv_inst_mul_349_24_cdnfadd_005_0    | CI v -> SUM ^ | sky130_fd_sc_hd__fah_1     | 0.293 |   5.378 |    5.274 | 
     | alu_inst_muldiv_inst_mul_349_24_g5012            | A ^ -> Y v    | sky130_fd_sc_hd__inv_1     | 0.052 |   5.429 |    5.326 | 
     | alu_inst_muldiv_inst_mul_349_24_g5011            | A v -> Y ^    | sky130_fd_sc_hd__nand2_2   | 0.049 |   5.479 |    5.375 | 
     | alu_inst_muldiv_inst_mul_349_24_g5621            | B_N ^ -> Y ^  | sky130_fd_sc_hd__nor2b_2   | 0.120 |   5.598 |    5.494 | 
     | FE_RC_1355_0                                     | A ^ -> Y v    | sky130_fd_sc_hd__nand3_1   | 0.078 |   5.676 |    5.573 | 
     | alu_inst_muldiv_inst_mul_349_24_g4978            | A v -> Y ^    | sky130_fd_sc_hd__nand3_2   | 0.087 |   5.763 |    5.660 | 
     | FE_RC_125_0                                      | A ^ -> Y v    | sky130_fd_sc_hd__nand3_4   | 0.086 |   5.849 |    5.745 | 
     | alu_inst_muldiv_inst_mul_349_24_g4944            | A v -> Y ^    | sky130_fd_sc_hd__nand2_1   | 0.081 |   5.930 |    5.826 | 
     | alu_inst_muldiv_inst_mul_349_24_g4931            | B ^ -> Y v    | sky130_fd_sc_hd__nand2_2   | 0.061 |   5.991 |    5.888 | 
     | alu_inst_muldiv_inst_mul_349_24_g4917            | A v -> Y ^    | sky130_fd_sc_hd__nand3_2   | 0.063 |   6.054 |    5.951 | 
     | FE_RC_1691_0                                     | A ^ -> Y v    | sky130_fd_sc_hd__nand3_2   | 0.079 |   6.133 |    6.029 | 
     | alu_inst_muldiv_inst_mul_349_24_g4831            | A v -> Y ^    | sky130_fd_sc_hd__nand2_4   | 0.086 |   6.219 |    6.115 | 
     | alu_inst_muldiv_inst_mul_349_24_g4821            | A ^ -> Y v    | sky130_fd_sc_hd__nand2_2   | 0.054 |   6.272 |    6.169 | 
     | FE_RC_124_0                                      | A v -> Y ^    | sky130_fd_sc_hd__nand3_2   | 0.057 |   6.329 |    6.226 | 
     | alu_inst_muldiv_inst_mul_349_24_g4803            | A ^ -> Y v    | sky130_fd_sc_hd__nand2_2   | 0.049 |   6.378 |    6.274 | 
     | FE_OFC1210_alu_inst_muldiv_inst_mul_349_24_n_628 | A v -> Y ^    | sky130_fd_sc_hd__inv_2     | 0.058 |   6.436 |    6.333 | 
     | alu_inst_muldiv_inst_mul_349_24_g4797            | A ^ -> Y v    | sky130_fd_sc_hd__nand2_4   | 0.074 |   6.510 |    6.406 | 
     | FE_RC_11_0                                       | A2 v -> Y ^   | sky130_fd_sc_hd__o21ai_2   | 0.150 |   6.660 |    6.556 | 
     | FE_RC_2001_0                                     | B ^ -> Y v    | sky130_fd_sc_hd__nand2_1   | 0.083 |   6.743 |    6.639 | 
     | FE_RC_2000_0                                     | A v -> Y ^    | sky130_fd_sc_hd__nand2_2   | 0.063 |   6.805 |    6.702 | 
     | g95984_dup                                       | A ^ -> Y v    | sky130_fd_sc_hd__nand2_2   | 0.048 |   6.854 |    6.750 | 
     | g95980                                           | A v -> Y ^    | sky130_fd_sc_hd__nand2_2   | 0.053 |   6.907 |    6.803 | 
     | g95835                                           | A ^ -> Y v    | sky130_fd_sc_hd__nand2_2   | 0.058 |   6.964 |    6.861 | 
     | g95817                                           | A v -> Y ^    | sky130_fd_sc_hd__nand2_4   | 0.082 |   7.047 |    6.943 | 
     | g95721                                           | A ^ -> Y v    | sky130_fd_sc_hd__nand2_4   | 0.061 |   7.108 |    7.004 | 
     | FE_RC_952_0                                      | A v -> Y ^    | sky130_fd_sc_hd__nand2_4   | 0.056 |   7.164 |    7.061 | 
     | g95616                                           | A ^ -> Y v    | sky130_fd_sc_hd__nand2_2   | 0.054 |   7.218 |    7.115 | 
     | FE_RC_740_0                                      | A v -> Y ^    | sky130_fd_sc_hd__nand2_1   | 0.052 |   7.270 |    7.167 | 
     | FE_RC_739_0                                      | A ^ -> Y v    | sky130_fd_sc_hd__nand2_1   | 0.044 |   7.314 |    7.211 | 
     | FE_RC_441_0                                      | A v -> Y ^    | sky130_fd_sc_hd__nand2_1   | 0.065 |   7.379 |    7.275 | 
     | FE_RC_114_0                                      | A ^ -> Y v    | sky130_fd_sc_hd__nand2_2   | 0.063 |   7.442 |    7.338 | 
     | FE_RC_134_0                                      | A v -> Y ^    | sky130_fd_sc_hd__nand2_4   | 0.096 |   7.538 |    7.434 | 
     | FE_OFC1192_n_1171                                | A ^ -> Y v    | sky130_fd_sc_hd__inv_4     | 0.055 |   7.593 |    7.489 | 
     | FE_RC_509_0                                      | A2 v -> Y ^   | sky130_fd_sc_hd__o21bai_2  | 0.149 |   7.741 |    7.638 | 
     | FE_OFC1813_FE_RN_41_0                            | A ^ -> Y v    | sky130_fd_sc_hd__inv_2     | 0.053 |   7.794 |    7.691 | 
     | g95342                                           | A2 v -> Y ^   | sky130_fd_sc_hd__o21ai_2   | 0.147 |   7.942 |    7.838 | 
     | g95314                                           | A1 ^ -> Y v   | sky130_fd_sc_hd__a21oi_2   | 0.086 |   8.028 |    7.924 | 
     | FE_RC_50_0                                       | A2 v -> Y ^   | sky130_fd_sc_hd__o21ai_1   | 0.145 |   8.173 |    8.069 | 
     | FE_OFC1811_FE_RN_24_0                            | A ^ -> Y v    | sky130_fd_sc_hd__inv_2     | 0.080 |   8.253 |    8.149 | 
     | FE_RC_1969_0                                     | A v -> Y ^    | sky130_fd_sc_hd__nand4_2   | 0.072 |   8.325 |    8.221 | 
     | FE_OFC1803_n_1368                                | A ^ -> Y v    | sky130_fd_sc_hd__inv_2     | 0.061 |   8.385 |    8.282 | 
     | FE_OFC1804_n_1368                                | A v -> Y ^    | sky130_fd_sc_hd__clkinv_1  | 0.041 |   8.426 |    8.322 | 
     | g95199                                           | B ^ -> Y v    | sky130_fd_sc_hd__nor2_1    | 0.039 |   8.465 |    8.361 | 
     | g95140                                           | A3 v -> Y ^   | sky130_fd_sc_hd__o311ai_1  | 0.405 |   8.870 |    8.766 | 
     | g94379                                           | A ^ -> Y v    | sky130_fd_sc_hd__nor2_1    | 0.126 |   8.996 |    8.892 | 
     | g94365                                           | A2 v -> Y ^   | sky130_fd_sc_hd__o21ai_1   | 0.133 |   9.129 |    9.025 | 
     | result_r_reg[4]                                  | D ^           | sky130_fd_sc_hd__dfrtp_1   | 0.000 |   9.129 |    9.025 | 
     +----------------------------------------------------------------------------------------------------------------------------+ 
     Clock Rise Edge                      0.000
     + Source Insertion Delay            -0.184
     = Beginpoint Arrival Time           -0.184
     Other End Path:
     +--------------------------------------------------------------------------------------------+ 
     |      Instance       |    Arc     |            Cell            | Delay | Arrival | Required | 
     |                     |            |                            |       |  Time   |   Time   | 
     |---------------------+------------+----------------------------+-------+---------+----------| 
     |                     | clk ^      |                            |       |  -0.184 |   -0.080 | 
     | CTS_ccl_a_inv_00003 | A ^ -> Y v | sky130_fd_sc_hd__clkinv_16 | 0.060 |  -0.123 |   -0.020 | 
     | CTS_ccl_a_inv_00002 | A v -> Y ^ | sky130_fd_sc_hd__clkinv_16 | 0.117 |  -0.006 |    0.098 | 
     | result_r_reg[4]     | CLK ^      | sky130_fd_sc_hd__dfrtp_1   | 0.002 |  -0.004 |    0.100 | 
     +--------------------------------------------------------------------------------------------+ 

